IND	LAT	LON	TIME	ANCE1	ANCE2	ANCE3	ANCE4	ANCE5	ANCE6	ANCE7	ANCE8	ANCE9
Egypt1	30.1247803753521	31.2815671826899	0	0.009439	0.004839	0.196983	0.005923	0.005724	0.44818	1e-05	0.328893	1e-05
Egypt3	30.1399719753116	31.2681325526629	0	1e-05	0.017439	0.193736	0.027248	0.00519	0.439162	0.008503	0.308702	1e-05
Egypt7	30.0989235118777	31.2801435949933	0	0.008373	1e-05	0.149903	0.006637	0.00011	0.473666	0.002804	0.354951	0.003545
Egypt9	30.1472586680017	31.2030789618567	0	1e-05	0.019038	0.142424	0.014339	1e-05	0.471835	1e-05	0.343989	0.008346
Egypt10	30.1318299401365	31.2323850926198	0	1e-05	0.024937	0.16665	0.005492	0.001949	0.491454	1e-05	0.309488	1e-05
Egypt11	30.2169628087245	31.2239325357322	0	0.006539	0.016218	0.185227	0.014038	1e-05	0.447842	1e-05	0.323487	0.00663
Egypt12	30.1894049890153	31.329813928036	0	0.000679	0.0221	0.172101	0.00622	1e-05	0.484268	1e-05	0.306162	0.008449
Egypt1AQ172	31.1071401346568	31.4000115390588	0	0.000153	1e-05	0.150086	0.020864	1e-05	0.464684	0.007873	0.348324	0.007996
Egypt3AQ172	30.7667264779191	30.9797526915558	0	0.009332	0.000748	0.132998	0.0167	0.006435	0.501438	1e-05	0.321506	0.010833
Egypt5AQ172	31.1214804226626	31.4144200483058	0	1e-05	0.014679	0.154134	0.0038	0.000309	0.480558	0.008911	0.329358	0.008242
Egypt7AQ172	30.9872980475985	31.411653780397	0	0.006745	0.015016	0.14678	0.019029	0.003287	0.484076	1e-05	0.319062	0.005995
Egypt8AT113	30.9561763874814	31.3575234149769	0	0.001206	0.019453	0.181489	0.003005	0.003133	0.470962	1e-05	0.320731	1e-05
Egypt9AQ172	31.0403405876458	31.4108334428817	0	0.005835	0.004795	0.164417	0.015318	0.004814	0.477033	1e-05	0.320127	0.007653
Egypt9AQ177	31.0391064230446	31.3762914895732	0	1e-05	0.004445	0.168613	0.017459	0.002476	0.466507	1e-05	0.328287	0.012194
Egypt12AQ172	30.990943557499	31.3913005680032	0	0.001133	0.014096	0.158755	0.008835	0.005309	0.484734	1e-05	0.323921	0.003207
Egypt15AQ172	31.0719970514625	31.3361383292079	0	0.006685	1e-05	0.158031	0.007537	0.003975	0.489466	1e-05	0.326146	0.008141
Egypt17AQ176	31.1197532100882	30.9215634625778	0	1e-05	0.017089	0.151281	0.014682	0.006672	0.489663	0.007216	0.313378	1e-05
Egypt22TD21	31.0427759053279	31.3246086388547	0	0.006433	0.018343	0.147328	0.014944	0.009798	0.472358	0.007102	0.318043	0.005651
LIB13	32.789084131103	13.1826764454227	0	0.013918	1e-05	0.193046	0.024055	0.000122	0.48056	1e-05	0.269816	0.018463
LIB18	32.8916080282722	13.1703077360149	0	0.006279	1e-05	0.194923	0.032259	1e-05	0.466083	1e-05	0.300408	1.8e-05
LIB27	32.8463406158332	13.2529555625841	0	0.008599	1e-05	0.181803	0.013424	1e-05	0.503894	1e-05	0.281184	0.011067
LIB30	32.9183754594252	13.2141330782417	0	0.010374	1e-05	0.188272	0.039173	0.000308	0.461017	0.001881	0.298954	1e-05
LIB7	32.9501201258693	13.1398121118639	0	0.002448	0.000411	0.1875	0.026431	7e-05	0.518564	1e-05	0.255484	0.009081
Tunisian20A5	36.9125164973829	10.1296649025101	0	0.013677	0.014911	0.241233	0.025855	0.003364	0.492217	0.003143	0.205393	0.000206
Tunisian20B4	36.7842841530498	10.2590828932635	0	0.000513	0.018146	0.195084	0.040922	0.001408	0.494448	1e-05	0.242187	0.007281
Tunisian20C1	36.7955569720641	10.1652806513291	0	0.011269	1e-05	0.199769	0.027031	0.002213	0.492832	0.002416	0.262735	0.001725
Tunisian20C4	36.8929055946693	10.1631325773243	0	0.00643	1e-05	0.198581	0.049482	0.00257	0.529715	1e-05	0.209647	0.003556
Tunisian20D1	36.8858531812485	10.2694195521809	0	0.003402	0.007698	0.239562	0.039513	0.004234	0.473648	0.004359	0.226968	0.000617
Tunisian20D4	36.7795091875177	10.2234130622167	0	0.010213	0.016879	0.243955	0.034362	1e-05	0.483596	1e-05	0.20056	0.010416
Tunisian20F4	36.84612141422	10.1430920503382	0	0.006044	0.00733	0.212788	0.041815	1e-05	0.509151	0.015038	0.207814	1e-05
Tunisian200000	36.7922262171097	10.2186794715282	0	0.008619	0.00633	0.211741	0.032426	1e-05	0.490174	0.003184	0.247506	1e-05
Algerian43A13	36.7902777098119	3.10419038348831	0	0.009314	0.009328	0.238692	0.036255	1e-05	0.508681	1e-05	0.191708	0.006002
Algerian43A21	36.8112813415006	2.94241269916296	0	1e-05	0.020755	0.24623	0.042525	0.004207	0.483147	0.001571	0.194544	0.00701
Algerian43A22	36.814047664823	3.10928894710727	0	0.003964	0.005212	0.241638	0.057021	0.003314	0.47801	0.000811	0.197495	0.012534
Algerian43A23	36.6601266600192	2.94010595568456	0	0.00436	0.000328	0.246814	0.048772	0.008485	0.503017	1e-05	0.185477	0.002737
Algerian43A24	36.6696537795477	2.99631146747619	0	0.008548	0.011355	0.247252	0.039989	0.00435	0.506352	1e-05	0.171649	0.010495
Algerian43A32	36.7697209653445	3.05495277620852	0	0.011862	0.001429	0.239454	0.048837	1e-05	0.483409	0.00444	0.202188	0.00837
Algerian43A34	36.6966310408432	3.07943698802032	0	0.011521	0.011407	0.205444	0.048976	0.002	0.547953	1e-05	0.172678	1e-05
HGDP01253	31.9942365792114	2.91251686201431	0	0.011256	1e-05	0.238799	0.047672	1e-05	0.527137	1e-05	0.175096	1e-05
HGDP01254	32.0754862031899	2.93248296105303	0	1e-05	0.001089	0.230072	0.055016	0.001321	0.509087	1e-05	0.181703	0.021692
HGDP01255	32.0592413811479	3.00945865465328	0	0.006793	0.049517	0.216846	0.067064	0.003076	0.514057	1e-05	0.142626	1e-05
HGDP01256	31.9726127346512	3.02985580260865	0	0.002353	1e-05	0.254904	0.046316	1e-05	0.512614	1e-05	0.176049	0.007734
HGDP01257	31.9491889040452	3.00647781086154	0	0.000333	1e-05	0.276804	0.040819	1e-05	0.509198	1e-05	0.163888	0.008929
HGDP01258	31.9272652750369	3.01773312725127	0	0.010863	1e-05	0.228944	0.045715	1e-05	0.523533	1e-05	0.181125	0.009789
HGDP01259	31.9841430320404	3.02422124547884	0	1e-05	1e-05	0.257485	0.054245	0.004413	0.503282	1e-05	0.166884	0.013661
HGDP01262	31.9916523242835	2.91452674092725	0	0.006551	0.000579	0.251071	0.053854	0.004484	0.504447	0.004076	0.168392	0.006545
HGDP01263	31.9169591994025	2.91879259622656	0	0.012647	1e-05	0.189057	0.056062	1e-05	0.550097	1e-05	0.184946	0.007162
HGDP01264	31.9579780737404	2.98161038169637	0	0.009433	1e-05	0.228233	0.050841	1e-05	0.521855	1e-05	0.184577	0.00503
HGDP01265	31.9244056499098	3.00529876803048	0	0.011393	1e-05	0.236095	0.040854	0.000696	0.561661	1e-05	0.14348	0.005801
HGDP01268	31.9087585920002	3.00984665290453	0	1e-05	1e-05	0.239209	0.027706	0.005544	0.518055	1e-05	0.204006	0.005449
HGDP01272	31.9820337271784	3.07538682054728	0	0.012068	1e-05	0.220188	0.040621	1e-05	0.533559	1e-05	0.185526	0.008008
HGDP01274	31.9054147882387	2.96221794039011	0	0.001195	1e-05	0.301478	0.038774	0.001107	0.490593	1e-05	0.150892	0.015942
HGDP01275	31.9930657029618	2.97122966274619	0	0.00453	1e-05	0.229558	0.049336	1e-05	0.540956	1e-05	0.166736	0.008856
HGDP01276	31.9686133500654	3.04839469837025	0	0.004348	1e-05	0.262723	0.044694	1e-05	0.513636	1e-05	0.167574	0.006995
HGDP01277	32.0702097310219	2.90276838787831	0	1e-05	0.001773	0.242441	0.044982	1e-05	0.521123	0.010583	0.172761	0.006317
HGDP01278	31.9979069757741	2.93412970318459	0	0.012476	1e-05	0.231333	0.050375	1e-05	0.524251	1e-05	0.177198	0.004337
HGDP01279	31.9502888630144	3.09538657320663	0	0.00754	1e-05	0.239089	0.037696	7.9e-05	0.522641	0.003781	0.185127	0.004038
HGDP01280	31.9608750187326	2.95072659174912	0	1e-05	1e-05	0.22781	0.048081	0.004123	0.532762	1e-05	0.175666	0.011529
HGDP01282	31.988982926216	3.01960135754198	0	0.009789	0.006921	0.222279	0.041909	0.005796	0.540216	1e-05	0.171972	0.001107
MCA14	33.5546473490726	-7.54994092524983	0	0.003894	1e-05	0.211643	0.035913	1.2e-05	0.497979	0.004058	0.238442	0.008049
MCA16	33.4910526840203	-7.54852929019369	0	0.004004	1e-05	0.236892	0.051301	0.001196	0.490503	1e-05	0.2047	0.011384
MCA19	33.5909555475879	-7.6137673985865	0	0.015837	0.011813	0.359891	0.038522	0.001563	0.413906	0.002888	0.15557	1e-05
MCA24	33.60294898252	-7.5883589384798	0	0.006405	1e-05	0.289153	0.041678	0.012212	0.502769	1e-05	0.144714	0.003048
MCA37	33.5427859289758	-7.53900716325268	0	0.009749	0.010802	0.234556	0.04355	0.010654	0.507042	1e-05	0.183627	1e-05
MCA38	33.5284607604798	-7.55496833568439	0	1e-05	0.013057	0.344695	0.027149	1e-05	0.41385	1e-05	0.201208	1e-05
MCA39	33.6116712894477	-7.5804519100301	0	0.008914	1e-05	0.282374	0.044826	1e-05	0.462958	1e-05	0.197384	0.003514
MCA7	33.5058035397623	-7.62125956660137	0	0.000893	1e-05	0.242008	0.038777	0.006094	0.497834	0.00284	0.200063	0.011481
MCA8	33.4721607271768	-7.52653939460404	0	0.009207	1e-05	0.255177	0.0354	0.000385	0.512045	1e-05	0.177792	0.009975
MCA9	33.5316890410334	-7.63103239705786	0	0.004522	1e-05	0.221101	0.047009	1e-05	0.539774	1e-05	0.176407	0.011156
LibyanJew1104	32.8454248460289	13.1250664521195	0	0.009315	0.054052	0.048148	0.034259	0.001049	0.543887	1e-05	0.302667	0.006614
LibyanJew1263	32.937798413476	13.2067304695211	0	1e-05	0.071505	0.065421	0.024196	0.001092	0.553835	1e-05	0.283921	1e-05
LibyanJew1438	32.9128166340571	13.1151594990585	0	0.005676	0.05078	0.066006	0.038969	0.000943	0.537972	1e-05	0.299634	1e-05
LibyanJew1462	32.8587471415102	13.1432780134678	0	0.005949	0.067058	0.055793	0.0355	1e-05	0.550781	0.003854	0.281045	1e-05
LibyanJew1601	32.918354167724	13.208560487926	0	0.001538	0.067578	0.05878	0.027596	1e-05	0.550948	1e-05	0.288123	0.005418
LibyanJew1605	32.9737496853154	13.1734324306902	0	0.008493	0.067565	0.062686	0.027975	0.005157	0.554157	1e-05	0.273947	1e-05
LibyanJew1611	32.8319363114703	13.1991707102116	0	0.009642	0.065555	0.059445	0.034165	1e-05	0.5534	0.001714	0.273589	0.00248
LibyanJew1639	32.8787695498019	13.1703920352925	0	0.007016	0.056083	0.055024	0.030732	0.000161	0.545395	1e-05	0.304546	0.001034
LibyanJew1659	32.8402538936399	13.1536464897171	0	1e-05	0.052081	0.064974	0.043651	0.000757	0.546218	1e-05	0.289902	0.002396
MoroccanJew4634	34.0370613821596	-6.89008689011447	0	0.000131	0.087873	0.047749	0.041926	1e-05	0.551137	0.00164	0.268063	0.00147
MoroccanJew4683	34.069420830328	-6.82654096727259	0	0.001872	0.07893	0.040107	0.040923	1e-05	0.547329	1e-05	0.289538	0.001281
MoroccanJew4692	33.9843140709028	-6.81414013384841	0	1e-05	0.076414	0.048092	0.035756	1e-05	0.558676	0.001185	0.274957	0.004901
MoroccanJew4789	33.9545375464764	-6.78824688662775	0	1e-05	0.071363	0.056856	0.047609	1e-05	0.546394	0.00883	0.268918	1e-05
MoroccanJew5126	33.9529701402225	-6.93309200337157	0	0.005051	0.091229	0.05154	0.032298	1e-05	0.559922	0.003568	0.254106	0.002277
MoroccanJew5168	34.0962142469175	-6.84766267119907	0	0.012948	0.089501	0.05311	0.041512	1e-05	0.555157	1e-05	0.247742	1e-05
TunisianJew1170	36.7303535313345	10.218044680329	0	0.002375	0.05613	0.048312	0.0268	0.002431	0.568936	1e-05	0.290523	0.004483
TunisianJew1421	36.8541253197938	10.2211598864477	0	0.0038	0.057444	0.053718	0.024982	0.002733	0.561259	1e-05	0.292454	0.0036
TunisianJew1507	36.7270146401599	10.1067273486592	0	0.001361	0.044015	0.060265	0.02918	0.003486	0.544745	0.000971	0.311725	0.004252
TunisianJew1511	36.8307132108137	10.155755667733	0	0.003635	0.069932	0.054719	0.029461	1e-05	0.557512	1e-05	0.277941	0.006779
TunisianJew1531	36.766776557127	10.0824979801849	0	0.004227	0.049568	0.047729	0.037123	0.002138	0.555551	1e-05	0.303361	0.000293
TunisianJew1544	36.8903202981222	10.2204165002517	0	1e-05	0.067659	0.050911	0.024239	0.00624	0.549801	1e-05	0.288439	0.012691
TunisianJew1763	36.8909369530622	10.1483340288699	0	0.00408	0.048542	0.053416	0.017449	1e-05	0.583214	0.005835	0.287444	1e-05
CYP2	35.0651811362896	33.3439876598958	0	1e-05	0.084022	0.017104	0.01119	1e-05	0.560821	1e-05	0.326825	1e-05
CYP5	35.1552307527233	33.4310624039918	0	0.009286	0.07836	0.019269	0.014977	0.001452	0.542428	1e-05	0.334208	1e-05
CYP19	35.0309777192492	33.4262878277525	0	0.002642	0.086337	0.014632	0.008856	0.001202	0.555586	1e-05	0.330725	1e-05
Cyprus2AJ19	35.1957895912882	33.3617666393239	0	0.006719	0.061058	0.018915	0.003774	0.003304	0.525009	1e-05	0.381202	1e-05
Cyprus13AJ19	35.1802406067681	33.4085942974035	0	1e-05	0.118962	0.014108	0.037231	0.002995	0.542887	1e-05	0.283787	1e-05
Cyprus21AJ19	35.1129730744008	33.52452241119	0	0.006604	0.077755	0.014225	0.000911	0.006916	0.5376	0.00026	0.355244	0.000487
Cyprus22AJ19	35.0543446151726	33.406351305889	0	0.007929	0.085673	0.013874	0.015743	4.8e-05	0.568546	0.00041	0.307711	6.7e-05
Cyprus24AJ19	35.0415358743351	33.4832087613828	0	0.001147	0.080568	0.008041	0.023043	1e-05	0.54243	1e-05	0.344741	1e-05
GREEKGRALPOP3	40.6405003735889	22.8604140522983	0	0.005285	0.180448	0.003551	0.073267	0.009775	0.58138	0.006056	0.137963	0.002275
GREEKGRALPOP4	40.7390088070743	23.0128611386381	0	0.002749	0.178442	1e-05	0.05749	1e-05	0.556957	0.000284	0.204049	1e-05
GREEKGRALPOP5	40.6369517573714	22.9322563033644	0	0.005262	0.184409	0.004361	0.062683	0.006171	0.554324	0.006248	0.176532	1e-05
GREEKGRALPOP8	40.5676873874478	22.895515662441	0	1e-05	0.193386	0.007199	0.076259	1e-05	0.555198	0.001926	0.158276	0.007736
GREEKGRALPOP9	40.6033742073085	22.9589836169593	0	1e-05	0.17793	0.002515	0.079656	0.003601	0.562566	0.001824	0.164563	0.007334
GREEKGRALPOP10	40.6705822292343	22.9420557600539	0	0.006472	0.178477	0.008412	0.057004	1e-05	0.543186	0.008691	0.192628	0.005119
GREEKGRALPOP11	40.6269120751508	22.9771291417629	0	1e-05	0.190573	0.007884	0.070215	1e-05	0.551777	1e-05	0.179511	1e-05
GREEKGRALPOP12	40.5827749076858	23.0156757196039	0	0.001959	0.172278	1e-05	0.072107	0.002688	0.535941	0.003483	0.206571	0.004964
GREEKGRALPOP13	40.699811787447	22.9319443774968	0	0.011402	0.17685	0.007383	0.066227	1e-05	0.55293	0.001809	0.183379	1e-05
GREEKGRALPOP14	40.7179176326469	22.9627348844055	0	0.002215	0.174905	0.006949	0.06341	0.006026	0.556711	0.000678	0.189097	1e-05
GREEKGRALPOP15	40.5612565572467	22.8645387023781	0	0.002163	0.187924	0.005896	0.074827	1e-05	0.542515	0.010796	0.17586	1e-05
GREEKGRALPOP16	40.5688720977493	22.9520315705892	0	1e-05	0.180719	0.012146	0.055719	1e-05	0.564377	1e-05	0.182825	0.004184
GREEKGRALPOP17	40.5813981132675	22.9552215538546	0	0.004484	0.203711	0.019658	0.061053	1e-05	0.547348	1.3e-05	0.163715	1e-05
GREEKGRALPOP18	40.6675043519679	22.9643401490152	0	0.006014	0.181901	0.002935	0.077849	0.001035	0.549727	1e-05	0.176949	0.003581
NA17372	37.9328673238214	23.71047129713	0	1e-05	0.163095	0.015988	0.061675	0.01201	0.538623	1e-05	0.203805	0.004785
NA17373	38.0155078167841	23.7131497137528	0	0.003438	0.171214	9.6e-05	0.083575	1e-05	0.561516	1e-05	0.180131	1e-05
NA17374	37.9333836948778	23.6588586129993	0	0.00076	0.109309	1e-05	1e-05	1e-05	0.515191	0.001571	0.373129	1e-05
NA17375	37.9351980777737	23.810340041602	0	0.00215	0.163037	0.004641	0.043747	1e-05	0.54126	0.003543	0.237923	0.003689
NA17376	37.9473258930538	23.7880125039071	0	1e-05	0.111249	0.011748	0.027999	0.005078	0.560719	0.002494	0.280693	1e-05
NA17377	37.9023014695663	23.768536545923	0	1e-05	0.200498	0.00059	0.068684	0.000485	0.557428	1e-05	0.172284	1e-05
HGDP01147	45.9586197858211	9.91477893302217	0	0.002467	0.198225	0.002947	0.100125	1e-05	0.582308	1e-05	0.113899	1e-05
HGDP01151	45.9426276952028	9.95861816853285	0	1e-05	0.175093	0.004667	0.11627	1e-05	0.593647	0.004396	0.105897	1e-05
HGDP01152	46.0579780207947	9.96201942488551	0	0.002797	0.186113	0.005603	0.094741	0.005727	0.582183	1e-05	0.122816	1e-05
HGDP01153	45.9780516201165	10.0411138816271	0	1e-05	0.190649	0.005466	0.094446	0.000185	0.601487	1e-05	0.107736	1e-05
HGDP01155	45.9169835624751	10.049007889349	0	0.003809	0.17513	0.009924	0.100408	0.001088	0.578733	1e-05	0.130888	1e-05
HGDP01156	46.0815217877738	10.0051180091687	0	1e-05	0.175014	0.004311	0.092341	0.005495	0.602052	0.00555	0.115216	1e-05
HGDP01157	45.9538088151254	9.92189918933436	0	0.002073	0.180192	0.004203	0.103389	0.009294	0.584908	0.001441	0.11449	1e-05
HGDP01171	46.0113424004987	9.99954725196585	0	0.005635	0.179291	0.000232	0.101004	0.001485	0.585744	1e-05	0.12659	1e-05
HGDP01172	45.9486500275321	9.93582393578254	0	0.001058	0.182986	1e-05	0.091395	0.006626	0.58259	1e-05	0.134377	0.000949
HGDP01173	46.0050792740192	9.9298153157346	0	1e-05	0.180994	0.002092	0.10292	1e-05	0.603522	0.00813	0.102312	1e-05
HGDP01174	45.9164523938205	10.0016135015059	0	0.003629	0.183004	0.009314	0.081217	1e-05	0.598267	1e-05	0.124539	1e-05
HGDP01177	46.0780267738737	10.0707840864547	0	1e-05	0.176743	0.003086	0.097449	0.003571	0.619326	0.000162	0.099643	1e-05
BEL57	39.4401177349314	15.5897839799803	0	0.002779	0.135297	0.020224	0.041728	1e-05	0.577227	0.001851	0.220873	1e-05
ITS2	40.4873075020872	16.4705623053946	0	1e-05	0.140678	0.009782	0.047579	0.000469	0.563709	1e-05	0.237752	1e-05
ITS4	40.6847930337489	14.795218800595	0	1e-05	0.12561	0.015787	0.039003	0.007486	0.569325	1e-05	0.241172	0.001599
ITS5	40.3505386176612	16.5946671202313	0	1e-05	0.144485	0.011468	0.05424	0.000681	0.5711	1e-05	0.21718	0.000825
ITS7	40.9300585900899	14.2231582579948	0	1e-05	0.135601	0.020472	0.055531	0.004593	0.569511	0.00751	0.205825	0.000947
HGDP01161	43.0967647147831	11.0647408677265	0	1e-05	0.164102	0.00184	0.078701	0.003348	0.601025	1e-05	0.148806	0.002158
HGDP01162	42.9991402633954	10.9232307409402	0	1e-05	0.170926	0.007617	0.081377	0.00174	0.570385	1e-05	0.167925	1e-05
HGDP01163	43.0688805148005	11.0611054450739	0	1e-05	0.183908	0.012142	0.070296	0.001025	0.561727	0.000217	0.167856	0.002819
HGDP01164	43.0314002418891	10.9419956516474	0	1e-05	0.163969	0.007483	0.082749	0.001277	0.586505	1e-05	0.157986	1e-05
HGDP01166	43.093752451241	10.9674716343172	0	0.004572	0.165712	0.006423	0.081948	0.003474	0.588777	0.001246	0.147837	1e-05
HGDP01167	43.0230088786688	10.9335678494535	0	0.007946	0.164355	0.009351	0.07417	1e-05	0.557991	0.00805	0.178115	1e-05
HGDP01168	42.9237250708975	10.9435456131585	0	0.007414	0.162703	0.010859	0.077859	0.00028	0.589323	1e-05	0.151542	1e-05
HGDP01169	43.040070677083	11.0872307686135	0	1e-05	0.168844	0.007991	0.070616	1e-05	0.572425	0.002969	0.177125	1e-05
HGDP00666	39.9676413821522	9.07334638382308	0	0.001273	0.06065	0.006091	0.099723	0.001433	0.753241	0.002401	0.075178	1e-05
HGDP00667	39.9718157066032	9.00499309096485	0	0.006356	0.079545	0.012035	0.129494	0.0032	0.702849	1e-05	0.066501	1e-05
HGDP00668	39.9372117515188	9.07498802728951	0	1e-05	0.053858	0.011051	0.113322	1e-05	0.730945	1e-05	0.078882	0.011912
HGDP00669	39.9311582586262	8.9120217223186	0	0.003156	0.050151	0.01173	0.132927	0.000674	0.730282	0.000602	0.070466	1e-05
HGDP00670	39.968519435823	8.99706526813097	0	0.002361	0.049947	0.016801	0.114984	0.001445	0.749566	1e-05	0.064876	1e-05
HGDP00671	39.9168997208588	8.98176628854126	0	1e-05	0.061576	0.007186	0.142845	0.001889	0.717861	1e-05	0.068613	1e-05
HGDP00672	39.9075803144835	8.94367474885657	0	1e-05	0.059193	0.00733	0.110343	0.000959	0.724351	0.004259	0.093545	1e-05
HGDP00673	39.9597520234529	9.01301840785891	0	0.014211	0.054547	0.01625	0.111896	1e-05	0.730281	1e-05	0.072785	1e-05
HGDP00674	40.0768775221892	8.93316127196886	0	0.007535	0.048965	0.008941	0.131271	0.003455	0.731177	1e-05	0.065958	0.00269
HGDP01062	39.9088052415289	9.07776822815649	0	0.003788	0.048383	0.016633	0.114175	1e-05	0.749619	0.002905	0.064477	1e-05
HGDP01063	39.9410317920148	8.95074713444337	0	0.000468	0.07597	0.010745	0.107348	0.002585	0.72644	1e-05	0.076424	1e-05
HGDP01064	40.0558025061153	9.0276739273686	0	0.004758	0.048218	0.013402	0.110399	0.000271	0.753715	1e-05	0.069217	1e-05
HGDP01065	39.9474447341636	8.9599008675199	0	1e-05	0.060636	0.011724	0.119485	0.004159	0.73507	0.000376	0.067458	0.001081
HGDP01066	39.9005880294833	9.06661677868106	0	0.004298	0.03847	0.017088	0.121342	1e-05	0.73927	1e-05	0.079503	1e-05
HGDP01067	39.9708627828863	8.99840464009903	0	0.007268	0.034778	0.011403	0.1262	1e-05	0.714779	0.007191	0.098361	1e-05
HGDP01068	40.0249768454116	9.01178048686124	0	0.010786	0.038195	0.009824	0.11532	1e-05	0.735651	1e-05	0.090188	1.6e-05
HGDP01069	40.0366955994163	8.97436171318404	0	1e-05	0.059389	0.009647	0.124273	0.007499	0.739223	1e-05	0.057002	0.002945
HGDP01070	39.9372826500796	9.00720053054392	0	0.005165	0.052569	0.009989	0.113795	0.00227	0.732761	1e-05	0.079962	0.00348
HGDP01071	39.9312255791388	8.96280700871721	0	1e-05	0.056385	0.019767	0.109168	0.007741	0.716357	1e-05	0.086761	0.003801
HGDP01072	40.0172154152766	8.97970574316569	0	1e-05	0.05181	0.010193	0.110648	0.002128	0.721527	1e-05	0.103664	1e-05
HGDP01073	40.0561601712834	8.9832435359247	0	0.008408	0.03486	0.011416	0.130359	1e-05	0.725761	1e-05	0.089166	1e-05
HGDP01074	40.0853048042394	9.09394090394489	0	1e-05	0.050953	0.011374	0.127158	1e-05	0.714767	0.002041	0.092225	0.001463
HGDP01075	39.9979840185493	9.05692446697503	0	0.000907	0.045469	0.013852	0.11262	1e-05	0.753313	1e-05	0.068126	0.005692
HGDP01076	40.0097849728074	8.91604722049087	0	0.002635	0.047185	0.019554	0.119219	1e-05	0.722418	1e-05	0.082953	0.006017
HGDP01077	40.0343374690041	8.9886906478554	0	0.002026	0.063595	0.00786	0.110532	0.003711	0.724839	1e-05	0.087417	1e-05
HGDP01078	40.0824776150752	9.01733205001801	0	0.001423	0.067367	0.007767	0.121345	0.00118	0.704633	1e-05	0.096264	1e-05
HGDP01079	40.0482233913615	8.96634487779811	0	0.002216	0.055746	0.011298	0.133432	0.004229	0.716803	1e-05	0.072426	0.003839
SR23	36.9856549350824	15.2970394327585	0	0.000812	0.130182	0.021501	0.058554	0.001625	0.567121	1e-05	0.21564	0.004555
SR44	37.105255003022	15.1781922820769	0	1e-05	0.144876	0.024198	0.044535	0.005027	0.56914	1e-05	0.211701	0.000502
SR48R	36.9922665705252	15.2029659365118	0	0.004083	0.139	0.026208	0.058525	0.000869	0.555961	0.000302	0.203368	0.011684
SR60	37.1347252169438	15.2182970019802	0	0.002856	0.119808	0.026234	0.060445	0.001386	0.563758	1e-05	0.221529	0.003974
SR64	36.9751327811088	15.3262455852516	0	0.000924	0.127537	0.024289	0.058199	0.004684	0.554515	0.000443	0.229399	1e-05
TP04	38.0341821315046	12.5803226083331	0	1e-05	0.140496	0.027479	0.063098	1e-05	0.574474	0.006204	0.188218	1e-05
TP05	38.1114573834743	12.4322638304252	0	1e-05	0.129303	0.025285	0.049068	0.004071	0.567528	1e-05	0.219278	0.005447
TP06	38.0600812348351	12.4277878595795	0	1e-05	0.147541	0.023796	0.053005	1e-05	0.586021	1e-05	0.189597	1e-05
TP07	37.9408778808825	12.5941922248155	0	1e-05	0.127372	0.030622	0.057787	0.000224	0.547087	1e-05	0.236878	1e-05
TP08	38.1190701217204	12.4797494097427	0	1e-05	0.134659	0.023507	0.054974	0.006926	0.579551	1e-05	0.187798	0.012565
TP25	37.9268478954025	12.5359814815968	0	1e-05	0.137987	0.0243	0.055671	1e-05	0.563233	0.004994	0.213785	1e-05
Malta2AM91	35.9910908616707	14.2902526276372	0	0.001516	0.128157	0.034209	0.032423	0.00788	0.545962	0.000479	0.249363	1e-05
Malta4AM91	35.8685501235165	14.2866607529763	0	0.003753	0.136565	0.038671	0.060819	0.005878	0.540935	1e-05	0.213359	1e-05
Malta7AM91	35.8624799944088	14.45376660523	0	1e-05	0.123847	0.037634	0.056212	0.001346	0.561987	1e-05	0.213325	0.005629
Malta8AM91	35.9693484372552	14.443104903372	0	0.004955	0.137703	0.030951	0.059773	0.001632	0.574827	0.000728	0.189421	1e-05
Malta12AM91	35.8571072214842	14.360079271365	0	0.000319	0.122661	0.041641	0.049269	1e-05	0.553912	1e-05	0.23072	0.001458
Malta15AM91	35.9645797404088	14.415405325098	0	0.002064	0.132421	0.030098	0.055773	0.009125	0.552774	0.002108	0.215627	1e-05
Malta16AM91	35.9736883820128	14.4537476380542	0	0.007244	0.109729	0.042393	0.048601	0.004722	0.56024	0.000215	0.226846	1e-05
Malta17AM91	35.9309864914604	14.2911166562885	0	1e-05	0.141005	0.044187	0.038594	0.006818	0.579316	0.001429	0.188631	1e-05
HG01536	41.8498744239565	1.43828129684553	0	1e-05	0.201568	0.020694	0.139162	0.003644	0.563453	1e-05	0.071449	1e-05
HG01537	41.7080457551405	1.43084545978345	0	1e-05	0.195743	0.016657	0.128945	1e-05	0.575233	1e-05	0.083382	1e-05
HG01761	41.799360326631	1.48371870322153	0	1e-05	0.168038	0.020066	0.137398	1e-05	0.588586	0.001005	0.084876	1e-05
HG01762	41.7375270350371	1.42546480759047	0	1e-05	0.201668	0.007604	0.133293	0.012061	0.572185	1e-05	0.073159	1e-05
HG02220	41.8901835457422	1.51545262243599	0	0.002879	0.198143	0.008758	0.118439	0.006762	0.563021	0.002566	0.099319	0.000113
HG01605	39.5802323057782	-0.435149798775092	0	0.006725	0.180645	0.014198	0.125194	0.006321	0.592941	1e-05	0.073955	1e-05
HG01606	39.4974272771273	-0.448663223721087	0	0.000907	0.184937	0.012177	0.146627	1e-05	0.584578	0.000792	0.069964	1e-05
HG01607	39.5577612387948	-0.344126731483266	0	0.002441	0.177382	0.015202	0.130084	0.002189	0.555922	0.006901	0.109869	1e-05
HG01608	39.4469041882548	-0.320872585568577	0	0.00366	0.181896	0.020419	0.137182	0.004717	0.56649	0.000834	0.084792	1e-05
HG01773	39.4890937571879	-0.449126841686666	0	1e-05	0.181778	0.016283	0.122569	0.000864	0.597662	1e-05	0.072759	0.008066
HG01613	39.4895612182096	3.03080225158483	0	1e-05	0.204837	0.012356	0.098857	0.002888	0.59298	0.000759	0.087303	1e-05
HG01615	39.4462905693334	3.03534834701568	0	1e-05	0.200002	0.016203	0.121865	0.005099	0.565373	1e-05	0.090404	0.001033
HG01625	39.4656731702387	3.07020240202546	0	0.00583	0.193054	0.014949	0.109575	0.001936	0.592827	1e-05	0.079102	0.002718
HG01626	39.5863123121671	3.01642088871449	0	0.002998	0.160533	0.025964	0.094988	1e-05	0.576681	0.011654	0.127163	1e-05
HG01617	38.0273854602128	-1.00865468354896	0	1e-05	0.167044	0.019457	0.121772	0.000791	0.58442	0.01286	0.093635	1e-05
HG01618	38.0043876704294	-1.11747165913694	0	0.017042	0.173164	0.027663	0.123867	1e-05	0.568989	0.00297	0.086284	1e-05
HG01697	38.0016739781946	-1.14940624707378	0	0.010599	0.150672	0.025093	0.139055	0.005219	0.553178	1e-05	0.116164	1e-05
HG01699	37.9131877345964	-1.13813836891204	0	0.001655	0.161665	0.029768	0.119285	0.000913	0.586709	0.004802	0.095194	1e-05
HG01619	37.4658220630605	-5.97117544193752	0	1e-05	0.169283	0.014389	0.130223	0.006356	0.56531	1e-05	0.114409	1e-05
HG01620	37.4024414760061	-5.93374740383588	0	0.000473	0.192339	0.02602	0.117582	0.000973	0.57884	0.005715	0.078047	1e-05
HG01623	37.3296402751002	-5.9039083648473	0	1e-05	0.170645	0.033249	0.112668	0.002699	0.603193	1e-05	0.077516	1e-05
HG01624	37.3186489721294	-5.98654612870887	0	0.000794	0.155549	0.020145	0.12275	0.007799	0.588115	0.004176	0.092109	0.008562
HG01509	39.0136633978691	-6.00489678061567	0	1e-05	0.165004	0.029689	0.127021	1e-05	0.561212	1e-05	0.116884	0.00016
HG01510	39.0419384274632	-6.08134870622307	0	0.003339	0.191872	0.011681	0.122835	0.006348	0.575262	1e-05	0.088643	1e-05
HG01527	38.9619625259656	-5.98204471552745	0	0.002936	0.167324	0.034234	0.128084	0.000774	0.558389	1e-05	0.108238	1e-05
HG01528	39.0550167266279	-6.0206612829119	0	0.009133	0.161086	0.023582	0.136806	0.002395	0.58832	0.000855	0.075184	0.002638
HG01530	38.978994978033	-5.96956503759138	0	1e-05	0.180626	0.024675	0.132566	0.0043	0.562466	0.003935	0.091411	1e-05
HG01500	41.3427268758882	-4.45172454523854	0	1e-05	0.184694	0.028686	0.112408	1e-05	0.567466	0.008284	0.098432	1e-05
HG01501	41.46277487115	-4.45611087423749	0	1e-05	0.177776	0.027746	0.134858	1e-05	0.568591	0.006083	0.084591	0.000336
HG01506	41.3572421406396	-4.59588186228648	0	1e-05	0.194269	0.025782	0.123471	0.00474	0.571036	1e-05	0.079528	0.001154
HG01507	41.4671332199592	-4.44241801523603	0	0.002714	0.184913	0.022474	0.120262	0.002684	0.586815	1e-05	0.080119	1e-05
HG01524	41.3714939803351	-4.44526592176408	0	0.000985	0.168076	0.020723	0.123628	0.000326	0.595383	0.004414	0.086453	1e-05
HG01503	39.878190444503	-4.03536831336096	0	2.1e-05	0.195695	0.015989	0.119779	0.001124	0.582898	0.003079	0.081137	0.000279
HG01504	39.8847765606828	-3.97631625575013	0	1e-05	0.168062	0.018213	0.116837	0.008073	0.598695	0.002786	0.087314	1e-05
HG01746	39.9430205483455	-3.98178969989531	0	1e-05	0.179268	0.009899	0.144082	0.005157	0.578509	1e-05	0.083056	1e-05
HG01747	39.880770955421	-3.96858128877357	0	0.008082	0.190457	0.016825	0.12001	1e-05	0.580242	1e-05	0.084354	1e-05
HG02238	39.9524774989579	-4.04881733222865	0	1e-05	0.176583	0.027689	0.133375	1e-05	0.582651	1e-05	0.079662	1e-05
HG01673	40.9830395095982	-1.08109915931709	0	0.00021	0.197597	0.016317	0.127865	1e-05	0.579025	1e-05	0.078956	1e-05
HG01675	40.9719560650177	-1.02409925484098	0	1e-05	0.174891	0.012991	0.137427	0.002336	0.575786	1e-05	0.096539	1e-05
HG01676	40.9120116426609	-1.0668050177861	0	0.002963	0.188363	0.013464	0.128335	0.00404	0.624763	1e-05	0.038053	1e-05
HG01678	40.9703514949419	-1.04528670506552	0	1e-05	0.178007	0.014663	0.123594	0.00572	0.593172	0.007192	0.077632	1e-05
HG01682	40.9082907767966	-0.99763114368543	0	0.001269	0.190399	0.010791	0.133692	1e-05	0.593096	1e-05	0.070724	1e-05
HG01684	40.9140415016096	-1.09224461847916	0	0.00294	0.178382	0.009955	0.145255	0.002301	0.578268	1e-05	0.082879	1e-05
HG01512	43.2350430686492	-3.90983938993886	0	1e-05	0.196512	0.012453	0.144533	0.00574	0.578604	1e-05	0.062129	1e-05
HG01513	43.2750309762545	-4.06028335946612	0	1e-05	0.186832	0.016712	0.143171	0.004989	0.589309	1e-05	0.058957	1e-05
HG01679	43.2200232602656	-3.993457117863	0	1e-05	0.187012	0.01895	0.12603	0.00545	0.60117	1e-05	0.061358	1e-05
HG01680	43.2445694323629	-4.06644112360664	0	0.00636	0.175218	0.025258	0.14536	1e-05	0.577222	1e-05	0.070552	1e-05
HG01770	43.2097159820609	-3.90843769260682	0	0.00099	0.186672	0.021918	0.134568	0.00205	0.585958	0.001235	0.066599	1e-05
HG01685	42.4703750291374	-8.18842955562286	0	0.004034	0.176624	0.030387	0.12016	0.00242	0.57777	1e-05	0.088585	1e-05
HG01686	42.4007234708406	-8.13220605212264	0	0.004827	0.180185	0.019106	0.152546	0.005083	0.55485	0.000357	0.083036	1e-05
HG01704	42.4564273889642	-8.01414425810799	0	0.00439	0.178814	0.034455	0.115178	1e-05	0.570915	0.005374	0.090854	1e-05
HG01705	42.5973170883022	-8.04555792533793	0	1e-05	0.177062	0.030747	0.112154	1e-05	0.586987	0.009833	0.083186	1e-05
HG01707	42.5296933994163	-8.11516806157306	0	1e-05	0.181271	0.028044	0.136694	0.00472	0.58689	0.00269	0.05967	1e-05
HG01515	42.7176422965713	-2.76366530610248	0	0.001435	0.195298	0.000779	0.153262	0.002126	0.588411	0.000926	0.053386	0.004377
HG01516	42.7996491380501	-2.7564815660473	0	1e-05	0.197699	0.006198	0.155482	0.002502	0.599361	1e-05	0.038728	1e-05
HG01518	42.8597539828625	-2.77045960598625	0	0.000379	0.198794	0.009348	0.145669	1e-05	0.606407	0.00385	0.035532	1e-05
HG01700	42.7328223231714	-2.6452230071649	0	0.008495	0.190142	0.000436	0.161746	0.00787	0.593781	0.000135	0.037386	1e-05
HG01702	42.8609843251295	-2.70656933235005	0	0.001227	0.180624	0.003127	0.167817	0.000447	0.591743	1e-05	0.054995	1e-05
BAS22	43.0626420730446	-2.14459342665039	0	1e-05	0.19342	0.002351	0.160917	1e-05	0.605569	0.004962	0.032751	1e-05
BAS25	43.0418074717466	-2.09305575356819	0	1e-05	0.19176	0.002143	0.161841	0.004141	0.613212	0.002407	0.024477	1e-05
BAS27	43.0385933164693	-2.17633705448359	0	0.003652	0.177891	0.004565	0.16268	0.003318	0.622801	0.001686	0.02124	0.002166
BAS28	43.1947426050156	-2.05357165892608	0	0.005757	0.191663	0.002093	0.156029	0.001281	0.619241	2e-04	0.023726	1e-05
BAS30	43.0592197155301	-2.0793156153243	0	0.00583	0.191812	0.004547	0.155704	0.003448	0.621059	0.004752	0.012838	1e-05
BAS31	43.0693682430964	-2.14418433832005	0	1e-05	0.182002	0.001586	0.17009	0.00671	0.612703	1e-05	0.024401	0.002488
BAS32	43.1837938147318	-2.01248338657431	0	1e-05	0.178325	1e-05	0.159607	1e-05	0.624316	1e-05	0.037702	1e-05
BAS33	43.0614777457155	-1.98790225025266	0	1e-05	0.174541	0.004134	0.167102	0.001057	0.626754	1e-05	0.026382	1e-05
BAS35	43.1603586818743	-1.9972239007894	0	0.002868	0.191622	0.003546	0.177127	1e-05	0.585475	1e-05	0.039331	1e-05
HGDP01357	43.0787701420486	-0.057657980453223	0	1e-05	0.168857	0.003788	0.177932	1e-05	0.591316	0.001467	0.056609	1e-05
HGDP01358	42.9858913307078	-0.0637745947577059	0	0.005101	0.185648	1e-05	0.168245	1e-05	0.59186	1e-05	0.049052	6.4e-05
HGDP01359	42.9214554199483	0.0443909573368728	0	1e-05	0.187207	0.011906	0.156656	0.00685	0.610123	0.005978	0.02126	1e-05
HGDP01360	43.0053988725413	-0.0824578041210771	0	1e-05	0.191591	0.001225	0.174381	0.006353	0.590969	0.000922	0.029466	0.005083
HGDP01362	43.0606035075616	-0.0490609000902623	0	1e-05	0.201012	0.006298	0.156329	0.000371	0.59696	0.002546	0.036464	1e-05
HGDP01363	42.9157923486084	0.0372239916119725	0	1e-05	0.18384	0.003533	0.165808	1e-05	0.600956	0.00028	0.045553	1e-05
HGDP01364	43.0751518625766	0.0897534250281751	0	1e-05	0.187907	0.003065	0.14408	0.007791	0.596699	1e-05	0.060426	1e-05
HGDP01365	43.0754832047038	-0.0651328215375543	0	1e-05	0.188301	0.003916	0.150194	0.000919	0.608915	1e-05	0.047726	1e-05
HGDP01366	42.983625558624	0.0354923129081726	0	1e-05	0.200145	1e-05	0.163116	0.00173	0.595235	0.0016	0.038145	1e-05
HGDP01367	43.0689227020834	0.0967427589930594	0	0.006177	0.196256	0.011781	0.160687	0.000291	0.6045	0.001561	0.018737	1e-05
HGDP01368	43.0684748908039	0.0605619909707457	0	1e-05	0.204129	0.00379	0.131384	0.006708	0.611053	0.001813	0.041103	1e-05
HGDP01370	42.9816290942486	-0.0782564228400588	0	0.008015	0.195882	0.002093	0.145844	0.005056	0.627685	1e-05	0.015375	4.1e-05
HGDP01371	43.0362953451462	0.0983600596431643	0	0.002185	0.211346	1e-05	0.136598	0.000886	0.608883	0.011855	0.028226	1e-05
HGDP01373	43.0355085178278	-0.00357518792152405	0	1e-05	0.197819	0.00462	0.153422	0.002748	0.601395	0.006855	0.031463	0.001667
HGDP01374	43.0289811281953	-0.095962328184396	0	1e-05	0.186449	0.003901	0.168694	0.001495	0.604593	0.0069	0.027676	0.000282
HGDP01375	42.9300171770621	0.0430430979467928	0	1e-05	0.178081	0.006017	0.145839	0.0051	0.617785	1e-05	0.04262	0.004539
HGDP01377	42.9462614618707	0.027878277702257	0	1e-05	0.194548	0.003879	0.162162	0.000141	0.602846	1e-05	0.036394	1e-05
HGDP01378	42.932616751641	-0.0968283501453698	0	1e-05	0.206104	0.001562	0.145484	0.003401	0.621336	1e-05	0.022083	1e-05
HGDP01379	42.9286928799469	0.0761051759589464	0	0.000914	0.188826	0.004766	0.163763	0.006303	0.594134	1e-05	0.041274	1e-05
HGDP01380	42.9001474703196	-0.0321225725114346	0	1e-05	0.18433	0.005386	0.148442	0.007371	0.624779	1e-05	0.025134	0.004538
SouthFrench1112	43.1086105523724	0.000943895755335697	0	1e-05	0.184875	0.005583	0.148859	0.001543	0.604756	0.006463	0.047902	1e-05
SouthFrench1323	43.7948597240634	-1.01813522391021	0	1e-05	0.191976	0.002671	0.152232	0.003896	0.590703	0.00234	0.053248	0.002925
SouthFrench3068	43.0964935225528	-0.0327065048273653	0	1e-05	0.200324	0.015079	0.155454	0.000117	0.584586	1e-05	0.04441	1e-05
SouthFrench3326	43.1370893201418	0.0201523351948708	0	0.003399	0.196394	0.004112	0.147426	1e-05	0.603928	0.005641	0.039079	1e-05
SouthFrench3947	43.7706903645676	-1.03628251212649	0	0.002309	0.195476	0.00944	0.142876	0.009211	0.604867	1e-05	0.0358	1e-05
SouthFrench3951	43.7279095375352	-1.02555060680024	0	0.001903	0.18256	0.007097	0.144399	0.008792	0.615428	0.00432	0.035491	1e-05
SouthFrench4018	43.6505963090714	-0.992897598724812	0	0.0052	0.189403	0.009289	0.154792	1e-05	0.584236	0.006026	0.051034	1e-05
French23919	47.8430062590633	3.51809282117523	0	1e-05	0.241442	0.012578	0.122073	0.00116	0.550147	1e-05	0.07257	1e-05
French24118	47.3370219441876	4.85553943250328	0	1e-05	0.291979	0.000922	0.124585	0.000824	0.54837	0.004269	0.02903	1e-05
French24075	48.9675383784808	6.68335130566731	0	1e-05	0.243952	0.007467	0.119712	0.006707	0.556785	0.002917	0.06244	1e-05
French24076	49.1473329478409	6.64097198935226	0	0.000977	0.245351	0.012982	0.135468	0.004137	0.526535	1e-05	0.074528	1e-05
French24124	49.1479306496214	6.56367278735153	0	1e-05	0.238111	0.006833	0.112538	0.007407	0.554235	1e-05	0.080845	1e-05
French24148	49.1124261769932	6.5381813608855	0	1e-05	0.238252	0.000148	0.13192	1e-05	0.543724	0.005405	0.080522	1e-05
French24178	49.0288931396324	6.60215133650228	0	0.003689	0.265852	0.015664	0.130892	0.000733	0.507947	1e-05	0.075202	1e-05
French24433	48.9583988696337	6.57317922686227	0	0.001105	0.247336	0.010456	0.138905	1e-05	0.513924	0.008717	0.079537	1e-05
French24434	49.116067468049	6.54475905902684	0	1e-05	0.277096	0.004064	0.127681	0.007403	0.505413	1e-05	0.078313	1e-05
French24437	49.0020897884853	6.57129589308053	0	0.003783	0.250756	0.006856	0.127387	0.008414	0.523704	1e-05	0.07908	1e-05
French23812	48.2791704265866	-4.17399454990402	0	1e-05	0.301253	0.005078	0.139722	0.000754	0.517682	1e-05	0.035482	1e-05
French23833	48.2644459741656	-4.177251210697	0	0.000989	0.304001	0.001928	0.15268	1e-05	0.492148	1e-05	0.048225	1e-05
French24120	48.3330177219585	-4.13290798480622	0	1e-05	0.296054	0.002379	0.147964	1e-05	0.504607	1e-05	0.047697	0.001269
French24381	48.2085634349845	-4.18370784384198	0	0.004175	0.310921	0.000816	0.1387	0.001938	0.509843	1e-05	0.033587	1e-05
French24400	48.2689361298457	-4.10484677858651	0	1e-05	0.312659	0.00365	0.136062	1e-05	0.513876	1e-05	0.033712	1e-05
French24247	48.5449821485486	-2.8415814203769	0	0.000866	0.313663	0.002695	0.141091	0.004652	0.490349	1e-05	0.046665	1e-05
French23989	48.5324453007709	-2.88656800283119	0	0.000842	0.326864	0.007171	0.132761	0.005094	0.487302	0.002629	0.037326	1e-05
French24090	48.4248181511927	-2.81171729044057	0	1e-05	0.315996	1e-05	0.142327	1e-05	0.494553	1e-05	0.047074	1e-05
French23830	48.2472884542868	-1.68763006438501	0	0.001546	0.285171	0.006194	0.136013	0.002935	0.528725	0.001549	0.037856	1e-05
French24061	47.3780117672961	-1.66957658071071	0	1e-05	0.277666	0.006063	0.129328	1e-05	0.538146	0.001106	0.04766	1e-05
French23915	49.6602639059722	0.891545039573684	0	1e-05	0.275608	0.001953	0.127408	0.000667	0.518465	0.008668	0.067211	1e-05
French24408	49.6012651391048	0.998516201339662	0	1e-05	0.276547	0.002351	0.119395	1e-05	0.519621	0.003391	0.078665	1e-05
French23814	50.36893363229	3.16662673591636	0	1e-05	0.280869	0.000193	0.139323	0.002323	0.524633	1e-05	0.052629	1e-05
French24144	50.3821471249405	3.25399949718267	0	1e-05	0.255089	0.023449	0.120151	0.003929	0.514976	0.015484	0.066903	1e-05
French23821	50.4567635557987	2.26032601410523	0	1e-05	0.229908	0.019423	0.101866	0.004105	0.524627	0.00368	0.11189	0.004492
French23862	50.3790546508878	2.26516515125521	0	1e-05	0.269258	0.007977	0.142613	0.006294	0.515438	1e-05	0.05839	1e-05
French24690	50.4057741561811	2.29501918379217	0	1e-05	0.264184	0.002296	0.131293	0.001229	0.526021	0.008581	0.066376	1e-05
French25068	50.5113039249927	2.3475033335574	0	0.006769	0.234488	0.002869	0.151623	0.008222	0.539942	1e-05	0.056067	1e-05
French24817	50.3989404166024	2.24484779873863	0	1e-05	0.264375	0.008279	0.128244	0.002921	0.514818	0.008529	0.071673	0.001151
HGDP00511	46.0646692093927	1.91727275480516	0	1e-05	0.275075	0.004349	0.135017	1.7e-05	0.5242	1e-05	0.061312	1e-05
HGDP00512	45.9361896497197	1.97167646931484	0	1e-05	0.229711	0.006853	0.126969	0.005748	0.55128	1e-05	0.077575	0.001844
HGDP00513	46.0358047630638	2.04743020790629	0	1e-05	0.248407	0.010427	0.117824	0.003341	0.54466	0.006841	0.06848	1e-05
HGDP00514	46.0187235139776	2.09958651489578	0	1e-05	0.286852	0.004922	0.108893	0.004472	0.526989	0.004005	0.059863	0.003995
HGDP00515	45.980476807896	1.94648821954615	0	1e-05	0.262318	0.0062	0.137287	1e-05	0.535435	0.002359	0.05637	1e-05
HGDP00516	45.905857376894	1.96596754225902	0	0.001121	0.245905	0.003614	0.119268	0.001286	0.531455	1e-05	0.097013	0.000328
HGDP00517	45.9341736514587	1.93570622014813	0	1e-05	0.245725	0.007575	0.138905	1e-05	0.534072	0.001526	0.071731	0.000446
HGDP00518	46.0842314005364	2.06889203926548	0	1e-05	0.236716	0.004319	0.147053	0.004476	0.538807	1e-05	0.068599	1e-05
HGDP00519	45.974789851997	2.09186685462482	0	1e-05	0.300201	0.002934	0.136414	0.004167	0.504228	1e-05	0.052027	1e-05
HGDP00522	46.0084754511248	1.9277815871872	0	1e-05	0.260488	0.002546	0.1163	1e-05	0.55857	0.002167	0.059898	1e-05
HGDP00523	45.9286325276829	2.05142681971192	0	1e-05	0.260733	0.004537	0.145326	1e-05	0.535887	0.004669	0.048819	1e-05
HGDP00524	45.9448713271413	1.97118087941781	0	0.001459	0.218191	0.009344	0.131651	1e-05	0.561094	0.001582	0.07666	1e-05
HGDP00525	45.993290232541	2.08960272306576	0	0.009162	0.243377	0.008887	0.134797	1e-05	0.539148	0.000868	0.06374	1e-05
HGDP00526	46.0285265280399	1.99460797039792	0	1e-05	0.274862	0.000237	0.136356	0.001608	0.511197	1e-05	0.075709	1e-05
HGDP00527	45.9831698102877	1.94387827012688	0	1e-05	0.279593	0.005481	0.118189	0.004665	0.529916	1e-05	0.059562	0.002576
HGDP00528	45.9844145557843	2.00501575851813	0	1e-05	0.276957	0.00809	0.12062	0.006903	0.521307	0.00507	0.061034	1e-05
HGDP00529	45.9151685838122	2.06612436138093	0	0.000141	0.240787	0.006952	0.136183	0.002516	0.522565	0.006425	0.084421	1e-05
HGDP00531	46.0221936514135	1.9861834150739	0	1e-05	0.199067	0.008114	0.149096	0.002961	0.590668	1e-05	0.049318	0.000756
HGDP00533	45.9023353984114	2.08419066597708	0	1e-05	0.303013	1e-05	0.138951	0.002686	0.4909	0.00191	0.062511	1e-05
HGDP00534	46.0670454659034	2.01276539936662	0	1e-05	0.261394	0.005921	0.135004	0.001165	0.535025	0.006755	0.054716	1e-05
HGDP00535	46.0520854563918	2.07710786783136	0	1e-05	0.298631	1e-05	0.135003	1.1e-05	0.49964	1e-05	0.065042	0.001643
HGDP00536	46.0672448363155	2.0469166750554	0	1e-05	0.200229	0.00498	0.129924	0.004964	0.549036	0.013105	0.097743	1e-05
HGDP00537	45.9920274109114	1.92974012633786	0	0.002238	0.244407	0.003977	0.129644	0.002976	0.548761	1e-05	0.067978	1e-05
HGDP00538	46.0894402765669	2.03100758166984	0	1e-05	0.253713	0.005444	0.118282	0.002282	0.556615	1e-05	0.063633	1e-05
HGDP00539	46.064269966865	2.03839659476653	0	1e-05	0.232181	0.009493	0.137448	0.005916	0.556611	0.003265	0.054617	0.000458
Irish0093	53.789281460857	-8.56300088601187	0	1e-05	0.318628	0.000909	0.13101	0.000471	0.510963	0.008343	0.029656	1e-05
Irish0097	53.714451041799	-8.56790391901508	0	1e-05	0.328266	1e-05	0.118754	0.000861	0.492628	0.002499	0.056962	1e-05
Irish0175	53.8085712207761	-8.43290264332667	0	0.001838	0.322333	1e-05	0.145857	0.004513	0.491095	1e-05	0.033178	0.001166
Irish0177	53.7505293392856	-8.57100280561484	0	0.000152	0.32554	1e-05	0.134686	0.001442	0.495132	0.00133	0.041697	1e-05
Irish0181	53.6214461106155	-8.5273480248265	0	1e-05	0.330707	0.002754	0.133852	0.002714	0.489524	1e-05	0.04042	1e-05
Irish0182	53.7045474231057	-8.48973678681999	0	1e-05	0.314169	1e-05	0.141846	1e-05	0.495086	1e-05	0.048849	1e-05
Irish0083	51.7827537483163	-9.13322847923264	0	1e-05	0.336953	1e-05	0.134595	1e-05	0.501596	1e-05	0.026806	1e-05
Irish0089	51.8920609412342	-9.12544241016731	0	1e-05	0.343293	1e-05	0.131512	0.004325	0.480726	1e-05	0.040103	1e-05
Irish0091	51.8380625136755	-9.21191561077721	0	0.00141	0.320239	0.000333	0.126092	0.009608	0.512028	1e-05	0.030167	0.000112
Irish0094	51.9131749600731	-9.1328726245556	0	1e-05	0.3274	0.004769	0.12475	0.001709	0.500767	1e-05	0.040576	1e-05
Irish0129	51.8284217053652	-9.23886299077421	0	1e-05	0.327278	1e-05	0.131655	0.003296	0.487896	1e-05	0.049833	1.2e-05
Irish0151	51.8994272187911	-9.2665538709145	0	1e-05	0.308112	0.005554	0.133951	1e-05	0.50534	1e-05	0.047002	1e-05
Irish0073	53.0902216944005	-6.85578062913381	0	1e-05	0.337755	0.002076	0.126422	0.001239	0.474128	1e-05	0.055036	0.003324
Irish0074	53.1893271425832	-6.88549748740159	0	1e-05	0.322412	1e-05	0.126406	1e-05	0.49558	1e-05	0.055552	1e-05
Irish0085	53.1612549091317	-6.935452308245	0	1e-05	0.320847	0.00449	0.141897	9e-04	0.484658	0.001966	0.045223	1e-05
Irish0132	53.0070445494819	-6.89972797540948	0	1e-05	0.33084	1e-05	0.136808	1e-05	0.493143	1e-05	0.039159	1e-05
Irish0180	53.0804192433227	-6.97982779463753	0	0.004293	0.307363	0.003962	0.130642	1e-05	0.50722	0.001221	0.045278	1e-05
Irish0185	53.0488404207956	-6.88633838218637	0	1e-05	0.318643	1e-05	0.136496	0.002981	0.510978	1e-05	0.026491	0.004382
Irish0139	52.3577637581993	-8.52540612044744	0	1e-05	0.334463	1e-05	0.143639	1e-05	0.496582	0.00264	0.022636	1e-05
Irish0145	52.341348016765	-8.41643308984116	0	1e-05	0.337923	0.004065	0.130207	0.002817	0.470973	0.000898	0.053098	1e-05
Irish0157	52.2967431093007	-8.42222040138207	0	0.003924	0.343564	1e-05	0.134185	1e-05	0.475084	0.000408	0.042804	1e-05
Irish0158	52.2982798709441	-8.53732667803764	0	0.004673	0.320532	1e-05	0.143068	0.003875	0.480219	1e-05	0.046721	0.000893
Irish0188	52.3015695472155	-8.41269725226797	0	1e-05	0.33292	0.004608	0.126256	1e-05	0.485066	1e-05	0.05111	1e-05
Irish0189	52.2981878616288	-8.58722277908586	0	1e-05	0.328039	0.000247	0.1169	0.000895	0.517045	1e-05	0.036845	1e-05
Irish0063	54.6487406742666	-6.89940057531931	0	1e-05	0.305266	0.003561	0.150243	0.002331	0.485974	0.005054	0.043949	0.003611
Irish0067	54.6591392495576	-6.92857658746652	0	1e-05	0.336124	0.003821	0.143668	0.003044	0.475543	1e-05	0.037771	1e-05
Irish0079	54.7790564236138	-7.04914430505596	0	1e-05	0.325209	0.005878	0.143397	1e-05	0.495008	1e-05	0.030351	0.000127
Irish0131	54.7119349936396	-6.93300408078358	0	1e-05	0.329909	0.002533	0.133223	1e-05	0.484655	1e-05	0.04964	1e-05
Irish0135	54.7733722986095	-6.95474916552193	0	1e-05	0.326569	1e-05	0.134936	0.000341	0.489402	1e-05	0.048713	1e-05
Irish0137	54.7266963758413	-6.9768298256211	0	1e-05	0.333265	0.000123	0.136033	0.004682	0.487729	1e-05	0.038137	1e-05
HG00126	51.1630871951208	0.738473810786381	0	1e-05	0.307709	0.001002	0.128729	0.006469	0.523143	1e-05	0.032919	1e-05
HG00128	51.2552842993382	0.737321494678035	0	1e-05	0.305426	1e-05	0.130546	1e-05	0.510297	1e-05	0.053681	1e-05
HG00129	51.1185478202626	0.646752873640507	0	1e-05	0.30876	0.000645	0.143888	1e-05	0.506532	1e-05	0.040134	1e-05
HG00130	51.2886333421897	0.690099429590628	0	1e-05	0.289059	0.003159	0.129365	0.004834	0.518419	1e-05	0.055133	1e-05
HG00131	51.2836710292008	0.63700907940045	0	1e-05	0.30233	0.004846	0.140541	0.002226	0.501767	0.001749	0.046521	1e-05
HG00160	50.3872718399856	-4.88920607743785	0	1e-05	0.316389	0.002696	0.141957	1e-05	0.503587	4e-04	0.034941	1e-05
HG00231	50.2779129966162	-4.822273762431	0	0.003651	0.302163	1e-05	0.119146	1e-05	0.505496	0.004753	0.06476	1e-05
HG00232	50.2881280177739	-4.89779875068925	0	1e-05	0.302722	0.002259	0.125465	0.004423	0.511719	1e-05	0.053382	1e-05
HG00233	50.2684080906678	-4.9954891665373	0	1e-05	0.270752	0.006507	0.156108	0.00224	0.502959	1e-05	0.061403	1e-05
HG00234	50.3184872825164	-4.8133978923317	0	1e-05	0.303821	1e-05	0.13895	0.003216	0.502373	1e-05	0.051599	1e-05
HG00103	56.0903266223706	-5.34094203925692	0	1e-05	0.304595	0.006321	0.148132	1e-05	0.497151	1e-05	0.043761	1e-05
HG00104	56.090215837406	-4.43415838904679	0	0.001508	0.322697	0.006654	0.129478	1e-05	0.482565	1e-05	0.056103	0.000976
HG00105	56.0056106221955	-3.53259545169771	0	1e-05	0.325228	1e-05	0.144465	1e-05	0.490855	0.002531	0.036881	1e-05
HG00106	56.1133474348206	-2.51282373849303	0	1e-05	0.338672	0.000406	0.132689	1.7e-05	0.470695	1e-05	0.057083	0.000419
Scottish1334	55.527931302134	-2.51339503694326	0	1e-05	0.301774	0.003264	0.137484	0.005086	0.496122	1e-05	0.056239	1e-05
Scottish1338	55.4822633074131	-2.55887931962498	0	1e-05	0.30984	0.003459	0.151135	1e-05	0.494583	0.010936	0.027712	0.002316
Scottish1340	55.5781453313306	-2.41951704709791	0	1e-05	0.329568	0.003976	0.130619	0.00267	0.491959	0.003642	0.036677	0.000879
Scottish1341	55.4348006088287	-2.46982891820371	0	1e-05	0.303541	0.003742	0.1296	0.005616	0.504943	0.000961	0.051576	1e-05
Scottish1343	55.4227393046953	-2.51947600557469	0	1e-05	0.317381	0.00224	0.139316	0.002092	0.497197	1e-05	0.041743	1e-05
Scottish1344	55.4376939322334	-2.54668724611402	0	1e-05	0.294391	0.005979	0.149784	1e-05	0.497352	0.006726	0.045737	1e-05
Scottish2401	54.9877851796336	-4.02569092521444	0	1e-05	0.319112	1e-05	0.142154	0.005943	0.486213	1e-05	0.046538	1e-05
Scottish2433	55.0589097389486	-3.91910811807029	0	1e-05	0.316987	5.2e-05	0.122778	0.001956	0.510426	1e-05	0.047772	1e-05
Scottish2436	55.056687294133	-4.09211412877776	0	1e-05	0.319559	0.001086	0.134955	1e-05	0.505708	0.007084	0.031579	1e-05
Scottish2441	55.0995304129086	-4.05852321381681	0	1e-05	0.322971	0.005135	0.133341	1e-05	0.505914	1e-05	0.032598	1e-05
Scottish2443	55.061539142346	-3.99981228681281	0	1e-05	0.332565	0.000414	0.129784	0.00651	0.487751	1e-05	0.042946	1e-05
Scottish3140	56.318589411024	-3.01511225230061	0	1e-05	0.326202	0.003911	0.139509	0.004748	0.472023	0.008108	0.045479	1e-05
Scottish3146	56.2007924954407	-3.03753834697418	0	1e-05	0.318954	1e-05	0.111567	0.00237	0.510547	0.000937	0.055595	1e-05
Scottish3151	56.2718045833986	-2.90743327424862	0	1e-05	0.319178	0.000225	0.141717	1e-05	0.482898	1e-05	0.055942	1e-05
Scottish3154	56.189912198158	-2.95323596522212	0	1e-05	0.305351	0.004479	0.136999	0.003193	0.50229	1e-05	0.047658	1e-05
Scottish3157	56.3341908931732	-2.98745743925683	0	1e-05	0.315688	0.000533	0.14648	0.001853	0.473301	1e-05	0.062115	1e-05
Scottish3212	56.1874190817587	-3.08568499451503	0	1e-05	0.311437	0.002235	0.142354	0.002892	0.505902	1e-05	0.034354	0.000806
Scottish4283	57.173156748293	-2.28323935638182	0	1e-05	0.311194	1e-05	0.133459	1e-05	0.497287	0.002767	0.053127	0.002137
Scottish4290	57.182939472748	-2.25823607095517	0	0.005621	0.318466	0.002069	0.125038	1e-05	0.506243	1e-05	0.042533	1e-05
Scottish4292	57.2466001192573	-2.26155960280448	0	1e-05	0.332854	0.000753	0.141178	1e-05	0.48197	0.004517	0.038697	1e-05
Scottish4293	57.2006775417365	-2.25007783528417	0	0.000493	0.310248	0.006001	0.142865	1e-05	0.485259	1e-05	0.055104	1e-05
Scottish4294	57.2238402408548	-2.19797060978599	0	1e-05	0.327657	0.001007	0.11124	0.001183	0.512476	1e-05	0.046407	1e-05
Scottish4300	57.2181238991674	-2.20743399849162	0	1e-05	0.309679	0.007485	0.140543	1e-05	0.502135	1e-05	0.040118	1e-05
Scottish3512	57.5550358682405	-4.15801405431703	0	1e-05	0.339824	1e-05	0.135187	8.6e-05	0.485559	1e-05	0.039304	1e-05
Scottish3521	57.5260511867236	-4.34183335974812	0	1e-05	0.325438	1e-05	0.133166	0.00709	0.494164	1e-05	0.040102	1e-05
Scottish3529	57.5348527779337	-4.25505361417308	0	1e-05	0.317415	0.001619	0.140333	0.005908	0.506532	1e-05	0.028163	1e-05
Scottish3531	57.4031500895042	-4.19842636021785	0	1e-05	0.312001	0.000662	0.139437	0.004216	0.504235	1e-05	0.039418	1e-05
Scottish3532	57.4357144006994	-4.30408344399184	0	1e-05	0.317761	0.003331	0.14344	1e-05	0.488543	0.001132	0.045764	1e-05
Scottish3533	57.5609318070114	-4.1896433875896	0	0.006175	0.316033	1e-05	0.116272	0.000552	0.519587	1e-05	0.041351	1e-05
Scottish0111	60.1894519579131	-1.15717453188263	0	0.001772	0.333237	1e-05	0.130383	0.004175	0.499927	0.003076	0.026278	0.001143
Scottish0153	60.2084517349023	-1.18075722679496	0	1e-05	0.319825	1e-05	0.137559	1e-05	0.498642	0.005259	0.038675	1e-05
Scottish0236	60.1378626419697	-1.16148843183182	0	0.001913	0.328577	0.003759	0.136782	0.004138	0.485104	0.00201	0.035853	0.001863
Scottish0237	60.1458067564294	-1.24057578677312	0	1e-05	0.317065	0.009056	0.127733	0.003308	0.486023	1e-05	0.056785	1e-05
Scottish0347	60.1751864601392	-1.0980924165342	0	1e-05	0.315357	0.006322	0.13437	0.00455	0.506237	1.4e-05	0.03313	1e-05
Scottish0356	60.1814376427326	-1.08053198843263	0	1e-05	0.321697	0.005144	0.144636	0.003341	0.499063	1e-05	0.026089	1e-05
Scottish0462	60.1737735735252	-1.23833882729523	0	1e-05	0.310679	0.001079	0.141072	1e-05	0.500848	1e-05	0.046283	1e-05
Scottish0683	60.1854418564588	-1.24215424163267	0	0.000361	0.342624	1e-05	0.120744	1e-05	0.501651	0.003941	0.030649	1e-05
Scottish1045	60.108230114216	-1.21601773807779	0	1e-05	0.323172	0.00263	0.13346	1e-05	0.496697	1e-05	0.044	1e-05
Scottish1288	60.1723799425643	-1.07068807841279	0	1e-05	0.325895	1e-05	0.149342	0.0015	0.495702	1e-05	0.024813	0.002718
HGDP00794	59.0217133393046	-2.9947444413323	0	0.005315	0.324006	0.009925	0.134886	1e-05	0.492178	1e-05	0.033659	1e-05
HGDP00796	58.908822049154	-3.0412782386411	0	0.005306	0.313957	0.003037	0.143224	0.001151	0.477848	0.005387	0.050079	1e-05
HGDP00797	58.9238367824815	-3.04375857054256	0	0.004623	0.325811	0.005102	0.135392	2.8e-05	0.494804	1e-05	0.03422	1e-05
HGDP00798	58.9947431258392	-2.91321847247891	0	1e-05	0.318313	0.000362	0.120847	0.001588	0.500764	1e-05	0.058097	1e-05
HGDP00799	58.9435923405457	-3.06638600234874	0	0.005107	0.327307	0.003076	0.140933	1e-05	0.495139	0.001998	0.02642	1e-05
HGDP00800	58.9996042018291	-2.95587299466133	0	0.002537	0.30701	1e-05	0.14871	0.000791	0.487479	0.00465	0.048803	1e-05
HGDP00802	58.9177445956972	-2.92833983139135	0	1e-05	0.329891	0.003339	0.13728	0.000413	0.492941	0.000212	0.034476	0.001438
HGDP00803	59.0790474460926	-3.06835430036299	0	0.003153	0.311856	1e-05	0.133989	1e-05	0.489805	0.002401	0.058766	1e-05
HGDP00805	58.9858839075081	-3.04246371281333	0	1e-05	0.312909	0.002834	0.144778	0.000801	0.494085	0.002812	0.04176	1e-05
HGDP00806	58.9679172205739	-3.05247853454202	0	1e-05	0.317588	1e-05	0.142756	1e-05	0.496772	1e-05	0.042834	1e-05
HGDP00807	58.9404457555618	-3.06438869824633	0	1e-05	0.326954	1e-05	0.143794	0.012969	0.494403	1e-05	0.021841	1e-05
HGDP00808	59.0432125805877	-3.08268181513995	0	1e-05	0.317859	1e-05	0.153947	0.003296	0.485507	0.004385	0.034976	1e-05
HGDP00810	58.9807681138162	-2.94290354740806	0	1e-05	0.310559	0.001822	0.141515	1e-05	0.498413	1e-05	0.047652	1e-05
leipzig2659	51.420608488014	12.4679191951454	0	1e-05	0.30081	0.006632	0.146247	1e-05	0.48267	0.005909	0.057702	1e-05
leipzig2660	51.4384967089724	12.3639388375264	0	0.002448	0.308025	0.006845	0.148056	1e-05	0.48995	1e-05	0.044646	1e-05
leipzig2661	51.3040421108808	12.361268545622	0	1e-05	0.297083	0.002064	0.137078	0.001924	0.499788	0.002116	0.059927	1e-05
leipzig2662	51.2431628119759	12.4151818906702	0	1e-05	0.296732	0.002581	0.139475	0.002313	0.482434	0.003416	0.073028	1e-05
leipzig2705	51.3791272368375	12.4096663842723	0	1e-05	0.292599	0.000735	0.150913	0.005456	0.465611	1e-05	0.084656	1e-05
leipzig2722	51.4398314582277	12.405458830744	0	1e-05	0.293859	0.012928	0.157368	1e-05	0.474187	0.001843	0.059786	1e-05
leipzig2785	51.316108648628	12.3749673804082	0	1e-05	0.317877	0.000716	0.145914	0.003758	0.463564	0.005992	0.062158	1e-05
leipzig2790	51.4339272959251	12.458143277308	0	1e-05	0.299276	0.004802	0.146352	1.6e-05	0.499676	1e-05	0.049848	1e-05
leipzig2823	51.3015127761383	12.3712177972123	0	1e-05	0.298579	0.003618	0.139817	0.001698	0.503445	1e-05	0.052813	1e-05
leipzigBG80609	51.3624708262831	12.4448063963372	0	1e-05	0.285123	1e-05	0.140307	1e-05	0.493486	1e-05	0.080679	0.000365
sorb2908523	51.2890309013147	14.0706146250479	0	1e-05	0.315026	0.002702	0.159366	1e-05	0.463618	1e-05	0.05766	0.001598
sorb2908543	51.3631270325929	14.1912140438799	0	1e-05	0.31128	1e-05	0.150505	1e-05	0.480517	0.004677	0.05298	1e-05
sorb2908546	51.3227351859398	14.1439754170831	0	0.00036	0.32548	1e-05	0.154974	0.000196	0.450136	0.002573	0.062565	0.003706
sorb2908672	51.2131736761611	14.1685412823223	0	0.003389	0.325548	1e-05	0.15351	1e-05	0.449389	1.3e-05	0.06812	1e-05
sorb2908808	51.2367552453838	14.0157751547638	0	0.000209	0.301741	0.002309	0.155258	1e-05	0.480949	0.005743	0.053772	1e-05
sorb2908809	51.3061730092112	14.1237668512389	0	1e-05	0.316933	1e-05	0.165138	0.003887	0.464058	0.003793	0.046161	1e-05
sorb2908823	51.2296945714578	14.0698350599967	0	1e-05	0.315549	0.000665	0.162658	1e-05	0.44213	0.001449	0.073201	0.004327
sorb2908843	51.3068832673319	14.1899818521924	0	1e-05	0.310095	0.006582	0.141822	1e-05	0.48536	0.006753	0.049358	1e-05
sorb2908869	51.3322591414396	14.1260586844757	0	1e-05	0.331236	0.001476	0.164385	1e-05	0.457154	1e-05	0.045709	1e-05
NOR101	60.3205036860798	5.3604848241806	0	1e-05	0.325447	0.004808	0.139757	0.001472	0.484059	0.006443	0.037993	1e-05
NOR106	60.3470737686288	5.27450996454805	0	1e-05	0.32512	0.001101	0.131694	1e-05	0.486827	0.004459	0.044024	0.006755
NOR107	60.2730413827021	5.34556136735715	0	1e-05	0.331106	0.005794	0.147451	0.002674	0.463818	0.001515	0.046371	0.001261
NOR108	60.3436353926919	5.31551150105894	0	1e-05	0.334851	0.003055	0.133982	0.002525	0.507469	0.006086	0.012012	1e-05
NOR109	60.3106801538169	5.30497299338691	0	1e-05	0.334677	1e-05	0.142461	1e-05	0.497694	1e-05	0.025118	1e-05
NOR111	60.431136791259	5.28595116468146	0	1e-05	0.348134	0.001623	0.141273	0.001897	0.469318	0.002878	0.034857	1e-05
NOR119	60.2706415808667	5.30920055847615	0	0.00129	0.335068	1e-05	0.139829	1e-05	0.483038	1e-05	0.036193	0.004553
NOR124	60.453780643912	5.42767123201862	0	0.000121	0.340763	0.003195	0.141289	0.009356	0.472552	0.004451	0.028262	1e-05
NOR126	60.3780915159639	5.34220028020442	0	1e-05	0.322289	1e-05	0.156983	0.004647	0.470794	1e-05	0.044398	0.000858
NOR146	60.3065922319796	5.28258320162073	0	0.003161	0.328278	0.001539	0.144767	1e-05	0.476148	0.003148	0.041479	0.00147
NOR148	60.4548642825242	5.44295996203087	0	1e-05	0.329523	0.002552	0.147753	0.007164	0.465437	1e-05	0.031135	0.016415
HG00171	60.2523070204537	24.9427289672196	0	0.000753	0.358369	1e-05	0.166623	1e-05	0.378001	0.019771	0.003073	0.073391
HG00173	60.2690882877447	24.8893956845626	0	0.008092	0.349185	0.00186	0.174372	0.0037	0.38566	0.016874	0.009029	0.051227
HG00174	60.1666473997757	24.9482007775921	0	0.006134	0.331683	0.001043	0.163253	1e-05	0.433375	0.01989	0.01106	0.033552
HG00181	60.145777762169	24.9361549238209	0	1e-05	0.280407	0.00728	0.140956	0.007107	0.429095	0.006752	0.07198	0.056413
HG00182	60.2650302671362	24.9710753807332	0	0.000987	0.364992	0.005817	0.14951	1e-05	0.374961	0.022985	0.011013	0.069725
HG00183	60.1754852291662	24.8396317776758	0	1e-05	0.348311	0.000235	0.168442	0.006028	0.371636	0.024376	0.027505	0.053457
HG00190	60.2454582583625	24.8516544562764	0	1e-05	0.344444	0.002858	0.157148	1e-05	0.411737	0.023533	0.019222	0.041039
HG00266	60.2619374135509	24.9576088895556	0	1e-05	0.323343	0.005615	0.161853	0.000209	0.39297	0.025402	0.032942	0.057656
SD60_297	68.9714154458512	27.0184381895885	0	0.006565	0.324339	1e-05	0.1589	0.003111	0.284871	0.057554	0.005598	0.159052
Est358	58.4825446142443	24.9048233327549	0	1e-05	0.355382	0.000793	0.175795	1e-05	0.422854	0.004521	0.027291	0.013344
Est372	58.6208167129755	24.8279649058916	0	0.008998	0.369771	1e-05	0.174643	1e-05	0.40438	0.014649	0.025076	0.002463
Est375	58.591088698674	24.8126844583638	0	1e-05	0.353048	0.000763	0.184025	0.000352	0.416099	0.01349	0.023817	0.008396
Est377	58.6382777810656	24.7992315429822	0	1e-05	0.368204	0.001907	0.189076	0.003086	0.391829	0.010554	0.030851	0.004484
Est380	58.6347177604772	24.856715182038	0	0.002537	0.352408	1e-05	0.178369	1e-05	0.403946	0.010394	0.007555	0.044771
Est391	58.485066486299	24.9407133519277	0	1e-05	0.376349	0.000828	0.176292	0.004121	0.413288	0.015152	0.009745	0.004215
Est393	58.5050003238581	24.9411754053645	0	0.005197	0.364323	0.002379	0.173878	0.002514	0.420106	0.009781	0.013514	0.008307
Est394	58.479293135237	24.8168546803854	0	1e-05	0.354208	0.004205	0.179921	0.005773	0.399334	0.003529	0.036968	0.016053
Est397	58.4466705716774	24.8676684041135	0	1e-05	0.345584	0.001811	0.169218	0.003727	0.424614	0.013061	0.024723	0.017252
Est400	58.4418807205837	24.898875943115	0	0.002954	0.359597	1e-05	0.170085	0.003597	0.419984	0.009407	0.034355	1e-05
lithuania1	54.8323320560157	24.0027840518206	0	0.002212	0.345043	1e-05	0.185633	0.000936	0.425779	0.00039	0.035889	0.004106
lithuania2	54.8398125295062	23.9957513892371	0	1e-05	0.368003	1e-05	0.185652	0.005398	0.403386	0.001389	0.033641	0.002511
lithuania3	54.8281941559166	23.9026356330887	0	1e-05	0.352483	0.0024	0.167898	1e-05	0.437392	0.002038	0.032742	0.005027
lithuania8	54.8096015448682	23.8747321965452	0	1e-05	0.346954	0.00138	0.191408	1e-05	0.405472	0.010817	0.043939	1e-05
lithuania9	54.9986692068167	24.0097749485914	0	1e-05	0.360195	1.6e-05	0.191322	1e-05	0.412256	1e-05	0.028636	0.007545
lithuania10	54.983841679059	24.0132794833556	0	1e-05	0.370141	1e-05	0.192515	0.007742	0.397925	0.002524	0.029123	1e-05
LithuanianA1	54.8094675505068	24.0147918022983	0	1e-05	0.358933	0.003187	0.181978	0.007668	0.423493	0.005005	0.019717	1e-05
LithuanianD1	54.8087838643696	23.9730185547657	0	1e-05	0.344708	0.001367	0.182651	1e-05	0.430591	0.000909	0.039744	1e-05
LithuanianE2	54.8403024888597	23.928554930333	0	1e-05	0.364019	0.000354	0.179812	1e-05	0.414071	0.005715	0.033211	0.002798
LithuanianF1	54.8309067409951	23.9432549083885	0	1e-05	0.348145	1e-05	0.211498	0.002537	0.403321	0.000812	0.033657	1e-05
ALB191	41.411364713423	19.7750647924561	0	1e-05	0.200596	0.003791	0.075963	0.006781	0.538411	1e-05	0.169148	0.00529
ALB202	41.345302028833	19.7475843433477	0	1e-05	0.189677	1e-05	0.068153	0.002926	0.56135	0.007826	0.164538	0.005509
ALB212	41.2606561657693	19.8137164427619	0	1e-05	0.176813	0.000313	0.060458	0.005585	0.589956	0.00423	0.159733	0.0029
ALB213	41.4298837906402	19.7954248195235	0	1e-05	0.181851	0.007155	0.067455	0.005369	0.55539	0.005341	0.171924	0.005505
ALB220	41.3020907147974	19.7409178387094	0	1e-05	0.185472	0.015803	0.070331	0.001816	0.556248	0.001097	0.169214	1e-05
ALB230	41.2898306074738	19.7814979391824	0	0.00193	0.191204	0.004348	0.083901	0.006211	0.551945	1e-05	0.158072	0.002379
BulgarianA1	42.1362818158139	24.702399050314	0	1e-05	0.210572	0.009552	0.090775	1e-05	0.516558	0.006062	0.156313	0.010147
BulgarianA4	42.2309559930488	24.7413425582554	0	0.001544	0.216173	0.002152	0.11343	0.008299	0.521085	0.002026	0.13528	1e-05
BulgarianB1	42.2187010279298	24.7491067178175	0	1e-05	0.227694	0.002981	0.082908	0.001796	0.542231	0.007902	0.134467	1e-05
BulgarianB4	42.1805247088335	24.7123870376125	0	1e-05	0.214987	0.007111	0.081728	0.000218	0.512258	0.007028	0.168332	0.008328
BulgarianC1	42.1154013065994	24.7947997721471	0	1e-05	0.203254	0.00449	0.080537	0.01118	0.537911	1e-05	0.152756	0.009851
BulgarianD6	42.2589986626431	24.6469933322724	0	0.001829	0.223809	1e-05	0.091272	1.5e-05	0.532744	0.010296	0.135148	0.004878
BulgarianE2	42.133846852826	24.7669883758854	0	1e-05	0.237745	0.000878	0.098214	0.004682	0.517475	0.004481	0.136017	0.000497
BulgarianF1	42.0840872037131	24.7005255395174	0	0.003004	0.242114	0.00517	0.074642	1e-05	0.521791	0.009076	0.142548	0.001645
BulgarianF2	42.0827600534912	24.6941452948004	0	1e-05	0.229384	0.003706	0.101616	0.006633	0.512691	0.000132	0.139671	0.006157
BulgarianH2	42.194384677792	24.7293069150392	0	0.002486	0.199109	0.008639	0.0835	0.001532	0.526995	0.002275	0.175454	1e-05
A306	46.5114645333029	22.8648721711244	0	0.001505	0.251674	1e-05	0.118466	0.00052	0.505328	0.008336	0.107108	0.007053
A325	46.4304147681221	22.8970673480537	0	1e-05	0.232007	1e-05	0.092648	0.002102	0.526439	0.01368	0.128897	0.004207
A343	46.5035762377549	22.9617188593838	0	0.009289	0.22868	0.011096	0.087859	0.002878	0.533945	1e-05	0.126233	1e-05
A362	46.4751098794397	22.9966393560171	0	1e-05	0.233814	0.005294	0.095356	0.001586	0.530357	1e-05	0.118248	0.015324
A374	46.4702701356262	23.0241325205192	0	0.005348	0.238019	0.002908	0.101323	0.008292	0.512753	0.000413	0.125486	0.005458
G408	44.9522709059063	23.0192008207086	0	1e-05	0.23022	0.011633	0.101787	1e-05	0.515861	0.007864	0.130577	0.002039
G421	45.141099872347	22.9472521084826	0	0.001059	0.212993	0.001184	0.089525	1e-05	0.542075	0.010698	0.135314	0.007142
G428	45.1167976228055	22.9094769009389	0	1e-05	0.229076	0.006213	0.092757	1e-05	0.537615	0.012401	0.121025	0.000893
G429	44.9819617577828	22.8503116435371	0	1e-05	0.224308	0.005804	0.080264	1e-05	0.554177	0.008881	0.124513	0.002032
G434	45.0327657888178	22.8977387349121	0	1e-05	0.218953	0.004239	0.098706	0.00512	0.519863	0.010442	0.1334	0.009266
CRO31	43.4987689000927	16.5493943006266	0	1e-05	0.27259	0.004894	0.118051	0.001039	0.503833	0.009449	0.090124	1e-05
CRO41	43.5473087994754	16.5199595539365	0	0.002516	0.276102	0.003891	0.120564	0.000412	0.494637	1e-05	0.094722	0.007146
CRO47	43.4215066233557	16.5425543540157	0	0.000487	0.257804	0.003217	0.134706	0.003461	0.510466	0.006942	0.082907	1e-05
CRO48	43.4714336537197	16.5005190180149	0	1e-05	0.256493	0.000364	0.09936	0.008934	0.525251	1e-05	0.108667	0.000912
CRO53	43.6006848643441	16.4587332467549	0	0.002092	0.251185	0.003248	0.122993	0.004778	0.508448	1e-05	0.103218	0.004028
CRO66	43.5955700536165	16.5224265575409	0	0.000528	0.249774	0.00545	0.088829	1e-05	0.515049	0.017716	0.119453	0.003191
CRO93	43.5730275252741	16.4683186002541	0	1e-05	0.249642	0.001212	0.126009	1e-05	0.519468	0.00145	0.097486	0.004713
CRO103	43.5959120490495	16.4854092750698	0	1e-05	0.265276	0.004276	0.108882	0.007498	0.498745	1e-05	0.115294	1e-05
CRO107	43.5885970899742	16.5091477557085	0	1e-05	0.255773	0.005894	0.125281	0.005536	0.500534	6.9e-05	0.106789	0.000115
CRO153	43.5135990311298	16.4418835191056	0	0.001417	0.258343	0.005586	0.111391	0.000424	0.518135	1e-05	0.096013	0.00868
Polish101A	52.2032284883875	16.9293721670564	0	1e-05	0.307765	0.00128	0.163469	1e-05	0.465725	0.006829	0.054901	1e-05
Polish102B	52.1688315264508	17.0121818958595	0	0.004183	0.28791	0.000881	0.164957	0.004544	0.478903	1e-05	0.055274	0.003337
Polish103B	52.3377497322019	16.8286263139732	0	1e-05	0.330831	0.005887	0.14387	0.006577	0.467436	0.00874	0.036639	1e-05
Polish104A	52.229863439789	16.8905268717837	0	1e-05	0.320853	0.00408	0.154422	1e-05	0.447966	0.006846	0.065803	1e-05
Polish106A	52.2391967534646	16.9531719533075	0	1e-05	0.320956	0.005762	0.158967	0.004999	0.449243	0.001955	0.058098	1e-05
Polish107A	52.3034696733672	16.9158967623301	0	1e-05	0.338638	0.003529	0.157432	0.001033	0.45266	1e-05	0.039392	0.007295
Polish108A	52.1505747895781	16.9304994012509	0	0.005854	0.323244	0.001183	0.155777	1e-05	0.475672	0.002131	0.03612	1e-05
Polish111A	52.325459451424	17.0170755230635	0	0.001565	0.313853	0.003792	0.152043	0.001244	0.450598	0.009575	0.067319	1e-05
Polish113A	52.1439761698805	16.882417668663	0	0.001904	0.330414	1e-05	0.164017	0.000266	0.442438	0.008981	0.05196	1e-05
Polish114B	52.1653263167571	16.9756935538072	0	0.005409	0.326695	0.003944	0.166248	1e-05	0.445437	0.000954	0.051292	1e-05
Polish115B	52.1817194901966	16.8522502535768	0	1e-05	0.327636	0.002345	0.162932	1e-05	0.450466	0.004687	0.046121	0.005794
Polish117B	52.3213177620526	16.8360140930209	0	1e-05	0.319752	0.001915	0.16053	0.000571	0.458314	1e-05	0.055248	0.00365
Polish119A	52.2236568761617	16.8466209553462	0	1e-05	0.309978	0.010239	0.155664	1e-05	0.452715	1e-05	0.057497	0.013877
Polish120A	52.2032727948017	16.9984289347939	0	1e-05	0.341382	0.0056	0.14726	0.00105	0.432244	0.004346	0.068097	1e-05
Polish121A	52.2175381797459	16.9343901914358	0	1e-05	0.323332	0.011868	0.149279	1e-05	0.450532	1e-05	0.064948	1e-05
Polish201B	51.2107930777129	22.531631421186	0	1e-05	0.313788	0.003367	0.154357	0.005388	0.459419	1e-05	0.054781	0.00888
Polish202A	51.269228772074	22.6504601951502	0	1e-05	0.339154	0.000427	0.15595	0.005641	0.439054	0.006433	0.05332	1e-05
Polish206C	51.2036623870954	22.5071642848477	0	0.001191	0.302919	1e-05	0.171522	1e-05	0.445043	0.007582	0.065048	0.006676
Polish207A	51.3059905978385	22.6523947994504	0	1e-05	0.319125	0.003586	0.142546	6.6e-05	0.46181	0.002677	0.070169	1e-05
Polish209B	51.2397219113074	22.5150811156537	0	1e-05	0.307511	0.002026	0.152188	0.000679	0.457208	0.005252	0.075115	1e-05
pos3	51.2190889838617	22.6619962112326	0	0.00525	0.295777	0.001103	0.1246	0.003467	0.494975	1e-05	0.072061	0.002758
pos4	51.3368887676392	22.6530562627409	0	1e-05	0.343065	0.002271	0.1417	1e-05	0.498391	0.005467	0.009077	1e-05
pos5	51.2238565130625	22.5968133113161	0	0.003339	0.326215	1e-05	0.121744	1e-05	0.491931	1e-05	0.056731	1e-05
NA15724	50.0285210520495	14.4355981063563	0	1e-05	0.309684	0.000958	0.129505	1e-05	0.490957	0.005281	0.063585	1e-05
NA15725	50.1913484731223	14.4403909955174	0	1e-05	0.309198	1e-05	0.137441	0.001862	0.487875	1e-05	0.061559	0.002034
NA15726	50.1553261365742	14.3895418034866	0	1e-05	0.29295	0.001652	0.143827	0.002182	0.465752	1e-05	0.091266	0.002352
NA15727	50.0163041947875	14.4558081155643	0	1e-05	0.296556	1e-05	0.149188	1e-05	0.484869	0.002665	0.063449	0.003243
NA15728	50.1514113258105	14.4649166416842	0	0.002924	0.288763	1e-05	0.137875	0.001523	0.496419	0.003853	0.068623	1e-05
NA15729	50.1083354928996	14.3039844180923	0	1e-05	0.299	0.00209	0.137552	0.003851	0.470355	1e-05	0.084284	0.002847
NA15730	50.086200683564	14.4782310906332	0	0.004625	0.288459	0.004055	0.125577	1e-05	0.494001	0.005885	0.076181	0.001207
NA15731	50.1429956668988	14.4783749879804	0	1e-05	0.300586	1e-05	0.136868	0.013359	0.482551	0.00118	0.065426	1e-05
NA15732	50.1818710869178	14.3115271264687	0	0.006068	0.314413	0.003233	0.143847	1e-05	0.461862	1e-05	0.070547	1e-05
NA15733	50.1349634571932	14.4052901581395	0	1e-05	0.290913	0.003908	0.145216	1e-05	0.467509	0.009589	0.072531	0.010315
HungarianC5	47.5672698735353	19.0591586391907	0	0.002913	0.297347	0.00225	0.132307	0.003165	0.478395	0.000449	0.076826	0.00635
HungarianD1	47.5300694407057	19.1095909280237	0	0.000287	0.251463	1e-05	0.105928	0.00547	0.499318	0.011126	0.120112	0.006287
HungarianE5	47.5776709547825	18.9555548364297	0	0.003242	0.271596	1e-05	0.131094	1.8e-05	0.494821	0.009844	0.081907	0.007469
HungarianH3	47.503935615588	19.0285337897483	0	1e-05	0.283881	0.007822	0.136442	0.002691	0.488803	0.004983	0.075359	1e-05
hungary2	47.5718622188177	19.000466038892	0	0.002781	0.280869	1e-05	0.127695	0.001786	0.481811	0.006533	0.088639	0.009876
hungary3	47.5066226079688	18.9871352042072	0	1e-05	0.257801	0.004775	0.131608	1e-05	0.495162	0.008303	0.101342	0.000988
hungary6	47.5659420409799	19.1455299593974	0	0.006439	0.265457	0.007184	0.120859	1e-05	0.496817	0.000833	0.099665	0.002736
hungary7	47.5651414682716	19.0761949406937	0	1e-05	0.271938	0.003646	0.140931	0.004204	0.47519	0.010265	0.088571	0.005245
hungary15	47.5717651689518	18.9880598382093	0	0.002863	0.290126	0.006311	0.120646	1e-05	0.475878	0.012043	0.080169	0.011955
hungary20	47.51620979934	19.0177199877799	0	1e-05	0.284736	0.003716	0.138375	0.00217	0.490508	0.004578	0.075897	1e-05
NA15199	47.4827788705938	19.0229791446589	0	1e-05	0.274868	0.00653	0.130018	1e-05	0.497194	0.013214	0.078144	1e-05
NA15200	47.498574090004	19.0044246276841	0	0.012358	0.270683	0.0075	0.144465	1e-05	0.478184	0.011069	0.072642	0.003089
NA15201	47.5447951569688	19.0048458552454	0	0.008646	0.262899	0.006453	0.145121	0.002853	0.484726	1e-05	0.089282	1e-05
NA15202	47.5506769475993	19.0840366519522	0	1e-05	0.294556	0.00969	0.138754	1e-05	0.495298	0.011042	0.050629	1e-05
NA15203	47.5468714314047	19.1707186451647	0	1e-05	0.283334	1e-05	0.133297	0.004004	0.486802	0.007653	0.081611	0.003279
NA15204	47.4914955996443	19.1936886574607	0	1e-05	0.27634	0.003011	0.125401	0.006081	0.462455	0.004393	0.113033	0.009277
NA15205	47.4970071464777	19.118478069827	0	1e-05	0.28693	0.001323	0.127308	0.005961	0.511725	0.007541	0.051131	0.008071
NA15206	47.4074728385545	19.0205373100936	0	1e-05	0.282654	1e-05	0.128502	0.003882	0.50696	0.009348	0.068624	1e-05
NA15207	47.40838633026	19.1256918253843	0	0.002177	0.278426	0.001285	0.108648	0.004928	0.488953	0.008472	0.088678	0.018432
NA15208	47.406485978188	19.0246889542788	0	0.000739	0.259212	0.004314	0.135867	1e-05	0.500364	0.010792	0.086177	0.002525
UkrBel614	50.3862083299179	31.6147991192434	0	1e-05	0.337697	0.009383	0.147734	1e-05	0.425492	0.014306	0.062314	0.003054
UkrBel618	50.2859107123781	31.6064733269531	0	1e-05	0.345985	0.004874	0.150428	1e-05	0.412582	0.004079	0.074737	0.007295
UkrBel620	50.2356631754525	31.54662835625	0	1e-05	0.312226	0.002865	0.151021	0.002174	0.453794	0.01094	0.065962	0.001008
UkrBel622	50.3187897323724	31.54125565839	0	1e-05	0.314787	0.000175	0.140822	0.007812	0.438328	0.006795	0.079691	0.011581
UkrBel733	50.3221734284516	31.5936777962744	0	1e-05	0.332328	0.003127	0.145316	1e-05	0.447939	0.005485	0.058577	0.007207
UkrBel736	50.3040609897673	31.6348929722235	0	1e-05	0.319805	0.002487	0.149012	0.005273	0.427353	0.012528	0.077892	0.005639
UkrLv228	50.3537890831102	31.6165496909432	0	1e-05	0.29733	0.001685	0.155328	0.000549	0.432954	0.014734	0.084653	0.012757
UkrLv237	50.3747725290805	31.5091146419663	0	0.003363	0.306065	0.003547	0.152286	1e-05	0.452286	0.006629	0.074761	0.001053
UkrLv240	50.2222295259219	31.5245707359072	0	0.003768	0.297383	0.014876	0.136589	0.007211	0.467537	1e-05	0.072617	1e-05
bel8s	53.8921589430701	27.966995410379	0	0.000789	0.313506	0.001641	0.146112	1e-05	0.427744	0.006767	0.097149	0.006282
bel23s	53.8403035135288	27.9537599266879	0	1e-05	0.338439	0.001051	0.171938	1e-05	0.429058	0.019441	0.040043	1e-05
bel30s	53.9077622593194	27.9615598846134	0	1e-05	0.331124	1e-05	0.171363	1e-05	0.444527	0.005148	0.043378	0.00443
bel43s	54.009307804592	28.0077302553132	0	1e-05	0.344614	0.003689	0.163478	1e-05	0.420394	0.014003	0.051371	0.002431
bel72c	53.9249904824235	28.069887977317	0	1e-05	0.330553	1e-05	0.154111	1e-05	0.41629	0.0228	0.067922	0.008295
bel82s	53.8604116517399	27.9962941852305	0	1e-05	0.32848	0.006664	0.173174	0.00344	0.442023	0.001067	0.0431	0.002042
bel93c	53.9888716156874	27.9310736802313	0	0.000587	0.316687	0.005052	0.176002	0.009755	0.423828	0.009629	0.05227	0.00619
bel110c	53.9144650138263	28.0857037874311	0	1e-05	0.327663	1e-05	0.165621	0.004729	0.410845	0.015622	0.075491	1e-05
belarusian23vp	53.9095291894209	28.0365243152622	0	1e-05	0.326671	0.007157	0.148627	1e-05	0.424922	0.004248	0.07487	0.013485
belarusian47zp	53.8997005850822	27.9184587450605	0	1e-05	0.318813	0.002224	0.161115	1e-05	0.44837	0.010507	0.052536	0.006416
Mordovians1	54.1640760372113	45.1176162384171	0	0.007953	0.329451	1e-05	0.135305	1e-05	0.380201	0.023232	0.08322	0.040618
Mordovians4	54.0846714650467	45.2788908150233	0	1e-05	0.322236	0.002158	0.158599	1.7e-05	0.357321	0.028035	0.0802	0.051424
Mordovians5	54.250876716543	45.201523247147	0	1e-05	0.327544	1e-05	0.160412	0.005679	0.371554	0.026371	0.072897	0.035523
Mordovians17	54.1169922258891	45.1296349385008	0	1e-05	0.333931	0.008436	0.146182	1e-05	0.392486	0.027793	0.058229	0.032923
Mordovians22	54.0961294012796	45.1875479647145	0	0.005716	0.332388	1e-05	0.153491	1e-05	0.363048	0.025046	0.073313	0.046977
Mordovians27	54.1385433284286	45.1551512416173	0	0.000393	0.308711	1e-05	0.150199	1e-05	0.382214	0.027426	0.072816	0.058221
Mordovians28	54.1520854597166	45.1627341625001	0	1e-05	0.328951	0.002276	0.140692	0.001948	0.39439	0.034525	0.058906	0.038302
Mordovians30	54.1723229950015	45.2348418536317	0	1e-05	0.344094	0.002081	0.125436	0.00394	0.369867	0.025589	0.074611	0.054372
Mordovians31	54.190992321372	45.1299533725437	0	0.005187	0.332162	0.003728	0.145453	0.008584	0.374128	0.019954	0.06306	0.047744
Mordovians32	54.268195032021	45.2235913296416	0	1e-05	0.326973	0.000319	0.15445	0.0012	0.36998	0.035301	0.060019	0.051749
HGDP00879	60.9004546145443	39.9369506178889	0	1e-05	0.337606	1e-05	0.148606	0.006665	0.378445	0.013873	0.048157	0.066629
HGDP00880	60.9093780333642	39.9229956206866	0	1e-05	0.321761	1e-05	0.15408	0.002464	0.377246	0.018274	0.069759	0.056395
HGDP00882	60.9247182724532	39.9474641688634	0	0.001539	0.310722	1e-05	0.169797	0.002909	0.367487	0.031129	0.050505	0.065902
HGDP00883	61.0122173802927	40.0531446844339	0	1e-05	0.342102	0.001282	0.169135	1e-05	0.359942	0.025923	0.034352	0.067245
HGDP00884	60.9838142729364	39.9924007073045	0	1e-05	0.315368	1e-05	0.172816	0.00057	0.383017	0.012537	0.07008	0.045593
HGDP00887	61.0560053015593	39.9707844925579	0	0.002383	0.322621	0.004959	0.154429	1e-05	0.395753	0.022943	0.042558	0.054344
HGDP00888	60.9474178785924	40.0706540620886	0	1e-05	0.322545	1e-05	0.152799	1e-05	0.391802	0.022181	0.059619	0.051023
HGDP00889	60.9978713897057	40.088034790894	0	1e-05	0.341474	0.004968	0.148061	0.002099	0.391197	0.020503	0.042889	0.048798
HGDP00890	61.0676170423161	40.0231628521811	0	0.009099	0.328807	0.001069	0.159998	1e-05	0.385526	0.01531	0.039239	0.060941
HGDP00891	61.0874814235605	40.056617653463	0	1e-05	0.340221	0.00092	0.129825	0.000864	0.392869	0.038571	0.045531	0.05119
HGDP00892	60.9511059423909	39.9979374925606	0	1e-05	0.341399	1e-05	0.157372	0.007912	0.368959	0.037729	0.043268	0.043341
HGDP00893	60.906875938829	39.9512984158937	0	1.4e-05	0.338452	0.000645	0.139584	1e-05	0.367808	0.035516	0.055633	0.062339
HGDP00894	61.0735164810438	40.0761067433748	0	0.005179	0.349558	0.002376	0.138926	1e-05	0.35523	0.03301	0.062212	0.053498
HGDP00895	61.0024802843574	40.0575966907199	0	0.002441	0.321991	0.006166	0.16393	1e-05	0.357034	0.033735	0.043432	0.071261
HGDP00896	61.0279546104372	40.0101146914065	0	1e-05	0.338037	0.007595	0.143579	1e-05	0.362998	0.031172	0.054705	0.061893
HGDP00897	61.0386812823359	39.9203113224823	0	0.009794	0.327236	0.001329	0.147607	0.007309	0.382818	0.018558	0.048633	0.056716
HGDP00898	60.9947979588993	40.0206362834666	0	1e-05	0.345389	0.000359	0.149119	0.003306	0.34734	0.036908	0.050806	0.066763
HGDP00899	61.02355475761	39.9717282220256	0	0.008603	0.322834	0.001107	0.15101	0.004209	0.386144	0.028115	0.053465	0.044513
HGDP00900	60.9635176162701	40.0514918399975	0	1e-05	0.336441	0.003142	0.156702	0.008173	0.389915	0.004667	0.05638	0.044571
HGDP00901	61.0096000110731	39.924721549917	0	1e-05	0.329346	1e-05	0.16053	1e-05	0.369437	0.032526	0.050547	0.057584
HGDP00902	60.9319692742545	40.057544027688	0	1e-05	0.330928	0.001729	0.154851	1e-05	0.373308	0.035114	0.062832	0.041217
HGDP00903	61.0994089758024	40.0519346818328	0	1e-05	0.330079	0.000205	0.152514	1e-05	0.391948	0.031897	0.040597	0.05274
Chuvash13	56.0835226631165	47.2408430089708	0	0.004578	0.286848	0.005554	0.112503	0.00022	0.264605	0.071606	0.084009	0.170078
Chuvash20	56.0618529904075	47.1681970321573	0	0.006219	0.283618	0.001714	0.102763	1e-05	0.304921	0.071544	0.069417	0.159795
Chuvash22	56.1709064975288	47.271535643097	0	1e-05	0.289709	0.000647	0.092631	1e-05	0.284166	0.092614	0.080364	0.15985
Chuvash24	56.1750187135208	47.2345882490277	0	0.011548	0.285976	0.001263	0.100284	1e-05	0.29262	0.086981	0.059846	0.161472
Chuvash25	56.1558898769692	47.1911183091346	0	1e-05	0.318424	1e-05	0.111788	1e-05	0.3188	0.082359	0.048473	0.120125
Chuvash26	56.0687057298515	47.2127076269127	0	1e-05	0.290965	0.004581	0.097134	1e-05	0.300232	0.081908	0.083467	0.141693
Chuvash29	56.1632080533914	47.214108347008	0	0.000851	0.279186	1e-05	0.114862	0.008981	0.282942	0.071282	0.070921	0.170964
Chuvash31	56.0875682927109	47.2114825313911	0	1e-05	0.295892	0.003243	0.107171	1e-05	0.272719	0.077896	0.09231	0.150749
Chuvash33	56.127747349618	47.2446016043425	0	1e-05	0.28403	1e-05	0.1126	1e-05	0.297766	0.081194	0.067507	0.156872
Chuvash37	56.0589281197544	47.3048319086898	0	1e-05	0.291696	0.003388	0.10968	0.000535	0.272542	0.097852	0.072201	0.152096
AshkenaziJew5704	52.1472510397155	21.0170290980302	0	1e-05	0.120786	0.020297	0.052803	0.00191	0.54206	0.003809	0.252768	0.005558
AshkenaziJew5728	52.1864127921592	21.0442675110232	0	1e-05	0.121489	0.017031	0.055341	0.009048	0.550086	0.017092	0.228957	0.000947
AshkenaziJew5779	52.1335796804354	21.1140628610086	0	0.001417	0.143454	0.028023	0.036007	0.003868	0.540953	0.009813	0.236271	0.000194
AshkenaziJew5782	52.1784122838825	20.9246892616432	0	1e-05	0.131172	0.027068	0.060709	1e-05	0.53008	1e-05	0.238768	0.012174
AshkenaziJew5783	52.2867912387662	21.0496060529072	0	1e-05	0.130872	0.023696	0.064777	0.004414	0.521514	0.012863	0.237056	0.004799
AshkenaziJew5788	52.1629292757437	21.002161906641	0	1e-05	0.135134	0.027233	0.055951	0.004689	0.526896	0.002885	0.238489	0.008714
AshkenaziJew5790	52.1916895152256	21.089236126449	0	3.9e-05	0.12746	0.02597	0.051305	0.001391	0.549122	0.010554	0.224393	0.009765
HGDP01381	44.0461416129489	38.9271432904992	0	1e-05	0.227537	1e-05	0.003242	0.006603	0.366758	0.029663	0.322894	0.043284
HGDP01382	43.9328123300802	39.0214391383342	0	1e-05	0.220881	1e-05	0.014944	1e-05	0.368329	0.018586	0.374376	0.002855
HGDP01383	43.9577322327998	38.9602017763071	0	1e-05	0.209061	1e-05	0.015643	1e-05	0.376927	0.02946	0.36434	0.004539
HGDP01385	44.0195844148286	38.9718518218026	0	1e-05	0.215975	1e-05	0.006412	1.8e-05	0.38884	0.037712	0.329499	0.021526
HGDP01386	43.9117432190105	38.9494749847334	0	1e-05	0.198532	1e-05	0.005835	1e-05	0.395321	0.020865	0.362458	0.016958
HGDP01387	43.9673587878235	39.0891980231274	0	1e-05	0.223376	1e-05	0.010168	1e-05	0.361865	0.018472	0.373507	0.012583
HGDP01396	43.9151654782239	38.9849792903755	0	1e-05	0.243756	1e-05	0.045443	1e-05	0.377531	0.043378	0.260268	0.029593
HGDP01397	44.058737231791	38.9394459665287	0	1e-05	0.220301	1e-05	0.012659	0.004691	0.360607	0.039247	0.334105	0.028369
HGDP01398	43.9179435551167	38.9875761721283	0	1e-05	0.210277	1e-05	1e-05	0.000249	0.386288	0.018305	0.372828	0.012023
HGDP01399	43.9478757399134	38.9550983103924	0	0.002711	0.220888	1e-05	0.006718	0.004378	0.378059	0.024716	0.352299	0.010221
HGDP01400	43.9504860416055	39.072564760549	0	1e-05	0.220468	1e-05	1e-05	0.002301	0.378368	0.020746	0.353674	0.024414
HGDP01401	44.0720058867708	38.9948786291759	0	1e-05	0.213494	1e-05	1e-05	0.00012	0.389479	0.033826	0.352685	0.010366
HGDP01402	44.0745889585465	38.9628240657505	0	0.002723	0.22411	1e-05	0.008312	1e-05	0.395126	0.024169	0.33511	0.01043
HGDP01403	43.9188818120863	38.9655228282791	0	0.012424	0.200458	1e-05	0.022179	1e-05	0.392148	0.003515	0.351524	0.017732
HGDP01404	44.0790635482408	38.9736110813916	0	0.009306	0.192191	0.000621	0.013226	0.000757	0.341827	0.043891	0.358989	0.039193
NA13619	43.960639692191	39.0258439461235	0	1e-05	0.212484	1e-05	0.019632	1e-05	0.357016	0.025014	0.379709	0.006115
NA13626	44.0744858003687	38.9805389295332	0	1e-05	0.22113	1e-05	0.00108	1e-05	0.378237	0.042301	0.33867	0.018552
bal22	43.3884992513992	43.7192222282104	0	1e-05	0.212107	1e-05	1e-05	1.1e-05	0.370478	0.054007	0.33261	0.030757
bal41	43.4872264470626	43.6744241861906	0	0.007783	0.182713	1e-05	0.027769	1e-05	0.365268	0.042586	0.339667	0.034193
bal42	43.4268972928822	43.7088355932198	0	1e-05	0.207661	1e-05	0.008148	1e-05	0.371544	0.056856	0.326366	0.029396
bal45	43.4142883216683	43.6502586436737	0	0.004223	0.213128	1e-05	0.013976	1e-05	0.364057	0.040063	0.34844	0.016093
bal50	43.4772045816947	43.6222174966987	0	1e-05	0.217324	1e-05	0.022387	1e-05	0.376193	0.031441	0.32245	0.030175
bal64	43.4418696765043	43.6672242044285	0	1e-05	0.202632	1e-05	0.005496	1e-05	0.367639	0.056361	0.323055	0.044788
bal97	43.559035286326	43.5923771185148	0	1e-05	0.200463	1e-05	0.009432	0.005801	0.33935	0.042512	0.360389	0.042034
bal102	43.4365663081128	43.5851538776234	0	1e-05	0.207171	1e-05	0.023504	1e-05	0.369746	0.045527	0.333168	0.020854
bal124	43.5268061237596	43.6688246799447	0	0.012693	0.213371	1e-05	0.013687	1e-05	0.384929	0.027068	0.332377	0.015854
bal136	43.3896842625644	43.690990516711	0	0.007941	0.210043	1e-05	0.008929	0.001296	0.385693	0.049166	0.319237	0.017686
ch3	43.3903131425567	45.6345803147648	0	1e-05	0.241299	1e-05	0.01153	1.5e-05	0.364739	0.020076	0.343108	0.019214
ch16	43.4066494355164	45.7273105986882	0	0.006728	0.242274	1e-05	0.018378	1e-05	0.33249	0.017977	0.366025	0.016109
ch21	43.3189545978047	45.6717506716959	0	0.002105	0.263221	1e-05	0.013958	1e-05	0.342777	0.024602	0.343288	0.010029
ch31	43.4244205646869	45.585414923355	0	1e-05	0.253239	1e-05	0.00632	1e-05	0.363712	0.007702	0.357838	0.011158
ch113	43.2708459548838	45.62632945925	0	0.001871	0.261378	1e-05	1e-05	0.002719	0.365935	0.018589	0.333556	0.015932
ch126	43.2610964659322	45.7000383008271	0	1e-05	0.25802	1e-05	1.1e-05	0.001448	0.363297	0.020771	0.343932	0.012502
ch174	43.2813915290125	45.7341551800724	0	1e-05	0.266944	1e-05	0.006326	0.003748	0.374713	0.009132	0.321301	0.017817
ch179	43.2827038087603	45.6612929206341	0	1e-05	0.254883	1e-05	1e-05	1e-05	0.352676	0.010213	0.365339	0.01685
ch193	43.2988218583353	45.7161618471146	0	1e-05	0.240799	1e-05	1e-05	1e-05	0.364595	0.023891	0.360032	0.010642
kumyks40	43.2988573873416	46.6123881972581	0	1e-05	0.204972	0.001462	0.00511	1e-05	0.417711	0.002969	0.358789	0.008966
kumyks41	43.2353823466692	46.6171898823418	0	1e-05	0.225383	1e-05	0.015132	0.005563	0.34536	0.037246	0.342688	0.028608
kumyks44	43.2780553856399	46.5800201156363	0	0.000203	0.215967	0.000628	0.007553	0.000293	0.354843	0.04316	0.360973	0.01638
kumyks90	43.2149362930562	46.5707870148309	0	0.002621	0.260948	0.000867	0.00592	0.004908	0.362039	0.025002	0.311547	0.026147
kumyks93	43.1681761405896	46.583570856154	0	1e-05	0.216034	1e-05	0.012141	0.008113	0.362391	0.046493	0.336788	0.018019
kumyks94	43.1727077375632	46.6584733994398	0	0.007912	0.219036	0.007388	0.002881	1e-05	0.35649	0.042949	0.34504	0.018294
kumyks97	43.1860067181755	46.5262423406076	0	0.002436	0.214301	1e-05	0.019757	0.010891	0.3618	0.031418	0.323148	0.036239
kumyks98	43.27110967068	46.6778576639667	0	1e-05	0.247102	0.005342	0.00572	0.005453	0.364259	0.009915	0.346326	0.015875
lez7	42.1414730433188	48.2272265686374	0	1e-05	0.255251	1e-05	0.008888	0.00248	0.337914	0.024033	0.36611	0.005303
lez9	42.0818769064546	48.1946858666092	0	0.008046	0.282159	1e-05	0.002656	1e-05	0.339398	0.006195	0.352799	0.008727
lez31	42.1480531418975	48.214398844419	0	0.006585	0.267678	1e-05	1e-05	1e-05	0.344096	0.017654	0.357404	0.006553
lez33	42.1449848790001	48.1425571968965	0	1e-05	0.287169	1e-05	0.002068	1e-05	0.332442	0.011639	0.361344	0.005307
lez36	42.0222141471971	48.2436235965882	0	0.005163	0.268842	0.00078	0.011099	0.000297	0.325079	0.014663	0.370188	0.003889
lez37	42.1874412519205	48.2454425031505	0	1e-05	0.281927	1e-05	0.004083	0.001577	0.32614	0.013294	0.372949	1e-05
lez38	42.0735894387867	48.1127400997747	0	0.003146	0.2629	0.007404	1e-05	1e-05	0.339876	0.017555	0.363261	0.005837
lez40	42.0471416274831	48.1096371737029	0	0.004593	0.292561	1e-05	0.004561	1e-05	0.320415	0.005171	0.365544	0.007135
lez49	42.1747353240196	48.196844463069	0	0.006732	0.285971	1e-05	0.001944	6.3e-05	0.351109	0.011965	0.342196	1e-05
nogay24	44.3440817746613	42.0240634007938	0	0.001691	0.170546	0.000112	0.036925	0.007224	0.29534	0.154495	0.217949	0.115717
nogay25	44.4316316874977	42.002434185762	0	1e-05	0.175323	1e-05	0.022791	0.004399	0.264825	0.197479	0.191758	0.143405
nogay33	44.4112295324728	41.8480234570429	0	8.1e-05	0.19039	1e-05	0.030525	0.00045	0.313683	0.137099	0.230568	0.097196
nogay34	44.3628696915973	41.9150678037293	0	0.010833	0.199549	1e-05	1e-05	0.002211	0.335862	0.125657	0.276446	0.049422
nogay35	44.4568781057186	41.8822734661493	0	0.00277	0.176602	1e-05	0.036083	0.006872	0.268453	0.173008	0.229577	0.106625
nogay42	44.3838558244798	41.8810855456721	0	1e-05	0.201884	0.00078	0.027315	1e-05	0.313269	0.126815	0.259818	0.070099
nogay44	44.3731568519305	41.961546505671	0	1e-05	0.184967	0.000376	0.012866	1e-05	0.314682	0.136314	0.259393	0.091383
nogay45	44.3663776730932	42.0304287381563	0	1e-05	0.214999	0.00091	0.030947	0.012193	0.324147	0.115852	0.217246	0.083696
nogay46	44.4674077518564	41.8894959026109	0	1e-05	0.195549	1e-05	0.022556	1e-05	0.305615	0.135968	0.229925	0.110357
NorthOssetia2	43.0207936614566	44.5669787987601	0	0.003653	0.205331	1e-05	0.000477	1e-05	0.370593	0.044796	0.346906	0.028223
NorthOssetia3	43.0330996120628	44.5914437642787	0	1e-05	0.21174	1e-05	0.008713	0.001928	0.359538	0.040897	0.329149	0.048015
NorthOssetia5	42.9717550111283	44.7493362125475	0	1e-05	0.20591	1e-05	0.010714	1.4e-05	0.363392	0.034438	0.341833	0.043678
NorthOssetia8	42.975575575307	44.6587435479742	0	1e-05	0.222281	0.000414	1e-05	1e-05	0.369545	0.047794	0.329728	0.030208
NorthOssetia9	43.0072621500865	44.6164138817228	0	1e-05	0.210234	1e-05	0.004119	1e-05	0.385022	0.045081	0.31601	0.039504
NorthOssetia11	43.0273730358854	44.6734060947318	0	1e-05	0.208339	1e-05	0.004229	0.004009	0.387019	0.056207	0.31556	0.024616
NorthOssetia12	43.0537780137546	44.7042553742416	0	1e-05	0.214021	1e-05	0.012409	1e-05	0.348026	0.040249	0.355618	0.029646
NorthOssetia14	42.9658789546043	44.662699552346	0	1e-05	0.209162	1e-05	0.017318	1e-05	0.373308	0.050846	0.317619	0.031717
NorthOssetia17	43.0930907734484	44.5864347590599	0	1e-05	0.209099	0.006799	1e-05	1e-05	0.358352	0.03048	0.367767	0.027472
NorthOssetia19	43.0914875791688	44.6102261536289	0	1e-05	0.212183	1e-05	0.016006	1e-05	0.352425	0.037506	0.352058	0.029793
abh24	43.0549419390503	40.9230622438993	0	0.001821	0.161599	0.017467	1e-05	1e-05	0.399824	0.008462	0.409933	0.000874
abh27	42.9738947771955	40.9342980232369	0	1e-05	0.182642	1e-05	1e-05	1e-05	0.41363	0.007205	0.386247	0.010236
abh41	43.016557220649	41.113246305408	0	1e-05	0.187199	1e-05	1e-05	1e-05	0.381429	0.01735	0.408491	0.005491
abh107	43.0706818970852	40.9493160425033	0	0.001904	0.167206	1e-05	1e-05	1e-05	0.392154	0.012104	0.418824	0.007778
abh119	43.0203909984324	40.9710376156773	0	1e-05	0.161236	1e-05	1e-05	1e-05	0.404509	0.007047	0.412854	0.014314
abh122	42.9714034378063	40.9942238797247	0	1e-05	0.17071	1e-05	1e-05	0.003477	0.412966	0.016072	0.394015	0.00273
abh133	42.9992604513187	41.1128571837023	0	0.002529	0.167031	1e-05	1e-05	1e-05	0.385674	0.006503	0.428103	0.010129
abh147	42.9632956741378	41.0703912893124	0	0.000936	0.164649	1e-05	1e-05	1e-05	0.398764	1e-05	0.422615	0.012996
abh154	43.0071717754472	41.0352105218731	0	0.002892	0.143309	1e-05	1e-05	1e-05	0.417991	0.006492	0.426287	0.002998
mg22	42.4497259901837	41.8504057067446	0	0.00315	0.153776	1e-05	1e-05	1e-05	0.422949	0.003263	0.416821	1e-05
mg23	42.5378901358694	41.8807459063828	0	0.001441	0.143092	1e-05	1e-05	0.000737	0.423139	0.007855	0.423705	1e-05
mg27	42.4092274969444	41.8008497782983	0	1e-05	0.13928	1e-05	1e-05	1e-05	0.405297	0.001586	0.438197	0.0156
mg31	42.560984930722	41.937251182273	0	1e-05	0.164707	1e-05	1e-05	1e-05	0.423976	1e-05	0.411257	1e-05
mg34	42.4348005258944	41.9187260550447	0	1e-05	0.159031	1e-05	1e-05	0.005066	0.418733	9.4e-05	0.417036	1e-05
mg40	42.5930058956612	41.8309984512161	0	1e-05	0.158157	1e-05	1e-05	0.005231	0.396476	0.00018	0.439389	0.000537
mg43	42.4042074725032	41.7781949738506	0	1e-05	0.166624	1e-05	1e-05	0.002731	0.416209	0.003354	0.409287	0.001766
mg47	42.4166485649999	41.8462109896354	0	1e-05	0.150622	1e-05	1e-05	1e-05	0.416839	0.005003	0.427486	1e-05
mg49	42.4245809762273	41.8681919392664	0	0.004699	0.14962	1e-05	1e-05	1e-05	0.410432	1e-05	0.435199	1e-05
mg62	42.5261022988241	41.8699733062182	0	1e-05	0.156256	1e-05	1e-05	1e-05	0.404078	1e-05	0.439606	1e-05
GeorgianJew1577	41.6759294736013	44.7735725575779	0	1e-05	0.111476	0.008843	0.002549	0.004268	0.444687	1e-05	0.426831	0.001326
GeorgianJew1594	41.7633899346273	44.6832627854031	0	1e-05	0.100836	0.000589	1e-05	0.007753	0.45024	0.001956	0.438595	1e-05
GeorgianJew1607	41.6234385618288	44.6809842374362	0	0.00172	0.122433	0.006326	0.009565	0.006357	0.413875	0.025015	0.414699	1e-05
GeorgianJew1654	41.7250054344349	44.7817795183696	0	0.002572	0.093142	0.006454	1e-05	0.006581	0.436008	0.00508	0.450143	1e-05
GeorgianJew1671	41.6695076143183	44.689632801963	0	0.006249	0.098318	0.010244	1e-05	1e-05	0.462465	1e-05	0.420104	0.00259
GeorgianJew1883	41.6558210666105	44.8419270099793	0	0.004896	0.121896	0.005381	0.003286	0.00917	0.418968	0.000567	0.435827	1e-05
GeorgianJew1971	41.7945918634813	44.8130358181614	0	0.01093	0.115292	0.004938	1e-05	0.001826	0.456313	1e-05	0.408757	0.001924
armenia86	40.1022622080147	44.5801299703773	0	0.00219	0.112112	1e-05	0.008367	0.001852	0.447521	1e-05	0.425591	0.002346
armenia91	40.2023650838621	44.459950707294	0	0.00177	0.10794	1e-05	1e-05	0.010191	0.45676	1e-05	0.423299	1e-05
armenia102	40.1450388852134	44.4943670313805	0	0.002301	0.139698	1e-05	0.000921	1e-05	0.434869	1e-05	0.417847	0.004335
armenia106	40.1421477186121	44.5304952453822	0	1e-05	0.128015	1e-05	1e-05	0.003114	0.452126	0.002297	0.412024	0.002393
armenia139	40.1748300308455	44.4581782695837	0	1e-05	0.103428	0.008886	1e-05	0.002839	0.480082	1e-05	0.404725	1e-05
armenia162	40.098238100633	44.537276558904	0	0.000301	0.118117	0.001332	1e-05	1e-05	0.468024	1e-05	0.412186	1e-05
armenia176	40.2547033908404	44.5120089830831	0	1e-05	0.107785	0.004614	1e-05	0.004491	0.464391	0.002552	0.416131	1.5e-05
armenia191	40.1666446030233	44.5401373815257	0	1e-05	0.142054	8.1e-05	1e-05	0.000282	0.44823	0.001221	0.408101	1e-05
armenia279	40.2324667481333	44.5009734784253	0	1e-05	0.098304	0.009231	1e-05	0.003233	0.459984	1e-05	0.429209	1e-05
armenia293	40.245670432141	44.5198948165402	0	0.000206	0.12511	0.002189	1e-05	0.006606	0.453704	0.007316	0.404268	0.000592
PV009	33.4080630828906	48.4064796243887	0	0.009362	0.131337	0.013059	0.009182	0.001931	0.344862	0.031925	0.439014	0.019328
PV010	33.5319463543408	48.3200680501852	0	1e-05	0.134967	0.009805	0.01209	0.009003	0.339611	0.022414	0.459303	0.012798
PV011	33.5615395250544	48.2857545314915	0	1e-05	0.14908	0.011513	1e-05	0.009442	0.34335	0.011431	0.4563	0.018865
PV012	33.4565995446686	48.3728847373836	0	1e-05	0.141929	0.010422	1e-05	0.002236	0.322736	0.010702	0.511945	1e-05
PV013	33.4157944510505	48.4019060003664	0	0.002756	0.148104	0.00976	0.016199	0.004567	0.314339	0.020666	0.483599	1e-05
PV014	33.3731147643458	48.3579183961824	0	0.004394	0.146649	0.00544	0.009982	0.008674	0.35022	1e-05	0.457795	0.016835
PV015	33.4570131960139	48.3293083911389	0	0.003842	0.129141	0.006389	1e-05	0.016871	0.352053	0.02345	0.46147	0.006775
PV016	33.3965105498955	48.3841539142281	0	0.00134	0.135858	0.014083	1e-05	0.003207	0.34934	0.014253	0.473492	0.008415
PV017	33.5187748603337	48.3685793101881	0	0.002151	0.148581	0.008518	1e-05	0.009468	0.350498	0.014023	0.461878	0.004873
PV018	33.5632070313487	48.3720093768649	0	0.001109	0.147122	0.010289	0.002247	0.001373	0.346204	0.019086	0.458566	0.014004
PV019	36.5184648215026	52.6396786132175	0	1e-05	0.167038	0.01081	1e-05	0.010149	0.27166	0.017572	0.52274	1e-05
PV020	36.6290452014841	52.5909001498763	0	1e-05	0.170274	0.007592	0.004826	0.0047	0.272391	0.015417	0.521217	0.003573
PV021	36.4814162645675	52.7637288621906	0	1e-05	0.179081	0.000668	1e-05	0.007146	0.281245	0.017096	0.510753	0.003991
PV022	36.5054520433489	52.6509049031232	0	0.009459	0.158268	0.000285	1e-05	0.000924	0.28813	0.029614	0.511069	0.002243
PV023	36.5496569995023	52.7597491154261	0	1e-05	0.166161	0.008197	1e-05	0.013964	0.289561	0.010494	0.511592	1e-05
PV024	36.5375683214702	52.5970273319911	0	1e-05	0.164014	1e-05	1e-05	0.003864	0.290504	0.017882	0.523696	1e-05
PV025	36.5378088978305	52.7495266965404	0	0.010039	0.157866	0.005217	1e-05	0.011638	0.304155	0.018844	0.492221	1e-05
PV026	36.4739086156432	52.7470833505783	0	0.000246	0.166842	0.010085	1e-05	0.002231	0.261534	0.024238	0.534805	1e-05
PV027	36.5079293746687	52.7017374233156	0	0.002123	0.141929	0.00651	1e-05	0.012738	0.283794	0.028761	0.518447	0.005687
PV028	36.4744536495954	52.7304299098719	0	0.005288	0.157876	1e-05	1e-05	0.006794	0.288612	0.001011	0.540389	1e-05
iran2	35.6689455018006	51.4936351485457	0	0.00693	0.154599	0.004266	0.006818	0.008367	0.3238	0.032992	0.454434	0.007795
iran3	35.4993961010221	51.5330112555902	0	1e-05	0.146676	0.019586	0.005509	0.00812	0.323373	0.011747	0.47728	0.007697
iran11	35.5354157031607	51.4038914441038	0	0.011108	0.146856	0.009335	0.001189	0.010586	0.354625	0.030684	0.435607	1e-05
iran14	35.628652828522	51.416331440527	0	0.004651	0.151162	0.013129	0.011879	0.011272	0.327254	0.037167	0.434887	0.008598
iran16	35.6726033533085	51.5314742517564	0	1e-05	0.14555	0.003256	0.013258	0.009754	0.326376	0.031399	0.462799	0.007598
iran17	35.5095139077958	51.4058015333395	0	0.010091	0.159842	0.026233	0.00313	0.01247	0.304739	0.027064	0.456423	1e-05
iran19	35.6138069623243	51.4248468607571	0	1e-05	0.153354	0.022409	0.000317	0.005282	0.360688	0.017683	0.420371	0.019886
iran20	35.514163956847	51.4407340796571	0	1e-05	0.143476	0.013801	0.009926	0.000415	0.323577	0.050793	0.449504	0.008499
Assyrian160	37.6086367969308	45.1992062205076	0	1e-05	0.116177	1e-05	1e-05	0.008173	0.422882	0.012358	0.42911	0.01127
Assyrian161	37.6451525896322	45.2104936607834	0	1e-05	0.106618	0.005024	1e-05	1e-05	0.452	1e-05	0.430233	0.006085
Assyrian164	37.5350142111164	45.0017542262003	0	1e-05	0.110989	0.006101	1e-05	0.009016	0.452567	1e-05	0.420696	0.000602
Assyrian162	36.3246103422251	44.4173012381233	0	1e-05	0.10906	0.008322	1e-05	0.012251	0.427909	0.000511	0.441917	1e-05
Assyrian155	36.4250427773781	43.1333675219398	0	0.000155	0.103013	0.008951	1e-05	1e-05	0.451026	0.001479	0.432248	0.003108
Assyrian159	37.1221909406129	43.3725676040165	0	1e-05	0.089909	0.007134	1e-05	1.1e-05	0.449671	0.000392	0.452853	1e-05
Jordan62	32.0407957256306	36.0032289947756	0	1e-05	0.04307	0.107007	0.012774	0.005399	0.459529	1e-05	0.366023	0.006177
Jordan214	32.0147997372318	35.8525214864314	0	0.006235	0.064956	0.05898	0.013105	0.003664	0.458882	1e-05	0.376633	0.017536
Jordan307	32.0612554426771	35.8203323400952	0	0.001003	0.059799	0.083342	0.017501	1e-05	0.468677	0.006976	0.350455	0.012238
Jordan384	32.0985938226804	35.9731675008219	0	1e-05	0.048113	0.091614	0.014122	0.010317	0.458329	1e-05	0.371979	0.005505
Jordan445	32.0932627507951	35.9226763502601	0	1e-05	0.05727	0.074633	0.012227	0.001364	0.494488	0.00227	0.357728	1e-05
Jordan503	31.9670394881628	35.8712358776387	0	9.7e-05	0.093175	0.069561	0.003046	1e-05	0.4093	0.017023	0.386094	0.021695
Jordan543	32.0684811321087	35.9299033918791	0	0.007916	0.052079	0.073484	0.006723	0.003459	0.492155	0.002602	0.361573	1e-05
Jordan603	32.0277370253112	35.8643622715864	0	1e-05	0.062643	0.080563	0.018537	0.003208	0.460896	1e-05	0.361265	0.012867
Jordan646	32.0232654232997	35.895778717231	0	0.001479	0.070189	0.076788	1e-05	0.003291	0.476941	0.004504	0.358815	0.007982
syria4	35.2292194859311	36.9475373541284	0	1e-05	0.067538	0.04645	0.015181	1e-05	0.472502	1.8e-05	0.395225	0.003065
syria6	35.1789170487504	36.7942008293979	0	0.004297	0.06847	0.089599	0.023	0.00081	0.400875	0.005113	0.396579	0.011258
syria7	35.0838902655244	36.7738867692463	0	0.002304	0.07539	0.079689	0.004489	0.003641	0.41032	0.001062	0.406364	0.016741
syria361	35.1546299923398	36.8057748581562	0	1e-05	0.107021	0.007715	1e-05	1e-05	0.467742	1e-05	0.417472	1e-05
syria461	35.0468724573217	36.9025362788513	0	0.010016	0.046365	0.105731	0.004947	0.002025	0.394382	0.018803	0.41607	0.00166
syria464	35.1658607425354	36.9545279044006	0	0.002596	0.05643	0.074527	0.009943	1e-05	0.425648	0.015663	0.403951	0.011231
syria485	35.0623862699326	36.8478098070528	0	0.000379	0.081244	0.062444	0.024968	1e-05	0.454889	0.018026	0.357204	0.000836
syria520	35.0385269003641	36.9694418475777	0	1e-05	0.058201	0.092639	0.015276	1.9e-05	0.487432	1e-05	0.336377	0.010035
HGDP00609	31.0041155742481	34.9211150199175	0	0.011794	0.032597	0.121489	0.010762	1e-05	0.472613	0.007723	0.343003	1e-05
HGDP00611	30.9535291316919	35.0219220422674	0	0.001878	0.02364	0.177121	0.006727	0.001666	0.472573	0.004397	0.305289	0.006708
HGDP00613	30.9908426166978	34.9681706036441	0	0.014665	0.054189	0.094496	0.003437	0.002342	0.445819	0.003635	0.381407	1e-05
HGDP00614	30.9568311076611	34.9562310134992	0	0.002913	0.029324	0.102352	0.005078	0.003293	0.467082	0.006182	0.383765	1e-05
HGDP00615	30.9536347202491	35.0546173063573	0	0.014976	0.034083	0.083186	0.00944	0.003126	0.461152	1e-05	0.387612	0.006415
HGDP00619	31.0320476263762	34.9158105622977	0	1e-05	0.046507	0.097385	0.001862	0.001813	0.491819	1e-05	0.359247	0.001347
HGDP00620	30.9020080587827	34.9963836065494	0	0.009395	0.022383	0.144501	0.006272	1e-05	0.463566	6.4e-05	0.353342	0.000467
HGDP00622	31.0748640277889	34.9755150730722	0	0.002916	0.03264	0.100048	0.011997	1e-05	0.474206	1e-05	0.367262	0.010911
HGDP00625	30.9444230022375	34.926538514439	0	0.010194	0.0356	0.085109	0.017087	1e-05	0.458944	0.002353	0.384257	0.006445
HGDP00626	31.0757639787626	35.0257841415238	0	0.005431	0.051793	0.089088	0.005242	0.006612	0.462279	1e-05	0.373707	0.005839
HGDP00628	31.0176361356862	34.9913499208167	0	1e-05	0.055894	0.094474	0.009121	0.00371	0.448315	1e-05	0.374931	0.013533
HGDP00629	31.0082542612217	34.9962015196681	0	1e-05	0.056412	0.107764	0.003567	0.014764	0.484735	1e-05	0.332728	1e-05
HGDP00632	31.0501094731968	35.0879553139675	0	0.006898	0.015904	0.156293	0.017059	0.003317	0.453114	0.001547	0.345858	1e-05
HGDP00634	31.0756050191354	34.9799763957504	0	1e-05	0.033793	0.146102	0.013226	0.000159	0.454413	1e-05	0.339828	0.012461
HGDP00635	30.993319566967	35.0915313517675	0	0.012302	0.042202	0.11645	1e-05	0.005215	0.478617	1e-05	0.342936	0.002258
HGDP00637	30.9292389674578	35.0449593658093	0	0.004807	0.036335	0.106187	0.005855	0.003197	0.473644	1e-05	0.361208	0.008756
HGDP00638	31.0552125366405	35.0624525389634	0	0.001035	0.022896	0.150355	0.007627	1e-05	0.484185	1e-05	0.325101	0.008781
HGDP00639	30.9570909895468	34.9695127218962	0	0.013754	0.018903	0.089406	0.004449	0.00046	0.499416	1e-05	0.373592	1e-05
HGDP00640	30.9073652139865	35.0766585597303	0	0.003466	0.022919	0.160674	0.022611	0.00155	0.440549	1e-05	0.337368	0.010853
HGDP00642	31.0134201353416	35.0377844111528	0	0.004223	0.024716	0.088078	0.008575	0.0077	0.476162	1e-05	0.390526	1e-05
HGDP00644	30.9389792961534	35.095482026739	0	0.007777	0.032019	0.086532	0.006134	0.013091	0.494541	0.001907	0.357704	0.000295
HGDP00645	31.0467378498055	35.0729771240614	0	0.007659	0.032037	0.119571	0.017661	1e-05	0.451789	0.000738	0.366042	0.004493
HGDP00646	30.9241646566428	34.9016852232628	0	0.002186	0.017036	0.184201	0.003392	0.000898	0.468328	1e-05	0.320069	0.00388
HGDP00647	30.9495882601012	34.9536094927229	0	0.008303	0.025088	0.097124	0.012712	0.001402	0.477819	1e-05	0.370066	0.007477
HGDP00654	30.918513864791	35.0144748977851	0	0.000159	0.077368	0.067483	0.009365	1e-05	0.450783	1e-05	0.377506	0.017316
HGDP00607	31.0524858959019	34.9116880712099	0	1e-05	1e-05	0.095513	0.001186	0.001543	0.475259	1e-05	0.42646	1e-05
HGDP00608	31.0009587998968	35.0716334329452	0	1e-05	0.000682	0.081159	0.007663	1e-05	0.515579	1e-05	0.390337	0.004549
HGDP00610	31.0250143298879	34.9850688167848	0	1e-05	1e-05	0.076228	1e-05	0.000945	0.494796	1e-05	0.42702	0.000972
HGDP00612	31.009010178037	35.0735770026222	0	1e-05	1e-05	0.061235	1e-05	1e-05	0.497534	1e-05	0.441171	1e-05
HGDP00616	31.0217129797675	34.9455718158744	0	1e-05	1e-05	0.071722	0.017744	1e-05	0.498254	1e-05	0.41223	1e-05
HGDP00618	30.9420784700196	34.9880480916239	0	0.001051	1e-05	0.069777	0.003795	1e-05	0.50044	1e-05	0.424897	1e-05
HGDP00623	30.9968587805983	35.0242007219233	0	1e-05	1e-05	0.086676	0.001605	1e-05	0.491074	1e-05	0.420596	1e-05
HGDP00624	30.996050430648	34.9539539618418	0	1e-05	1e-05	0.093528	1e-05	1e-05	0.494071	1e-05	0.412341	1e-05
HGDP00630	30.909804865066	35.0275143553503	0	1e-05	1e-05	0.074611	0.004051	1e-05	0.485077	1e-05	0.43621	1e-05
HGDP00631	30.9536514831707	35.0060372867156	0	1e-05	1e-05	0.0666	0.003533	1e-05	0.490755	1e-05	0.439062	1e-05
HGDP00636	31.0027340963017	34.9941937961616	0	0.001455	1e-05	0.079185	0.019781	0.00211	0.479587	1e-05	0.417852	1e-05
HGDP00641	30.9934570964891	34.9127878488507	0	1e-05	1e-05	0.07988	0.006053	1e-05	0.488288	1e-05	0.425729	1e-05
HGDP00643	30.9677396582905	34.9502744894475	0	0.004469	1e-05	0.066734	1e-05	1e-05	0.513981	1e-05	0.414765	1.1e-05
HGDP00648	30.9448263064958	34.9535166533664	0	0.003777	1e-05	0.079492	0.006473	1e-05	0.495485	1e-05	0.411484	0.003258
HGDP00649	30.9502706038766	35.079467009427	0	1e-05	1e-05	0.063543	0.011455	1e-05	0.483981	1e-05	0.440972	1e-05
HGDP00650	30.9806102430448	34.9061516675167	0	0.003773	1e-05	0.070109	0.00977	1e-05	0.496177	1e-05	0.416558	0.003582
HGDP00651	31.0817834014073	35.0204848762602	0	0.00229	1e-05	0.080611	0.006786	1e-05	0.499567	1e-05	0.406689	0.004026
HGDP00653	30.9582168773282	35.0061177295167	0	0.001694	1e-05	0.065322	0.004798	1e-05	0.475624	1e-05	0.452521	1e-05
HGDP00701	30.9744691578206	35.0670738772489	0	0.003424	1e-05	0.066168	0.006098	1e-05	0.512285	1e-05	0.411986	1e-05
HGDP00557	31.9465487383306	34.9335165719036	0	1e-05	0.078036	0.019121	0.006722	0.005834	0.495492	1e-05	0.394764	1e-05
HGDP00558	32.0987644324079	34.9037598391529	0	0.001248	0.064347	0.026938	0.014203	1e-05	0.48335	1e-05	0.409884	1e-05
HGDP00559	32.0210845501162	35.0539260010701	0	0.00093	0.082387	0.030537	0.012799	0.000184	0.49825	0.001182	0.368437	0.005294
HGDP00560	32.0753265183419	34.9324586299248	0	1e-05	0.069065	0.016058	1e-05	0.01044	0.501827	1e-05	0.399356	0.003223
HGDP00561	31.9018472520635	34.9971757757012	0	0.008799	0.073641	0.034346	1e-05	0.000891	0.514086	1e-05	0.367543	0.000674
HGDP00562	32.0984778402373	34.9205744685139	0	3.9e-05	0.074925	0.031187	0.010682	0.002134	0.495109	1e-05	0.381049	0.004866
HGDP00563	32.0581353163812	34.9518602424767	0	1e-05	0.061294	0.033172	0.005679	0.005384	0.503997	1e-05	0.388258	0.002196
HGDP00564	31.9669044010341	35.0039487523027	0	0.000709	0.070967	0.025243	1e-05	1e-05	0.501	1e-05	0.40204	1e-05
HGDP00565	31.9071850140579	35.058414936997	0	1e-05	0.061576	0.036706	0.008992	1e-05	0.490947	1e-05	0.401739	1e-05
HGDP00566	32.0465794327203	34.907293540379	0	0.008167	0.055575	0.031275	0.01771	0.001728	0.503571	0.008165	0.373244	0.000564
HGDP00567	32.0563709729817	35.0670695950277	0	0.000724	0.068181	0.032215	0.005874	0.003265	0.490416	1e-05	0.399303	1e-05
HGDP00568	32.0215248136316	34.9936346495058	0	0.005678	0.07868	0.020029	1e-05	1e-05	0.471029	1e-05	0.418568	0.005986
HGDP00569	32.0723506314214	34.9166460089851	0	0.000243	0.083786	0.034299	0.014447	1e-05	0.493094	1e-05	0.3741	1e-05
HGDP00571	32.0712546863593	35.0216431776993	0	0.002969	0.076565	0.020171	0.013473	1e-05	0.485592	1e-05	0.397895	0.003315
HGDP00572	31.9330772841815	35.0432766365353	0	1e-05	0.070282	0.03486	1e-05	1e-05	0.484996	1e-05	0.408083	0.00174
HGDP00573	32.0355909157079	35.049563468108	0	0.00272	0.083149	0.038054	0.007217	1e-05	0.486628	1e-05	0.379156	0.003057
HGDP00574	32.088502303604	34.9361994552426	0	0.001982	0.066547	0.025976	1e-05	1e-05	0.4863	1e-05	0.41763	0.001535
HGDP00575	31.922657917859	34.9781665403396	0	0.003024	0.085804	0.026677	1e-05	0.005064	0.501322	1e-05	0.378078	1e-05
HGDP00577	31.9489929363132	35.0750266927294	0	0.010328	0.062518	0.032402	0.01213	0.006346	0.490273	1e-05	0.384703	0.00129
HGDP00578	32.0830875254236	35.0443977256771	0	4.5e-05	0.045095	0.033921	0.020164	0.001629	0.503089	0.007244	0.3811	0.007714
HGDP00579	31.9263211152516	35.0916284151841	0	0.000698	0.051196	0.024268	0.007039	0.005915	0.534723	1e-05	0.369512	0.00664
HGDP00580	32.0125408469699	35.0714695492294	0	0.003117	0.078266	0.035795	0.014565	0.007778	0.481399	1e-05	0.379059	1e-05
HGDP00582	32.0306463541929	34.9869715768844	0	0.008413	0.083911	0.035868	1e-05	1e-05	0.499311	0.0029	0.369412	0.000166
HGDP00583	32.0133631844539	35.0714638683479	0	1e-05	0.060923	0.023252	0.013218	1e-05	0.485839	1e-05	0.41101	0.005729
HGDP00584	32.0151843620464	35.0377617663704	0	0.006544	0.076163	0.037967	0.007774	1e-05	0.487924	1e-05	0.382117	0.001492
HGDP00586	31.9084940127097	35.088413857948	0	1e-05	0.074884	0.03904	0.005408	0.000686	0.509909	0.002528	0.367396	0.000139
HGDP00587	31.9393591657747	35.0263664920349	0	0.002227	0.085132	0.029062	0.011846	0.004348	0.508495	1e-05	0.35887	1e-05
HGDP00588	31.9007192979567	34.9447091266047	0	1e-05	0.067426	0.034369	0.005438	0.0091	0.47857	1e-05	0.405067	1e-05
HGDP00591	32.011799793411	35.0998500907794	0	0.006106	0.081731	0.026976	0.00727	0.00261	0.49136	1e-05	0.383927	1e-05
HGDP00594	31.9932437370066	34.9199312479701	0	1e-05	0.06045	0.03004	0.013782	1e-05	0.506197	0.006606	0.382894	1e-05
HGDP00595	32.0409775315784	34.9592600078322	0	0.003504	0.085157	0.022477	0.006065	0.006682	0.474834	1e-05	0.40126	1e-05
HGDP00597	31.9763548601884	34.9447970461566	0	0.004589	0.060185	0.020328	0.010885	0.004831	0.519174	1e-05	0.378577	0.001421
HGDP00598	32.0170846920926	35.0038309021387	0	0.000839	0.071813	0.038176	0.003881	0.000215	0.505134	1e-05	0.37887	0.001062
HGDP00599	31.9585802086629	35.0907365477178	0	0.000219	0.092173	0.014854	0.005308	0.001602	0.490173	0.00578	0.38988	1e-05
HGDP00600	31.9861888030078	35.0277887039352	0	1e-05	0.083517	0.023966	1e-05	0.006951	0.502981	0.000957	0.381598	1e-05
HGDP00601	32.0284142381512	34.9945891701616	0	1e-05	0.056177	0.029242	0.011374	0.005283	0.496341	1e-05	0.400495	0.001066
HGDP00602	31.9339920914732	35.0444867304526	0	1e-05	0.087083	0.027639	0.003852	0.001874	0.509087	1e-05	0.364699	0.005747
HGDP00604	31.9185415948741	34.9110524294432	0	1e-05	0.075895	0.021029	0.007002	1e-05	0.49098	0.000179	0.404885	1e-05
HGDP00606	31.9720355652738	35.087307666894	0	0.006252	0.077183	0.033199	0.004476	0.002585	0.50479	1e-05	0.371495	1e-05
HGDP00675	31.9256578007247	35.0667692077812	0	0.005959	0.04521	0.069971	0.009559	0.00244	0.49019	1e-05	0.370417	0.006244
HGDP00676	31.9153366771527	34.9991355780046	0	1e-05	0.053365	0.071047	0.007162	0.003388	0.471581	1e-05	0.385734	0.007703
HGDP00677	32.076191849215	35.0719541384839	0	0.004934	0.045335	0.073157	0.01263	0.005287	0.480293	1e-05	0.377903	0.000451
HGDP00679	31.9842900787946	35.0767235728912	0	1e-05	0.066973	0.061268	0.00647	0.00361	0.472579	1.7e-05	0.388031	0.001042
HGDP00680	31.9099516783375	35.0678506221157	0	0.001743	0.046889	0.111483	0.006647	0.004892	0.446468	1e-05	0.375882	0.005985
HGDP00683	32.0400845382363	35.0954823166132	0	1e-05	0.051215	0.089106	0.00343	0.004205	0.45833	0.002204	0.377953	0.013546
HGDP00684	32.0858457680792	35.0925956555642	0	1e-05	0.043867	0.078154	0.012828	0.014596	0.481736	1e-05	0.364387	0.004413
HGDP00685	31.9594400580507	34.9724469915964	0	0.002415	0.027548	0.116665	0.012669	0.000433	0.473574	0.000728	0.364959	0.001009
HGDP00686	31.9144410737325	34.9213389426935	0	0.005915	0.043397	0.105936	0.002301	1e-05	0.488455	0.000811	0.344478	0.008696
HGDP00687	31.9587159438524	34.9291730272118	0	0.003869	0.045276	0.058641	1e-05	1e-05	0.502569	1e-05	0.383604	0.006011
HGDP00688	31.9917775094509	35.0436422726139	0	1e-05	0.058168	0.069286	0.010543	0.009589	0.477973	0.004104	0.370317	1e-05
HGDP00689	31.9832954060286	35.0347863907926	0	1e-05	0.046348	0.073143	0.009942	0.00131	0.485268	1e-05	0.376637	0.007332
HGDP00690	32.0842110542115	34.9894169221167	0	0.002275	0.059795	0.068121	1e-05	0.008305	0.480502	1e-05	0.377623	0.003359
HGDP00691	32.0287188022397	34.9434964246117	0	0.006258	0.051228	0.090955	0.011836	1e-05	0.465788	0.005254	0.368489	0.000182
HGDP00694	31.9562456418294	35.0981506304815	0	2.3e-05	0.059432	0.075909	0.011112	1e-05	0.467531	0.001262	0.382215	0.002506
HGDP00696	32.0700656920671	34.9981948500965	0	0.002917	0.068567	0.075652	0.004798	1e-05	0.480601	1e-05	0.359025	0.008419
HGDP00697	32.0588323912118	35.0185646866448	0	1e-05	0.040206	0.065735	0.026037	1e-05	0.472478	0.005964	0.389549	1e-05
HGDP00698	31.9828362995759	35.0791594507173	0	1e-05	0.035101	0.091375	0.013314	0.002038	0.498704	0.000218	0.352083	0.007157
HGDP00699	31.9955382660963	34.9647235016339	0	0.000525	0.062811	0.087574	0.012558	1e-05	0.47934	1e-05	0.357163	1e-05
HGDP00700	32.0742105754558	35.0823256145231	0	0.002608	0.041069	0.10403	0.012325	0.000305	0.478969	0.000927	0.354258	0.005509
HGDP00722	32.0240134815685	35.020359021984	0	1e-05	0.078265	0.082472	0.010672	1e-05	0.465829	0.007664	0.355067	1e-05
HGDP00724	32.057497900445	35.0430237456225	0	1e-05	0.065029	0.083033	0.002603	0.005463	0.464538	1e-05	0.378424	0.000891
HGDP00725	31.9344426327385	35.0293329270557	0	1e-05	0.057684	0.066976	0.023971	0.00133	0.461333	0.002659	0.385439	0.000598
HGDP00726	32.0212337321136	35.0991620549932	0	0.005954	0.042716	0.085983	0.019664	1e-05	0.451401	1e-05	0.392394	0.001868
HGDP00727	31.9100036344491	35.0949224188924	0	1e-05	0.046763	0.071706	0.008601	0.004301	0.489231	1e-05	0.379368	1e-05
HGDP00729	31.9913483199198	35.0001237718854	0	0.010177	0.038519	0.085201	0.01957	1e-05	0.470547	0.000349	0.373109	0.002518
HGDP00730	32.0030757812783	35.0208667138591	0	0.003874	0.057037	0.070385	0.006855	0.001541	0.486676	0.002351	0.37127	1e-05
HGDP00731	31.918391036801	34.9087912021205	0	0.002362	0.010426	0.116638	0.021452	0.006693	0.469132	1e-05	0.367743	0.005545
HGDP00732	32.0044373726938	35.0150198265444	0	0.000286	0.042047	0.072304	0.014801	0.004288	0.48303	1e-05	0.383224	1e-05
HGDP00733	31.977061787853	35.0765488008503	0	0.010704	0.039161	0.073971	0.014845	0.001837	0.488195	1e-05	0.371267	1e-05
HGDP00734	32.0197863015346	34.9238094414584	0	1e-05	0.049279	0.08202	0.01244	0.001392	0.47425	1e-05	0.368539	0.012061
HGDP00735	31.912226656545	35.0284782649484	0	0.001875	0.040565	0.079885	0.008289	0.004614	0.496754	0.003148	0.363903	0.000966
HGDP00736	31.9297134174965	35.0170235264581	0	0.000127	0.05311	0.069553	0.008685	1e-05	0.483935	0.003884	0.380687	1e-05
HGDP00737	31.9771980276797	35.0170163430274	0	1e-05	0.043975	0.073761	0.007227	0.005939	0.495407	1e-05	0.367545	0.006126
HGDP00739	32.0933478089049	34.9104446205776	0	1e-05	0.047671	0.109228	0.005188	0.001011	0.447462	1e-05	0.380027	0.009393
HGDP00740	32.0828581832349	34.9579917491879	0	0.006643	0.053233	0.062921	0.002343	1e-05	0.484902	1e-05	0.387692	0.002245
HGDP00741	31.9288005634211	35.0911561632063	0	0.001387	0.060326	0.091328	0.010858	0.006769	0.477085	1e-05	0.351035	0.001201
HGDP00745	32.0165707005654	35.071903999662	0	0.005861	0.059965	0.074007	1e-05	0.007247	0.497388	0.006414	0.343445	0.005662
Lebanese10AR37	33.8535881232563	35.560878798645	0	1e-05	0.068977	0.023879	1e-05	0.00271	0.518465	1e-05	0.385929	1e-05
Lebanese15AR37	33.8990934537817	35.5460559159052	0	0.004612	0.06581	0.032021	0.009115	0.006192	0.51846	1e-05	0.359022	0.004758
Lebanese1AQ127	33.9434899830818	35.5971197292674	0	1e-05	0.066634	0.031531	1e-05	0.003805	0.525838	1e-05	0.36824	0.003922
Lebanese1AQ170	33.9429842254706	35.5061663498636	0	1e-05	0.066029	0.023994	0.018072	1.3e-05	0.520505	1e-05	0.366957	0.00441
Lebanese22BA23	33.9393951033801	35.4608211117331	0	0.000261	0.059363	0.023999	0.006712	0.003429	0.529989	1e-05	0.376228	1e-05
Lebanese4AQ115	33.8529750645254	35.4541443597525	0	1e-05	0.050543	0.020228	0.022923	0.006332	0.537689	1e-05	0.362254	1e-05
Lebanese6AQ115	33.8435058006179	35.4089802626055	0	1e-05	0.060908	0.022065	0.012982	1e-05	0.530451	1e-05	0.373554	1e-05
Lebanese6AQ170	33.9501887975354	35.5749567089602	0	1e-05	0.064779	0.01995	0.003177	0.013158	0.515895	1e-05	0.378989	0.004031
Lebanese8AS15	33.8946149854083	35.4183486846741	0	1e-05	0.070507	0.019372	0.003674	0.001387	0.529951	1e-05	0.371083	0.004006
Lebanese10AQ127	33.9840148064867	35.5054829590954	0	0.004064	0.079704	0.056683	0.000809	0.00423	0.50283	1e-05	0.342601	0.009068
Lebanese11AS14	33.857348652659	35.4404505393934	0	1e-05	0.077326	0.030858	0.00889	1e-05	0.524851	0.003682	0.351217	0.003156
Lebanese20AR21	33.8014992465358	35.5964605019893	0	1e-05	0.079123	0.041707	1e-05	1e-05	0.504569	0.001385	0.373176	1e-05
Lebanese24AR27	33.895202318728	35.4770183296408	0	0.011309	0.069201	0.05021	0.020465	1e-05	0.461562	1e-05	0.383774	0.003459
Lebanese2AQ121	33.8425558197405	35.5153641977347	0	0.001421	0.071274	0.051341	0.012449	1e-05	0.469933	1e-05	0.380143	0.013419
Lebanese2AQ127	33.919063310707	35.5629257475957	0	0.00879	0.082936	0.051839	0.019039	0.003863	0.448162	0.012354	0.371658	0.001359
Lebanese30AR21	33.968500053985	35.5742488412186	0	1e-05	0.087547	0.051534	1e-05	0.012971	0.474444	0.010903	0.361916	0.000664
Lebanese6AS15	33.8478702281695	35.5320670356043	0	1e-05	0.089824	0.045295	0.015863	1.1e-05	0.490181	0.004741	0.348048	0.006026
Lebanese7AQ150	33.9312618799135	35.4024035712238	0	1e-05	0.09216	0.0447	1e-05	0.002351	0.48337	0.014861	0.348185	0.014351
Lebanese7AR20	33.9633774394728	35.4595249052625	0	0.000415	0.104605	0.024022	1e-05	0.004072	0.498395	0.008745	0.359727	1e-05
Lebanese7AR23	33.8056560735777	35.5018240099773	0	1e-05	0.065682	0.034168	0.006547	0.001087	0.500568	0.002353	0.383106	0.006478
Lebanon1	33.7758747152332	35.5790486275964	0	0.00553	0.060786	0.021449	0.007462	0.003859	0.523542	1e-05	0.377353	1e-05
Lebanon2	33.8403747306485	35.6371610268764	0	0.000425	0.081039	0.040287	1e-05	1e-05	0.486133	1e-05	0.379191	0.012896
Lebanon3	33.8916299095657	35.4758214361779	0	1e-05	0.082301	0.039503	0.012175	0.00836	0.497268	1e-05	0.360363	1e-05
Lebanon4	33.8713309683185	35.5778831369057	0	0.000338	0.038462	0.105896	0.011931	0.00913	0.487706	1e-05	0.343314	0.003213
Lebanon5	33.7975348724332	35.5124324663356	0	0.008385	0.049095	0.115011	0.003756	1e-05	0.467312	1e-05	0.356412	1e-05
Lebanon6	33.888689075252	35.5835541933589	0	0.01474	0.090788	0.034284	0.012907	0.00813	0.426531	0.025812	0.36848	0.018329
Lebanon7	33.8456440638099	35.5695465064421	0	0.000343	0.085767	0.051642	0.015878	0.008194	0.484847	0.006628	0.346691	1e-05
Lebanon8	33.7216099064611	35.5380722223129	0	0.002151	0.097919	0.036155	0.009232	0.006341	0.44999	0.025666	0.356067	0.01648
Adana23108	37.0711681020912	35.3690482535213	0	1e-05	0.073539	0.022729	0.01049	0.002709	0.500711	1e-05	0.385015	0.004787
Adana23112	37.064657926606	35.3276839860529	0	1e-05	0.122787	0.007768	0.011718	0.002072	0.404852	0.067263	0.336807	0.046724
Adana23113	37.0983238757588	35.4136063549481	0	0.003898	0.151459	0.001011	0.010173	0.003478	0.362906	0.009624	0.446148	0.011302
Adana23114	36.9311057172716	35.2375498025492	0	0.002571	0.128795	0.003292	0.006189	1e-05	0.426172	0.032128	0.369404	0.031439
Adana23117	37.0966515952256	35.3238975937758	0	0.004675	0.132696	0.009452	0.01313	0.00128	0.420498	0.049549	0.33604	0.032679
Adana23133	36.993369865464	35.2499473719671	0	0.001572	0.118075	0.024333	1e-05	1e-05	0.439408	0.023175	0.351689	0.041727
Adana23136	36.9733214844484	35.3148343794327	0	1e-05	0.094169	0.029968	1e-05	1e-05	0.503939	1e-05	0.369681	0.002203
Adana23144	37.0577808771282	35.387533973977	0	1e-05	0.136798	0.021532	0.014584	0.015118	0.36184	0.076996	0.324769	0.048353
Adana23147	36.9647140253335	35.3674990265444	0	0.00207	0.103941	0.03114	0.016879	0.003742	0.46016	0.011576	0.335051	0.035441
Adana23150	36.9458724708762	35.2573963378835	0	0.008198	0.158608	0.012127	0.048223	0.008344	0.430397	0.018577	0.278508	0.037018
Aydin18112	37.8210468312725	27.7822534139454	0	0.000565	0.137533	0.012278	0.008363	0.002673	0.423229	0.075558	0.282705	0.057098
Aydin18419	37.7727955423761	27.9111726054642	0	0.000536	0.134191	0.004367	0.02773	1e-05	0.431009	0.071504	0.265942	0.064711
Aydin18483	37.7560093103908	27.7836221760325	0	1e-05	0.137976	0.008751	0.013444	1e-05	0.3849	0.094799	0.293751	0.066359
Aydin18596	37.8493568160571	27.8989539744053	0	0.007213	0.141377	0.003818	0.031499	1e-05	0.384551	0.089003	0.278698	0.06383
Aydin18636	37.8012073812541	27.7306764806807	0	1e-05	0.130142	0.012509	0.0366	1e-05	0.398866	0.052856	0.309454	0.059552
Aydin18784	37.9248467278201	27.8775875658914	0	0.00024	0.141177	0.007069	0.022353	0.013906	0.43279	0.061997	0.257743	0.062724
Aydin18873	37.9033748653252	27.7624708943721	0	0.004689	0.144572	0.007718	0.034766	0.006693	0.449232	0.043077	0.254825	0.054429
Balikesir16653	39.4399168505427	27.5886583795026	0	0.004838	0.151649	0.008921	0.021774	0.006387	0.400044	0.061044	0.28644	0.058903
Balikesir16675	39.3421235909313	27.5584372661263	0	1e-05	0.144601	0.009262	0.023608	0.001583	0.420197	0.071752	0.261866	0.067122
Balikesir16790	39.3668371351063	27.4963984836545	0	0.00315	0.153149	0.005764	0.010931	0.001038	0.42402	0.082567	0.269082	0.0503
Balikesir16837	39.4422226016503	27.4886915771011	0	1e-05	0.160892	4e-04	0.035472	0.006588	0.400188	0.066236	0.261567	0.068647
Balikesir16887	39.4439279364049	27.4533113100287	0	1e-05	0.140845	0.00017	0.022703	0.002806	0.427764	0.083552	0.246534	0.075615
Balikesir17006	39.3859912116639	27.5934727818426	0	1e-05	0.157925	0.005799	0.019927	0.00182	0.415179	0.074819	0.258427	0.066093
Istanbul15781	41.0776475977898	28.9630105558783	0	1e-05	0.187913	0.01749	0.065556	0.010013	0.479844	0.009369	0.204058	0.025747
Istanbul17778	41.038810524838	29.0172973321751	0	1e-05	0.139379	0.002755	1e-05	0.003989	0.410199	0.058916	0.333484	0.051259
Istanbul19185	41.1078441603389	29.0418108675163	0	1e-05	0.150233	0.003145	0.013866	0.00516	0.435573	0.051264	0.305804	0.034945
Istanbul19708	40.9849827401154	28.9556980283931	0	0.004667	0.134469	0.004749	0.000412	0.001932	0.401925	0.073345	0.328116	0.050386
Istanbul19810	40.981583219422	29.0227918648627	0	0.00756	0.151675	1e-05	0.017823	0.005996	0.427452	0.041968	0.330611	0.016906
Istanbul20010	41.0619206198771	29.031795329554	0	0.005306	0.140988	0.00431	1e-05	0.003891	0.420515	0.031811	0.362085	0.031084
Istanbul20040	40.9618984992895	28.9893943892792	0	1e-05	0.145769	0.008171	0.006716	0.002972	0.376434	0.021988	0.423629	0.014312
Istanbul25081	41.1172822636366	28.8989779965021	0	0.003036	0.177374	0.00755	0.025259	0.001416	0.43534	0.044042	0.283136	0.022847
Istanbul25095	41.0083035973646	28.9198301057331	0	0.006006	0.211334	0.005659	0.079642	0.00315	0.463119	0.047668	0.164206	0.019218
Istanbul25098	40.9314472493529	28.9813954776153	0	1e-05	0.216393	0.00646	0.07643	0.004644	0.532298	0.0152	0.142648	0.005918
Kayseri23271	38.6982627909817	35.513815960912	0	0.001422	0.13029	0.000759	1e-05	0.008383	0.4655	0.023358	0.35887	0.011408
Kayseri23549	38.7199680780712	35.3861817291193	0	1e-05	0.120587	0.008856	0.01444	0.007592	0.419036	0.05053	0.339211	0.039738
Kayseri23892	38.760766291311	35.5373986222502	0	0.0095	0.116847	0.00916	0.008584	0.000661	0.437344	0.041638	0.344167	0.0321
Kayseri23967	38.6531100051198	35.4484921104461	0	1e-05	0.123194	0.00402	0.028865	0.002505	0.404283	0.046621	0.350855	0.039646
Kayseri24032	38.6348798932228	35.3811200148612	0	0.001599	0.145699	0.007936	1e-05	0.00909	0.425577	0.026052	0.340696	0.043341
Kayseri24075	38.7597788167372	35.4904550790973	0	0.000487	0.130448	0.006907	0.012519	0.004509	0.440758	0.036981	0.355295	0.012095
Kayseri24266	38.666880034674	35.4780004776735	0	0.00189	0.139274	0.004235	0.010323	0.009181	0.434775	0.03104	0.339907	0.029375
Kayseri24276	38.806521618478	35.4243857188337	0	1e-05	0.126446	0.009359	0.00132	1e-05	0.45236	0.026151	0.358861	0.025484
Kayseri24392	38.7308624981623	35.4900028138608	0	0.006537	0.134254	0.003911	0.016747	1e-05	0.449864	0.04539	0.327755	0.015532
Kayseri24402	38.8027088822052	35.432095583966	0	0.002259	0.139625	0.011227	0.014675	1e-05	0.45067	0.041229	0.316868	0.023438
Trabzon21173	40.9834866501857	39.7560548343416	0	1e-05	0.105088	1e-05	1e-05	0.002383	0.478946	1e-05	0.413533	1e-05
Trabzon21174	40.9594268923625	39.7728611577954	0	0.009303	0.126977	1e-05	1e-05	1e-05	0.47467	1e-05	0.389	1e-05
Trabzon21177	40.9643431453966	39.76969616252	0	1e-05	0.105003	0.004173	1e-05	0.000348	0.477576	1e-05	0.411369	0.001501
Trabzon21515	41.0809869305696	39.6997515440173	0	1e-05	0.113356	1e-05	1e-05	1e-05	0.502285	1e-05	0.384299	1e-05
Trabzon21534	40.9305940411519	39.7116732178908	0	0.005722	0.112741	0.003871	1e-05	0.009763	0.494144	0.005562	0.367505	0.000682
Trabzon21544	41.014999729814	39.7642413982376	0	0.000309	0.111668	0.000634	1e-05	1e-05	0.489362	0.000991	0.392258	0.004757
Trabzon21557	40.9715927144978	39.754020657083	0	1e-05	0.094033	0.001667	1e-05	0.008522	0.50495	1e-05	0.38566	0.005137
Trabzon21575	41.0092714626342	39.6804844000563	0	0.006119	0.11397	1e-05	1e-05	0.001259	0.488098	0.007759	0.377032	0.005743
Trabzon21645	41.0263668620028	39.7466561243124	0	1e-05	0.122671	0.001692	1e-05	0.003264	0.483038	0.000724	0.377925	0.010665
Turkish4BA57	39.4748878971953	29.8807443217561	0	0.008457	0.146721	0.000586	0.027594	0.007196	0.429239	0.054598	0.269283	0.056325
Turkish7BA57	41.104838708546	28.9047611524072	0	1e-05	0.13643	0.007963	0.048486	1e-05	0.449164	0.046136	0.252646	0.059154
Turkish8BA62	39.726636666758	27.9186044946034	0	0.002211	0.17906	0.003007	0.056354	0.003649	0.431878	0.048726	0.232946	0.042168
Turkish9BA57	38.3984486813936	27.1830136427842	0	0.001362	0.139795	0.002915	0.01275	0.006564	0.424079	0.054943	0.313141	0.044452
Assyrian152	37.2148382809665	43.5790951846261	0	1e-05	0.107169	0.002621	1e-05	0.014466	0.450743	1e-05	0.424035	0.000935
Assyrian151	37.4376054670941	43.9239256390464	0	0.002056	0.100333	0.006348	1e-05	1e-05	0.444526	1e-05	0.446696	1e-05
Assyrian165	37.4515749526024	43.9700926635973	0	1e-05	0.096068	0.002814	1e-05	0.00557	0.458082	0.004315	0.431914	0.001217
Assyrian153	37.6343517221883	44.367542081112	0	0.002495	0.107307	0.007666	1e-05	1e-05	0.440121	1e-05	0.442372	1e-05
Assyrian163	37.644022930311	44.3056224506535	0	0.00235	0.101137	0.009463	0.000939	0.001314	0.445841	0.002232	0.436713	1e-05
SephardiJewTurkey4950	41.0849709437042	29.0182489615865	0	0.000785	0.122085	0.029466	0.039362	1e-05	0.536203	1e-05	0.271005	0.001072
SephardiJewTurkey4953	41.1024349680916	28.9805532356724	0	1e-05	0.090724	0.046505	0.034963	0.00451	0.56658	1e-05	0.256161	0.000537
SephardiJewTurkey4955	41.0883473562822	29.0483996705618	0	0.004568	0.102109	0.036026	0.044469	1e-05	0.547125	1e-05	0.254969	0.010713
SephardiJewTurkey5033	41.0184731951729	29.0237117089797	0	0.002485	0.092623	0.030841	0.034059	1e-05	0.576055	1e-05	0.263907	1e-05
SephardiJewTurkey5075	41.0344343651366	28.9162236378063	0	1e-05	0.120792	0.032784	0.031626	0.003144	0.545087	1e-05	0.266536	1e-05
SephardiJewTurkey5832	41.0641622389015	28.8913512513041	0	0.005628	0.103014	0.03289	0.020036	0.000745	0.557042	0.006686	0.273949	1e-05
SephardiJewTurkey5877	40.9515245773178	28.8515978662297	0	0.007469	0.108681	0.028563	0.022526	0.000451	0.561241	1e-05	0.263837	0.007222
SephardiJewTurkey6077	41.0543975878786	28.8656233146321	0	0.000173	0.103783	0.033858	0.026054	1e-05	0.557145	1e-05	0.275787	0.003179
IranianJew1132	35.6985481837299	51.3698870475218	0	1e-05	0.087127	0.010889	1e-05	0.002536	0.456142	0.001359	0.441918	1e-05
IranianJew1143	35.726779129589	51.5034105257876	0	0.000845	0.091137	0.013117	1e-05	1.4e-05	0.443058	1e-05	0.450949	0.00086
IranianJew1159	35.7703349566553	51.411318983119	0	0.003686	0.085063	0.008546	1e-05	1e-05	0.432852	1e-05	0.465653	0.004169
IranianJew1409	35.7704653053079	51.4115789555758	0	1e-05	0.097147	0.010239	1e-05	0.009265	0.440218	1e-05	0.436757	0.006343
IranianJew1513	35.6730451628566	51.4381863428094	0	0.008705	0.072742	0.00348	0.002626	0.004376	0.445173	0.005874	0.457015	1e-05
IranianJew1556	35.6813824275509	51.4886856104527	0	1e-05	0.078129	0.015996	1e-05	1.8e-05	0.476315	0.017326	0.412185	1e-05
IranianJew1557	35.7467062690295	51.4213793240301	0	0.007147	0.133842	0.008251	0.007008	0.002129	0.384508	1e-05	0.457094	1e-05
IranianJew1832	35.7981280417647	51.4550964623503	0	0.00094	0.093826	0.013723	0.000801	0.001574	0.441619	0.00811	0.439398	1e-05
IranianJew1845	35.7285389517434	51.3850382359047	0	0.001749	0.078869	0.006051	0.007509	0.011199	0.411915	1e-05	0.476406	0.006291
IraqiJew1417	33.3451672828011	44.5062621163949	0	1e-05	0.076596	0.015754	1e-05	1e-05	0.477003	1e-05	0.430596	1e-05
IraqiJew1430	33.2947337955888	44.4694358512573	0	1e-05	0.06917	0.013435	0.002014	0.00887	0.456807	1e-05	0.449675	1e-05
IraqiJew1771	33.3823945319001	44.3802900800761	0	0.000597	0.080947	0.012064	0.009971	0.009686	0.44833	1e-05	0.438331	6.4e-05
IraqiJew4061	33.2560350482073	44.3209797532577	0	1e-05	0.074819	0.012908	1e-05	1.3e-05	0.463112	1e-05	0.449108	1e-05
IraqiJew4241	33.3056621810608	44.3535395358037	0	0.002349	0.075943	0.019259	1e-05	0.006365	0.474376	1e-05	0.421677	1e-05
IraqiJew4291	33.3239790668432	44.495420671748	0	0.005464	0.061441	0.014466	1e-05	3e-04	0.477281	0.000724	0.440303	1e-05
UZB101_turkmen	42.5319316283241	59.6407902285364	0	0.00061	0.140326	0.005154	0.01248	0.017645	0.283603	0.126617	0.329465	0.084101
UZB102_turkmen	42.5455198020115	59.6436877190508	0	1e-05	0.177053	0.002776	0.005245	1e-05	0.268743	0.148079	0.269781	0.128302
UZB105_turkmen	42.4448790030461	59.6779972738959	0	0.000396	0.175824	0.005289	0.029532	0.002257	0.191352	0.276091	0.153374	0.165884
UZB111_turkmen	42.5316932090931	59.6666440331284	0	0.001978	0.174506	0.003283	0.005303	0.009605	0.242828	0.16939	0.29769	0.095417
UZB150_turkmen	42.4619802008756	59.6759394993912	0	0.002448	0.152061	0.000612	0.012176	0.015616	0.230848	0.171547	0.316543	0.098148
UZB178_turkmen	42.4904471471347	59.609787863344	0	0.011617	0.149487	1e-05	0.020676	0.002802	0.200005	0.23121	0.225155	0.159038
UZB180_turkmen	42.4518686760124	59.554364849152	0	1e-05	0.180943	0.002599	0.025529	0.009717	0.202701	0.189719	0.242571	0.146211
usb2	41.2456477028597	69.2854241726734	0	0.006477	0.149788	0.009336	0.01919	0.006969	0.172881	0.28251	0.163887	0.188961
usb6	41.2475914903264	69.1940454175044	0	1e-05	0.164727	0.000853	0.01335	0.013303	0.164442	0.273798	0.226708	0.142808
usb8	41.33484251488	69.2885570589267	0	0.014389	0.167509	1e-05	0.030905	0.012414	0.142381	0.255465	0.244365	0.132563
usb24	41.2507118730154	69.2311744969152	0	0.000186	0.173851	1e-05	0.025327	0.003869	0.1698	0.271102	0.206453	0.149402
usb25	41.3073389695305	69.2271598598734	0	1e-05	0.137446	0.003353	0.029403	0.004261	0.16206	0.296969	0.180777	0.185722
usb35	41.2097262935527	69.2807319328934	0	1e-05	0.162623	0.00712	0.023912	0.003955	0.180522	0.266913	0.193193	0.161752
usb40	41.3588626422267	69.2267905194592	0	1e-05	0.139121	0.003837	0.019392	1e-05	0.152949	0.336884	0.142033	0.205764
usb64	41.1913963764254	69.2144196610246	0	1e-05	0.206133	1e-05	0.004733	0.020254	0.191808	0.197405	0.295493	0.084153
usb72	41.3331539988332	69.209340749383	0	0.003125	0.172417	0.00873	0.014937	0.015848	0.236558	0.169901	0.280027	0.098457
usb78	41.244357727496	69.2646802547201	0	0.001446	0.177789	0.009023	0.033069	0.005523	0.2167	0.187734	0.241097	0.127618
tdj126_shugnan	37.4126191847492	71.5442051414494	0	0.012641	0.307829	0.003556	0.028268	0.014524	0.181097	0.060731	0.372412	0.018943
tdj252_ishkashim	37.4160324985161	71.6150211944804	0	0.005224	0.28616	1e-05	0.027435	0.030225	0.149147	0.084627	0.382823	0.034349
tdj255_ishkashim	37.4271294144914	71.6732412333228	0	0.005045	0.276209	1e-05	0.028602	0.02197	0.173987	0.093262	0.391815	0.0091
tdj269_ishkashim	37.350890223356	71.6849557532091	0	0.009232	0.307718	0.004184	0.032401	0.029382	0.152595	0.084959	0.358024	0.021506
tdj305_shugnan	37.4265343615785	71.4988620512281	0	0.01256	0.298163	1e-05	0.037243	0.013594	0.210382	0.055896	0.333154	0.038997
tdj508_rushan	37.3370737928897	71.5248689576611	0	0.004215	0.285551	0.000315	0.035272	0.006361	0.219006	0.072225	0.340782	0.036275
tdj868_rushan	37.3984059548937	71.6894275371078	0	0.011643	0.305251	0.007705	0.045359	0.012147	0.196791	0.041657	0.350424	0.029023
tdj979_shugnan	37.252820544038	71.608218859192	0	1e-05	0.300639	1e-05	0.036054	0.020825	0.202354	0.054081	0.363423	0.022603
Bishkek28442	42.8211016131844	74.7076789900009	0	1e-05	0.112944	1e-05	0.012486	1e-05	0.114208	0.410239	0.080831	0.269262
Bishkek28443	42.9495275436249	74.637420233693	0	0.005107	0.114372	1e-05	0.013595	1e-05	0.126515	0.417044	0.067476	0.255871
Bishkek28445	42.934240703918	74.6436187195871	0	0.013719	0.104278	1e-05	0.003602	0.000706	0.111327	0.396494	0.093249	0.276616
Bishkek28446	42.930827905871	74.5621678964514	0	1e-05	0.107032	0.00639	0.027901	1e-05	0.125244	0.400421	0.086531	0.246461
Bishkek28449	42.9226317568496	74.6978619010002	0	0.003264	0.106654	1e-05	0.009703	0.000128	0.128218	0.424506	0.057504	0.270012
Bishkek28451	42.9043709679786	74.5845286262501	0	1e-05	0.110572	0.001287	0.007573	1e-05	0.117678	0.412611	0.069899	0.28036
Bishkek28452	42.9079194020759	74.5442413291708	0	0.000338	0.109931	0.004996	0.016081	1e-05	0.103543	0.393353	0.095327	0.276421
Bishkek28454	42.8471962311119	74.6005443395861	0	0.000352	0.102018	1e-05	0.011446	1e-05	0.088122	0.42413	0.094275	0.279637
Bishkek28456	42.8337704468798	74.5480235608108	0	1e-05	0.107506	0.000136	0.026605	1e-05	0.111273	0.399097	0.096444	0.258919
HGDP00099	33.540745326085	70.0730091958307	0	0.00574	0.108007	1e-05	0.013152	0.001363	0.13309	0.357856	0.196572	0.18421
HGDP00103	33.4983678704593	70.0925500865094	0	0.006233	0.125853	1e-05	0.016411	0.010826	0.101415	0.351149	0.197551	0.190553
HGDP00106	33.4830531202257	69.9192023952492	0	1e-05	0.162786	1e-05	0.006361	0.017258	0.135351	0.345267	0.186186	0.146771
HGDP00109	33.4291145895142	70.0614794644061	0	0.004157	0.132662	1e-05	0.011837	0.020532	0.108521	0.325909	0.215436	0.180936
HGDP00110	33.4590050711297	70.0861354709137	0	0.004859	0.131228	1e-05	0.014762	0.01234	0.122018	0.350634	0.230843	0.133307
HGDP00115	33.4149970134255	69.9055707546417	0	1e-05	0.148252	1e-05	0.018845	0.011805	0.092223	0.349319	0.193635	0.185901
HGDP00116	33.5255861132406	70.0485736961011	0	0.009257	0.136314	0.003412	0.020975	0.005794	0.107945	0.349648	0.203207	0.163449
HGDP00118	33.5027709028218	69.9400696654338	0	1e-05	0.130209	0.002857	0.020525	0.018144	0.099936	0.329994	0.236839	0.161485
HGDP00120	33.5503444786184	69.9394111709204	0	1e-05	0.136624	0.002066	0.012591	1e-05	0.12359	0.334198	0.220427	0.170484
HGDP00121	33.5711758473888	69.9654122239444	0	1e-05	0.128665	1e-05	0.011605	0.010278	0.105997	0.368019	0.208151	0.167265
HGDP00122	33.5112996195909	70.0543863446452	0	1e-05	0.131025	1e-05	0.005914	0.019622	0.113006	0.351383	0.20965	0.16938
HGDP00124	33.5494105187245	70.0619394639973	0	0.001684	0.143537	1e-05	0.020434	0.013763	0.116039	0.330363	0.214894	0.159277
HGDP00125	33.4238872154616	70.059883365361	0	1e-05	0.129708	0.000422	0.01026	0.012491	0.112717	0.369019	0.209511	0.155861
HGDP00127	33.5108446417842	70.0746898134705	0	0.001342	0.142379	0.007111	0.008319	0.005387	0.117638	0.346628	0.186422	0.184777
HGDP00336	36.5004335582722	73.9561903839931	0	0.002668	0.216524	0.003439	0.024931	0.045713	0.052388	0.185083	0.433077	0.036176
HGDP00338	36.5292385992594	74.0333913264796	0	0.002036	0.235023	0.003366	0.01669	0.038873	0.079545	0.154774	0.433762	0.035931
HGDP00341	36.5894958790392	73.9662806360051	0	0.00888	0.237843	0.003782	0.010511	0.046767	0.05616	0.154499	0.443575	0.037981
HGDP00346	36.4866608074401	74.0271293603815	0	1e-05	0.224165	1e-05	0.003933	0.042923	0.071374	0.182891	0.448662	0.026032
HGDP00351	36.4486463242676	73.9031395102851	0	0.016652	0.225037	0.002272	0.010096	0.035325	0.070474	0.166077	0.457865	0.016202
HGDP00356	36.4676610760856	73.9886510632466	0	0.004123	0.236171	1e-05	0.02234	0.044181	0.05337	0.163116	0.451426	0.025263
HGDP00359	36.4349440110847	74.0133516316302	0	0.015077	0.202863	0.003128	0.020779	0.045174	0.055724	0.166341	0.472114	0.0188
HGDP00364	36.569193512667	73.9935947605874	0	1e-05	0.225534	1e-05	0.012916	0.046626	0.07799	0.157137	0.448801	0.030975
HGDP00371	36.5174146759324	73.9938036075328	0	0.007343	0.237027	0.00225	0.026184	0.046093	0.053101	0.161998	0.42906	0.036943
HGDP00372	36.4665125763975	74.0172059431206	0	0.007402	0.225774	1e-05	0.014539	0.043649	0.052548	0.170808	0.454294	0.030976
HGDP00382	36.5852023686748	73.9093519701157	0	0.022691	0.221407	0.001783	0.015104	0.043635	0.069377	0.171215	0.438813	0.015975
HGDP00388	36.495090435259	74.0014801266603	0	0.002707	0.209867	0.003962	0.012468	0.045505	0.064607	0.165481	0.48146	0.013943
HGDP00392	36.5088308372069	73.9486771109048	0	0.008738	0.228044	1e-05	0.018036	0.039829	0.057403	0.166354	0.460968	0.020619
HGDP00402	36.4181503673084	73.9460413607769	0	0.009528	0.226536	0.002337	0.017639	0.032251	0.070534	0.170723	0.440121	0.03033
HGDP00407	36.454950872669	73.9339464880992	0	0.006098	0.221442	1e-05	0.018327	0.047061	0.054238	0.179229	0.444535	0.029061
HGDP00412	36.4314505896531	73.967363203736	0	0.005445	0.235621	1e-05	0.023497	0.043821	0.05613	0.154114	0.450929	0.030432
HGDP00417	36.5175601327326	74.0518374761101	0	0.012953	0.224574	0.006948	0.025018	0.04245	0.04782	0.154758	0.456275	0.029204
HGDP00423	36.5679988204036	74.0967108659912	0	0.004689	0.218914	0.00492	0.012075	0.035451	0.076929	0.166946	0.443331	0.036745
HGDP00428	36.486899166787	74.0958633448929	0	1e-05	0.245456	1e-05	0.016537	0.034148	0.083205	0.15649	0.433578	0.030566
HGDP00433	36.5065058281645	73.9144886938855	0	0.006892	0.253426	0.003434	0.019377	0.041185	0.044792	0.147029	0.465458	0.018407
HGDP00438	36.4206597687211	74.0081977515016	0	0.011079	0.237151	1e-05	0.011195	0.040642	0.067732	0.170876	0.449856	0.011458
HGDP00444	36.56992427269	74.0421831729356	0	0.005314	0.240898	1e-05	0.007068	0.040206	0.054664	0.137258	0.473344	0.041238
HGDP00445	36.4819446625654	73.9251703482121	0	0.010513	0.232552	1e-05	0.011336	0.040812	0.065285	0.172691	0.450195	0.016607
HGDP00267	35.8918928393722	71.5971160467714	0	1e-05	0.286212	1e-05	0.014862	0.026643	0.036465	0.059489	0.558189	0.01812
HGDP00277	35.9949412312917	71.4903773203492	0	0.010563	0.269398	1e-05	0.014218	0.029545	0.06009	0.068326	0.54784	1e-05
HGDP00281	35.9683420304302	71.5817955068778	0	1e-05	0.273915	1e-05	0.022823	0.031292	0.053578	0.077085	0.534783	0.006504
HGDP00285	36.0798701555561	71.4304078485817	0	1e-05	0.289638	1e-05	0.017596	0.032554	0.053541	0.061665	0.538051	0.006936
HGDP00286	36.0654363426007	71.445463445317	0	0.006776	0.284004	1e-05	0.007388	0.032224	0.031146	0.067111	0.564034	0.007308
HGDP00288	35.9116771362815	71.5897831180133	0	0.009393	0.27028	1e-05	0.020651	0.038891	0.043	0.064442	0.553323	1e-05
HGDP00290	35.9065019903798	71.5097215711605	0	0.009169	0.269075	1e-05	0.017547	0.036819	0.047378	0.078593	0.541398	1e-05
HGDP00298	35.9077221985534	71.4643406278919	0	1e-05	0.277304	1e-05	0.023521	0.032579	0.044673	0.072241	0.548291	0.001371
HGDP00302	35.9538890607748	71.4576913329307	0	1e-05	0.279721	1e-05	0.027673	0.03312	0.047626	0.077894	0.527374	0.006573
HGDP00307	36.044700282542	71.5960185273085	0	0.008563	0.273202	1e-05	0.032433	0.028974	0.047942	0.077313	0.531552	1e-05
HGDP00311	36.0444931059238	71.4920101314317	0	1e-05	0.27617	1e-05	0.022934	0.03186	0.050077	0.078559	0.528501	0.011878
HGDP00313	36.054016268868	71.4403762905393	0	0.00352	0.274573	1e-05	0.021232	0.034491	0.027652	0.077083	0.561429	1e-05
HGDP00315	35.8911972161476	71.5108361208346	0	1e-05	0.281782	1e-05	0.027926	0.02924	0.050272	0.082241	0.528508	1e-05
HGDP00319	35.9135650850926	71.431544867903	0	1e-05	0.28265	1e-05	0.006852	0.030628	0.056396	0.078681	0.544762	1.1e-05
HGDP00323	36.0880529504828	71.4826688484289	0	0.003348	0.28046	1e-05	0.01536	0.025788	0.057846	0.06993	0.547249	1e-05
HGDP00328	35.8925787277613	71.410607853625	0	0.009832	0.310318	1e-05	0.007821	0.028137	0.029946	0.062058	0.551477	4e-04
HGDP00330	35.9150577276573	71.5193195426371	0	1e-05	0.287069	1e-05	0.010945	0.03367	0.033181	0.0719	0.55232	0.010894
HGDP00333	35.9860422957782	71.4096016720403	0	0.005603	0.282553	1e-05	0.015585	0.036886	0.053805	0.069604	0.535945	1e-05
HGDP00052	30.5308067467064	66.5847237242386	0	1e-05	0.198716	0.001656	0.016426	0.028981	0.112924	0.0569	0.584378	1e-05
HGDP00054	30.5931499837432	66.4406749047805	0	1e-05	0.21093	0.001861	0.015575	0.025874	0.145249	0.03966	0.56083	1e-05
HGDP00056	30.4166397101246	66.4630083144642	0	1e-05	0.186047	0.003466	0.015978	0.047803	0.08069	0.096006	0.555924	0.014076
HGDP00058	30.5116403967608	66.5675920336973	0	1e-05	0.198933	1e-05	0.029222	0.042497	0.087379	0.064643	0.56677	0.010536
HGDP00062	30.4355881510768	66.5138038310222	0	1e-05	0.177651	0.020022	0.010152	0.034868	0.147027	0.040746	0.569515	1e-05
HGDP00064	30.4714533452876	66.4965220232029	0	0.005134	0.174852	0.009801	0.009418	0.020697	0.149043	0.044954	0.583259	0.002842
HGDP00066	30.5787332225125	66.5917997338343	0	0.012485	0.211004	0.005423	0.009581	0.030451	0.12525	0.052179	0.553618	1e-05
HGDP00068	30.5836442497559	66.4745976330712	0	0.002702	0.18389	0.004596	0.021096	0.02598	0.128806	0.085385	0.521118	0.026427
HGDP00072	30.4910309104249	66.4541136541404	0	0.012111	0.213427	0.00349	0.0084	0.028754	0.125917	0.044979	0.562912	1e-05
HGDP00074	30.5647106169257	66.4404729709961	0	1e-05	0.160921	0.000534	0.021111	0.024373	0.132534	0.056825	0.603682	1e-05
HGDP00078	30.4960333045572	66.553197066579	0	1e-05	0.205603	0.05213	1e-05	0.014734	0.150799	0.046407	0.520961	0.009346
HGDP00080	30.4279959446751	66.4028476122767	0	0.002788	0.177453	0.011747	0.009724	0.018101	0.132621	0.056926	0.588974	0.001665
HGDP00082	30.4122156349942	66.5657505529467	0	0.003183	0.230538	1e-05	0.011515	0.031004	0.136926	0.055445	0.53137	1e-05
HGDP00086	30.5853338878602	66.5305407794192	0	1e-05	0.192211	0.005474	0.017733	0.023014	0.114477	0.034384	0.60255	0.010148
HGDP00088	30.4810058774427	66.5530501446221	0	0.00142	0.20459	0.010761	0.005009	0.02377	0.133281	0.055229	0.565929	1e-05
HGDP00090	30.4437578823417	66.4644191588275	0	1e-05	0.18606	0.023214	0.02125	0.030961	0.084014	0.078944	0.568248	0.007299
HGDP00092	30.5748062584549	66.4705587008502	0	1e-05	0.186342	0.011723	0.009041	0.043505	0.072614	0.073248	0.603507	1e-05
HGDP00094	30.4323032608256	66.540588047402	0	0.003664	0.205825	0.011993	0.002974	0.032347	0.12039	0.064425	0.552014	0.006369
HGDP00096	30.5090441645589	66.5421462425496	0	1e-05	0.194373	0.01774	0.014443	0.024721	0.092692	0.071468	0.584543	1e-05
HGDP00098	30.4210659313481	66.5542743452359	0	1e-05	0.202639	0.04148	0.001929	0.028561	0.109719	0.070131	0.540962	0.004569
HGDP00001	30.4606981626246	66.5189516056329	0	0.004177	0.194697	0.01497	0.028438	0.033273	0.09756	0.053084	0.57379	1e-05
HGDP00003	30.4873678741977	66.4246138760354	0	1e-05	0.195509	0.009692	0.003193	0.031341	0.123255	0.0556	0.579591	0.001809
HGDP00005	30.5293362316675	66.5092361941934	0	0.005206	0.189355	0.010396	0.008879	0.028056	0.114626	0.051594	0.572278	0.01961
HGDP00007	30.4524374988861	66.563703198079	0	1e-05	0.188495	0.009744	0.009325	0.02015	0.120675	0.063033	0.588557	1e-05
HGDP00011	30.4180417640135	66.4580143350642	0	1e-05	0.198483	1e-05	0.006795	0.022182	0.116994	0.067606	0.586455	0.001465
HGDP00015	30.4473698858172	66.5415955331177	0	1e-05	0.187045	0.0024	0.007175	0.02879	0.119237	0.055427	0.599906	1e-05
HGDP00017	30.4586015357636	66.4832637426443	0	0.003201	0.186642	0.003153	0.011011	0.035623	0.124488	0.04869	0.587182	1e-05
HGDP00019	30.5211127368268	66.4194713451434	0	0.016393	0.19291	0.00639	0.004213	0.03226	0.158831	0.067128	0.512375	0.0095
HGDP00021	30.4244459518697	66.5643157946411	0	1e-05	0.182338	0.030857	0.015693	0.042204	0.110894	0.035552	0.582442	1e-05
HGDP00023	30.4692891705316	66.4461275060661	0	0.004369	0.18151	0.005623	0.016556	0.026379	0.105737	0.039569	0.609645	0.010611
HGDP00025	30.4075253935531	66.4504544542171	0	0.004753	0.197163	1e-05	0.020682	0.028864	0.108218	0.053814	0.586487	1e-05
HGDP00027	30.5111708269455	66.411402200209	0	0.007754	0.199224	0.026661	0.010727	0.034194	0.111265	0.056394	0.553771	1e-05
HGDP00031	30.4524750458077	66.5059421725105	0	0.005608	0.19891	0.012205	0.022782	0.030438	0.107764	0.06253	0.559754	1e-05
HGDP00033	30.4535449474584	66.4790223777294	0	0.000321	0.181133	0.004662	0.020979	0.029728	0.124837	0.054777	0.583554	1e-05
HGDP00035	30.5778982473537	66.4742349931505	0	0.003688	0.18304	0.020245	0.006051	0.030441	0.091467	0.065875	0.599184	1e-05
HGDP00037	30.4226370144635	66.5948817675468	0	0.000641	0.196244	0.00104	0.028681	0.030239	0.121668	0.066827	0.55465	1e-05
HGDP00039	30.4739252370782	66.5258733801078	0	0.000475	0.190341	0.030631	0.006947	0.049095	0.092196	0.078236	0.543524	0.008556
HGDP00043	30.530507497862	66.4782374264672	0	0.003376	0.186156	0.032702	0.020557	0.035531	0.117774	0.045602	0.556744	0.001558
HGDP00045	30.4366958977655	66.5349920507986	0	0.002351	0.201501	0.002413	0.014792	0.028244	0.107153	0.05469	0.588847	1e-05
HGDP00047	30.4409765083808	66.5134671545588	0	0.001836	0.172339	0.054072	0.014632	0.032835	0.152615	0.039178	0.532484	1e-05
HGDP00049	30.4085906313267	66.4094382384792	0	1e-05	0.21081	0.017087	0.006149	0.028898	0.121245	0.052629	0.562293	0.00088
HGDP00213	33.4168295885529	70.4420877064113	0	1e-05	0.241961	1e-05	0.033014	0.043049	0.117317	0.069211	0.479109	0.016319
HGDP00216	33.4955646328256	70.5949115790892	0	0.005424	0.221711	0.002095	0.023508	0.038671	0.112053	0.108535	0.480835	0.007167
HGDP00218	33.4255375618208	70.4220124623273	0	3.8e-05	0.245787	1e-05	0.028459	0.034767	0.121549	0.079479	0.463902	0.026009
HGDP00222	33.45603599675	70.5218148141168	0	0.008312	0.238996	1e-05	0.011765	0.048579	0.102719	0.100048	0.489559	1e-05
HGDP00224	33.5864557088446	70.5673071176745	0	0.009005	0.249287	6.9e-05	0.028199	0.039536	0.119498	0.087679	0.465301	0.001427
HGDP00226	33.4817332247365	70.5039928784594	0	0.01167	0.227263	0.002823	0.010429	0.040778	0.141415	0.087597	0.455834	0.02219
HGDP00228	33.4909476026986	70.4790847431403	0	1e-05	0.238042	0.007465	0.020057	0.043097	0.089971	0.104899	0.486869	0.00959
HGDP00230	33.467250724379	70.439274240518	0	0.011686	0.232958	0.00773	0.026767	0.045588	0.093145	0.100481	0.479297	0.002349
HGDP00232	33.47784121559	70.4544369325973	0	0.002304	0.233327	0.003449	0.023762	0.045006	0.062476	0.108885	0.519942	0.000849
HGDP00241	33.5752885781322	70.5875423087273	0	0.003821	0.258637	1e-05	0.021244	0.040582	0.122061	0.07725	0.473565	0.00283
HGDP00243	33.5771113006957	70.5357025905512	0	0.004891	0.263523	0.005141	1e-05	0.024588	0.136374	0.068614	0.484683	0.012177
HGDP00244	33.5704633840919	70.5486175061204	0	0.003073	0.243711	0.000239	0.009871	0.040803	0.113562	0.104285	0.474195	0.01026
HGDP00247	33.5557130307052	70.5908848608844	0	1e-05	0.241928	0.00299	0.018912	0.040709	0.094904	0.090261	0.486689	0.023598
HGDP00248	33.4548447027896	70.5700606966391	0	0.001333	0.23081	0.002058	0.023021	0.053353	0.082154	0.091076	0.499855	0.01634
HGDP00254	33.5098758111801	70.5153117302339	0	0.003212	0.247848	1e-05	0.019963	0.032181	0.120186	0.080881	0.486031	0.009687
HGDP00258	33.4595125170052	70.5321866876911	0	0.000135	0.230701	0.002444	0.02303	0.055627	0.068546	0.105582	0.488609	0.025328
HGDP00259	33.5606398423761	70.5267558248714	0	0.005589	0.259755	0.001396	0.025293	0.024708	0.105422	0.082747	0.484238	0.01085
HGDP00262	33.5347550958488	70.5135697629768	0	1e-05	0.245082	5.3e-05	0.022136	0.036511	0.112711	0.096166	0.4823	0.005031
HGDP00264	33.4849378832243	70.4438037733547	0	0.020158	0.231112	0.004047	0.024736	0.04	0.096072	0.101202	0.478896	0.003777
HG02491	31.5800557191949	74.3303544532973	0	0.001198	0.205214	1e-05	0.023424	0.069419	0.033681	0.152715	0.509316	0.005023
HG02600	31.5943150406238	74.2244000438601	0	0.001001	0.192684	0.005799	0.025737	0.08321	0.00658	0.187749	0.493295	0.003945
HG02601	31.5076949267648	74.3140475708526	0	0.010199	0.183126	0.013198	0.037305	0.082798	0.008554	0.165344	0.499466	1e-05
HG02687	31.5698644122574	74.3702408883721	0	0.008948	0.163995	0.010631	0.01966	0.102431	1e-05	0.19971	0.494605	1e-05
HG02688	31.510001187725	74.3870297545102	0	1e-05	0.177457	0.003673	0.028222	0.088592	1e-05	0.21957	0.482457	1e-05
HG02724	31.5452833985444	74.3597204943653	0	0.008588	0.174535	0.006648	0.028205	0.090918	1e-05	0.211631	0.474423	0.005042
HG02783	31.5838560780045	74.3324364337139	0	1e-05	0.179204	0.006237	0.02695	0.08723	1e-05	0.214137	0.486211	1e-05
HG02790	31.4311679668259	74.3370843296871	0	0.012168	0.166744	0.009099	0.027187	0.102286	1e-05	0.206234	0.476262	1e-05
HGDP01347	35.9746423284523	100.907514687162	0	0.006794	0.019493	0.001297	0.004678	0.009527	0.009852	0.780263	0.028441	0.139656
HGDP01348	36.0558705028146	100.999658037862	0	0.007154	0.021507	0.005404	0.004667	0.013796	0.024555	0.743225	0.027618	0.152074
HGDP01349	35.9309459857177	101.085525424778	0	0.004344	0.003053	0.001201	1e-05	0.00725	0.026207	0.784719	0.017801	0.155415
HGDP01350	35.9728941128589	100.948425811809	0	1e-05	0.016901	0.000831	0.001306	0.010045	0.028343	0.730853	0.03906	0.172651
HGDP01351	36.0733147274703	101.092651443603	0	1e-05	0.015469	1e-05	0.003202	0.005947	0.011991	0.77717	0.040561	0.145639
HGDP01352	36.0396389401052	100.964835771732	0	9e-04	0.021861	0.002833	0.000204	0.006366	0.01226	0.777206	0.022767	0.155604
HGDP01353	36.0706139777321	101.056044296594	0	0.003172	0.031595	1e-05	0.007367	0.006829	0.028944	0.744079	0.016366	0.161638
HGDP01354	35.9081280399114	100.905139678763	0	0.002262	0.018133	0.002619	0.000552	1e-05	0.012777	0.806372	0.025458	0.131817
HGDP01355	36.0715270727873	101.098406850221	0	0.003719	0.018201	0.003842	0.005231	0.007001	0.009953	0.777408	0.021912	0.152733
HGDP01356	35.9622870401479	101.081053845305	0	1e-05	0.021117	1e-05	0.006709	0.011288	0.013715	0.76126	0.043458	0.142434
HGDP01244	43.5657187514938	81.5296043525916	0	1e-05	0.005943	0.001135	1e-05	0.000415	0.018512	0.724773	0.013184	0.236018
HGDP01245	43.4534860620741	81.5778289897833	0	1e-05	1e-05	1e-05	1e-05	1e-05	0.021412	0.734188	1e-05	0.24434
HGDP01246	43.5742042935453	81.5613748346455	0	1e-05	1e-05	1e-05	1e-05	0.000758	0.010116	0.735331	0.007967	0.245788
HGDP01248	43.4692122699227	81.4759459023364	0	1e-05	0.012456	0.001867	0.005873	1e-05	0.026558	0.702906	0.020859	0.229462
HGDP01249	43.5576604668982	81.513758524321	0	0.001662	0.006011	1e-05	1e-05	1.2e-05	0.008513	0.745512	0.014288	0.223981
HGDP01250	43.4595046170987	81.4249675252475	0	1e-05	1e-05	1e-05	1e-05	1e-05	0.035172	0.720126	0.011873	0.232779
HGDP01251	43.4814354809467	81.5276357830502	0	0.001081	0.00119	0.003014	1e-05	0.008547	0.015141	0.761158	0.003151	0.206707
HGDP01297	43.901291650394	81.0485579425935	0	0.009882	0.149201	0.004863	0.019845	0.007611	0.133801	0.339412	0.210877	0.124507
HGDP01298	43.9629684205633	81.0635929073207	0	1e-05	0.185005	1e-05	0.017289	0.014425	0.145571	0.309674	0.210054	0.117962
HGDP01299	44.0126233713701	81.0859226973262	0	0.010707	0.142613	1e-05	0.02147	0.008776	0.125495	0.360968	0.19033	0.13963
HGDP01300	44.0839846994262	81.0679129242431	0	0.010494	0.158406	1e-05	0.015981	0.012578	0.129657	0.322464	0.20323	0.14718
HGDP01301	43.9328060015105	80.963631901145	0	0.005631	0.145856	0.002811	0.019923	0.009304	0.121536	0.356069	0.182589	0.156282
HGDP01302	43.9332492376212	81.0443590474315	0	0.0074	0.10704	1e-05	0.023006	0.00759	0.108812	0.390037	0.122434	0.233672
HGDP01303	43.9709246295039	81.0458537102677	0	0.006643	0.159799	1e-05	0.014251	0.016529	0.150787	0.327445	0.208453	0.116083
HGDP01304	44.0996343528852	81.0507084858138	0	0.005251	0.118415	1e-05	0.006382	0.003332	0.119188	0.411941	0.175523	0.159957
HGDP01305	44.0693978413474	81.0998591199983	0	0.004877	0.13388	0.006767	0.008792	0.00685	0.121173	0.393333	0.154235	0.170094
HGDP01306	43.9931833411101	80.9737812569365	0	0.004314	0.157554	0.004123	0.006164	0.00927	0.129386	0.36698	0.174827	0.147382
kalmyk9	46.1359898809157	45.3368599412125	0	0.011843	0.066617	1e-05	0.01274	0.002214	0.098481	0.449683	0.032692	0.325719
kalmyk11	46.1700105807092	45.429873748878	0	0.000725	0.070718	0.002077	1e-05	0.006482	0.086358	0.461501	0.033338	0.338791
kalmyk13	46.2546159006935	45.2570543780085	0	1e-05	0.059424	1e-05	0.008345	1e-05	0.061699	0.483525	0.044506	0.34247
kalmyk14	46.1247435187735	45.3098455681093	0	1e-05	0.047916	0.001774	0.019977	1e-05	0.069557	0.494856	0.038529	0.32737
kalmyk22	46.1699605837744	45.2706924422272	0	4.8e-05	0.066293	0.000672	0.008843	0.002877	0.067041	0.500609	0.045644	0.307972
kalmyk32	46.2136418105382	45.3435798894241	0	0.003511	0.066603	0.000641	0.004128	0.000869	0.068123	0.480383	0.045076	0.330666
kalmyk39	46.2435124081839	45.3954799023084	0	1e-05	0.05563	1e-05	0.002322	1e-05	0.060795	0.484973	0.033128	0.363121
kalmyk44	46.2607024036627	45.3532655257825	0	1e-05	0.054724	0.005626	0.008544	1e-05	0.072694	0.490504	0.04375	0.324139
kalmyk55	46.0750606478937	45.3996569793765	0	1e-05	0.069849	0.003678	1e-05	1.5e-05	0.073393	0.520365	0.023688	0.308992
kalmyk67	46.266048129769	45.3788228412252	0	1e-05	0.055195	0.001125	0.02607	0.003006	0.062002	0.47908	0.045319	0.328192
Mansi43	60.2043468229473	66.5396574652568	0	0.023607	0.286209	1e-05	0.076107	1e-05	0.167913	0.112601	0.03251	0.301033
Mansi48	60.114595319191	66.3746116270125	0	0.003602	0.285523	0.001812	0.044856	0.0038	0.1527	0.131815	0.020077	0.355815
Mansi56	60.261595482938	66.4317693123408	0	0.003846	0.281639	1e-05	0.081671	0.006088	0.114791	0.108607	0.035748	0.367599
Mansi76	63.8965739641339	61.5379754198249	0	0.001559	0.271029	0.001828	0.047987	0.007086	0.091869	0.134943	0.043473	0.400225
Mansi79	63.7052589362487	61.4410014083609	0	0.019883	0.264298	1e-05	0.052873	0.008969	0.105853	0.15221	0.024653	0.371251
Mansi84	63.8632476001047	61.5003740880638	0	0.000253	0.272903	1e-05	0.053885	1e-05	0.110758	0.145763	0.008542	0.407876
Mansi91	63.8515255912673	61.430338771781	0	0.001235	0.284717	1e-05	0.051629	1e-05	0.128054	0.134767	0.016019	0.383559
Mansi94	63.8845473227557	61.427098298911	0	0.004791	0.288942	0.000249	0.045968	0.002824	0.127644	0.123891	0.005859	0.399832
Tuba1	51.2095537744183	86.940391554404	0	0.003499	0.229699	1e-05	0.029198	1.1e-05	0.088408	0.266964	0.069782	0.312429
Tuba2	51.0915395850036	86.9091850644909	0	0.012319	0.220084	1e-05	0.046258	1e-05	0.119819	0.276948	0.058116	0.266436
Tuba6	51.0701989866048	87.0930654529482	0	0.014385	0.219455	1e-05	0.012807	0.004471	0.096587	0.278557	0.067482	0.306246
Tuba9	51.1044546492118	87.0471919596195	0	0.004854	0.21965	1e-05	0.017695	1e-05	0.084033	0.302082	0.068643	0.303023
Tuba10	51.206805954054	87.025108595239	0	0.00422	0.23427	1e-05	0.019128	1e-05	0.107811	0.251621	0.091549	0.291382
Tuba11	51.0841544124484	87.0361735637765	0	0.008097	0.243559	1e-05	0.033068	1.8e-05	0.107561	0.243331	0.078017	0.286341
Tuba12	51.1233928253595	87.0927305973135	0	0.015467	0.215554	1e-05	0.027444	0.000579	0.085545	0.30218	0.069029	0.284192
Tuba13	51.0563231724035	87.0808696678374	0	0.013678	0.216353	0.005839	0.028763	1e-05	0.08888	0.27027	0.08206	0.294146
Tuba15	51.0798967895284	86.9602878308855	0	0.006521	0.222926	0.00116	0.025439	1e-05	0.085372	0.288555	0.073912	0.296106
Tuba16	51.1208585720696	87.0436120642349	0	0.000615	0.185833	0.006679	0.032722	1e-05	0.072364	0.30188	0.070088	0.329809
Tuba17	51.0637774461601	87.0026574307121	0	0.009928	0.189807	0.000604	0.019717	1e-05	0.087093	0.301491	0.06692	0.324429
Tuba18	51.065730731627	87.0985041831154	0	0.017045	0.219531	0.003199	0.038156	0.000413	0.074072	0.290908	0.066222	0.290453
Tuba19	51.1524665194284	87.0688866768032	0	0.013971	0.209392	1e-05	0.025906	0.003124	0.087101	0.28169	0.067469	0.311337
Tuba20	51.1887259555236	86.9430907628965	0	0.030284	0.205459	1e-05	0.013828	0.004393	0.096896	0.27065	0.082275	0.296204
Tuba21	51.1420221402962	87.0878262060229	0	0.006335	0.21583	0.000851	0.016149	1e-05	0.089568	0.28475	0.06342	0.323086
Tuba22	51.0571929656155	87.0717722419649	0	0.021573	0.209377	1e-05	0.028149	1e-05	0.082262	0.273118	0.078243	0.307259
Tuba23	51.1892173422687	87.0398923736997	0	0.015083	0.210197	1e-05	0.024429	1e-05	0.090944	0.292076	0.072539	0.294713
Tuba24	51.1746335948538	87.0578607334755	0	0.010705	0.222193	1e-05	0.025245	1e-05	0.083306	0.291598	0.074426	0.292508
Tuba25	51.1300066628214	87.0132365635131	0	0.017496	0.230472	1e-05	0.026409	1e-05	0.115208	0.257416	0.076488	0.276492
Tuba29	51.046647402104	86.9656697338447	0	1e-05	0.218864	1e-05	0.014482	0.009902	0.083485	0.304304	0.072465	0.296476
Tuba30	51.1419763451163	87.0909362023696	0	0.023564	0.195317	0.000961	0.037041	1e-05	0.074904	0.298382	0.058922	0.3109
Tuba31	51.135899841059	86.9960098175798	0	0.000593	0.22846	1e-05	0.015104	0.002065	0.081815	0.272243	0.089356	0.310353
altai280p	51.8380980223417	85.8868394512683	0	0.003439	0.105418	0.002255	0.017728	0.003791	0.086159	0.384318	0.0553	0.341591
altai283p	51.8650207049213	85.8554160699714	0	1e-05	0.123646	1e-05	0.013638	1e-05	0.082636	0.391692	0.04882	0.339538
altai363p	51.9321517185308	85.9320140726399	0	0.001411	0.09074	1e-05	0.017839	1e-05	0.065432	0.419689	0.067608	0.33726
altai380k	51.8718748362735	85.9129387825728	0	0.004982	0.121219	0.002995	0.014809	1e-05	0.077955	0.366459	0.051484	0.360086
altai409k	51.8280590384733	85.93184958864	0	1e-05	0.114041	0.002392	0.009643	0.006338	0.077039	0.363128	0.043106	0.384302
altai419A	51.9524943929166	85.8622829393018	0	0.00065	0.123322	0.001086	0.013874	1e-05	0.104905	0.364769	0.046442	0.344942
altai431k	51.8083331467584	85.9713160020765	0	0.007855	0.121602	1e-05	0.01345	1e-05	0.075754	0.36633	0.07168	0.343309
Selkup4	65.5044157442823	82.3061464574188	0	0.016746	0.277663	1e-05	0.024876	0.001192	0.064517	0.15097	0.019568	0.444459
Selkup4a	65.5769565124717	82.2335307821631	0	0.000571	0.16562	1e-05	0.021898	1e-05	0.040813	0.211803	0.013612	0.545663
Selkup21	65.4434689191356	82.2085364417173	0	0.027463	0.267335	1e-05	0.044199	1e-05	0.088268	0.140655	0.017737	0.414323
Selkup38	65.4395699457452	82.3769821680617	0	0.006485	0.226338	1e-05	0.026482	1e-05	0.057466	0.17072	0.014915	0.497574
Selkup82	65.5874960877188	82.3235088201705	0	0.007044	0.21818	0.000756	0.039966	0.003409	0.065161	0.161269	0.003585	0.500631
Selkup83	65.4486858498957	82.3488493707962	0	0.005005	0.127439	0.000743	0.021309	1e-05	0.049346	0.233082	0.005887	0.557179
Selkup87	65.5426091464423	82.2039260683116	0	1e-05	0.083082	1e-05	0.012609	1e-05	0.028678	0.253199	0.007446	0.614956
Selkup105	65.452426088294	82.385509271035	0	0.018088	0.27945	0.001094	0.083178	0.003909	0.227773	0.095019	0.034922	0.256566
Selkup121	65.5272746496555	82.2187364607118	0	0.011968	0.230408	0.000527	0.025171	0.006266	0.040174	0.190049	0.012049	0.483389
Selkup220	65.5416945399437	82.2122519158758	0	0.017609	0.255686	1e-05	0.04509	0.003107	0.123205	0.154847	0.015659	0.384788
Tuvinians51	50.2259985471983	95.11036399276	0	1e-05	0.08061	0.001223	0.001831	0.002442	0.043353	0.43505	0.019301	0.416179
Tuvinians54	50.3127887724806	95.2522671416774	0	1e-05	0.076244	0.002955	0.002658	1e-05	0.057732	0.457097	0.026698	0.376596
Tuvinians56	50.2751548608672	95.0890838617366	0	1e-05	0.054772	0.000704	0.005989	1e-05	0.040533	0.472384	0.025598	0.399999
Tuvinians61	50.2187434009183	95.0608509773761	0	0.000663	0.067651	0.003732	0.000817	0.006512	0.054603	0.475415	0.025959	0.364648
Tuvinians64	50.3412417401466	95.2558997351583	0	0.005497	0.093457	1e-05	0.008173	1e-05	0.048261	0.371028	0.031785	0.441779
Tuvinians66	50.3513620034233	95.2265112331975	0	1e-05	0.061407	1e-05	0.008684	1e-05	0.045487	0.464277	0.018964	0.401152
Tuvinians67	50.3169936503191	95.0677034274582	0	0.004065	0.087898	0.001701	0.008488	0.000856	0.055851	0.386145	0.018973	0.436024
Tuvinians85	50.2559241981618	95.1201917490363	0	1e-05	0.091273	0.005916	0.000893	1e-05	0.052913	0.405605	0.034342	0.409038
Tuvinians86	50.3077250605356	95.2267638956103	0	1e-05	0.083477	1e-05	1e-05	0.002072	0.054397	0.421854	0.028191	0.40998
Tuvinians111	50.3435378353018	95.1156733755395	0	1e-05	0.088796	1e-05	0.006279	1e-05	0.055619	0.394126	0.043824	0.411326
ADR00504	71.0529811888468	94.986305442173	0	1e-05	0.016684	1e-05	0.006533	1e-05	1e-05	0.225399	1e-05	0.751333
ADR00507	71.0943270274904	94.9183615503833	0	1e-05	0.017522	0.002352	1e-05	0.001835	1e-05	0.230729	0.004205	0.743327
ADR00508	70.9414376722649	95.0464557664935	0	1e-05	0.031258	1e-05	0.000955	1e-05	1e-05	0.232954	1e-05	0.734783
ADR00509	70.9736182613298	94.9605327953119	0	1e-05	0.010391	1e-05	0.009189	1e-05	0.003573	0.237434	1e-05	0.739373
ADR00510	71.0581779076718	94.9478640701622	0	1e-05	0.011747	1e-05	1e-05	1e-05	1e-05	0.229943	1e-05	0.75825
ADR00511	71.0504022397567	95.0223281636834	0	1e-05	0.015312	1e-05	1e-05	1e-05	1e-05	0.214508	1e-05	0.770121
ADR00512	70.9653451169841	95.044020262314	0	1e-05	0.012123	1e-05	1e-05	1e-05	1e-05	0.225303	1e-05	0.762515
ADR00513	70.9916753937025	94.9150336636696	0	1e-05	1e-05	1e-05	0.006279	1e-05	1e-05	0.221524	1e-05	0.772137
ADR00514	71.047943899082	95.0076623767614	0	1e-05	0.035467	1e-05	0.006054	1e-05	1e-05	0.23643	1e-05	0.721999
ADR00515	71.0322546459269	95.0828048089054	0	1e-05	0.019541	1e-05	0.000818	1e-05	1e-05	0.237538	1e-05	0.742052
Nov_005	71.8999998155516	102.547208396625	0	1e-05	0.002542	1e-05	1e-05	1e-05	1e-05	0.223596	1e-05	0.773802
Klei10	40.2442624133918	21.7139127651788	6062.5	0.003458	0.003155	0.001184	0.010197	0.002423	0.871815	1e-05	0.107748	1e-05
Pal7	40.5723488661367	22.4135243907571	6351	0.00331	0.009159	0.004872	0.01921	0.003318	0.861288	1e-05	0.09351	0.005322
Rev5	40.425659673633	22.5664102566801	8301	0.004486	1e-05	0.007011	0.011136	1e-05	0.906605	1e-05	0.066101	0.00463
R11	41.9117927463166	13.4919399634097	11908	1e-05	1e-05	1e-05	0.99992	1e-05	1e-05	1e-05	1e-05	1e-05
R7	41.9040595626831	13.5107671760116	10681.5	1.1e-05	1e-05	1e-05	0.999919	1e-05	1e-05	1e-05	1e-05	1e-05
R15	41.9431922569778	13.5841704067402	9124.5	1e-05	1e-05	1e-05	0.99992	1e-05	1e-05	1e-05	1e-05	1e-05
R2	42.004855554169	13.6190045138914	7984	0.002661	0.000693	0.001066	0.053136	0.01057	0.861906	1e-05	0.069948	1e-05
R3	41.9284761177283	13.4746426079515	7729.5	1e-05	0.007009	0.007225	0.02632	0.004577	0.891121	1e-05	0.063718	1e-05
R8	41.9363162118383	13.5238753744029	7723.5	0.003285	0.00963	0.002511	0.046103	0.002554	0.846669	1e-05	0.08723	0.002009
R10	41.9948558488768	13.5296750075743	7629	0.002842	1e-05	0.004142	0.043383	0.00092	0.871356	1e-05	0.073542	0.003795
R9	41.9950358326919	13.6003961853776	7496	0.002596	1.2e-05	1e-05	0.032405	1e-05	0.867881	1e-05	0.097066	1e-05
R6	41.9651590017509	13.6058354408108	7159.5	0.002253	1e-05	1e-05	0.21661	0.001028	0.758851	0.004099	0.017128	1e-05
R4	41.8769116052799	13.4784632260073	4865	0.000481	0.000116	0.001376	0.120065	1e-05	0.828557	1e-05	0.045486	0.003898
R5	42.0029883000907	13.4597262546513	4839.5	1e-05	1.5e-05	0.002213	0.128571	0.003513	0.843585	1e-05	0.022074	1e-05
NEO695	43.1736889635399	13.1112695167679	7299	0.003519	0.019746	0.00098	0.063683	0.002814	0.858454	1e-05	0.050783	1e-05
R18	43.8170953938086	13.0852416737191	7298.5	1e-05	1.1e-05	1e-05	0.069051	0.003322	0.82895	1e-05	0.098201	0.000434
R19	43.6763276991714	13.0751331334654	7233	1e-05	0.013288	1e-05	0.08466	0.005363	0.803519	1e-05	0.09313	1e-05
R17	43.7228761629947	13.0903061118163	7223.5	1e-05	0.006612	1e-05	0.118486	0.001851	0.79823	1e-05	0.070123	0.004668
R16	43.7071342877857	12.9912355544697	7207.5	1e-05	1e-05	1e-05	0.125888	0.003251	0.794662	1e-05	0.076149	1e-05
R24	40.8406840121746	8.36001038216986	5450	0.003376	1e-05	1e-05	0.167981	0.004795	0.823485	1e-05	1.1e-05	0.000322
R25	40.8331491930317	8.50606603637338	4150	1e-05	1e-05	0.005592	0.178046	0.001039	0.808703	1e-05	0.00658	1e-05
R26	40.8625189913809	8.47462668587454	4150	0.004527	1e-05	0.002853	0.144185	0.001916	0.846479	1e-05	1e-05	1e-05
R27	40.8274150892068	8.34920928167179	4150	0.001325	1e-05	1e-05	0.143466	0.006299	0.8254	1e-05	0.019741	0.003738
R28	40.7249634270463	8.35032932493836	4150	1e-05	1e-05	0.001291	0.168356	1e-05	0.826398	1e-05	0.002608	0.001308
R29	40.7900757419318	8.43568302100524	4150	0.00138	1e-05	0.000857	0.143081	0.003608	0.847764	1e-05	0.003279	1e-05
R22	40.8818478450552	8.34095549477264	3895.5	0.005013	0.016713	1e-05	0.169043	0.001336	0.793125	1e-05	0.014739	1e-05
NEO830	43.4120269480348	13.561752445763	5393	0.002692	0.040046	1e-05	0.169831	1e-05	0.784465	0.002925	1e-05	1e-05
R1014	41.4680214966927	13.269507169174	4950	0.008524	1e-05	0.002705	0.165456	0.000525	0.786698	1e-05	0.036063	1e-05
RISE489	45.1821934897359	10.3094489112683	4693	1e-05	0.006197	1e-05	0.160069	0.003262	0.806648	1e-05	0.017898	0.005896
NEO806	41.0056118381582	17.2254119740427	3015	0.006423	0.251755	1e-05	0.060052	1e-05	0.59311	1e-05	0.08862	1e-05
NEO823	40.9193984527793	16.7292107514292	4665	1e-05	0.014492	1e-05	0.135659	0.002813	0.805868	1e-05	0.041128	1e-05
R1	42.8709902168438	13.9364623165317	2834.5	0.00421	0.224939	1e-05	0.069095	0.002974	0.596753	1e-05	0.100893	0.001116
R1016	41.7261094238143	12.4448287861608	2750	0.006884	0.158557	1e-05	0.110222	0.001009	0.664338	1e-05	0.055186	0.003784
R473	42.1298463167716	11.6784679248743	2600	0.005389	0.163574	1e-05	0.102394	1e-05	0.666998	1e-05	0.061605	1e-05
R474	42.0089166600816	11.69631094479	2600	1e-05	0.217719	0.002867	0.08837	0.000185	0.608306	1e-05	0.082523	1e-05
R475	42.1046194485948	11.698377616033	2600	0.006183	0.089089	0.055026	0.084647	0.003034	0.655007	0.001443	0.105561	1e-05
R850	41.5169172434136	12.4550476822909	2600	1e-05	0.112168	0.010566	0.038702	0.001264	0.570659	1e-05	0.260586	0.006034
R851	41.5042043410707	12.5474594485387	2600	1e-05	0.145795	1e-05	0.120227	1e-05	0.663952	1e-05	0.06854	0.001446
R1021	41.5630058146175	12.8771573685016	2600	1e-05	0.163679	2e-05	0.124391	1.4e-05	0.64883	1e-05	0.063036	1e-05
R435	41.7637575707398	12.6805543707404	2350	0.00485	0.199953	0.000232	0.151245	1e-05	0.576908	1e-05	0.063428	0.003365
R437	41.7541882419027	12.7156474131811	2250	1e-05	0.130365	0.005236	0.049069	0.005569	0.606396	1e-05	0.20234	0.001004
R1015	41.9227815073729	12.1320560640655	2800	0.002246	0.134804	0.002909	0.124757	1e-05	0.671773	1e-05	0.063481	1e-05
R111	41.9260773370788	12.4032678010501	1850	1e-05	0.155416	1e-05	0.071701	0.001024	0.608836	1e-05	0.162983	1e-05
R113	41.8379627725855	12.4815324268863	1850	0.00286	0.123955	1e-05	0.058865	3.9e-05	0.60686	1e-05	0.207391	1e-05
R114	41.9484001364838	12.4118546932563	1850	0.007168	0.133209	0.008041	0.032169	1e-05	0.567913	1e-05	0.25147	1e-05
R115	41.9211317066383	12.4331155176368	1850	0.001811	0.109364	0.007318	0.023103	0.000325	0.596148	0.00268	0.257704	0.001547
R116	41.9266835970618	12.5176227511466	1850	1e-05	0.240292	0.006045	0.128823	1e-05	0.573771	1e-05	0.051029	1e-05
R131	41.847104404103	12.4179138948768	1850	0.001277	0.126427	0.001698	0.063017	1e-05	0.592583	0.005453	0.209525	1e-05
R80	42.0032602718845	12.5184835799132	1873.5	1e-05	0.067209	0.067618	0.0451	0.000686	0.602926	1e-05	0.215244	0.001197
R75	41.9964745184686	12.4794200975075	1850	1e-05	0.082023	0.012825	0.011566	0.002525	0.588306	1e-05	0.302726	1e-05
R76	41.9476562072337	12.4653302070778	1850	0.005367	0.096128	0.00982	0.000841	1e-05	0.548804	1e-05	0.33901	1e-05
R78	41.830669235466	12.5148220736161	1850	1e-05	0.099906	0.001465	1e-05	1e-05	0.617233	1e-05	0.281346	1e-05
R81	41.8767071450409	12.4398189780395	1850	1e-05	0.106762	0.001921	0.023783	1e-05	0.580152	1e-05	0.287342	1e-05
R436	41.75299211815	12.8560724427644	1850	1e-05	0.127399	1e-05	0.052215	0.005632	0.563616	1e-05	0.248118	0.00299
R42	41.8449932164513	12.2644662385713	1879	0.002548	0.049697	0.025115	1e-05	1e-05	0.53537	1e-05	0.387231	1e-05
R39	41.7588708973024	12.2767548649944	1851	0.005946	0.100123	0.00999	0.030487	0.001623	0.561469	1e-05	0.290343	1e-05
R37	41.817793121608	12.3066742681805	1749.5	1e-05	0.192291	0.00343	0.165599	0.006413	0.614705	0.003577	0.013965	1e-05
R38	41.7491508307867	12.2219427473284	1749.5	0.005271	0.070613	0.00429	1e-05	1e-05	0.563379	1e-05	0.356408	1e-05
R40	41.7101593989413	12.2146389346942	1749.5	1e-05	0.103694	0.003794	0.026248	1e-05	0.583	1e-05	0.283224	1e-05
R41	41.8264835715294	12.3423551272973	1749.5	0.011904	0.073542	0.018665	0.01655	0.004802	0.566598	0.004262	0.302347	0.001331
R43	41.7140915994067	12.1743769304268	1749.5	1e-05	0.100508	0.001967	1.2e-05	0.006299	0.614728	1e-05	0.276456	1e-05
R44	41.8384968383703	12.2064232999366	1749.5	1e-05	0.099576	1e-05	0.013783	1e-05	0.623161	1e-05	0.263429	1e-05
R45	41.6797495085746	12.2890616876911	1749.5	1e-05	0.07729	0.03794	0.037481	0.012362	0.595889	1e-05	0.239008	1e-05
R50	41.8425662927423	12.5239267118741	1760.5	1e-05	0.116554	0.004766	0.037579	0.000674	0.558946	1e-05	0.281451	1e-05
R49	41.8020590703096	12.5326184113976	1750	1e-05	0.13141	0.012016	0.05503	0.004338	0.583701	1e-05	0.213475	1e-05
R51	41.741932515949	12.4903433519416	1750	0.003884	0.122651	0.004083	0.036103	0.007509	0.6032	1e-05	0.22255	1e-05
R47	41.7503154478595	12.4679629201069	1667.5	1e-05	0.138513	0.017009	0.052109	2e-05	0.563481	1e-05	0.221675	0.007172
R835	43.3111183851864	13.64297725996	1813.5	0.006787	0.140234	0.012596	0.061158	1e-05	0.561521	1e-05	0.217674	1e-05
R836	43.2850282814726	13.6187410603277	1813.5	1.2e-05	0.162238	1e-05	0.029113	0.005149	0.609188	1e-05	0.194268	1e-05
R66	41.8773003267311	12.3925213368423	1750	1e-05	0.110211	1e-05	0.000325	1e-05	0.626239	1e-05	0.263176	1e-05
R67	41.919592946507	12.4283760233596	1750	0.000374	0.109094	0.024938	0.003045	0.000569	0.444781	1e-05	0.417178	1e-05
R68	41.7539898761734	12.4705520862527	1750	1e-05	0.088448	0.007436	1e-05	1e-05	0.470056	1e-05	0.434009	1e-05
R69	41.8245381646045	12.39382371407	1750	0.004127	0.13757	1e-05	0.01941	1e-05	0.589425	1e-05	0.246401	0.003037
R70	41.875121345669	12.3985843287595	1750	0.004148	0.070406	0.020394	0.009803	0.00161	0.573527	1e-05	0.320092	1e-05
R71	41.8104485598113	12.5031778025255	1750	1e-05	0.079905	1e-05	1.3e-05	1e-05	0.602006	1e-05	0.318026	1e-05
R72	41.8821048740949	12.4713589127921	1750	1e-05	0.080706	1e-05	0.02257	0.001404	0.58401	0.004246	0.307035	1e-05
R73	41.8927517493907	12.508248211937	1750	1e-05	0.085644	0.026625	0.027912	1e-05	0.563767	1e-05	0.296011	1e-05
R1543	42.2465394250583	12.2738242270611	1749.5	1e-05	0.110804	0.013988	0.030621	1e-05	0.555949	0.008371	0.280236	1e-05
R1544	42.2879030579235	12.3386611547973	1749.5	0.001415	0.12648	0.004827	0.041125	0.005365	0.57461	1e-05	0.244421	0.001747
R1545	42.1831818597391	12.3547331039514	1749.5	1e-05	0.114472	0.00306	0.008373	0.000799	0.59384	0.003495	0.275942	1e-05
R1551	42.1303409007192	12.6657431917824	1817	0.001161	0.104543	0.000719	3e-05	1e-05	0.490096	1e-05	0.403422	1e-05
R1547	42.154946321696	12.6548012176622	1813.5	0.004436	0.047344	0.023545	0.01237	1e-05	0.556237	1e-05	0.356039	1e-05
R1548	42.0134700485319	12.5474205812067	1813.5	1e-05	0.158995	0.002818	0.023292	1.3e-05	0.54553	1e-05	0.262947	0.006384
R1549	42.1399291821569	12.6103138566576	1813.5	1e-05	0.171417	0.011632	0.075689	0.000555	0.532844	0.001365	0.206478	1e-05
R1550	41.9940224711597	12.6625797568448	1813.5	0.003903	0.065384	0.030011	0.003894	0.000263	0.530117	0.006715	0.359325	0.000388
R123	41.6860854660813	13.2350658272859	1761.5	1e-05	0.110245	1e-05	0.016483	0.008753	0.592113	1e-05	0.272366	1e-05
R125	41.6674287460931	13.0951941200998	1750	1e-05	0.136912	0.002226	0.053257	1e-05	0.585092	1e-05	0.222469	1.3e-05
R128	41.7505103444867	13.171943905903	1750	0.001649	0.114116	1e-05	0.00915	0.00396	0.566856	1e-05	0.304238	1e-05
R126	41.7211006673705	13.2248215451837	1663	0.001054	0.081461	0.013071	0.008837	0.000399	0.583283	0.001273	0.310612	1e-05
R132	41.8387445475534	12.4033563476522	1719	0.007351	0.036848	0.113953	0.037908	0.000836	0.579572	0.009727	0.211154	0.002651
R130	41.910532729011	12.5847892600577	1550	0.000757	0.080224	0.011363	0.034764	1e-05	0.558451	1e-05	0.314411	1e-05
R133	41.7980077779014	12.5758694430348	1550	1e-05	0.117433	0.00521	0.020843	0.008695	0.586987	0.003548	0.256996	0.000278
R134	41.9065240722708	12.4762088632211	1550	0.00087	0.100638	0.010313	0.033322	0.007555	0.569582	1e-05	0.277701	1e-05
R136	41.8312469250616	12.4728028728627	1550	0.002987	0.140385	0.010249	0.042457	0.001215	0.566501	1e-05	0.236187	1e-05
R137	41.8895829174761	12.4355864424724	1550	1e-05	0.114374	0.001852	0.041363	1e-05	0.57428	1e-05	0.268091	1e-05
R31	41.8413814197667	12.5402827707399	1574.5	1e-05	0.301117	1e-05	0.146391	1e-05	0.522582	0.000863	0.029007	1e-05
R30	41.9047448199149	12.3842117202282	1450	1e-05	0.120686	0.020184	0.028226	0.005375	0.588518	1e-05	0.236982	1e-05
R32	41.9067889405787	12.4661856205016	1450	0.002347	0.111936	0.017044	0.060709	0.002187	0.569679	1e-05	0.235276	0.000812
R33	41.9745672993269	12.4556133790687	1450	1e-05	0.187248	1e-05	0.097554	0.004552	0.59639	0.003985	0.110242	1e-05
R34	42.003490446452	12.5160336497519	1450	5e-04	0.099156	0.012875	0.033748	0.002071	0.58785	1e-05	0.263779	1e-05
R35	41.9662754692696	12.4130910192244	1450	0.002111	0.114958	0.014561	0.048467	0.005802	0.593965	1e-05	0.220116	1e-05
R36	41.9177576505672	12.5610025120527	1450	1e-05	0.164859	0.009071	0.067727	0.000438	0.568694	1e-05	0.189181	1e-05
R105	41.9010289282631	12.395967542259	1450	0.001075	0.205307	0.002502	0.117344	0.004824	0.555403	1e-05	0.113525	1e-05
R106	41.8410107116774	12.3932034316659	1450	1e-05	0.276204	0.004165	0.140585	0.002273	0.495482	1e-05	0.081262	1e-05
R107	41.8496208360046	12.4081108912081	1450	0.005894	0.149283	0.002465	0.056226	0.00161	0.582903	1e-05	0.2016	1e-05
R108	41.8579891044274	12.5336522422452	1450	0.006217	0.229251	0.006429	0.113958	1e-05	0.566008	1e-05	0.072914	0.005203
R109	41.9251970785763	12.5004623250756	1450	0.001076	0.202831	0.007839	0.107614	1e-05	0.592812	0.002174	0.085635	1e-05
R110	41.8919213556778	12.4514058992453	1450	1e-05	0.183146	0.004037	0.109222	0.00044	0.611248	1e-05	0.082055	0.009833
R104	41.8046252171136	12.5653902595118	1450	1e-05	0.039147	0.014552	0.131586	1e-05	0.756526	0.002601	0.050135	0.005434
R117	41.7894147111475	12.3299588194676	1450	0.002517	0.120756	0.010529	0.050185	0.00865	0.587227	1e-05	0.220115	1e-05
R118	41.8497978583816	12.2294852886908	1450	0.00097	0.131995	0.013542	0.074975	0.002928	0.567216	1e-05	0.208353	1e-05
R120	41.6958998518437	12.1995869993791	1450	1e-05	0.154292	0.00968	0.076	1e-05	0.586398	1e-05	0.173591	1e-05
R121	41.6920337232668	12.2569605277013	1450	0.0028	0.168063	0.010391	0.055378	0.002824	0.583256	1e-05	0.174423	0.002856
R122	41.7539379222225	12.2532926075254	1450	1e-05	0.131155	0.015035	0.04625	1e-05	0.591851	0.002899	0.210266	0.002525
R60	41.7628722639848	13.0209267324861	1045	0.001344	0.164309	0.013691	0.057278	1e-05	0.562215	1e-05	0.201132	1e-05
R59	41.7367672347091	13.1175444684085	1045	0.00186	0.124949	0.007122	0.064	1e-05	0.573239	0.001044	0.226264	0.001514
R63	41.7122832738888	13.179586646948	960	1e-05	0.190426	0.023438	0.135472	0.005125	0.573923	0.000385	0.071211	1e-05
R58	41.6304451448005	13.0261821507104	850	0.002811	0.123305	0.010378	0.062635	0.001446	0.583055	1e-05	0.21635	1e-05
R57	41.7348038408067	12.9919569615833	840	1e-05	0.138919	0.012417	0.058694	0.006522	0.560624	0.001065	0.221738	1e-05
R65	41.6499231089465	13.0749195927382	840	1e-05	0.133409	0.005389	0.033402	0.008357	0.599735	1e-05	0.214222	0.005466
R64	41.7601687479392	13.1848112193029	840	0.0056	0.141771	0.009822	0.034904	0.004716	0.578821	0.002229	0.222128	1e-05
R62	41.6654813816864	13.1158706850465	735	1e-05	0.266022	1e-05	0.138093	0.006728	0.517264	1e-05	0.071853	1e-05
R52	41.6936049286369	13.0395583433192	595	0.006969	0.138576	0.012523	0.05376	0.005775	0.587243	1e-05	0.192783	0.002361
R53	41.7690747097228	13.0991118945275	595	0.017037	0.122398	0.005888	0.047776	0.011671	0.591496	1e-05	0.203714	1e-05
R55	41.6121932294779	13.1396681941673	595	1e-05	0.208836	0.001224	0.088821	1e-05	0.579996	0.001273	0.119819	1e-05
R56	41.6012049739342	13.18318019934	595	1e-05	0.138041	0.014375	0.047413	1.9e-05	0.571953	1e-05	0.22817	1e-05
R61	41.7190975220967	13.0668646447454	595	1e-05	0.206813	1e-05	0.115002	0.004798	0.567237	0.004433	0.094985	0.006712
R54	41.6825136384554	13.1232103717607	595	0.010017	0.131528	0.005065	0.046797	0.00183	0.576627	0.003147	0.224979	1e-05
R1283	41.9030934567563	12.5685908085015	1091	0.002281	0.155136	0.008712	0.068974	0.000249	0.58552	1e-05	0.179109	1e-05
R1285	41.8378127602395	12.5206413131952	945.5	0.005303	0.146615	0.007279	0.08498	1e-05	0.604152	1e-05	0.15164	1e-05
R1290	41.9241625349969	12.5419067683443	602.5	1e-05	0.153569	0.008459	0.052875	1e-05	0.596066	0.00368	0.182264	0.003068
R1287	41.966814874066	12.5325227382872	521	1e-05	0.151366	0.004241	0.071636	0.001295	0.612233	1e-05	0.159198	1e-05
R1288	41.8230844522361	12.4418827283941	521	1e-05	0.272707	0.002102	0.129522	1e-05	0.535039	0.00893	0.05167	1e-05
R1289	41.9467180786189	12.3933833198436	521	0.008655	0.200617	0.008947	0.128791	0.001071	0.606832	1e-05	0.045066	1e-05
R1286	41.8413011108991	12.4680842213146	521	1e-05	0.309368	1e-05	0.129879	0.002915	0.503836	0.003771	0.050202	1e-05
R1219	41.8919677209109	12.4869957019389	510	1e-05	0.266976	0.004575	0.126535	1e-05	0.52146	0.003158	0.075849	0.001427
R1220	41.81045497288	12.5338819361571	465	0.004583	0.253053	0.006867	0.121354	0.001759	0.525784	1e-05	0.086581	1e-05
R1221	41.9369347486645	12.4197863076162	465	0.0023	0.217931	0.00353	0.127583	0.012838	0.531935	0.000149	0.103427	0.000307
R1224	41.9328972929157	12.3824629243743	465	0.002671	0.25133	0.002007	0.130644	1e-05	0.542865	1e-05	0.070453	1e-05
VK534	41.5181300048064	15.4808692733478	800	0.006271	0.128753	0.012667	0.054837	1e-05	0.566276	0.001367	0.227618	0.002202
VK535	41.4234540018067	15.6293153867312	713	0.002822	0.12116	0.017462	0.081898	0.004344	0.548627	1e-05	0.223667	1e-05
VK536	41.2456259678677	15.359255509628	700	1e-05	0.154005	0.005894	0.065407	0.00549	0.588725	1e-05	0.173284	0.007176
VK537	41.398599277027	15.2334640928451	700	0.000723	0.1235	0.018128	0.066045	1e-05	0.579108	0.00491	0.20606	0.001516
VK538	41.2501564631797	15.305550913224	700	1e-05	0.229319	0.002849	0.098367	1e-05	0.549485	1e-05	0.118204	0.001745
R970	42.0382653616276	12.8093633556738	300	1e-05	0.174166	0.004904	0.073604	1e-05	0.562424	1e-05	0.179993	0.004879
R973	41.9900166434608	12.7688385679852	300	0.000856	0.149345	0.011065	0.043363	1e-05	0.586918	1e-05	0.208423	1e-05
R969	41.9858102889173	12.7615887949709	300	0.000158	0.150615	0.012282	0.059768	0.004409	0.573817	1e-05	0.198455	0.000485
NEO694	38.7823789947387	-0.366297800550237	9217	1e-05	1e-05	0.008782	0.85398	0.021502	0.000241	0.035624	0.069309	0.010541
Chan	42.7896068642102	-7.09991124297492	9131	1e-05	1e-05	0.002517	0.851304	0.029834	0.004435	0.050039	0.061349	0.000502
Brana	42.9954593671858	-5.3413562268205	7815	1e-05	0.024637	1e-05	0.868369	0.016724	0.028837	0.020925	0.029993	0.010495
NEO646	43.3104125169106	-4.76694294730201	8273	1e-05	1e-05	1e-05	0.946281	0.005528	0.010903	0.02049	0.016759	1e-05
NEO938	43.3462737193331	-4.61106959692203	7878	1e-05	0.046958	1e-05	0.915963	0.009973	0.015165	0.005452	0.002295	0.004173
NEO648	43.450171068823	-4.66760609447025	7539	0.003308	0.048567	1e-05	0.901991	0.01014	0.020787	0.001403	0.012706	0.001089
Canes1	43.4183022891544	-4.63722102840431	7115	0.000129	0.051281	1e-05	0.899636	0.003645	0.018039	0.001454	0.025795	1e-05
CB13	41.319561138032	1.87338605617173	7348	0.002017	1e-05	1e-05	0.121149	0.002398	0.867612	1e-05	1e-05	0.006785
mur	42.2610773983412	-3.53986686927266	7136	0.005831	1e-05	0.007183	0.137091	0.009171	0.823694	1e-05	0.005257	0.011753
LD1174	37.3439976341929	-4.41401464397088	6415	0.003265	1e-05	0.002219	0.240436	0.011727	0.723368	1e-05	0.008869	0.010096
COV20126	37.4195002698712	-4.40350158333778	5588	0.000261	0.089457	0.002565	0.21059	0.004122	0.688556	0.004429	1e-05	1e-05
san216	42.598321810374	-2.80028263593093	5665.5	0.002718	0.009962	1e-05	0.242709	0.002482	0.727632	0.009136	1e-05	0.005341
c40331	37.4047400580533	-4.16149103776552	5649.5	0.003203	0.004854	1e-05	0.209647	0.007789	0.773233	1e-05	1e-05	0.001245
por002	42.3967481860425	-3.43012430279516	5090.5	2.5e-05	0.018321	0.001413	0.270102	0.008601	0.691682	1e-05	0.003582	0.006264
atp016	42.3375733545981	-3.51782760939561	5039.5	1e-05	1e-05	0.00154	0.189506	0.007759	0.78667	0.005253	0.006757	0.002495
por004	42.431659991527	-3.59251487225294	4955	0.000207	0.03375	1e-05	0.230314	0.004232	0.724265	1e-05	1e-05	0.007201
atp12-1420	42.2576134732459	-3.49937383279204	4895.5	1e-05	1e-05	0.003174	0.279111	0.009839	0.705038	1e-05	1e-05	0.002799
atp002	42.3504797028843	-3.59817177325487	4739.5	0.009796	0.002371	0.015561	0.246654	0.003293	0.707059	0.005576	0.003098	0.006591
NEO721	40.3475312636327	-3.41115479324944	4170	0.00851	0.003778	6.6e-05	0.228411	0.000431	0.749	0.002873	0.006922	1e-05
pir001	37.8864463694487	-4.7807844960317	3725	1e-05	0.119461	1e-05	0.201922	1e-05	0.659241	0.003626	0.004093	0.011626
atp9	42.3237852581311	-3.58372469263151	3634	0.004324	0.14384	0.000547	0.182314	0.002404	0.651705	1e-05	0.014846	1e-05
esp005	41.9489363323431	-1.07407851349562	3370	0.002553	0.15218	0.001991	0.197984	0.003552	0.62509	1e-05	0.015368	0.001271
NEO649	43.3515322613995	-4.66487358807586	4117	0.001866	0.297024	1e-05	0.154967	0.003051	0.502972	1e-05	0.04009	1e-05
NEO653	43.4727764809038	-4.73343421550468	3423	0.001096	0.204068	1e-05	0.167092	0.007844	0.609668	0.003309	0.006903	1e-05
NEO632	39.7341129980516	-8.32289440969937	7349	0.008242	1e-05	0.009185	0.420701	0.021716	0.491184	0.010247	0.029171	0.009544
NEO631	39.7204207703005	-8.41170734933577	7139	0.000911	1e-05	0.011534	0.49904	0.022283	0.388855	0.026718	0.040671	0.009977
LU339	41.7528580984008	-6.92725173357874	6797.5	1e-05	1e-05	0.001714	0.222636	0.006382	0.737169	0.007397	0.016164	0.008518
LD270	41.6989433813747	-6.84882593338378	6336	1e-05	1e-05	0.005071	0.224353	0.011957	0.747026	1e-05	0.000385	0.011179
LugarCanto41	39.4665230215341	-8.81109327830374	5950	0.005766	0.003966	1e-05	0.263141	0.005599	0.710652	0.008779	1.1e-05	0.002077
LugarCanto42	39.4283982028998	-8.89736464585178	5950	0.002041	1e-05	0.002472	0.219476	0.013702	0.761093	1e-05	1e-05	0.001186
LugarCanto44	39.3945287584141	-8.90618596186861	5950	0.011602	1e-05	1e-05	0.250727	0.008459	0.728805	1e-05	1e-05	0.000367
DolmenAnsiao96B	39.7835130899213	-8.7264220684208	5450	0.010722	1e-05	0.006983	0.237823	0.004435	0.73242	0.001868	0.004344	0.001394
CabecoArruda117B	39.1417578603514	-8.70097843263298	5050	0.009165	1e-05	0.002814	0.239119	9.6e-05	0.743103	1e-05	1e-05	0.005672
CabecoArruda122A	39.0504440010432	-8.75805199601687	5050	0.005626	1e-05	0.000281	0.233927	0.008061	0.744497	1e-05	0.003199	0.004389
CovaMoura364	38.7580775203649	-9.29381251207553	4900	0.004721	1e-05	0.006865	0.250905	0.010374	0.717982	1e-05	0.009123	1e-05
CovaMoura9B	38.6520232964307	-9.22222839452326	4900	0.012797	1e-05	0.003263	0.219806	0.007	0.755614	1e-05	0.001258	0.000244
NEO609	38.7244827302825	-9.18036695140414	4333	0.00427	0.018943	1e-05	0.230694	1e-05	0.729923	1e-05	1e-05	0.01613
MonteGato104	38.0789261432644	-7.95228771096096	3535	0.013579	0.10692	0.005848	0.201912	0.006185	0.661985	0.000595	0.000426	0.00255
ValeOuro10207	38.0102213865053	-8.13901945472695	3550	0.002928	0.117225	1e-05	0.204758	0.001544	0.671683	0.000219	1e-05	0.001623
TV32032extra	37.8672404220886	-7.62488943855278	3550	0.004722	0.107974	0.005113	0.200584	0.004999	0.65938	1e-05	0.017207	1e-05
TV3831	37.9259686307609	-7.60721549927257	3550	0.010722	0.11365	0.00713	0.189702	0.01157	0.655069	1e-05	0.012137	1e-05
Stuttgart	48.7594152115006	9.14530999368988	7140	0.007082	0.009706	0.007334	0.061635	0.00554	0.856508	1e-05	0.052175	1e-05
RISE446	49.9278418051451	10.2123277315125	4597	0.003248	0.446855	1e-05	0.135781	1e-05	0.324202	1e-05	0.089784	0.000101
RISE563	48.7738564095087	12.9846839556284	4492	1e-05	0.399621	1e-05	0.155399	0.003908	0.354273	1e-05	0.086759	1e-05
RISE559	48.3730471096188	10.898665653402	4284	0.009194	0.287345	1e-05	0.094119	1e-05	0.537612	1e-05	0.071691	1e-05
FN2	48.0437417397369	11.4288208925165	1650	1e-05	0.194051	0.007229	0.139192	1e-05	0.608155	1e-05	0.051333	1e-05
Alh1	48.5989783153031	12.1955539796967	1500	1e-05	0.321776	0.002473	0.159912	0.001991	0.476964	5.3e-05	0.036811	1e-05
Alh10	48.6841350868903	12.1837499553338	1489	0.001865	0.330681	1e-05	0.139998	1e-05	0.499512	1e-05	0.02563	0.002283
NW54	49.0312497033365	12.1202644315083	1490.5	0.007103	0.211136	1e-05	0.096212	0.007057	0.587362	1e-05	0.0911	1e-05
STR486	48.8773258648999	12.5736465097219	1455	1e-05	0.323273	0.004629	0.147766	1e-05	0.464636	0.000613	0.059053	1e-05
STR220c	48.8779207689408	12.6081399355829	1445	1e-05	0.320677	1e-05	0.148775	0.005123	0.479933	1e-05	0.045449	1.3e-05
STR300b	48.8816961461399	12.6676120266132	1430	1e-05	0.134722	4.2e-05	0.024624	1e-05	0.646957	0.003233	0.190392	1e-05
STR310	48.8905118357111	12.5575219634268	1430	1e-05	0.230419	0.005095	0.077214	0.002834	0.530138	1.3e-05	0.147	0.007276
Bichon	47.1894969996531	6.81337386540137	13665	1e-05	1e-05	1e-05	0.99992	1e-05	1e-05	1e-05	1e-05	1e-05
Loschbour	49.8495504004788	6.35625224127434	8050	1e-05	1.1e-05	1e-05	0.999919	1e-05	1e-05	1e-05	1e-05	1e-05
PER1150503	45.7183898711857	0.277564051346853	9067	1e-05	1e-05	1e-05	0.99992	1e-05	1e-05	1e-05	1e-05	1e-05
PER3023	45.7677964229416	0.279515192909166	9067	1e-05	1e-05	1e-05	0.99992	1e-05	1e-05	1e-05	1e-05	1e-05
Schw432	48.7733576387074	7.61490210546181	7100	0.003926	0.010135	1e-05	0.069509	0.003233	0.878816	1e-05	0.03435	1e-05
Sch72-15	48.6929004340805	7.68954395484179	7036.5	1e-05	0.006762	1e-05	0.072599	0.002475	0.866981	1e-05	0.050842	0.000311
Mor6	48.8821889346279	7.67659057343379	7036	0.001032	1e-05	1e-05	0.159716	0.007899	0.831304	1e-05	1e-05	1e-05
MDV248	49.4001009707619	4.05121573939919	7015.5	1e-05	0.008851	1e-05	0.07435	0.005581	0.87372	1e-05	0.037459	1e-05
ROS45	48.5878655230626	7.45554996741004	6642.5	0.005675	0.003231	1e-05	0.139932	0.001918	0.802525	1e-05	0.046689	1e-05
ROS102	48.4525414415169	7.43949943453073	6550	0.000556	0.005177	1e-05	0.220089	0.005263	0.747234	1e-05	0.021651	1e-05
ROS78	48.5924799219705	7.40809489742853	6550	1e-05	0.006352	1e-05	0.145005	0.004781	0.808929	1e-05	0.021904	0.012999
NEO812	43.371478623366	2.50858054960147	6545	1e-05	1e-05	0.006244	0.187936	0.001445	0.795183	1e-05	1e-05	0.009153
BUCH2	48.2269600317907	4.10605449740775	6250	1e-05	1e-05	1e-05	0.166942	0.005356	0.827367	1e-05	0.000285	1e-05
BERG157-7	43.2233622075338	2.36393423046917	6131.5	1e-05	1.3e-05	1e-05	0.186695	1e-05	0.80137	1e-05	1e-05	0.011872
BERG157-2	43.2727851614635	2.47798475403339	6050	1e-05	0.002435	1e-05	0.202764	1e-05	0.777527	1e-05	0.017224	1e-05
BERG02-2	43.3198132162262	2.5097868721839	5870	0.002327	0.012481	0.001255	0.191132	0.00081	0.782419	1e-05	0.009555	1e-05
WET370	48.0358250718936	7.21755302948877	5521	1e-05	0.00711	1e-05	0.189578	0.004149	0.789663	1e-05	0.005982	0.003487
CRE20D	43.1614416964259	3.12307201225311	6151	0.005312	1e-05	0.001799	0.1788	0.002614	0.805319	1e-05	1e-05	0.006127
BLP10	49.3511966197379	3.70496490230784	6052	0.00403	0.009303	1e-05	0.185218	1e-05	0.801399	1e-05	1e-05	1e-05
Es97-1	50.9316508412175	1.72397857386619	6004.5	1e-05	1e-05	1e-05	0.264932	1e-05	0.734998	1e-05	1e-05	1e-05
PSS4693	48.4747706994694	3.61741922064684	5438.5	1e-05	1e-05	0.006171	0.176503	1e-05	0.812501	1e-05	0.004774	1e-05
NEO121	44.5254441739805	4.77640908055939	4531	1e-05	1e-05	1e-05	0.226278	0.000176	0.76186	0.003496	1e-05	0.00815
NEO119	44.4419179661479	4.75266255785711	4382	0.011805	0.014885	1e-05	0.226816	1e-05	0.744396	0.002058	1e-05	1e-05
PEI2	43.1775226807781	2.34658713000827	4385.5	0.009482	0.018416	1e-05	0.22478	0.001458	0.745824	1e-05	1e-05	1e-05
CBV95	49.2845964142494	3.48318751080893	4463	0.002777	0.450946	1e-05	0.142225	1e-05	0.362163	4e-05	0.041819	1e-05
PSS4170	48.4538965303265	3.67557216496207	4036.5	0.002809	0.228155	1e-05	0.194429	1e-05	0.543258	1e-05	0.03131	1e-05
EUG11	43.2470350150857	2.29294323673472	3903	0.004113	0.187291	1e-05	0.197872	1e-05	0.598801	1e-05	0.011883	1e-05
BIS130	48.0829309822992	7.49173858841881	3850	0.00053	0.310319	1e-05	0.139758	0.002448	0.493412	0.002995	0.050518	1e-05
BIS385	48.1416765379719	7.38357076152228	3850	0.010997	0.307806	1e-05	0.153089	1e-05	0.486949	1e-05	0.041118	1e-05
OBE3722	48.4505968931038	7.57410020629875	3800	1e-05	0.332553	1e-05	0.153794	0.00246	0.471073	1e-05	0.04008	1e-05
OBE3626-1	48.4344681751821	7.45390402490273	3763.5	1e-05	0.348777	1e-05	0.157146	1e-05	0.457608	1e-05	0.028538	0.007891
QUIN58	43.3203534292988	1.97738398144953	3600	0.010877	0.206538	1e-05	0.198061	4.9e-05	0.584435	1e-05	1e-05	1e-05
QUIN234	43.2016131348442	2.00840988907963	3600	0.004745	0.167552	1e-05	0.199271	1e-05	0.624068	1e-05	0.002559	0.001775
RIX4	47.7026084265765	7.34260681015439	3640	1e-05	0.276315	1e-05	0.159114	1e-05	0.545974	0.002957	0.013369	0.00224
RIX15	47.7781477371324	7.47485267133452	3600	0.000989	0.263306	1e-05	0.165487	1e-05	0.534216	0.008217	0.027755	1e-05
RIX2	47.6844294873625	7.41812701132149	3600	0.002008	0.264951	1e-05	0.170639	1e-05	0.543725	1e-05	0.018638	1e-05
NIED	48.0164541550633	7.46485618934967	2812	0.004055	0.22623	1e-05	0.170902	1e-05	0.587238	1e-05	0.011536	1e-05
NOR2B6	48.4703007906675	7.72244902195409	2700	1e-05	0.230939	0.000905	0.132329	0.003886	0.5873	1e-05	0.042179	0.002441
NOR3-15	48.5258770499378	7.76764956189319	2700	0.005106	0.239552	1e-05	0.154839	1e-05	0.583509	1e-05	0.016954	1e-05
NOR3-6	48.3590137734078	7.65331137518398	2510	1e-05	0.285963	1e-05	0.148038	1e-05	0.534916	1e-05	0.031032	1e-05
Jeb8	48.0044055168424	7.45734390753321	2450	1e-05	0.242131	1e-05	0.174421	0.006183	0.558147	1e-05	0.019078	1e-05
PECH8	43.0478319890797	2.87954543823376	2400	0.003213	0.172065	1e-05	0.19091	1e-05	0.632875	1e-05	1e-05	0.000897
PT2	43.8743461192213	3.9838969383575	2375	0.002092	0.229903	1e-05	0.170901	1e-05	0.575434	1e-05	0.02163	1e-05
COL11	47.9914500020165	7.29828958678059	2290	1e-05	0.313085	1e-05	0.171862	1e-05	0.488594	1e-05	0.026409	1e-05
COL153A	48.08454731551	7.33182431798428	2290	1e-05	0.233216	1e-05	0.185212	1e-05	0.550563	0.002359	0.02861	1e-05
ERS1164	48.4199995268416	7.5899584638793	2200	0.00325	0.295838	1e-05	0.148931	1e-05	0.516747	0.005584	0.02962	1e-05
ERS86	48.4337631617021	7.59921961970627	2200	1e-05	0.255034	1e-05	0.163142	1e-05	0.542988	1e-05	0.038786	1e-05
ERS88	48.349515014682	7.58520644553006	2200	0.001972	0.220273	1e-05	0.148345	1e-05	0.60908	1e-05	0.02029	1e-05
BES1248	43.274525402477	3.42479634929448	2075	0.002052	0.316319	1e-05	0.150328	1e-05	0.515822	0.000512	0.013845	0.001103
ATT26	49.3458153987676	2.96227135369554	2225	1e-05	0.303822	1e-05	0.146237	1e-05	0.53962	1e-05	0.010271	1e-05
BFM265	49.3813547714241	3.36821849682368	2170	1e-05	0.276518	1e-05	0.152331	0.002144	0.544582	1e-05	0.024384	1e-05
PEY163	43.3861115772184	3.56110849666409	2250	0.005034	0.228016	1e-05	0.158733	1e-05	0.608167	1e-05	1e-05	1e-05
PEY53	43.2525196642522	3.48405564252287	2125	0.000332	0.275237	1e-05	0.163042	4.8e-05	0.544673	1e-05	0.016636	1e-05
Cheddar_man	51.2105643373635	-2.85695795107633	10300	1e-05	1e-05	1e-05	0.99992	1e-05	1e-05	1e-05	1e-05	1e-05
BurnGround	51.9304298278037	-1.90023339721374	5770	0.003142	1e-05	0.001623	0.222508	1e-05	0.772677	1e-05	1e-05	1e-05
Fussels_Lodge_1	51.1707318860665	-1.67640256036073	5657.5	1e-05	1e-05	0.002021	0.235475	1e-05	0.762444	1e-05	1e-05	1e-05
Carsington_pasture_1	53.0769392250292	-1.64418913904577	5538.5	0.00026	1e-05	0.002207	0.20919	1e-05	0.779208	0.004843	1e-05	0.004262
NEO847	51.7182250408456	-2.27971332143061	5463	1e-05	1e-05	0.00838	0.226048	0.002761	0.759511	1e-05	1e-05	0.00326
mid001	59.2228182804026	-3.14757898962125	5450	0.003238	0.006443	1e-05	0.220507	1e-05	0.767706	0.002065	1e-05	1e-05
mid002	57.7790761156473	-3.91040275570005	5180	0.007749	1e-05	1e-05	0.245407	1e-05	0.742907	2.4e-05	1e-05	0.003874
Coldrum_1	51.3558136341441	0.401886247545481	5430	1e-05	1e-05	1e-05	0.23407	0.003909	0.76163	0.000341	1e-05	1e-05
Aveline_1	51.2861299153231	-2.66272474899888	5489.5	1e-05	1e-05	1e-05	0.235529	0.003715	0.760696	1e-05	1e-05	1e-05
Jubilee_cave	54.1466458123829	-2.23007813857868	5462.5	1e-05	0.011319	1e-05	0.235328	1e-05	0.753293	1e-05	1e-05	1e-05
Kelco_cave	54.043196223611	-2.2258955246862	5536	5.5e-05	0.007112	1e-05	0.245578	1e-05	0.747205	1e-05	1e-05	1e-05
CaveHa3_1	54.0518444841076	-2.26013783152215	5264	1e-05	0.004612	1e-05	0.243229	1e-05	0.747847	1e-05	1e-05	0.004262
bal004	57.6993880153913	-3.99339519003406	5190	0.000868	1e-05	1e-05	0.221955	0.008127	0.768999	1e-05	1.1e-05	1e-05
lai001	59.1486231974512	-3.07233659084886	5180	1e-05	1e-05	1e-05	0.222958	0.00083	0.776152	1e-05	1e-05	1e-05
NEO627	58.6885985057056	-2.98274321128614	5132	1e-05	1e-05	1e-05	0.214515	0.003795	0.778849	1e-05	1e-05	0.002791
NEO626	58.7209700443968	-2.85037160572596	5082	0.001788	0.002568	1e-05	0.208492	0.005146	0.781909	6.7e-05	1e-05	1e-05
NEO630	58.6354948488716	-2.94201573413797	4898	1e-05	0.000268	1e-05	0.211497	0.006751	0.770812	1e-05	1e-05	0.010631
NEO624	58.8122599451058	-3.02196145081893	4897	0.006764	0.003724	1e-05	0.221036	0.001336	0.766322	1e-05	0.000272	0.000526
NEO717	58.8062146412861	-3.01690208242275	4893	1.1e-05	1e-05	1e-05	0.248195	1e-05	0.750588	1e-05	1e-05	0.001156
Embo_1	57.8375492641609	-3.9909426770173	5050	1e-05	0.016285	1e-05	0.221408	0.003567	0.754655	1e-05	1e-05	0.004045
M1489	53.7816772988718	-0.456749529363587	2035	2e-04	0.317968	1e-05	0.139426	1e-05	0.495565	1e-05	0.046801	1e-05
12880A	52.1291403843276	0.10313766181469	2017	1e-05	0.325674	1e-05	0.148189	1e-05	0.477896	1e-05	0.048191	1e-05
12884A	52.1595064797625	0.248519438197836	1995	1e-05	0.328864	0.002866	0.142672	1e-05	0.479402	1e-05	0.046157	1e-05
15579A	52.0276243494358	0.278492943542078	1745	1e-05	0.311669	1e-05	0.151123	1e-05	0.498748	0.003185	0.035234	1e-05
3DT16	53.875853822045	-1.14776688056998	1750	1e-05	0.306029	1e-05	0.16297	0.00424	0.485062	1e-05	0.041658	1e-05
3DT26	53.9454968129657	-1.08386340022087	1750	1e-05	0.008057	0.061338	0.014812	1.6e-05	0.561042	1e-05	0.354705	1e-05
6DT18	54.0579498485569	-1.03517404065467	1750	1e-05	0.330168	0.005806	0.135833	0.002367	0.507927	1e-05	0.01787	1e-05
6DT21	54.0291728493199	-1.17537886735052	1750	0.001452	0.325121	0.002901	0.131968	0.00102	0.484423	1e-05	0.053094	1e-05
6DT22	53.8741313601285	-1.09160836652853	1750	1e-05	0.303932	1e-05	0.15242	1e-05	0.497207	1e-05	0.046381	2.2e-05
6DT23	53.9957387846801	-1.15123573371209	1750	1e-05	0.327503	0.000457	0.131506	0.000473	0.509639	1e-05	0.030392	1e-05
6DT3	54.0353587377258	-1.13208958014846	1750	1e-05	0.344934	1e-05	0.138168	0.003391	0.468323	1e-05	0.045144	1e-05
15569A	52.3421723780129	0.0153033598139882	1490	1e-05	0.359871	1e-05	0.142295	0.004334	0.473174	1e-05	0.020285	1e-05
15570A	52.3552734200284	-0.00745647965930402	1482.5	1e-05	0.331096	1e-05	0.13217	0.00189	0.498664	1e-05	0.03614	1e-05
15577A	52.1665581481438	0.0367617756873369	1477.5	1e-05	0.323551	0.001982	0.156202	1.8e-05	0.484193	1e-05	0.034024	1e-05
15558A	52.2501550066657	0.106517956294119	1455	1e-05	0.360634	0.004537	0.139518	0.002223	0.4805	0.000477	0.012092	1e-05
12883A	52.0230539785884	0.19579455556348	1246.5	1e-05	0.326494	0.000429	0.149119	0.002933	0.473371	0.000749	0.046886	1e-05
12881A	52.0340501701646	0.0823900962434709	1232	1e-05	0.341367	0.00073	0.147848	1e-05	0.480771	1e-05	0.029243	1e-05
12885A	52.0912230239902	0.246845042491332	1164.5	1e-05	0.311486	0.000732	0.155702	1e-05	0.497918	0.0035	0.030632	1e-05
NO3423	53.553857788695	-1.25245467673056	1170	1e-05	0.330856	1e-05	0.169208	0.002967	0.471677	1e-05	0.025252	1e-05
VK143	51.6986483019218	-1.26229031518102	1010	1e-05	0.347236	0.000823	0.151395	0.006881	0.47894	1e-05	0.014695	1e-05
VK144	51.7680003071576	-1.19875403231941	1010	0.00565	0.339084	1e-05	0.152179	0.002961	0.500087	1e-05	1e-05	1e-05
VK145	51.8513157295901	-1.26267881331965	1010	1e-05	0.314242	0.005391	0.143391	0.003636	0.504359	1e-05	0.02577	0.003191
VK146	51.8537435311731	-1.17135156010278	1010	1e-05	0.23526	0.006207	0.129236	0.000631	0.531067	1e-05	0.097569	1e-05
VK147	51.7255478465371	-1.25020934840664	1010	1e-05	0.328332	0.003865	0.153582	1e-05	0.493209	0.004747	0.016235	1e-05
VK150	51.7888929246832	-1.35875360378064	1010	0.004833	0.280498	0.003185	0.13692	0.001148	0.525865	1e-05	0.047531	1e-05
VK151	51.8042642250564	-1.29892484037206	1010	1e-05	0.349571	1e-05	0.161901	1e-05	0.456459	0.001045	0.030984	1e-05
VK165	51.6762825032603	-1.35689023951069	1010	1e-05	0.342976	1e-05	0.167182	1e-05	0.458725	0.008908	0.020695	0.001483
VK166	51.820761006223	-1.28741408292204	1010	1e-05	0.281885	0.004924	0.163724	0.005508	0.49602	0.005387	0.042532	1e-05
VK167	51.7934291553125	-1.35068213868886	1010	0.004137	0.348519	1e-05	0.14175	1e-05	0.487088	0.000946	0.01753	1e-05
VK168	51.8134702981356	-1.33408413696103	1010	1e-05	0.332527	0.001497	0.165561	1e-05	0.481958	1e-05	0.018416	1e-05
VK172	51.7977814472187	-1.31965068871155	1010	1e-05	0.344605	1e-05	0.16344	0.000913	0.472362	0.00142	0.017229	1e-05
VK173	51.7373789135739	-1.17827973118052	1010	0.003296	0.322916	0.003914	0.133274	0.002652	0.518118	1e-05	0.01581	1e-05
VK174	51.707447979264	-1.21773085020483	1010	1e-05	0.350209	1e-05	0.152227	0.004919	0.476921	1e-05	0.008282	0.007412
VK175	51.7729542710725	-1.21357021521777	1010	1e-05	0.342932	0.00588	0.171979	1e-05	0.463613	0.001775	0.013791	1e-05
VK176	51.7661156318523	-1.26760002355091	1010	0.000694	0.349069	0.003259	0.162086	0.001665	0.464436	0.00034	0.018442	1e-05
VK177	51.7384103058744	-1.21110394703224	1010	1e-05	0.27736	0.004197	0.136753	0.005114	0.530426	0.008166	0.037963	1e-05
VK178	51.7329909501038	-1.32354661518708	1010	1e-05	0.325082	0.003129	0.135943	1e-05	0.491521	1e-05	0.044285	1e-05
VK170	54.1209189353231	-4.66536677388474	950	0.0054	0.324367	1e-05	0.170893	0.002325	0.460051	0.011341	0.025603	1e-05
VK256	50.6437629869021	-2.4481034225598	953	1e-05	0.332879	0.001227	0.152296	1e-05	0.475939	0.004687	0.032943	1e-05
VK257	50.7443975667283	-2.53849618866108	953	1e-05	0.31681	0.002961	0.168259	1e-05	0.492801	0.004006	0.015133	1e-05
VK258	50.6623484899569	-2.44558235689066	953	1e-05	0.339713	0.003565	0.138134	1e-05	0.48363	0.000748	0.027474	0.006716
VK259	50.7275483480934	-2.46230165202171	953	1e-05	0.35403	0.006574	0.142235	0.005675	0.484273	1e-05	0.007183	1e-05
VK260	50.6737399270572	-2.52107193212025	953	0.001232	0.312508	0.001236	0.145047	0.001185	0.47936	0.002544	0.050934	0.005955
VK261	50.7262505390029	-2.45244218798354	953	1e-05	0.295173	0.00441	0.14665	0.006295	0.518985	0.003974	0.024492	1e-05
VK262	50.6513522314653	-2.41331083577126	953	1e-05	0.32406	0.006535	0.13675	0.00783	0.502111	1e-05	0.019575	0.003121
VK263	50.7259907986317	-2.46047727189027	953	1e-05	0.329714	0.001345	0.156843	0.000533	0.464004	0.007017	0.03781	0.002724
VK264	50.5787645682972	-2.45648298382759	953	0.005148	0.318497	0.004298	0.144553	1e-05	0.489193	0.001206	0.037087	1e-05
VK449	50.7511488291714	-2.53593134803697	953	0.002551	0.325721	1e-05	0.163647	1e-05	0.449876	0.008549	0.041134	0.008503
VK203	59.1038032080699	-3.22519995917566	900	1e-05	0.333968	0.004067	0.141148	1e-05	0.483345	1e-05	0.037432	1e-05
VK207	59.0991614771727	-3.40392006373033	900	1e-05	0.325063	1e-05	0.138682	0.002747	0.498407	0.000937	0.032971	0.001174
VK201	59.1140128613636	-3.29482470651157	900	1e-05	0.328793	1e-05	0.146311	0.002826	0.47949	1e-05	0.04254	1e-05
VK202	59.1927875870559	-3.32509729227051	900	1e-05	0.315678	1e-05	0.165386	1.3e-05	0.480082	1e-05	0.038802	1e-05
VK204	58.8524120052066	-2.67157032690011	900	1e-05	0.344008	1e-05	0.151134	1e-05	0.48527	1e-05	0.016708	0.00284
VK205	58.9807633792236	-2.83187669906765	900	1e-05	0.312959	0.00249	0.140247	1e-05	0.500627	1e-05	0.040611	0.003036
VK171	53.2395383268129	-4.1713817534782	850	1e-05	0.332973	1e-05	0.157838	1e-05	0.497929	1e-05	0.006854	0.004366
prs002	54.2502458444331	-8.52949598467909	5675	0.00788	1e-05	0.001349	0.209189	0.004002	0.77754	1e-05	1e-05	1e-05
prs012	54.3278215696104	-8.53017149510793	5660	1e-05	1e-05	1e-05	0.23245	0.004228	0.760363	1e-05	1e-05	0.00291
prs003	54.2582280519884	-8.49600195511244	5600	1e-05	1e-05	1e-05	0.226778	0.00543	0.759449	1e-05	1e-05	0.008292
prs016	54.3459081180859	-8.61505360830575	5560	1e-05	0.000642	1e-05	0.189756	0.015408	0.794144	1e-05	1e-05	1e-05
prs010	54.3285130441189	-8.60027407043614	5530	0.003894	0.002485	1e-05	0.246722	1e-05	0.74543	1e-05	1e-05	0.00143
prs006	54.2844609560911	-8.4726519065816	5330	1e-05	1e-05	1e-05	0.231102	0.001467	0.756595	0.005656	1e-05	0.00514
prs013	54.1566749136429	-8.57646985285916	5320	1e-05	1e-05	0.002646	0.213736	0.002997	0.776921	1e-05	1e-05	0.003659
prs009	54.188887950452	-8.53313874717802	5310	0.003147	1e-05	0.001007	0.207709	0.004393	0.778681	5.8e-05	1e-05	0.004986
Ballynahatty	54.5726968777925	-5.94256140481681	5131.5	0.005492	1e-05	0.006429	0.21736	0.004569	0.764489	0.00163	1e-05	1e-05
Rathlin1	55.2067378829327	-6.18532873765565	3905.5	0.004474	0.380962	0.004645	0.134879	1e-05	0.420509	1e-05	0.054501	1e-05
Rathlin2	55.2146917252429	-6.1721824177634	3832.5	1e-05	0.347244	0.000683	0.147289	0.007724	0.45988	0.004942	0.032217	1e-05
Rathlin3	55.2371436766908	-6.26070442880504	3585	1e-05	0.359786	0.004646	0.149063	0.004284	0.447784	1e-05	0.034407	1e-05
VK545	53.3331960501708	-6.33044633151032	1185	1e-05	0.329677	0.002863	0.125049	0.004029	0.483595	0.000187	0.054579	1e-05
VK543	53.5753210675344	-10.0832178593334	1000	0.000322	0.332272	0.000912	0.155168	1e-05	0.480037	1e-05	0.029316	0.001953
VK544	53.4165571876429	-6.32722796453163	1000	0.00108	0.343896	0.001507	0.155226	0.007667	0.473612	1.2e-05	0.016991	1e-05
VK24	61.6668697170448	-7.05164598244242	800	0.007607	0.341372	1e-05	0.148463	1e-05	0.478997	0.000519	0.023013	1e-05
VK237	61.8076221461408	-6.81664736955427	250	0.000455	0.309381	1e-05	0.161073	0.003549	0.485142	0.00063	0.039749	1e-05
VK238	61.8052542930469	-6.86059194118716	250	1e-05	0.3382	1e-05	0.141454	0.001271	0.490805	0.001554	0.026687	1e-05
VK240	61.7878178821877	-6.77013963172212	250	1e-05	0.332107	1e-05	0.1453	0.003438	0.507584	1e-05	0.011531	1e-05
VK241	61.8730063355528	-6.76998379384167	250	1e-05	0.343965	1e-05	0.145662	0.000952	0.475685	0.000254	0.033452	1e-05
VK242	61.8551596443634	-6.80069508193992	250	1e-05	0.323083	1e-05	0.139597	1e-05	0.516122	1e-05	0.021148	1e-05
VK244	61.7915296688676	-6.78072473723441	250	1e-05	0.347855	0.000699	0.13664	0.002725	0.497725	1e-05	0.014326	1e-05
VK245	61.7760188600048	-6.78204213525169	250	1e-05	0.33042	1e-05	0.13636	0.003377	0.517873	0.002095	0.009845	1e-05
VK25	61.8864101568703	-6.85112469010055	250	1e-05	0.325861	1e-05	0.149064	0.000819	0.510737	0.001803	0.011686	1e-05
VK27	61.8754685813561	-6.70127030177973	250	1e-05	0.355478	1e-05	0.131825	1e-05	0.499598	0.007919	0.00514	1e-05
VK44	61.8308426746167	-6.85097761987709	250	1e-05	0.333534	1e-05	0.146579	0.003534	0.490832	0.001996	0.023494	1e-05
VK46	61.8792865963187	-6.8051713836845	250	0.003128	0.328296	0.005909	0.15907	0.000961	0.475637	0.005779	0.021211	1e-05
NNM-A-1	65.4888684086688	-13.9217943059839	1015	1e-05	0.353557	1e-05	0.142985	0.004907	0.488984	0.009526	1e-05	1e-05
SSG-A-2	65.6805975680053	-18.2700053879432	1025	0.000515	0.333848	0.005653	0.126142	0.001233	0.48083	1e-05	0.048476	0.003292
SSG-A-3	65.7994996027835	-18.2496674577147	1025	1e-05	0.344319	1e-05	0.169389	1e-05	0.480651	1e-05	0.005591	1e-05
SSG-A-4	65.834017584594	-18.1127293927968	1025	1e-05	0.34457	0.001233	0.145633	1e-05	0.471482	1e-05	0.034478	0.002574
SSJ-A-2	65.5118148747925	-14.6278252206929	1025	1e-05	0.351753	1e-05	0.149644	1e-05	0.494923	1e-05	0.00363	1e-05
SVK-A-1	65.9115689202771	-16.6403284070827	1015	1e-05	0.366399	0.008001	0.13502	0.006533	0.474347	1e-05	0.009671	1e-05
FSS-A-1	65.2214812098816	-19.0869955338072	1015	0.001524	0.314625	0.00051	0.144161	0.003824	0.489631	1e-05	0.041572	0.004144
GTE-A-1	65.3970692322403	-14.2176128172316	1015	0.00171	0.331244	1e-05	0.144631	1e-05	0.521564	0.000811	1e-05	1e-05
GRS-A-1	65.5464575258177	-16.1233024253324	1015	0.004806	0.33471	1e-05	0.160292	1e-05	0.475004	1e-05	0.019983	0.005175
HSJ-A-1	65.4131711149588	-14.5972625085991	1015	4.5e-05	0.3393	1e-05	0.159821	1e-05	0.463853	1e-05	0.03478	0.002173
DAV-A-8	66.027317636488	-18.5588968935609	1000	1e-05	0.357854	0.004438	0.172719	0.00432	0.448937	0.004667	0.003129	0.003925
DAV-A-9	65.8897560446337	-18.4713436739706	950	1e-05	0.360144	1e-05	0.163302	1e-05	0.470547	1e-05	1e-05	0.005956
STT-A-2	65.3923564923182	-14.4451436602976	1000	1e-05	0.323646	0.002132	0.159894	1e-05	0.466735	1e-05	0.047554	1e-05
MKR-A-1	65.6974706699606	-17.2315261605568	1015	0.00498	0.3772	1e-05	0.146491	1e-05	0.437537	0.020126	1e-05	0.013637
YGS-B-2	65.9523231451865	-18.6308932288084	1015	1e-05	0.355704	0.005676	0.14244	0.001381	0.473547	0.002	0.010549	0.008693
VK129	65.8663485953678	-17.3851025750022	900	0.005467	0.346472	0.000391	0.14801	0.003225	0.442011	0.011621	0.010856	0.031947
TSK-A-26	64.0393163122516	-19.8541453272942	825	0.000803	0.34497	1e-05	0.145955	1e-05	0.479006	1e-05	0.029226	1e-05
VK101	65.6884009798896	-17.0600885036774	750	1e-05	0.313824	1e-05	0.154827	1e-05	0.485855	0.003079	0.042374	1e-05
VK102	65.6388512837142	-17.1605551412236	750	1e-05	0.34064	0.003266	0.155401	1e-05	0.476778	1e-05	0.023875	1e-05
VK122	65.6445794225577	-17.1639222285151	750	0.000219	0.314189	0.005198	0.170615	0.00716	0.483861	0.00447	0.014277	1e-05
VK123	65.6141668336373	-17.0700384855177	750	1e-05	0.317946	0.00672	0.137387	1e-05	0.501894	1e-05	0.036012	1e-05
VK225	65.6313434694335	-17.1735313006584	750	1e-05	0.342362	1e-05	0.176772	1e-05	0.448593	0.006927	0.025306	1e-05
VK227	65.6786473890673	-17.2255241694301	750	0.001667	0.343176	1e-05	0.154884	0.001313	0.465574	1e-05	0.031479	0.001887
VK230	65.6385865781363	-17.0853175829072	750	0.001393	0.327765	1e-05	0.143724	1e-05	0.49766	0.002361	0.024563	0.002514
VK95	65.6239408476651	-17.2183850538824	750	0.006567	0.313887	0.003392	0.123997	1e-05	0.511257	1e-05	0.035467	0.005412
VK98	65.6480454325583	-17.163769184649	750	1e-05	0.333488	1e-05	0.155267	0.003497	0.454864	1e-05	0.042034	0.010821
VK99	65.6363745990582	-17.2274859681632	750	0.004862	0.321266	0.001011	0.145579	0.003583	0.499535	1e-05	0.019522	0.004632
FOV-A-1	65.3588285614736	-14.6214724239428	635.5	0.005986	0.353748	0.003167	0.125994	1e-05	0.488414	0.008047	0.012972	0.001662
NEO254	55.4000283432193	10.1579569098726	10463	1e-05	1e-05	1e-05	0.99992	1e-05	1e-05	1e-05	1e-05	1e-05
NEO91	55.4220316312835	12.2800112746097	9122	1e-05	0.015344	1e-05	0.984586	1e-05	1e-05	1e-05	1e-05	1e-05
NEO759	55.3858038854785	12.3670786903054	9028	1e-05	0.003443	1e-05	0.996487	1e-05	1e-05	1e-05	1e-05	1e-05
NEO123	54.9494355406985	11.9367250754032	8182	1e-05	0.001311	1e-05	0.998619	1e-05	1e-05	1e-05	1e-05	1e-05
NEO122	55.0105790561903	11.9222735792398	8146	1e-05	0.007913	1e-05	0.992017	1e-05	1e-05	1e-05	1e-05	1e-05
NEO19	56.2222010021377	10.5555637094472	8163	1e-05	1e-05	1e-05	0.99992	1e-05	1e-05	1e-05	1e-05	1e-05
syltholm	54.66686964822	11.3410814876202	7709.5	1e-05	1e-05	1e-05	0.99992	1e-05	1e-05	1e-05	1e-05	1e-05
NEO683	55.3986582227051	9.80481175772846	7529	1e-05	1e-05	1e-05	0.99992	1e-05	1e-05	1e-05	1e-05	1e-05
NEO932	55.3227111496963	11.2048275785707	7499	1e-05	1e-05	1e-05	0.99992	1e-05	1e-05	1e-05	1e-05	1e-05
NEO589	55.4275404843222	11.1199646439403	7478	1e-05	1e-05	1e-05	0.99992	1e-05	1e-05	1e-05	1e-05	1e-05
NEO791	55.34895750002	11.0545593694318	7048	1e-05	1e-05	1e-05	0.99992	1e-05	1e-05	1e-05	1e-05	1e-05
NEO749	55.7603670123033	12.5167907067947	7070	1e-05	0.011108	1e-05	0.988822	1e-05	1e-05	1e-05	1e-05	1e-05
NEO745	55.8732605138794	12.4958519218396	6790	0.005889	0.054609	0.009032	0.903135	1e-05	0.017412	0.005467	0.004437	1e-05
NEO747	55.8869858885184	12.5616366339289	6729	0.008496	0.059626	1e-05	0.912931	1e-05	0.018897	1e-05	1e-05	1e-05
NEO586	56.4027398457099	10.5573034674209	7031	1e-05	0.020574	1e-05	0.979356	1e-05	1e-05	1e-05	1e-05	1e-05
NEO583	56.4080421271548	10.5794584636856	6981	0.018693	0.125866	1e-05	0.820685	1e-05	0.003721	0.004292	1e-05	0.026713
NEO733	55.8283278124686	11.3628477878496	6824	1e-05	1e-05	1e-05	0.99992	1e-05	1e-05	1e-05	1e-05	1e-05
NEO855	56.4488818197511	10.6638459923491	6302	1e-05	1e-05	1e-05	0.99992	1e-05	1e-05	1e-05	1e-05	1e-05
NEO570	56.3318415057845	10.8020368163288	6369	1e-05	1e-05	1e-05	0.99992	1e-05	1e-05	1e-05	1e-05	1e-05
NEO568	56.8694165432267	9.27699031212367	6586	1e-05	1e-05	1e-05	0.99992	1e-05	1e-05	1e-05	1e-05	1e-05
NEO856	56.4635780045111	10.6865601019096	6777	1e-05	1e-05	1e-05	0.99992	1e-05	1e-05	1e-05	1e-05	1e-05
NEO852	55.9550881934073	10.1744894179888	6308	1e-05	0.002547	1e-05	0.997383	1e-05	1e-05	1e-05	1e-05	1e-05
NEO751	56.8349955734611	9.25721480681561	6343	1e-05	0.021766	1e-05	0.978164	1e-05	1e-05	1e-05	1e-05	1e-05
NEO941	56.6128022928163	10.1218844227307	6372	1e-05	0.045105	1e-05	0.939844	1e-05	0.014992	1e-05	1e-05	1e-05
NEO598	55.9943503141869	11.8315785385668	6075	1e-05	0.031561	1e-05	0.968369	1e-05	1e-05	1e-05	1e-05	1e-05
NEO853	55.4895240839105	10.5424703491665	6047	1e-05	1e-05	1e-05	0.99992	1e-05	1e-05	1e-05	1e-05	1e-05
NEO960	55.5329244807549	11.5199937249254	5926	1e-05	0.034771	1e-05	0.965159	1e-05	1e-05	1e-05	1e-05	1e-05
NEO645	55.9763928123191	11.1509270857647	5870	1e-05	0.002953	1e-05	0.996977	1e-05	1e-05	1e-05	1e-05	1e-05
NEO790	55.7844695752859	12.2557048558071	5663	0.005966	0.001216	0.005285	0.21454	0.006	0.763201	1e-05	1e-05	0.00377
NEO891	55.7361243829317	12.1317484573927	5661	0.000613	0.009783	0.003396	0.227245	0.000833	0.757679	1e-05	1e-05	0.000431
NEO942	55.6164137513097	11.2008298479114	5491	0.006227	0.037167	1e-05	0.342734	0.001967	0.611864	1e-05	1e-05	1e-05
NEO896	54.8795434977207	12.4606147952471	5446	0.004171	0.042675	1e-05	0.248176	1e-05	0.704929	1e-05	1e-05	1e-05
NEO23	55.6380442364141	11.2407545276359	5533	0.012148	0.002358	1e-05	0.193794	0.000272	0.783077	1e-05	0.00699	0.001342
NEO753	55.6788872661348	12.2104079210106	5531	0.004271	0.015701	1e-05	0.237701	1e-05	0.742277	1e-05	1e-05	1e-05
NEO29	55.0725583452918	10.8612020269036	5489	0.00277	0.010382	0.000847	0.268911	0.003146	0.7097	1e-05	1e-05	0.004224
NEO43	56.0473786057998	10.2364958296064	5067	1e-05	0.070786	1e-05	0.292302	1e-05	0.636851	1e-05	1e-05	1e-05
NEO945	56.4364085069019	9.78778744285926	5445	0.005025	0.010224	0.004765	0.364097	0.000228	0.611614	1e-05	0.003923	0.000113
NEO886	55.0509429885633	12.453522702707	5457	0.006844	0.02159	1e-05	0.319501	1e-05	0.652015	1e-05	1e-05	1e-05
NEO866	54.8641433735192	11.8230714486074	5456	0.005379	0.004105	0.00569	0.280589	9.2e-05	0.698977	1e-05	0.005148	1e-05
NEO28	55.8298233569507	12.3545807367098	5459	0.00237	1e-05	0.000775	0.23819	0.003814	0.746472	1e-05	0.005806	0.002553
NEO757	55.8941694666166	11.0928261768818	5452	0.000707	0.028797	1e-05	0.316546	1e-05	0.653894	1.6e-05	1e-05	1e-05
NEO595	55.8666708310228	11.1990098610613	5452	0.001592	0.022276	1e-05	0.247959	0.000918	0.727216	1e-05	1e-05	1e-05
NEO933	55.2071116729639	10.8452039492317	5337	0.003961	0.015949	0.000883	0.280464	1e-05	0.693019	1e-05	0.005695	1e-05
NEO744	55.8992117048614	11.5728382603358	5333	0.0076	0.040727	0.004052	0.216613	1e-05	0.730968	1e-05	1e-05	1e-05
NEO597	55.5798179826327	11.5045892693847	5210	1e-05	0.028098	1e-05	0.303529	1e-05	0.666398	1e-05	1e-05	0.001925
NEO935	55.519051277861	12.1048632948473	5187	0.003251	0.003447	0.004202	0.246176	0.006345	0.71636	1e-05	0.0202	1e-05
NEO599	55.6020506895613	11.6594538213406	5134	1e-05	0.018619	1e-05	0.289918	1e-05	0.688154	1e-05	1e-05	0.003259
NEO898	55.6587745771371	11.5178427515738	5080	0.008883	0.318341	0.000147	0.622519	1e-05	0.05007	1e-05	1e-05	1e-05
NEO25	56.4674506987631	10.7564314547088	4956	0.000401	0.045461	1e-05	0.379544	1e-05	0.573599	1e-05	1e-05	0.000954
NEO925	54.8238425145205	10.6052775024623	4947	1e-05	0.013192	1e-05	0.267658	0.002281	0.716819	1e-05	1e-05	1e-05
RISE61	55.7006838014349	11.7781153279729	4621.5	0.003157	0.346727	0.002095	0.157198	1e-05	0.430023	1e-05	0.056407	0.004372
NEO878	55.7727230306249	11.8251944024954	4026	0.000711	0.330498	1e-05	0.194597	1e-05	0.437779	0.001013	0.035011	0.00037
NEO943	55.418932893211	9.64234637265094	4614	5.2e-05	0.021191	0.000534	0.315811	0.002061	0.656149	0.000542	1e-05	0.00365
NEO792	54.8186206098925	12.1789939966798	4493	1e-05	0.488443	1e-05	0.103191	1e-05	0.33015	1e-05	0.078167	1e-05
NEO870	55.932671397971	9.9964007056877	4240	0.003294	0.357818	0.001891	0.152739	1e-05	0.429282	1e-05	0.054946	1e-05
NEO875	55.8751215259079	10.0424497860577	3970	0.000597	0.364981	1e-05	0.168442	0.001694	0.41728	0.00228	0.044707	1e-05
NEO92	55.3221388857346	12.1753870022763	4188	1e-05	0.353563	0.002026	0.161835	1e-05	0.440627	1e-05	0.041909	1e-05
NEO737	55.3046179523412	11.2160747447517	4106	1.4e-05	0.336552	1e-05	0.204819	1e-05	0.431628	1e-05	0.026948	1e-05
NEO738	56.3377226488106	10.5302106329799	4103	1e-05	0.351534	1e-05	0.156974	0.004916	0.459005	1e-05	0.027531	1e-05
NEO739	56.3896723639127	10.6447966991551	3965	1e-05	0.348246	0.005699	0.180121	0.00331	0.441671	1e-05	0.019505	0.001429
NEO861	55.589480826417	12.3251673014555	4102	1e-05	0.326439	1e-05	0.188024	0.00055	0.452014	1e-05	0.032934	1e-05
NEO860	55.6541728761699	12.3099305139575	3697	1e-05	0.380954	1e-05	0.163286	1e-05	0.427165	1e-05	0.028544	1e-05
Gjerrild5	56.437620429555	10.7320520382561	4110	0.002155	0.377794	0.006868	0.140471	1e-05	0.399067	1e-05	0.073616	1e-05
RISE71	56.6823184990045	10.043505381532	4059.5	1e-05	0.370989	1e-05	0.16626	1e-05	0.427888	1e-05	0.034813	1e-05
NEO735	55.1802976636868	11.2936735936441	3972	1e-05	0.351438	0.005233	0.171471	0.001	0.446713	1e-05	0.024115	1e-05
VK214	55.8096188190579	12.0371272499952	3782	1e-05	0.354921	1e-05	0.197511	1e-05	0.446939	0.000579	1e-05	1e-05
NEO93	55.332445242526	12.3177353786863	3735	1e-05	0.347146	1e-05	0.17054	0.002892	0.466732	1e-05	0.012649	1e-05
NEO752	55.7132924740016	11.334695270909	3589	0.003597	0.31625	0.000548	0.173057	0.012928	0.453691	1e-05	0.039909	1e-05
NEO563	55.7733792881388	11.7040915595368	3350	1e-05	0.323171	0.00427	0.17745	1e-05	0.476628	1e-05	0.018441	1e-05
NEO951	57.2634134349041	10.1004108311795	3242	1e-05	0.339677	1e-05	0.165997	0.001545	0.448514	1e-05	0.044226	1e-05
NEO590	55.4390009571426	11.2276275799982	3290	1e-05	0.334433	1e-05	0.172171	0.007003	0.474714	1e-05	0.011639	1e-05
NEO946	55.7905439716671	12.16482114424	3094	1e-05	0.333424	0.001338	0.194189	0.005909	0.458949	1e-05	0.006161	1e-05
VK582	56.0196557413787	9.99107857207768	1900	1e-05	0.38576	1e-05	0.170847	1e-05	0.443333	1e-05	1e-05	1e-05
VK521	55.6391201825906	12.243633824084	1650	1e-05	0.352965	1e-05	0.161774	1e-05	0.474624	1e-05	0.009377	0.00122
VK213	55.6324021138903	12.080830733506	1491	0.004559	0.344169	1e-05	0.14966	1e-05	0.491702	1e-05	0.009871	1e-05
VK532	55.7141521608364	12.2300971086137	950	1e-05	0.357881	0.002579	0.153238	0.009079	0.453454	0.000927	0.022823	1e-05
VK65	55.9312571860198	12.1249395120144	1200	0.00643	0.259013	0.005144	0.162995	0.00146	0.514215	1e-05	0.050722	1e-05
VK69	55.8287639644276	12.0975342740491	1200	1e-05	0.347305	0.000648	0.134593	0.005294	0.489704	1e-05	0.022426	1e-05
VK70	55.9000308967475	12.1492404753994	1200	1e-05	0.33397	1e-05	0.144909	0.008416	0.477653	1e-05	0.035012	1e-05
VK71	55.9478897937853	12.1588145425729	1200	0.002445	0.338293	1e-05	0.159138	0.003137	0.494698	0.00226	1e-05	1e-05
VK312	55.1276749681681	10.6261166499648	1075	7.3e-05	0.350334	1e-05	0.160495	0.000378	0.47158	1e-05	0.01711	1e-05
VK313	55.0692929378711	10.5114663548488	1075	1e-05	0.318794	1e-05	0.155356	1e-05	0.486976	0.007204	0.03163	1e-05
VK314	55.1259023734834	10.6145285695512	1075	1e-05	0.271526	0.003372	0.116313	1e-05	0.541868	0.000668	0.065516	0.000718
VK329	55.3845473440085	8.84627891791984	1163	0.002338	0.288779	0.003893	0.122734	0.000117	0.533709	1e-05	0.04841	1e-05
VK325	55.4242253199406	8.68998897177167	1091	1e-05	0.340503	1e-05	0.1691	0.005787	0.471309	1e-05	0.013261	1e-05
VK328	55.3570472498145	8.82112214378081	1079	1e-05	0.306323	0.005645	0.145271	1e-05	0.50332	0.000194	0.039218	1e-05
VK326	55.3208263242803	8.84643850507215	958	1e-05	0.282299	0.003172	0.129395	1e-05	0.516381	0.004448	0.064275	1e-05
VK327	55.2522394465003	8.74049949854612	945	1e-05	0.323904	0.000409	0.14976	0.002329	0.495007	1e-05	0.028561	1e-05
VK324	55.3512463411037	8.66579205323011	938	1e-05	0.320646	0.010545	0.146763	1e-05	0.488963	1e-05	0.033043	1e-05
VK323	55.4269718334731	8.73591778850183	900	1e-05	0.36278	1e-05	0.151516	1e-05	0.471218	1e-05	0.014436	1e-05
VK322	55.4026635813247	8.76372852254659	866	0.001152	0.306408	1e-05	0.115659	0.000298	0.51928	0.004707	0.052477	1e-05
VK330	55.2470986908954	8.72648017074913	861	1e-05	0.266544	0.002011	0.129884	0.004531	0.525412	0.001522	0.070077	1e-05
VK301	55.4068033231143	10.5608749997709	1185	1e-05	0.294646	0.000103	0.15582	0.002551	0.480614	1e-05	0.066237	1e-05
VK319	55.4210455860198	10.5389121598005	1150	1e-05	0.28693	0.002742	0.133878	0.004103	0.527558	1e-05	0.044759	1e-05
VK294	55.466439118553	11.257511446299	1075	1e-05	0.348887	0.0077	0.15036	1e-05	0.466389	0.009053	0.017582	1e-05
VK315	55.5607045127451	11.1701212272979	1075	1e-05	0.332643	1e-05	0.13578	0.000215	0.503591	1e-05	0.027731	1e-05
VK369	55.6497506502457	11.2915684611071	1075	1e-05	0.273787	0.0061	0.127735	1e-05	0.540743	0.002257	0.049349	1e-05
VK300	55.9607571253087	10.2801542187575	1075	0.00258	0.348323	1e-05	0.14885	0.005183	0.486325	1e-05	0.008708	1e-05
VK340	55.9733712162357	10.1720012004022	1075	1e-05	0.333264	1e-05	0.160031	0.004622	0.434197	0.011246	0.05661	1e-05
VK384	55.9757901663892	10.1908708342817	1075	1e-05	0.33632	1e-05	0.154964	1e-05	0.487587	1e-05	0.021078	1e-05
VK84	55.9412387478165	10.1645030694082	1075	0.001984	0.259276	1e-05	0.132186	0.008638	0.539301	1e-05	0.058585	1e-05
VK87	55.8864964990411	10.2602582326625	1075	0.002096	0.264247	1e-05	0.131163	0.002874	0.513293	3.7e-05	0.086271	1e-05
VK385	55.5908471517731	11.9405601417646	1075	1e-05	0.281252	0.005414	0.151708	0.006184	0.516501	0.000403	0.038518	1e-05
VK90	55.6756989430171	12.0264468318317	1075	1e-05	0.254659	0.00811	0.13337	0.00377	0.539732	1e-05	0.053669	0.00667
VK92	55.6433738667984	12.0124302368611	1075	1e-05	0.376748	1e-05	0.143321	0.002581	0.45421	1e-05	0.023099	1e-05
VK445	55.6192699164432	11.9615813650005	900	0.003908	0.331011	1e-05	0.154878	1e-05	0.457373	1e-05	0.05279	1e-05
VK94	55.5928922381997	11.9754753210861	900	1e-05	0.320465	1e-05	0.151143	1e-05	0.513952	1e-05	0.005163	0.009237
VK371	55.4420637903269	10.3007954391837	1065	1e-05	0.354468	0.001644	0.171966	0.004043	0.463971	0.002704	0.001185	1e-05
VK134	55.5762744029518	10.235635886034	900	1e-05	0.342233	0.00086	0.169478	1e-05	0.480776	1e-05	0.001375	0.005248
VK138	55.5683213847689	10.3062728622183	900	1e-05	0.300879	0.001724	0.134236	0.000114	0.52778	1e-05	0.035237	1e-05
VK139	55.5005637506489	10.3984899463318	900	1e-05	0.338592	0.000283	0.175945	0.000428	0.435619	0.007357	0.039043	0.002723
VK278	55.4315164539963	10.3402337174118	900	1e-05	0.283468	0.004524	0.126808	1e-05	0.529089	0.001639	0.054443	1e-05
VK280	55.526629873924	10.309109483771	900	0.000563	0.316815	1e-05	0.149376	0.000388	0.506312	1e-05	0.026517	1e-05
VK370	55.5197858213447	10.3046981903445	900	1e-05	0.350761	1e-05	0.13424	0.008609	0.499036	1e-05	0.007314	1e-05
VK372	55.5537789229304	10.3414018727094	900	1e-05	0.331671	0.001798	0.174132	1e-05	0.483864	0.00464	0.003866	1e-05
VK373	55.4751557437703	10.259708721349	900	0.003473	0.315522	1e-05	0.147295	0.006593	0.491655	1e-05	0.035431	1e-05
VK446	55.5547671770211	10.2341549492162	900	1e-05	0.360022	1e-05	0.150135	0.009567	0.445666	1e-05	0.03457	1e-05
VK141	55.5913409310393	10.2500720163062	900	5.8e-05	0.344509	0.003331	0.1582	1e-05	0.474352	1e-05	0.017518	0.002011
VK279	55.5998894038145	10.401940624062	900	0.001768	0.341559	0.000548	0.15007	0.006687	0.49578	1e-05	0.003568	1e-05
VK289	54.811274765851	10.7085539080761	1000	0.000371	0.361537	0.001672	0.148262	0.003101	0.483452	1e-05	0.001585	1e-05
VK291	54.8766596372705	10.6183782176673	1000	1e-05	0.364387	0.001951	0.159629	0.000746	0.46886	0.004397	1e-05	1e-05
VK281	55.0876466714032	11.9975214363076	900	1e-05	0.32876	1e-05	0.163337	0.008119	0.473368	1e-05	0.026376	1e-05
VK298	55.8328777546994	10.6739326546062	900	1e-05	0.356197	1e-05	0.157247	1e-05	0.485052	1e-05	0.001453	1e-05
VK286	54.9167048272956	10.6540284533799	900	1e-05	0.239056	0.003098	0.114422	1e-05	0.553236	1e-05	0.090147	1e-05
VK288	54.8226105363853	10.6606666386873	900	0.001339	0.343023	0.001661	0.137406	0.00292	0.492389	0.005754	0.015498	1e-05
VK292	54.9226142044458	10.7546689494792	900	1e-05	0.35955	1e-05	0.159177	1e-05	0.481213	1e-05	1e-05	1e-05
VK320	54.7802091696579	10.7935181641299	900	1e-05	0.33587	1e-05	0.149357	0.002745	0.487785	1e-05	0.024203	1e-05
VK338	54.9222407567594	10.7679512096383	900	1e-05	0.332053	1e-05	0.167596	1e-05	0.486921	1e-05	0.01338	1e-05
VK361	54.8593615445122	10.6368328789063	900	1e-05	0.321211	0.00279	0.152695	0.001889	0.480217	1e-05	0.041168	1e-05
VK362	54.9332988708559	10.6626050032023	900	0.003258	0.276997	1e-05	0.13429	0.002977	0.51118	1e-05	0.066066	0.005211
VK363	54.9123429600894	10.6780379362684	900	1e-05	0.256331	0.001364	0.13094	0.001695	0.508828	1e-05	0.100812	1e-05
VK364	54.8587267023325	10.7761625748407	900	0.000253	0.332894	0.000233	0.158426	1e-05	0.489973	1e-05	0.01819	1e-05
VK365	54.9227832604013	10.7718141459674	900	1e-05	0.229776	0.003173	0.136082	0.004759	0.564601	0.005728	0.055862	1e-05
VK366	54.890296167396	10.7056877590064	900	1e-05	0.338454	0.000782	0.153469	1e-05	0.48455	0.000548	0.022167	1e-05
VK367	54.9391088857595	10.7069135778397	900	1e-05	0.355901	0.001147	0.147736	0.003058	0.4665	0.002769	0.01246	0.010419
VK368	54.8862463436369	10.7197334823944	900	1e-05	0.324504	1e-05	0.125327	0.007454	0.507916	1e-05	0.034759	1e-05
VK284	55.5982253876049	12.2152811880317	900	1e-05	0.355638	1e-05	0.147301	1e-05	0.477228	1e-05	0.019783	1e-05
VK295	55.4278275238257	10.3527961152606	900	1e-05	0.333586	0.007256	0.156624	1e-05	0.502484	1e-05	1e-05	1e-05
VK316	55.4767255596723	10.3741209892556	900	1e-05	0.340379	0.00217	0.162325	0.003496	0.4699	0.003582	0.018128	1e-05
VK296	55.2200902312528	11.8237380947266	1230	1e-05	0.344737	0.000787	0.146835	1e-05	0.497717	0.009884	1e-05	1e-05
VK297	55.1304524160922	11.9018073472008	1200	1e-05	0.342705	1e-05	0.162455	0.003863	0.478087	0.012851	1e-05	1e-05
VK274	54.9148296482861	10.6988028865494	900	1e-05	0.29564	0.006149	0.152328	1e-05	0.452595	0.007582	0.083006	0.00268
VK275	54.9427266256884	10.8752758680098	900	1e-05	0.330157	1e-05	0.143128	0.001927	0.499684	1e-05	0.025064	1e-05
VK276	54.8574092077557	10.7218742361013	900	1e-05	0.272312	0.000233	0.13944	0.001642	0.536817	0.00114	0.048395	1e-05
VK285	54.9356266207993	10.8742934036255	900	1e-05	0.330318	0.007403	0.13352	1e-05	0.493141	0.001954	0.033634	1e-05
VK287	54.8362857114524	10.8537430338282	900	1e-05	0.324135	1e-05	0.146238	0.007664	0.464906	0.001595	0.049143	0.006298
VK317	54.9439868863206	10.8610132068582	900	7.9e-05	0.252377	0.007723	0.131583	1e-05	0.541312	0.006433	0.060473	1e-05
VK290	54.7990257769916	10.6476403250452	900	1e-05	0.334656	0.003364	0.157191	0.005416	0.492084	1e-05	0.007259	1e-05
VK282	54.8967583799642	10.8865790994558	900	1e-05	0.313157	0.001273	0.160636	0.004318	0.492321	1e-05	0.028264	1e-05
NEO18	58.3571715803444	13.6480275756121	9901	0.013008	0.396229	1e-05	0.588989	1e-05	1e-05	1e-05	1e-05	0.001724
NEO27	57.7560163673107	13.4088142657187	9694	0.00454	0.365421	1e-05	0.629372	1.6e-05	0.00061	1e-05	1.2e-05	1e-05
ble008	58.2507472603023	11.4179629476834	9825	0.022819	0.396754	0.01672	0.542119	0.00387	0.015362	1e-05	1e-05	0.002336
sf9	57.4626710874774	18.422943611173	9144	0.002929	0.314359	1e-05	0.682652	1e-05	1e-05	1e-05	1e-05	1e-05
sf12	57.5032295025699	18.4196669653151	8895	1e-05	0.345363	1e-05	0.654567	1e-05	1e-05	1e-05	1e-05	1e-05
sbj001	57.3296268008742	18.0561516275443	8771	0.006021	0.342584	1e-05	0.651336	1e-05	1e-05	1e-05	1e-05	1e-05
Motala12	58.5132906587422	15.0396711032372	7626	0.00522	0.341748	1e-05	0.652972	1e-05	1e-05	1e-05	1e-05	1e-05
Motala2	58.5699184944946	15.0229962615296	7594.5	0.001059	0.325745	1e-05	0.673135	1e-05	1e-05	1e-05	1e-05	1e-05
Motala1	58.6009911602922	15.1084989503026	7568.5	0.001955	0.355431	1e-05	0.642554	1e-05	1e-05	1e-05	1e-05	1e-05
NEO679	55.3354089757986	13.5577001027483	6834	1e-05	0.095474	1e-05	0.904456	1e-05	1e-05	1e-05	1e-05	1e-05
NEO260	58.217882535141	11.5799215358775	5825	1e-05	0.216122	1e-05	0.783808	1e-05	1e-05	1e-05	1e-05	1e-05
ans005	57.3990820243582	18.2838494345453	5265	0.005393	0.02249	1e-05	0.265821	1e-05	0.706246	1e-05	1e-05	1e-05
ans003	57.3835501344502	18.2144063742738	5250	0.009831	0.023288	1e-05	0.278998	0.001084	0.686758	1e-05	1e-05	1e-05
ans008	57.4059566173796	18.3332544212136	5135	1e-05	0.021637	0.009567	0.265612	0.004184	0.680491	1e-05	0.014775	0.003714
ans014	57.3241859632637	18.178753993744	5090	1e-05	0.016261	0.005592	0.253551	0.004148	0.704038	1e-05	0.01235	0.00404
ans017	57.4316349542327	18.1811815686896	5080	0.010391	0.018436	1e-05	0.267591	0.002394	0.691907	0.000359	0.005564	0.003347
NEO36	55.6673204338457	12.9971938431356	5097	1e-05	0.020551	1e-05	0.25837	0.002936	0.708995	1e-05	0.009108	1e-05
NEO39	55.5709477606509	13.0577310190164	5074	1e-05	0.015544	1e-05	0.269988	0.000138	0.71428	1e-05	1e-05	1e-05
Gok2	58.1520288901124	13.4418553980906	4850	0.001844	0.017137	0.003157	0.234933	0.003329	0.735454	0.003223	1e-05	0.000912
ros3	60.2054144709278	16.3756781417783	4955	1e-05	0.034007	1e-05	0.217565	0.003266	0.740501	1e-05	1e-05	0.004621
ros005	60.2601726317685	16.5074754017312	4740	1e-05	0.017206	0.001218	0.254775	0.005051	0.715472	1e-05	0.006248	1e-05
ans016	57.2804478352517	18.2465937414113	4646	0.001824	0.020015	1e-05	0.275308	0.002033	0.700779	1e-05	1e-05	1e-05
oll007	56.0329424128775	14.0869061712734	4630	1e-05	0.304385	0.003393	0.154295	0.008028	0.46807	0.001307	0.060502	1e-05
oll009	56.0223034281656	14.1758897151425	3790	1e-05	0.320718	0.001598	0.192717	1.7e-05	0.471866	1e-05	0.013054	1e-05
oll010	56.0553762987163	14.0855252896529	3720	1e-05	0.326982	1e-05	0.183619	0.000469	0.48888	1e-05	1e-05	1e-05
ajv54	57.196854659738	18.0500452161487	5080	0.004534	0.251496	1e-05	0.551095	1e-05	0.192825	1e-05	1e-05	1e-05
Ajv58	57.487100057723	18.5054423073307	4700	0.004626	0.268654	1e-05	0.550803	1e-05	0.175868	1e-05	1e-05	1e-05
Ajv70	57.5644269091077	18.5981002313085	4700	1e-05	0.259918	1e-05	0.54288	1e-05	0.197142	1e-05	1e-05	1e-05
ber2F	58.4407640192471	15.5118603581563	4510	1e-05	0.405973	0.00204	0.119277	1e-05	0.416798	1e-05	0.055872	1e-05
RISE94	56.1067255857587	14.238017646661	4496.5	1e-05	0.374095	1e-05	0.138127	0.004753	0.404612	1e-05	0.078373	1e-05
ber1M	58.3925274744909	15.548583584372	4495	1e-05	0.379018	0.004531	0.148208	0.008237	0.419935	1e-05	0.040042	1e-05
NEO44	55.5253402522672	12.9893096092623	4389	0.004849	0.322322	1e-05	0.178284	1e-05	0.47876	1e-05	0.015745	1e-05
NEO51	55.5264836272597	13.1147973217349	4361	1e-05	0.344221	0.000885	0.174571	0.005925	0.414149	1e-05	0.06022	1e-05
RISE98	55.3285093706753	13.4313142177183	4103.5	1e-05	0.351869	0.005483	0.17781	0.007721	0.427511	1e-05	0.029577	1e-05
RISE97	55.6089528147969	13.0547751689702	3905	0.003897	0.310199	0.002079	0.177978	1e-05	0.464975	1e-05	0.040841	1e-05
NEO220	58.2385415366199	13.5986272577476	3989	1e-05	0.342581	0.004535	0.154948	1e-05	0.497886	1e-05	1e-05	1e-05
NEO227	58.2322988592368	13.5918211600557	3948	1e-05	0.331871	1e-05	0.183852	0.000316	0.483911	1e-05	1e-05	1e-05
NEO224	58.1742959453538	13.6272243778501	3945	1e-05	0.324446	1e-05	0.183157	1e-05	0.492337	1e-05	1e-05	1e-05
NEO228	58.1251474429201	13.5112164249923	3843	0.001109	0.341752	1e-05	0.173909	0.001411	0.481516	0.000273	1e-05	1e-05
NEO225	58.22730326958	13.5915771602467	3750	1e-05	0.329067	1e-05	0.193868	0.005399	0.461254	1e-05	0.010373	1e-05
NEO261	57.8178804924805	11.7384874844085	3895	1e-05	0.32513	0.003421	0.193875	0.005482	0.453307	1e-05	0.018756	1e-05
NEO52	55.4962269229814	13.0789987980295	3765	1e-05	0.35476	1e-05	0.176064	1e-05	0.455235	0.003488	0.010413	1e-05
RISE174	55.5606618917082	13.0104018833023	1431	0.002072	0.362192	0.003982	0.155383	1e-05	0.468542	1e-05	0.007799	1e-05
VK579	56.4877926363982	16.5076369595435	1650	2.5e-05	0.37148	1e-05	0.184564	1e-05	0.435882	0.006946	1e-05	0.001074
VK522	56.4757885322999	16.5571958245616	1564	1e-05	0.346243	0.000567	0.15798	0.004541	0.490629	1e-05	1e-05	1e-05
VK350	56.652870440688	16.636192184668	1151	1e-05	0.254067	0.0027	0.129543	0.001211	0.54895	1e-05	0.063499	1e-05
VK349	56.3744405104686	16.3761259692442	1121	1e-05	0.322916	1e-05	0.147077	1e-05	0.486822	1e-05	0.043134	1e-05
VK355	56.1919489369821	16.31775016197	1102	1e-05	0.266727	0.007654	0.149933	0.00678	0.506562	0.007283	0.055041	1e-05
VK442	56.4551709667128	16.5133762650844	1102	0.001155	0.25591	0.005964	0.128743	0.003408	0.541424	1e-05	0.060808	0.002577
VK444	56.323931464348	16.4132288115285	1102	1e-05	0.268529	0.000777	0.134612	1e-05	0.513043	1e-05	0.082999	1e-05
VK358	56.7267011593469	16.7285302487388	1097	1e-05	0.353294	1e-05	0.159013	1e-05	0.48126	1e-05	0.001424	0.00497
VK336	56.8366748207156	16.7554195402842	1097	1e-05	0.238332	0.003611	0.133283	0.000959	0.549313	0.007268	0.067214	1e-05
VK332	56.5016997752991	16.3373319038376	1092	0.000601	0.296193	0.009834	0.13555	0.000842	0.515455	3.4e-05	0.041481	1e-05
VK337	56.5304183988087	16.5679710408859	1092	1e-05	0.29558	0.004992	0.152772	1e-05	0.491872	1e-05	0.054743	1e-05
VK333	56.618655693084	16.5024607127439	1065	1e-05	0.290382	1e-05	0.127123	1e-05	0.535787	0.005661	0.041006	1e-05
VK354	56.471202626368	16.5629796691984	964	1e-05	0.356537	1e-05	0.174646	0.000821	0.43498	0.009618	0.022085	0.001292
VK334	56.7696233888064	16.6981239771191	901	1e-05	0.358227	1e-05	0.166463	0.007935	0.445356	0.015781	0.004369	0.001849
VK353	56.4280316645559	16.3691228182707	901	1e-05	0.276361	0.004793	0.151764	1e-05	0.509161	0.000522	0.052522	0.004857
VK335	56.6396325844526	16.7984992748871	900	1e-05	0.332563	0.000284	0.155789	0.000381	0.470518	0.000812	0.036483	0.00316
VK342	56.3676302398182	16.6612163003348	900	1e-05	0.344472	1e-05	0.187326	0.00215	0.434767	0.004441	0.011256	0.015569
VK343	56.468314474402	16.5220343292505	900	1e-05	0.356798	1e-05	0.169329	1.8e-05	0.473805	1e-05	1e-05	1e-05
VK344	56.3583937340137	16.4186997409817	900	1e-05	0.345028	1e-05	0.133062	1e-05	0.485233	1e-05	0.036627	1e-05
VK345	56.8227237890195	16.6471488959435	900	0.002281	0.217299	0.01065	0.134299	0.002904	0.56529	1e-05	0.067258	1e-05
VK346	56.8016037885286	16.8150267291162	900	1e-05	0.28365	0.004606	0.123092	1e-05	0.535548	1e-05	0.053065	1e-05
VK348	56.7996425673552	16.7414443331119	900	0.004255	0.324947	0.003441	0.170308	0.006889	0.459264	1e-05	0.018584	0.0123
VK352	56.757869724445	16.7618007941078	900	1e-05	0.318061	0.000493	0.179564	0.008234	0.45205	1e-05	0.031096	0.010482
VK380	57.3001160946768	17.0205764267873	900	0.003837	0.369937	1e-05	0.164938	1e-05	0.457585	0.003663	1e-05	1e-05
VK443	57.4171929079667	16.9694408315513	900	1e-05	0.340322	0.001824	0.173958	0.001325	0.450305	0.010122	0.022124	1e-05
VK533	56.71334025505	16.8019956082292	900	0.002568	0.342813	0.000865	0.173695	0.002256	0.456979	0.006097	0.014716	1e-05
VK357	56.4916831809375	16.4672122985311	897	1e-05	0.268572	0.006121	0.144347	0.010301	0.522434	1e-05	0.048195	1e-05
84001	59.657248004321	17.8017910052836	988.5	0.01036	0.354303	0.00275	0.142209	0.005702	0.482075	0.002582	1e-05	1e-05
84005	59.6391542582121	17.8117463407852	900	1e-05	0.364187	1e-05	0.177892	0.000599	0.43292	0.003765	0.006495	0.014121
nuf002	59.625865597818	17.7670155149233	900	1e-05	0.353772	0.002165	0.14143	1e-05	0.483827	0.00277	0.016006	1e-05
kls001	59.7052442912292	17.7471481221076	900	0.002379	0.337857	1e-05	0.169503	0.001544	0.472487	0.009001	0.005218	0.002
kal006	59.6116461439803	17.7711117732152	900	1e-05	0.376781	0.000261	0.202296	0.001007	0.367457	0.012955	0.015564	0.02367
kal009	59.6191212734487	17.8169168854877	900	1e-05	0.401148	1e-05	0.216697	1e-05	0.374996	1e-05	0.007109	1e-05
stg026	59.601411044905	17.7846482674871	1053.5	1e-05	0.34343	0.001558	0.176707	0.004918	0.456245	0.012166	0.004957	1e-05
grt035	59.708464091206	17.6498885188531	995.5	0.001061	0.313258	0.002305	0.148835	1e-05	0.491947	1e-05	0.042564	1e-05
stg021	59.5656494598649	17.748850424476	924	1e-05	0.338404	0.000222	0.140934	0.005393	0.485742	0.004933	0.020287	0.004076
stg020	59.535275228722	17.7294241647981	900	1e-05	0.384211	0.003236	0.16965	0.002793	0.411541	0.00369	0.000976	0.023893
grt036	59.6058996688854	17.7582635711227	877.5	1e-05	0.314944	0.002622	0.150252	0.003983	0.495496	0.004086	0.022674	0.005933
gtm021	59.6333658935316	17.6506664590724	900	1e-05	0.361872	0.004862	0.159517	0.003785	0.450871	0.000914	0.009604	0.008565
urm035	59.6452394843381	17.8123347454984	874	0.005826	0.353323	1e-05	0.161131	1e-05	0.473903	0.003742	1e-05	0.002044
urm160	59.6670295444131	17.6772831784375	820.5	1e-05	0.352972	0.00271	0.169849	0.00242	0.456635	0.01125	1e-05	0.004144
97002	59.6440536804311	17.8123081299756	900	1e-05	0.326265	1e-05	0.161246	1e-05	0.505842	0.006597	1e-05	1e-05
VK428	57.2475425752904	18.2677685616165	975	1e-05	0.345167	1e-05	0.162525	0.005002	0.480926	1e-05	0.00634	1e-05
VK429	57.3005606328696	18.1859829530213	975	0.000103	0.309601	0.001794	0.153523	1e-05	0.497833	0.003065	0.034062	1e-05
VK430	57.2702697278559	18.2172928957362	975	1e-05	0.346681	1e-05	0.159226	1e-05	0.488131	0.004498	1e-05	0.001424
VK431	57.4186015380174	18.1649494518153	975	1e-05	0.259318	0.002138	0.137472	0.002617	0.546924	1e-05	0.051501	1e-05
VK432	57.3898503346928	18.2746879678313	975	1e-05	0.409281	1e-05	0.212469	1e-05	0.369675	1e-05	0.008526	1e-05
VK433	57.294320108518	18.2773427958228	975	1e-05	0.325542	0.005522	0.164354	1e-05	0.467617	1e-05	0.036925	1e-05
VK434	57.4160937544052	18.1046693495568	975	1e-05	0.402401	1e-05	0.203748	1e-05	0.387389	0.002269	1e-05	0.004153
VK438	57.3976814276632	18.1489650767855	975	1e-05	0.3554	1e-05	0.196575	1e-05	0.42467	0.000194	0.016768	0.006362
VK439	57.3279827430937	18.1086967210844	975	1e-05	0.39256	1e-05	0.220567	1e-05	0.386813	1e-05	1e-05	1e-05
VK455	57.3362295483798	18.1332943340857	975	1e-05	0.349311	1e-05	0.160029	0.003336	0.472063	1e-05	0.015221	1e-05
VK456	57.3565858842898	18.1345213340689	975	1e-05	0.34989	0.005402	0.136967	0.000227	0.478176	0.001878	0.02744	1e-05
VK457	57.4277050886396	18.1141511039902	975	1e-05	0.366717	1e-05	0.165372	0.007516	0.412403	0.00958	0.022848	0.015544
VK458	57.2923516895715	18.1439199298248	975	1e-05	0.39238	1e-05	0.220368	1e-05	0.382203	1e-05	1e-05	0.004999
VK459	57.2715867262427	18.2851130918693	975	0.000272	0.359709	1e-05	0.175964	0.001238	0.428685	2.3e-05	0.032293	0.001805
VK460	57.3786448853184	18.1005777736288	975	1e-05	0.341184	1e-05	0.166158	0.002176	0.468329	1e-05	0.022113	1e-05
VK461	57.2895515960734	18.1951934684161	975	1e-05	0.350848	1e-05	0.179302	0.002024	0.426239	0.006355	0.011112	0.0241
VK463	57.434480255805	18.2315437541902	975	0.002015	0.385793	1e-05	0.201574	1e-05	0.401011	1e-05	0.009567	1e-05
VK56	57.3462552759424	18.1901366621815	975	0.009432	0.33163	1e-05	0.182452	0.003885	0.362104	0.024244	0.012336	0.073908
VK57	57.3097234843858	18.2764429278299	975	1e-05	0.256659	1e-05	0.166057	1e-05	0.513973	0.00711	0.056161	1e-05
VK58	57.4333245999739	18.2762273591105	975	1e-05	0.334242	0.003984	0.162006	1e-05	0.475624	0.000421	0.023694	1e-05
VK60	57.4028315943759	18.1751331823505	975	1e-05	0.365274	0.001295	0.20308	0.003331	0.413191	1e-05	0.013799	1e-05
VK63	57.4221171033196	18.1092783183418	975	1e-05	0.314203	1e-05	0.13728	1e-05	0.513906	1e-05	0.034561	1e-05
VK64	57.3459669056907	18.2130122355744	975	1e-05	0.349244	4.2e-05	0.174166	1e-05	0.444823	0.003266	0.028429	1e-05
VK232	57.6088667611778	18.251548177721	975	1e-05	0.345803	1e-05	0.133079	1e-05	0.504216	0.001207	0.015654	1e-05
VK450	57.5705950244051	18.3743338260055	975	1e-05	0.290362	1e-05	0.135615	1e-05	0.551381	1e-05	0.015275	0.007327
VK452	57.7180283558276	18.189755715169	975	1e-05	0.363989	0.000374	0.187893	0.008646	0.43262	0.006448	1e-05	1e-05
VK453	57.6247938663885	18.3099295889214	975	1e-05	0.350545	1e-05	0.182547	0.005866	0.441679	1e-05	0.019324	1e-05
VK454	57.6968036454823	18.3005848556012	975	0.004186	0.32072	1e-05	0.149888	0.001196	0.471984	0.007099	0.041326	0.003591
VK468	57.6039396619145	18.2307139082532	975	1e-05	0.316654	0.003244	0.116228	0.000749	0.521335	1e-05	0.04176	1e-05
VK469	57.6267712657526	18.1852006124053	975	1e-05	0.338415	1e-05	0.157881	1e-05	0.490846	0.001072	0.011747	1e-05
VK471	57.6614478121698	18.2357362758089	975	1e-05	0.380561	1e-05	0.202295	0.004457	0.409675	0.000921	1e-05	0.00206
VK473	57.6978505324759	18.222964142235	975	1e-05	0.336169	1e-05	0.165346	0.00734	0.463961	1e-05	0.027143	1e-05
VK474	57.5895712298527	18.3534735260252	975	1e-05	0.338578	0.005608	0.169565	1.8e-05	0.448383	1e-05	0.037817	1e-05
VK475	57.5605096850265	18.2462650123704	975	1e-05	0.363649	1e-05	0.204857	0.00452	0.403107	1e-05	0.021004	0.002834
VK476	57.6934187469259	18.2925721797813	975	0.008208	0.294065	1e-05	0.132709	1e-05	0.487993	0.003882	0.066051	0.007072
VK477	57.6138002969511	18.3721774432063	975	1e-05	0.286426	0.000885	0.114135	1e-05	0.514964	0.004835	0.078725	1e-05
VK478	57.7022708608024	18.290162302386	975	1e-05	0.383323	0.001379	0.209991	1e-05	0.379736	1e-05	0.025531	1e-05
VK479	57.6033025607653	18.2478010490257	975	1e-05	0.355549	0.004194	0.143169	0.003365	0.480035	1e-05	0.013658	1e-05
VK48	57.5335684354138	18.2240419448074	975	1e-05	0.351643	1e-05	0.158897	1e-05	0.473885	0.0087	0.006835	1e-05
VK50	57.6367322499119	18.2671691378299	975	1e-05	0.336105	1e-05	0.185988	0.00078	0.467529	0.009559	1e-05	1e-05
VK51	57.7049429424293	18.3435325625539	975	1e-05	0.37505	0.001056	0.179505	0.00171	0.41666	0.015339	1e-05	0.01066
VK53	57.5778291860316	18.1825317714084	975	0.001588	0.309769	0.005805	0.156238	0.001315	0.475821	1e-05	0.041267	0.008188
VK265	57.2558859415539	13.9112678105198	900	1e-05	0.243321	0.000166	0.124392	0.001199	0.540795	0.006639	0.078172	0.005306
VK266	57.133402500879	13.8501445097569	900	1e-05	0.294082	0.001777	0.130761	1e-05	0.507733	1e-05	0.065607	1e-05
VK268	57.153753625527	13.9298639070895	900	0.005902	0.333102	1e-05	0.136884	0.000961	0.518038	1e-05	0.005083	1e-05
VK108	55.4849254748411	12.9584769825451	850	0.000497	0.35046	1e-05	0.152766	1e-05	0.482229	1e-05	0.014008	1e-05
VK217	55.5115670974925	12.9873985101469	850	1e-05	0.347203	1e-05	0.162922	1e-05	0.487774	0.002051	1e-05	1e-05
VK29	58.362256969763	13.5800971667748	800	1e-05	0.334951	0.000989	0.160797	1e-05	0.469996	1e-05	0.033227	1e-05
VK30	58.2994110559765	13.6787539481185	800	1e-05	0.31075	1e-05	0.132342	1e-05	0.496788	1e-05	0.06007	1e-05
VK303	58.3522070964519	13.6110742051154	800	1e-05	0.333586	0.005406	0.169614	1e-05	0.466143	1e-05	0.025211	1e-05
VK306	58.3786313722096	13.5658017724752	800	0.001094	0.337311	0.004712	0.164964	1e-05	0.4681	1e-05	0.023789	1e-05
VK308	58.3652828514762	13.6333587984089	800	0.000407	0.338973	0.000295	0.151286	1e-05	0.493889	1e-05	0.015119	1e-05
VK309	58.4191480983235	13.7042458933778	800	1e-05	0.356625	1e-05	0.164326	1e-05	0.456226	1e-05	0.02277	1.3e-05
VK31	58.2871423270274	13.6060616993345	800	1e-05	0.306579	0.002242	0.152655	1e-05	0.501234	1e-05	0.037249	1e-05
VK34	58.4324106630124	13.6338776749093	800	1e-05	0.346302	0.006969	0.14031	1e-05	0.486419	1e-05	0.01996	1e-05
VK35	58.345336355567	13.6258953622542	800	0.002532	0.338593	0.003692	0.146373	0.002463	0.472335	1e-05	0.033993	1e-05
VK39	58.3115224102233	13.6959955069236	800	0.002149	0.323608	1e-05	0.15567	0.001271	0.490955	0.008226	0.018101	1e-05
VK395	58.4602085963544	13.6293538661674	800	1e-05	0.373557	0.003269	0.178413	1e-05	0.408924	0.007357	1e-05	0.028451
VK396	58.3114559234306	13.7077781502623	800	1e-05	0.297647	0.005734	0.144924	1e-05	0.500771	1e-05	0.050884	1e-05
VK397	58.3182520497311	13.6518690606114	800	0.002042	0.360283	1e-05	0.172283	1e-05	0.432055	0.001542	0.031765	1e-05
VK398	58.3774985586945	13.627028990956	800	0.002942	0.300562	0.003123	0.128665	1e-05	0.499885	1e-05	0.063365	0.001437
VK399	58.4514155117981	13.5920937454794	800	1e-05	0.337569	0.002908	0.150275	1e-05	0.495836	1e-05	0.005665	0.007718
VK40	58.4567187349498	13.710597270634	800	0.00481	0.317817	0.007062	0.164443	1e-05	0.47999	1e-05	0.025848	1e-05
VK400	58.2835120524466	13.6586700109765	800	0.002159	0.343725	1e-05	0.13649	0.000328	0.493429	0.007081	0.016768	1e-05
VK401	58.3149956576712	13.639511172194	800	1e-05	0.332152	1e-05	0.150972	0.012572	0.478989	1e-05	0.025275	1e-05
VK402	58.3119166638423	13.5599506837316	800	1e-05	0.326962	1e-05	0.134328	0.001925	0.498027	0.000281	0.038447	1e-05
VK403	58.4526768513676	13.6534856416751	800	1e-05	0.288369	1e-05	0.137466	0.006276	0.516162	0.001367	0.05033	1e-05
VK404	58.3821378464531	13.7170101373922	800	1e-05	0.345504	0.005269	0.158697	1e-05	0.473886	0.007854	0.008761	1e-05
VK405	58.4357176787872	13.7174822199624	800	1e-05	0.338514	1e-05	0.125126	0.008319	0.492346	1e-05	0.035655	1e-05
VK406	58.2953306245338	13.711292834999	800	1e-05	0.336863	0.005897	0.165116	0.006501	0.469711	1e-05	0.015126	0.000766
VK407	58.4332114346046	13.5928943997249	800	1e-05	0.35839	1e-05	0.159283	0.000796	0.475937	0.002607	0.002957	1e-05
VK42	58.4203583569918	13.6695493701845	800	1e-05	0.301538	1e-05	0.146353	1e-05	0.492252	1e-05	0.059806	1e-05
VK424	58.3871977496147	13.7182083908468	800	1e-05	0.30172	1e-05	0.133105	1e-05	0.527754	1e-05	0.037371	1e-05
VK425	58.4385398184601	13.7167843452189	800	0.000356	0.340062	1e-05	0.165512	1e-05	0.492419	0.001611	1e-05	1e-05
VK426	58.339746541176	13.6633295717649	800	0.005379	0.309352	1e-05	0.133713	1e-05	0.530585	0.000787	0.020155	1e-05
VK427	58.3568326868769	13.6859713174868	800	1e-05	0.345831	1e-05	0.168528	1e-05	0.477657	0.007934	1e-05	1e-05
VK527	59.9422401962243	17.6815061992034	800	1e-05	0.353609	1e-05	0.175826	0.011025	0.456684	0.002654	1e-05	0.000173
H22	58.7646153619699	6.37560460732318	9363.5	0.026889	0.494693	1e-05	0.470179	1e-05	0.006004	1e-05	1e-05	0.002195
H26	58.9286882222816	6.25765525453724	9363.5	0.01654	0.469225	1e-05	0.512779	1e-05	1e-05	1e-05	1e-05	0.001406
NEO17	58.0478949186765	7.83303075973876	9146	0.009893	0.508774	1e-05	0.481273	1e-05	1e-05	1e-05	1e-05	1e-05
stg001	67.7328290449828	14.8906747105997	5857	0.011663	0.482325	1e-05	0.505952	1e-05	1e-05	1e-05	1e-05	1e-05
VK531	69.4903907642513	18.0680630851537	4350	0.017932	0.554534	1e-05	0.416942	1e-05	1e-05	1e-05	1e-05	0.010542
VK523	63.9059017178789	9.79953369395807	1800	1e-05	0.349641	1e-05	0.195298	0.003553	0.425721	1e-05	0.025747	1e-05
VK418	68.0052733244002	14.9541455063224	1500	1e-05	0.333522	1e-05	0.164605	0.004591	0.477149	1e-05	0.016824	0.00328
VK390	59.2698990923632	9.63373143715784	1350	1e-05	0.353841	0.002	0.178479	0.000683	0.448516	1e-05	0.01645	1e-05
VK391	59.234082151372	9.61682824069634	1350	1e-05	0.370828	1e-05	0.169331	0.000221	0.450133	1e-05	0.009446	1e-05
VK419	67.3434141280688	14.4978177291621	1100	1e-05	0.35628	0.002289	0.162434	0.00467	0.450508	0.009379	1e-05	0.01442
VK514	67.9870490667317	15.0470859887265	1100	1e-05	0.333935	1e-05	0.158791	0.004924	0.469009	0.00259	0.024548	0.006183
VK519	67.9903356711101	14.8697900256515	1100	0.008031	0.35825	1e-05	0.163168	1e-05	0.339251	0.030243	1e-05	0.101027
VK529	67.6658413644042	14.6957996980846	1050	0.005807	0.353836	0.003785	0.154157	5e-05	0.458271	0.008654	0.015431	1e-05
VK518	67.6707998518459	12.7973218444269	1000	0.016475	0.329683	1e-05	0.120175	1e-05	0.198051	0.08253	1e-05	0.253056
VK525	66.2306666086614	12.7451582862344	1000	1e-05	0.324438	1e-05	0.151481	0.001262	0.483728	1e-05	0.039052	1e-05
VK526	66.0073565060086	12.2821809519827	1000	1e-05	0.3216	0.00579	0.146487	0.001274	0.504519	1e-05	0.020301	1e-05
VK547	68.4606576713733	16.4925762356259	950	0.004433	0.333268	0.000756	0.160793	0.005681	0.477013	0.018036	1e-05	1e-05
VK515	67.3185953898076	14.4379253658094	900	0.003077	0.343023	1e-05	0.147839	0.006693	0.486084	0.001552	0.011712	1e-05
VK524	66.3239663143084	12.6886823264137	900	1e-05	0.35938	0.002547	0.163279	0.005384	0.439797	0.008623	0.010436	0.010544
VK530	67.295923746163	14.4125324662402	900	1e-05	0.320894	0.000871	0.139821	1e-05	0.501023	1e-05	0.037349	1e-05
VK388	68.4090070877783	15.5840347495768	700	1e-05	0.349991	0.003405	0.161591	0.003597	0.467475	0.004734	0.007608	0.001589
VK548	63.3609695655853	11.1868651943095	1000	0.001009	0.357529	0.003441	0.142514	1e-05	0.478971	0.010502	0.00249	0.003535
VK417	60.3632685818616	10.5582205983158	1000	1e-05	0.343689	2.5e-05	0.169799	0.00605	0.44631	0.013807	1e-05	0.0203
VK415	60.2212210957985	10.6078977665119	950	1e-05	0.337367	1e-05	0.172974	1.4e-05	0.450455	0.011156	0.028005	1e-05
VK386	62.1452058339119	8.9639136758633	900	0.002184	0.338122	1e-05	0.153229	0.005844	0.476945	1e-05	0.023645	1e-05
VK387	60.2831114619412	10.3968218120933	850	1e-05	0.360007	1e-05	0.14382	1e-05	0.476881	0.001017	0.009971	0.008273
VK414	61.7850252823625	8.36905217552558	850	0.004109	0.339071	0.004015	0.158237	0.001031	0.458184	0.009489	0.019798	0.006065
VK420	60.8099620536435	11.1209343800321	950	1e-05	0.34451	1e-05	0.160786	1e-05	0.471589	0.003072	0.020004	1e-05
VK448	60.7181805321947	10.8523047467042	950	0.000879	0.284183	0.000535	0.136499	0.007513	0.517054	1e-05	0.053317	1e-05
VK393	60.8512648339011	11.0486601125915	900	0.000261	0.350023	0.003864	0.157675	1e-05	0.482675	0.005472	1e-05	1e-05
VK394	61.1052811414935	11.3609254308138	900	1e-05	0.343795	1e-05	0.164679	0.000381	0.462637	0.007026	0.020644	0.000818
VK422	61.1430111702066	11.2402705182415	900	1e-05	0.331024	0.006471	0.150448	0.006419	0.483734	0.000281	0.019268	0.002345
VK516	63.7783531026915	9.72467668773606	900	0.001223	0.340595	1e-05	0.176141	0.002329	0.45731	0.001581	0.011844	0.008966
VK392	59.657275403589	7.90220346476883	1000	1e-05	0.330954	1e-05	0.177373	0.001682	0.489507	1e-05	0.000444	1e-05
VK389	59.2077209448256	9.57031349347904	900	1e-05	0.346503	1e-05	0.174386	0.002729	0.44419	0.003994	0.028168	1e-05
VK528	69.7490671884734	18.1561876380723	1050	1e-05	0.321096	0.000289	0.140289	1e-05	0.487515	1e-05	0.050771	1e-05
VK520	69.610018649511	18.0703936155606	900	1e-05	0.354419	0.00025	0.163562	1e-05	0.469189	0.011848	0.000191	0.000522
VK113	63.521538268188	10.4829716891143	650	1e-05	0.356503	1e-05	0.141362	0.002083	0.500002	1e-05	1e-05	1e-05
VK114	63.3349146233592	10.3373017737735	650	0.002106	0.32713	1e-05	0.142711	1e-05	0.500633	0.001646	0.025744	1e-05
VK117	63.3992702418659	10.4109286549129	650	0.004704	0.340121	1e-05	0.151664	1e-05	0.495622	1e-05	0.007848	1e-05
VK118	63.3544125948288	10.4591830358934	650	1e-05	0.282858	1e-05	0.136933	0.005187	0.527065	1e-05	0.045411	0.002517
VK124	63.5022023369744	10.3695499090105	650	1e-05	0.351083	1e-05	0.146706	1e-05	0.477238	0.007435	0.01542	0.002088
DA234	61.9575758736581	28.9922761187702	1745.5	0.000228	0.334705	0.001136	0.154899	1e-05	0.278316	0.063474	1e-05	0.167222
DA238	61.8252949034329	28.8398148527183	1417	0.012962	0.311927	1e-05	0.156072	1e-05	0.155097	0.086499	1e-05	0.277412
DA236	60.2932420756947	24.8688080122974	1508	1e-05	0.348583	1e-05	0.193978	0.003643	0.432017	1e-05	0.017603	0.004145
Ardu1	59.0645982940216	25.3427665585093	4638	1e-05	0.481716	1e-05	0.11032	1e-05	0.302944	1e-05	0.10497	1e-05
Ardu2	59.090330054611	25.423071920583	4638	1e-05	0.487982	1e-05	0.117843	1e-05	0.281812	1e-05	0.112312	1e-05
NEO306	59.4037937977258	27.1292146642413	4472	1e-05	0.490842	1e-05	0.111205	0.003023	0.295888	0.003947	0.095064	1e-05
RISE00	59.3280650904775	27.1195521738566	4412.5	1e-05	0.398996	1e-05	0.149466	0.003434	0.385466	1e-05	0.062598	1e-05
Kunila2	58.3094844398275	26.1024181541521	4410	1e-05	0.425359	0.004735	0.109608	1.7e-05	0.36827	1e-05	0.090401	0.00159
Kunila1	59.1934119784832	26.0209948378243	4400	1e-05	0.494923	1e-05	0.096738	1e-05	0.328832	1e-05	0.079457	1e-05
EKA1	58.4245444955118	26.6140282304399	4240	1e-05	0.395065	0.007325	0.166495	1e-05	0.395804	0.015316	0.005777	0.014198
V14	59.4931280644145	25.5039711654559	3115	1e-05	0.405184	1e-05	0.26415	0.000333	0.330283	1e-05	1e-05	1e-05
X10	59.4407839064393	25.4776439953316	3070	1e-05	0.380318	1e-05	0.241171	1e-05	0.352857	0.013682	1e-05	0.011933
V9	59.5053179644607	25.1108393378276	3065	1e-05	0.415762	1e-05	0.234464	0.000334	0.34939	1e-05	1e-05	1e-05
0LS11	59.3460708349571	25.0792119794246	2905	1e-05	0.392188	1e-05	0.254787	1e-05	0.352964	1e-05	1e-05	1e-05
X17	59.4160246014688	24.8287973040808	2820	1e-05	0.397627	1e-05	0.236443	1e-05	0.36587	1e-05	1e-05	1e-05
X08	59.5794704365451	25.6041370432079	2820	1e-05	0.409963	1e-05	0.231222	1e-05	0.358755	1e-05	1e-05	1e-05
X14	59.5432796446886	25.1230480786879	2555	1e-05	0.416473	0.003743	0.225041	1e-05	0.354693	1e-05	1e-05	1e-05
V16	59.5048614396434	24.9886451576371	2510	1e-05	0.410814	1e-05	0.235023	1e-05	0.354103	1e-05	1e-05	1e-05
X15	58.2664909136295	26.0429372175038	3055	1e-05	0.418629	1e-05	0.214264	1e-05	0.367046	1e-05	1e-05	1e-05
X11	59.374931053305	27.0881795022078	2910	1e-05	0.406428	1e-05	0.242624	1e-05	0.350888	1e-05	1e-05	1e-05
V10	59.5641792044044	26.6056780497544	2560	1e-05	0.373287	0.000659	0.19789	0.000797	0.369612	0.012897	1e-05	0.044837
0LS10	59.4666803158354	26.5594876412768	2615	1e-05	0.412664	1e-05	0.200073	0.00013	0.343043	0.010267	0.007412	0.02639
VII4	59.5958269471489	25.9455468992051	2530	1e-05	0.376682	1e-05	0.22177	0.005009	0.375931	0.003749	1e-05	0.01683
V11	58.4240647271276	22.013051858861	2245	0.002093	0.396309	1e-05	0.206651	1e-05	0.377284	0.00612	1e-05	0.011514
V12	58.3224286826327	22.0479055783153	2150	1e-05	0.374953	1e-05	0.209144	1e-05	0.397424	0.006388	1e-05	0.012052
X04	58.3234349435382	22.0444349678047	2370	0.005894	0.380595	0.001304	0.214927	1e-05	0.382591	0.009758	0.000992	0.003929
VK480	58.111662821034	22.2392187951133	1100	1e-05	0.340505	0.00182	0.168389	0.005277	0.470464	0.003558	0.009966	1e-05
VK481	58.2527331006061	22.2070184910204	1100	1e-05	0.34192	1e-05	0.173857	0.003832	0.475108	0.005243	1e-05	1e-05
VK482	58.2638675615471	22.1654696716927	1100	1e-05	0.359604	0.002758	0.165186	0.000777	0.470405	0.000442	0.000808	1e-05
VK483	58.1136875627376	22.3009207430761	1100	1e-05	0.342825	0.001363	0.164375	1e-05	0.472497	0.004119	0.013497	0.001304
VK484	58.127948287949	22.2031826513354	1100	1e-05	0.338832	1e-05	0.17545	1e-05	0.464175	0.018512	0.002991	1e-05
VK486	58.0733175992314	22.2519184544682	1100	0.001594	0.339773	0.005478	0.183373	1e-05	0.467101	0.001852	1e-05	0.000809
VK487	58.1676589797996	22.2358208436053	1100	0.000573	0.334439	1e-05	0.166605	0.004807	0.485738	1e-05	0.007096	0.000722
VK488	58.2648979970999	22.2175101389643	1100	1e-05	0.342822	1e-05	0.159861	1e-05	0.481198	0.008776	1e-05	0.007304
VK489	58.1564508660976	22.2664233842865	1100	1e-05	0.342103	0.001277	0.158496	0.007322	0.490762	1e-05	1e-05	1e-05
VK491	58.2631037385948	22.3491869395133	1100	0.002907	0.358086	1e-05	0.176536	1e-05	0.449665	0.007472	0.005303	1e-05
VK492	58.1030295754131	22.2337786372285	1100	1e-05	0.332164	1e-05	0.163667	0.004461	0.479735	0.001602	0.018338	1.3e-05
VK493	58.1056231131591	22.2590427270625	1100	1e-05	0.348085	1e-05	0.170085	0.004938	0.467499	1e-05	0.009352	1e-05
VK495	58.112333058361	22.3316253819969	1100	0.00064	0.365518	0.00141	0.165988	0.003045	0.456758	0.006621	1e-05	1e-05
VK496	58.1931163449585	22.2735962514766	1100	1e-05	0.338733	0.003716	0.171022	0.00092	0.46805	0.00714	0.010007	0.000402
VK498	58.1536232010741	22.2703331296332	1100	1e-05	0.368682	1e-05	0.152101	0.00208	0.472002	0.005095	1e-05	1e-05
VK504	58.2069374668226	22.3045869149733	1100	1e-05	0.345651	0.001963	0.181997	0.002569	0.45875	0.000401	0.000561	0.008098
VK505	58.0852389238589	22.1813778946642	1100	1e-05	0.340717	0.000783	0.162343	0.001418	0.483624	1e-05	1e-05	0.011086
VK506	58.2559782987274	22.2704938063398	1100	1e-05	0.355557	0.001399	0.174115	1e-05	0.459002	0.009826	7.1e-05	1e-05
VK507	58.2069561972562	22.3450720667373	1100	1e-05	0.360465	0.002257	0.163562	0.005057	0.468618	1e-05	1e-05	1e-05
VK508	58.1552309003007	22.2629396669101	1100	1e-05	0.351739	0.000738	0.173576	0.001514	0.46063	0.004394	0.007388	1e-05
VK509	58.079720912762	22.2509964641184	1100	0.000362	0.322896	1e-05	0.16551	0.00948	0.477081	1e-05	0.02464	1e-05
VK510	58.1243307608925	22.2929802544881	1100	1e-05	0.351348	1e-05	0.174017	0.000745	0.468219	0.005631	1e-05	1e-05
VK511	58.1948362301849	22.2178685425315	1100	1e-05	0.353548	1e-05	0.159103	0.004581	0.457031	0.004036	0.021671	1e-05
VK512	58.2012653856352	22.234893920552	1100	1e-05	0.340138	0.000662	0.170461	0.00459	0.465089	0.005524	0.013517	1e-05
VK549	58.2190410237573	22.2259526709095	1100	1e-05	0.331634	1e-05	0.163135	0.002149	0.48707	1e-05	0.015972	1e-05
VK550	58.1884247947298	22.2924771986436	1100	1e-05	0.332225	1e-05	0.178633	1e-05	0.475795	0.000578	0.012729	1e-05
VK551	58.2145792502258	22.1720109504182	1100	1e-05	0.360555	0.002198	0.166917	1e-05	0.463895	0.006395	1e-05	1e-05
VK552	58.2355159535352	22.1606950081885	1100	1e-05	0.348287	0.001431	0.166511	1e-05	0.480876	1e-05	0.002855	1e-05
VK553	58.2161576254573	22.228846747335	1100	1e-05	0.343235	1e-05	0.170418	0.004327	0.47717	1e-05	0.00481	1e-05
VK554	58.1185600230284	22.2968914000783	1100	1e-05	0.3679	1e-05	0.16376	1e-05	0.454238	0.011975	0.000226	0.001872
VK555	58.2377464082371	22.169030171074	1100	1e-05	0.332882	1e-05	0.18285	0.004662	0.472606	0.00696	1e-05	1e-05
IIa	58.5752214037348	22.8052949164156	685	0.004582	0.378095	0.001558	0.196352	1e-05	0.399461	0.01936	1e-05	0.000571
IIf	58.0693684330583	26.4081828024704	575	1e-05	0.382023	1e-05	0.18863	1e-05	0.409891	0.006288	0.008443	0.004695
IVLS09KT	58.2154518952128	26.9859275009949	365	1e-05	0.382021	0.001948	0.2078	1e-05	0.387207	0.00929	0.009242	0.002472
Latvia_HG1	56.3344260295574	25.1873288256768	8308	0.001132	0.25458	1e-05	0.740437	1e-05	0.003801	1e-05	1e-05	1e-05
Latvia_HG2	56.2881105383113	25.057158113569	7688.5	1e-05	0.197846	1e-05	0.802084	1e-05	1e-05	1e-05	1e-05	1e-05
NEO307	57.7366191306338	25.3034393668361	7495	1e-05	0.198361	1e-05	0.801569	1e-05	1e-05	1e-05	1e-05	1e-05
Latvia_HG3	56.1987040728051	25.1621834679693	7027	1e-05	0.234791	1e-05	0.765139	1e-05	1e-05	1e-05	1e-05	1e-05
Latvia_MN1	56.3128233510721	25.1159580464661	6063.5	1e-05	0.253682	1e-05	0.709833	1e-05	0.036424	1e-05	1e-05	1e-05
Latvia_MN2	56.2020580711961	25.2278410451207	5965	0.036952	0.655715	1e-05	0.296295	1e-05	1e-05	1e-05	1e-05	0.010988
Latvia_LN1	56.1929632738885	25.0643424953986	4833	1.2e-05	0.601736	1e-05	0.076803	1e-05	0.22929	1e-05	0.09212	1e-05
DA171	55.7697066032421	24.2588912166376	1600	1e-05	0.388807	1e-05	0.23455	1e-05	0.371533	0.005059	1e-05	1e-05
NEO655	44.5019348629843	22.0930083371792	8668	0.01141	0.014703	1e-05	0.024481	0.001926	0.902552	1e-05	0.044897	1e-05
NEO658	44.6229722485039	21.973240501862	8668	1e-05	0.064968	1e-05	0.615245	0.006909	0.312828	1e-05	1e-05	1e-05
NEO669	44.4607361227647	21.9771164530143	7950	1e-05	0.106478	1e-05	0.851901	1e-05	0.041562	1e-05	1e-05	1e-05
Vim2b	44.7979194902908	21.2369957760163	1400	1e-05	0.20025	0.002284	0.076728	0.00399	0.389456	0.144015	0.089922	0.093345
OC1	44.6155732990894	22.643802068932	8703.5	1e-05	0.181249	1e-05	0.756375	1e-05	0.062316	1e-05	1e-05	1e-05
SC2	44.5422213779483	22.6464736615214	8825	1e-05	0.181962	1e-05	0.756508	1e-05	0.06147	1e-05	1e-05	1e-05
SC1	44.6353464874625	22.6517234354652	8814	1e-05	0.162496	1e-05	0.778117	1e-05	0.059327	1e-05	1e-05	1e-05
NEO672	44.689030919699	22.6144790627435	8814	1e-05	0.134967	1e-05	0.800116	1e-05	0.064857	1e-05	1e-05	1e-05
NEO674	44.9842193406075	22.4452406597044	5570	0.004303	0.031854	1e-05	0.087653	1e-05	0.800379	1e-05	0.075771	1e-05
GB1	44.5037733279448	22.7158377647214	5377.5	1e-05	0.098326	0.000252	0.510284	0.002454	0.388644	1e-05	1e-05	1e-05
KO1	47.5269508232269	20.7945071394835	7660	1e-05	0.086846	1e-05	0.853355	0.000889	0.05886	1e-05	1e-05	1e-05
NEO137	46.4655309297889	20.3895059889369	7591	0.012903	0.029459	1e-05	0.037611	1e-05	0.882714	1e-05	0.036876	0.000407
NE2	47.4720858235657	21.6594898936898	7123.5	1e-05	0.032457	1e-05	0.12984	1e-05	0.793895	1e-05	0.032921	0.010847
NE1	47.9077854432166	21.1631121969316	7138.5	0.000595	0.011883	0.00576	0.107389	0.004487	0.798238	1e-05	0.071628	1e-05
NE5	47.2092505641095	20.7777377657779	7050	0.001445	0.014961	0.003145	0.096713	0.005345	0.828837	1e-05	0.048955	0.000589
NE6	47.1565772206336	19.8536077950336	7051.5	0.000132	1e-05	0.001182	0.054149	0.009331	0.896523	1e-05	0.038639	2.4e-05
NEO145	46.4682562685851	20.3815690333303	6744	0.001501	0.035632	1e-05	0.10594	1e-05	0.824179	1e-05	0.0297	0.003019
NEO147	46.3973157054093	20.4566166032385	6724	0.004903	0.01832	1e-05	0.067875	0.005601	0.866036	1e-05	0.037234	1e-05
NEO140	46.4192555974983	20.5143267936353	6718	0.003751	0.034908	0.000379	0.092296	0.003039	0.846088	1e-05	0.019518	1e-05
NEO142	46.4040005844366	20.3237857929245	6641	1e-05	0.010492	0.004134	0.171842	0.001754	0.780007	1e-05	0.029663	0.002088
NE7	47.1518263870198	19.8137777146138	6374	0.000769	0.010433	0.007718	0.124297	0.005265	0.816293	1e-05	0.033741	0.001472
CO1	47.1992526463047	19.9263007292245	4750	0.000701	0.018369	1e-05	0.155769	1e-05	0.752298	1e-05	0.072824	1e-05
BR1	47.1729505564366	20.9125177626219	4035	1e-05	0.203603	1e-05	0.278487	0.00085	0.48386	1e-05	0.033159	1e-05
RISE373	46.2597689084057	20.276807925012	3741	0.008088	0.212671	1e-05	0.12134	0.00812	0.60061	1e-05	0.049141	1e-05
RISE374	46.2139686849248	20.1602751619648	3692.5	0.003792	0.213896	1e-05	0.098026	1e-05	0.616141	1e-05	0.056066	0.012049
RISE479	47.2438248513825	18.9285773323849	3700	1e-05	0.218465	1e-05	0.279034	0.004217	0.458782	1e-05	0.03795	0.001521
RISE484	47.4298086383007	18.9879211799242	3700	0.003413	0.251003	1e-05	0.176684	0.002469	0.549358	1e-05	0.015414	0.001638
RISE480	47.3411721567716	18.9101216709707	3550	2.2e-05	0.222147	1e-05	0.142422	1e-05	0.612568	1e-05	0.022801	1e-05
RISE247	47.410165868206	19.0576084451191	3628.5	1e-05	0.188392	1e-05	0.117814	0.002674	0.64628	1e-05	0.044532	0.000278
BR2	47.7613763187826	19.8719103430398	3140	1e-05	0.235886	0.001317	0.168302	1e-05	0.534031	1e-05	0.060424	1e-05
DA195	46.2832071708608	20.1978873544279	2691.5	0.004489	0.234253	0.001013	0.124262	1e-05	0.547433	1e-05	0.087709	0.000821
DA194	46.25148664332	20.1704527229443	2338.5	0.002497	0.267723	0.000384	0.203091	1e-05	0.477021	0.001528	0.047736	1e-05
DA198	46.4013142874092	20.1538037010375	2453	0.000278	0.177618	0.004737	0.080673	1e-05	0.624928	1e-05	0.111736	1e-05
DA197	46.2993206978869	20.2376987075806	2455.5	1e-05	0.260562	1e-05	0.178342	1e-05	0.491002	0.000377	0.069676	1e-05
DA191	47.5197041576635	20.6129658430722	2481	1e-05	0.283883	0.001593	0.198834	0.002902	0.467994	0.00237	0.042403	1e-05
SZ11	46.2746360813919	17.8649465254508	1442	1e-05	0.332332	0.000336	0.136334	1e-05	0.502672	1e-05	0.028287	1e-05
SZ15	46.2819027428702	17.7944192190655	1442	1e-05	0.335349	1e-05	0.126691	0.000175	0.492648	0.013077	0.032031	1e-05
SZ2	46.1960784881096	17.831839608727	1442	1e-05	0.349219	0.003884	0.157877	0.001955	0.467366	1e-05	0.019669	1e-05
SZ3	46.2892240329832	17.8895502466243	1442	0.001881	0.27985	1e-05	0.125285	0.005898	0.535257	0.000471	0.051339	1e-05
SZ36	46.3217613413651	17.8582647514064	1442	0.000632	0.169559	0.006344	0.078893	0.000741	0.588351	0.001346	0.154125	1e-05
SZ4	46.2672038602363	17.7618864652701	1442	0.000439	0.337392	1e-05	0.150787	0.004674	0.483566	1e-05	0.023113	1e-05
SZ45	46.2894112855848	17.8452780026477	1442	1e-05	0.242443	0.010154	0.109304	0.007757	0.539289	1e-05	0.091024	1e-05
SZ5	46.3770988735557	17.9100254968274	1442	1e-05	0.274956	0.001993	0.129597	0.009094	0.505905	0.002328	0.076107	1e-05
SZ43	46.3706320576556	17.9200693982188	1430.5	0.004267	0.186064	1e-05	0.066193	0.000748	0.596264	0.003396	0.143048	1e-05
SZ1	46.2214792268537	17.8709081953857	1250	0.011085	0.181345	0.005033	0.076052	0.006673	0.528736	0.0374	0.134803	0.018873
DA199	47.5382988091931	21.0199571650289	706	1e-05	0.250888	1e-05	0.126287	0.006125	0.507813	0.009463	0.095071	0.004334
DA119	49.142089890847	20.2585305702221	1600	1e-05	0.329575	1e-05	0.123949	0.004067	0.504185	0.006612	0.031582	1e-05
kol6	49.9912045185175	15.1190511330962	6690	0.001082	0.004361	0.005397	0.103236	0.004124	0.822716	0.001545	0.055008	0.00253
RISE566	50.0847597976495	14.3526952931099	4106	1e-05	0.33671	1e-05	0.158684	1e-05	0.471643	1e-05	0.032913	1e-05
RISE586	48.7238608001266	17.0446288434137	4000	0.004133	0.343532	1e-05	0.157186	1e-05	0.475364	1e-05	0.017672	0.002084
RISE577	50.1782792372443	14.2686280772369	4000	1e-05	0.332043	1e-05	0.143151	0.005892	0.43931	1e-05	0.079564	1e-05
DA111	50.4417534938455	14.0167988031637	2758	1e-05	0.250435	1e-05	0.158154	1e-05	0.553281	1e-05	0.038079	1e-05
DA112	50.456438266756	13.9505045246333	2661	1e-05	0.262941	1e-05	0.201928	0.004125	0.492664	0.000293	0.032903	0.005126
RISE569	50.1884968207777	14.1358595690131	1235	0.005219	0.305527	0.005363	0.133668	1e-05	0.485848	0.009788	0.054567	1e-05
PL_N22	52.6122192242555	18.8259466946591	6291	1e-05	0.088475	1e-05	0.884628	1e-05	0.026837	1e-05	1e-05	1e-05
PL_N36	50.6247179817222	21.4124384202249	6250	0.005179	0.008579	0.003206	0.170821	0.001955	0.761953	1e-05	0.048288	1e-05
PL_N26	50.6883536018711	21.4753061493114	6151	0.00478	0.010949	0.006094	0.103342	0.002478	0.826169	1e-05	0.046167	1e-05
PL_N25	52.5953669644333	18.7381762727629	6250	0.004862	0.015133	0.004356	0.131356	0.000907	0.794441	1e-05	0.047986	0.00095
PL_N27	52.6517510858737	18.8981777081732	6250	1e-05	0.017195	0.0038	0.144991	0.006028	0.786591	1e-05	0.039507	0.001867
PL_N31	52.5331198444962	18.7857287991326	6137.5	1e-05	0.011527	1e-05	0.164144	0.010069	0.789228	1e-05	0.021876	0.003126
PL_N28	52.7069021718949	18.8715389799327	6073.5	0.00925	0.005096	0.008554	0.12218	0.000579	0.813376	1e-05	0.039029	0.001927
PL_N42	52.5941454638168	18.7377499262802	6055	1e-05	0.027793	1e-05	0.492863	1e-05	0.451485	1e-05	0.027809	1e-05
PL_N18	52.6519245927967	19.0253301062062	5462.5	1e-05	0.001282	1e-05	0.22533	0.003278	0.754924	1e-05	0.015145	1e-05
PL_N19	52.5930574716814	18.9264231094997	5462	1e-05	0.011631	1e-05	0.122226	1e-05	0.811547	1e-05	0.054546	1e-05
PL_N20	52.7165257727075	18.9368481860869	5462	0.003013	1e-05	0.002455	0.222659	1e-05	0.748837	1e-05	0.015126	0.00788
NEO641	50.1882908850722	20.3775987552479	5132	0.009038	0.011484	1e-05	0.193359	1e-05	0.766845	1e-05	0.019234	1e-05
NEO640	50.2019036720321	20.4315891247708	4902	1e-05	0.034299	1e-05	0.200513	1e-05	0.765128	1e-05	1e-05	1e-05
PL_N38	52.5350692701433	18.8338571415748	5033	0.000485	0.028367	0.003608	0.239175	0.004612	0.71432	1e-05	0.007572	0.001852
RISE1166	48.7038403119892	21.2953054925427	4907.5	1e-05	0.028432	0.005399	0.258422	0.00348	0.701922	0.002315	1e-05	1e-05
RISE1161	48.6617663037032	21.1037801579572	4757	1e-05	0.025988	0.001496	0.244868	0.00395	0.715079	1e-05	0.008589	1e-05
RISE1170	48.6466998048592	21.171345891431	4748.5	1e-05	0.023695	0.001786	0.245852	0.002046	0.726582	1e-05	1e-05	1e-05
RISE1165	48.752039177157	21.2109062633477	4742.5	0.002739	0.024739	0.002523	0.249325	0.003709	0.710961	1e-05	0.005979	1.5e-05
RISE1159	48.7495138275437	21.1280607832596	4730	1e-05	0.023887	1e-05	0.251684	0.003145	0.721234	1e-05	1e-05	1e-05
RISE1168	48.7788824054413	21.1828634613194	4676	0.004182	0.013649	1e-05	0.27359	0.003166	0.699747	1e-05	0.005636	1e-05
RISE1172	48.6247860062867	21.1126560239121	4674.5	0.006829	0.005569	0.001144	0.221769	0.00084	0.760394	1e-05	0.003435	1e-05
RISE1252	50.8532624628395	21.4939101159573	4725	1e-05	0.02973	0.004206	0.249037	1e-05	0.716977	1e-05	1e-05	1e-05
RISE1241	50.6415944980457	21.7179401250556	4752.5	0.001469	0.021724	0.003683	0.250703	0.001304	0.717625	1e-05	1e-05	0.003473
RISE1250	50.5614059404004	21.7562473397236	4725	0.005119	0.028674	1e-05	0.231328	0.00354	0.731299	1e-05	1e-05	1e-05
RISE1249	50.2669395241886	21.3082916550804	4736.5	0.002692	0.033637	1e-05	0.230088	1e-05	0.733532	1e-05	1e-05	1e-05
RISE1248	50.1277080263477	21.4105141940992	4725	0.003544	0.039638	1e-05	0.266139	1e-05	0.680922	1e-05	0.009717	1e-05
RISE1246	50.1706458028406	21.4864128942136	4715	0.002089	0.019841	1e-05	0.229769	1e-05	0.736316	1e-05	1e-05	0.011946
RISE1254	51.0450270154513	17.1470293128397	4725	0.00184	0.030909	0.003989	0.24111	1e-05	0.719727	0.000438	0.000575	0.001402
poz81	52.3011499241553	17.4631761328317	4705	1e-05	0.578079	1e-05	0.082523	1e-05	0.212886	1e-05	0.126462	1e-05
poz44	52.3058094885759	17.5903961455915	4675	1e-05	0.552338	1e-05	0.096405	1e-05	0.306476	1e-05	0.044731	1e-05
PL_N44	52.539386060629	19.0475211841427	4450	0.001965	0.466657	1e-05	0.103078	0.005888	0.334595	1e-05	0.087787	1e-05
PL_N45	52.6342849504482	18.9323484825343	4405	1e-05	0.413519	1e-05	0.142795	0.00487	0.347987	1e-05	0.09079	1e-05
PL_N47	52.6228388274368	19.015422959011	4405	1e-05	0.318522	1e-05	0.255792	0.007287	0.391857	0.003199	0.023313	1e-05
PL_N49	52.6532004164346	18.9477363789827	4405	1e-05	0.34827	1e-05	0.256145	0.000187	0.330347	1e-05	0.06501	1e-05
PL_N17	52.5979028521478	18.9779413958732	3845.5	0.005088	0.405972	0.001499	0.129687	0.00368	0.381389	1e-05	0.072664	1e-05
RISE109	50.9670688736439	17.1097776173893	3813	1e-05	0.396114	1e-05	0.152761	0.001002	0.411928	0.001871	0.036294	1e-05
RISE154	51.02177776834	16.9846693941485	3795	0.003851	0.382448	1e-05	0.138617	1e-05	0.413928	1e-05	0.061116	1e-05
RISE150	50.9480038909987	16.9183424304146	3739	1e-05	0.388289	0.003801	0.148248	0.00769	0.39635	1e-05	0.055592	1e-05
VK212	52.7912238565926	14.1936057529878	889	1e-05	0.35172	1e-05	0.177792	1e-05	0.430971	0.003247	0.036231	1e-05
VK211	52.8125319643132	14.1858162692748	700	0.010083	0.278532	1e-05	0.15219	0.000309	0.527698	1e-05	0.031158	1e-05
VK154	52.6839267348405	18.8925713259261	850	0.001831	0.36018	0.008002	0.155619	1e-05	0.46707	1e-05	0.007267	1e-05
VK156	52.721568785049	18.9048063172493	850	0.002196	0.357704	1e-05	0.168636	0.001093	0.458742	0.004061	0.007549	1e-05
VK157	52.6329118824098	18.851925751986	850	0.002468	0.340287	1e-05	0.174874	0.005126	0.460535	1e-05	0.01668	1e-05
VK494	50.7594323999435	21.6869699699804	850	1e-05	0.351234	1e-05	0.187838	1e-05	0.435659	0.009891	0.015337	1e-05
cim359	47.4697217778489	29.1366220585164	2873	0.020881	0.309158	1e-05	0.058111	1e-05	0.162454	0.155562	0.091369	0.202444
cim358	46.4715466268267	29.5395854621287	2840	0.016593	0.333988	1e-05	0.044773	0.001847	0.258723	0.090242	0.147877	0.105946
cim357	46.3453945338633	29.4563495030254	2809.5	0.016085	0.389803	1e-05	0.082909	0.004308	0.311226	0.025881	0.121829	0.047949
scy305	46.6492857722379	29.704990142351	2254	0.001322	0.239417	1e-05	0.070537	0.003698	0.56532	0.005799	0.105365	0.008532
scy300	46.7523746727314	29.8822021139786	2253	0.003838	0.197889	0.002456	0.065693	1e-05	0.622523	1e-05	0.090761	0.01682
scy192	46.5883814773336	29.8735590744298	2250	1e-05	0.171881	1e-05	0.080409	0.010315	0.577805	0.003112	0.138602	0.017857
scy197	46.6724396161549	29.8984884131234	2250	1e-05	0.191537	0.000263	0.070143	1e-05	0.609	0.005965	0.114743	0.00833
scy301	46.7290680020861	29.842339006206	2247.5	0.01201	0.27787	1e-05	0.063343	1e-05	0.430817	0.025748	0.15646	0.033733
scy311	46.7320725675486	29.8237082018517	2246.5	0.005956	0.263304	1e-05	0.058992	0.002353	0.476749	0.025806	0.149074	0.017757
scy303	46.651380322529	29.8727569988463	2241.5	1e-05	0.340316	1e-05	0.176558	0.003411	0.447623	1e-05	0.032052	1e-05
Ukraine_HG1	47.3557405354641	35.3772547370009	10643	0.008124	0.441793	1e-05	0.499493	1e-05	0.050539	1e-05	1e-05	1e-05
NEO501	48.2370990452822	35.1703808893263	10623	0.014459	0.549773	1e-05	0.4015	1e-05	0.034219	1e-05	1e-05	1e-05
NEO521	48.4545166631695	35.1002135559358	8264	0.019355	0.464916	1e-05	0.464034	1e-05	0.051645	1e-05	1e-05	1e-05
NEO516	48.3069741507992	35.105475937007	7095	0.014494	0.451244	1e-05	0.491473	1e-05	0.04274	1e-05	1e-05	1e-05
NEO270	47.3573337963969	34.2389738701563	7297	0.006448	0.419098	1e-05	0.508734	1e-05	0.06567	1e-05	1e-05	1e-05
Ukraine_N1	48.0418320349138	35.1516966538224	7250	0.013219	0.561054	1e-05	0.413369	1e-05	0.012308	1e-05	1e-05	1e-05
NEO498	48.0511783513892	35.0957654631417	7059	0.012361	0.414937	0.005645	0.523429	0.001603	0.041994	1e-05	1e-05	1e-05
NEO552	48.2185455179494	35.1552414628863	6898	0.008046	0.435089	1e-05	0.501777	1e-05	0.055038	1e-05	1e-05	1e-05
NEO507	48.1201035325602	35.0460783817526	6885	0.0117	0.431858	1e-05	0.499048	1e-05	0.057344	1e-05	1e-05	1e-05
NEO528	48.2191986832954	35.0013843303267	6839	0.01153	0.430353	1e-05	0.516008	1e-05	0.042059	1e-05	1e-05	1e-05
NEO503	48.0881984033342	35.1554278170876	6708	0.004938	0.405659	1e-05	0.522289	1e-05	0.067064	1e-05	1e-05	1e-05
NEO502	48.0802068727743	35.1405551506393	6610	1.9e-05	0.432105	1e-05	0.503258	1e-05	0.060893	1e-05	1e-05	0.003685
NEO304	47.969222054584	35.3780369303282	7011	0.01342	0.42299	0.005168	0.522924	1e-05	0.035458	1e-05	1e-05	1e-05
NEO302	47.9528044278733	35.2968627854809	6826	0.006164	0.449928	0.000447	0.46972	1e-05	0.067574	1e-05	0.004622	0.001526
NEO300	48.0206912044901	35.4394975730311	6678	0.012449	0.433326	0.00113	0.502016	1e-05	0.049639	1e-05	1e-05	0.00141
NEO509	48.387871335214	35.0616958266962	4065	0.001499	0.31877	0.002017	0.356671	0.005164	0.26946	0.005926	0.040482	1e-05
MJ-06	49.3796111392602	35.402982376311	4629.5	0.014405	0.545817	1e-05	0.098498	1.7e-05	0.22019	1e-05	0.117621	0.003432
MJ-09	47.4525877892226	34.2537799708825	4285.5	0.009135	0.54986	1e-05	0.106262	1e-05	0.219208	1e-05	0.115495	1e-05
MJ-31	47.0301070879027	32.0461128480267	3119.5	1e-05	0.461519	1e-05	0.137172	0.001581	0.311199	1e-05	0.088489	1e-05
MJ-12	45.2508324760292	28.3842066512816	2861	0.002904	0.212561	1e-05	0.075478	1e-05	0.603672	1e-05	0.105345	1e-05
MJ-32	49.875869972473	35.3648608011287	2547	0.008039	0.401653	1e-05	0.060372	1e-05	0.251568	0.061512	0.115075	0.101761
MJ-08	49.2923024392407	35.3533638688549	2596	2.5e-05	0.438764	1e-05	0.126337	1e-05	0.376527	1e-05	0.058307	1e-05
MJ-14	49.4376819554623	30.8770243291277	2612.5	0.005818	0.33684	1e-05	0.180525	0.001202	0.449065	1e-05	0.026521	1e-05
MJ-16	49.3323188800272	30.808990815049	2534.5	0.009784	0.323906	1e-05	0.113925	0.004167	0.354451	0.028099	0.129177	0.036481
scy010	46.3882679422665	29.5482124781981	2618.5	0.00653	0.295277	1e-05	0.152205	1e-05	0.461856	1e-05	0.084092	1e-05
scy009	46.2954952915479	29.4000295846537	2549.5	1e-05	0.269503	0.000493	0.203603	1e-05	0.471757	1e-05	0.054604	1e-05
MJ-35	50.2746231319755	35.3615928029735	2529.5	0.012229	0.342624	1e-05	0.095013	1e-05	0.347384	0.018072	0.143504	0.041155
MJ-13	50.2246210887469	35.3435893701017	2527.5	0.008059	0.34217	1e-05	0.151551	0.001156	0.414623	1e-05	0.074281	0.00814
MJ-34	49.855922203688	35.2481699940003	2241.5	0.002235	0.313601	1e-05	0.100462	1e-05	0.38881	0.020982	0.134705	0.039185
scy011	49.0610639590491	30.1072397282533	2183	0.016339	0.340786	1e-05	0.087177	0.00422	0.344377	0.03385	0.1323	0.04094
MJ-46	47.3679359421786	34.2378323832806	2223	0.021516	0.343229	1e-05	0.06479	0.000314	0.370963	0.028093	0.124512	0.046573
NEO518	48.4273567394353	35.1197677896731	2156	0.03265	0.366947	1e-05	0.065489	1e-05	0.293846	0.041208	0.158359	0.041481
MJ-37	49.8660074125323	34.0400388348848	1635.5	1e-05	0.307715	1e-05	0.125694	0.002352	0.511746	0.000315	0.051619	0.000539
MJ-19	48.8729247505311	30.4857108900696	1554	0.000841	0.341382	1e-05	0.153841	1e-05	0.446202	0.001613	0.052816	0.003284
VK539	51.3048422381561	31.223925116444	800	1e-05	0.348938	1e-05	0.148615	0.00039	0.468948	0.015971	1e-05	0.017108
VK542	51.4533798529394	31.3704651736096	800	1e-05	0.309988	0.007586	0.145868	0.0037	0.458713	0.000766	0.072946	0.000423
Ker1	45.3557700977288	36.4540463136882	1621.5	0.005547	0.180823	0.000324	0.018134	8.1e-05	0.497677	0.017945	0.270006	0.009463
VK541	50.6874985314067	25.2734442594741	250	1e-05	0.299149	0.004317	0.154097	0.004798	0.451898	0.003108	0.072788	0.009835
Sidelkino	54.5258581026644	51.142418207312	11258.5	0.042607	0.677294	1e-05	0.272188	1e-05	1e-05	1e-05	1e-05	0.00786
NEO202	61.275410736287	38.9533967716526	10884	0.0416	0.659464	1e-05	0.298876	1e-05	1e-05	1e-05	1e-05	1e-05
NEO539	59.7276346465573	39.532598741632	10060	0.022422	0.68626	1e-05	0.291257	1e-05	1e-05	1e-05	1e-05	1e-05
NEO100	51.503380386373	53.7499286988005	9929	0.055702	0.690495	1e-05	0.241544	1e-05	1e-05	1e-05	1e-05	0.012209
NEO536	59.6794919876382	39.5125693746377	9541	0.02792	0.658554	1e-05	0.313466	1e-05	1e-05	1e-05	1e-05	1e-05
NEO87	56.6743726180214	38.0141354015376	8259	0.028453	0.654999	1e-05	0.306241	1e-05	0.003016	1e-05	1e-05	0.00725
NEO88	56.6490276279207	38.0709913576301	7871	0.032599	0.686925	0.003158	0.262382	0.003059	1e-05	1e-05	0.002031	0.009826
Karelia	61.7070325159468	35.569023391325	8279.5	0.064448	0.692556	1e-05	0.230768	1e-05	1e-05	1e-05	1e-05	0.012178
NEO555	60.3766274369229	38.9664402113017	8280	0.045105	0.709901	0.002001	0.237956	0.004997	1e-05	1e-05	1e-05	1e-05
NEO559	60.4329078823701	38.907388798818	8268	0.03437	0.712387	1e-05	0.242913	1e-05	1e-05	1e-05	1e-05	0.01028
NEO560	60.4172085196618	38.9024474459887	7919	0.032421	0.694172	0.003265	0.259858	1e-05	1e-05	1e-05	1e-05	0.010244
NEO557	60.4525587924663	38.9831461628154	7917	0.02728	0.702804	0.006339	0.245561	1e-05	0.003263	1e-05	1e-05	0.014724
NEO556	60.4174731010012	38.9582646090258	7036	0.02101	0.571135	1e-05	0.407795	1e-05	1e-05	1e-05	1e-05	1e-05
NEO185	56.7649343818147	40.4399260212667	7034	0.017058	0.615127	1e-05	0.366372	1e-05	1e-05	1e-05	1e-05	0.001392
NEO186	56.8208308580052	40.4567720547784	6922	0.025842	0.625963	1e-05	0.348135	1e-05	1e-05	1e-05	1e-05	1e-05
NEO180	56.829503019359	40.4982297317125	5947	0.024077	0.640347	1e-05	0.335516	1e-05	1e-05	1e-05	1e-05	1e-05
NEO195	56.7760998005234	40.479854827188	5749	0.014577	0.655055	1e-05	0.32433	1e-05	1e-05	1e-05	1e-05	0.005988
NEO189	56.7868209522869	40.4546733720694	5648	0.031335	0.629628	1e-05	0.338977	1e-05	1e-05	1e-05	1e-05	1e-05
NEO194	56.856564810751	40.4223617030308	5575	0.025656	0.650192	1e-05	0.324092	1e-05	1e-05	1e-05	1e-05	1e-05
NEO193	56.7146647269558	40.4927064839751	5453	0.017195	0.642547	1e-05	0.336686	1e-05	1e-05	1e-05	1e-05	0.003521
NEO197	56.7342721736245	40.4898482242599	5245	0.02598	0.642726	1e-05	0.331234	1e-05	1e-05	1e-05	1e-05	1e-05
NEO187	56.7265549682267	40.3725032049231	4940	0.023178	0.638503	1e-05	0.338258	1e-05	1e-05	1e-05	1e-05	1e-05
NEO192	56.8733864176273	40.4524868040811	6841	0.019893	0.636553	1e-05	0.343494	1e-05	1e-05	1e-05	1e-05	1e-05
NEO179	56.7643502586707	40.423757947376	5467	0.017765	0.641759	1e-05	0.339476	1e-05	1e-05	1e-05	1e-05	0.00095
NEO178	56.7811100805365	40.538164976472	5322	0.025105	0.61418	1e-05	0.350317	1e-05	1e-05	1e-05	1e-05	0.010348
NEO184	56.8579172285926	40.3576224194933	5458	0.020187	0.645549	1e-05	0.331164	1e-05	1e-05	1e-05	1e-05	0.003051
NEO171	53.0050438142847	40.3386235129554	5835	0.023435	0.654986	1e-05	0.321079	1e-05	1e-05	1e-05	1e-05	0.000449
NEO166	52.9066194954794	40.3633994577453	5668	0.01843	0.631168	1e-05	0.335972	1e-05	1e-05	1e-05	1e-05	0.01438
NEO167	52.9132692927029	40.3795452115126	5657	0.01869	0.656852	1e-05	0.308109	1e-05	0.01538	1e-05	1e-05	0.000928
NEO163	52.9005758134648	40.3710275181103	5603	0.026699	0.650658	1e-05	0.322541	1e-05	1e-05	1e-05	1e-05	5.2e-05
NEO170	52.9706789453048	40.4278276015073	5562	0.017615	0.65561	1e-05	0.319906	1e-05	1e-05	1e-05	1e-05	0.006819
NEO160	52.9366405003704	40.4573917112779	5269	0.022613	0.661618	1e-05	0.301502	1e-05	1e-05	1e-05	1e-05	0.014217
NEO113	50.0949131415505	39.8564014992397	7336	0.014239	0.575944	1e-05	0.236004	1e-05	0.092755	1e-05	0.081018	1e-05
NEO212	49.987713075038	39.8003088346776	7390	0.015686	0.558974	1e-05	0.213649	0.003049	0.084068	1e-05	0.124544	1e-05
NEO173	52.1804529976286	39.0204252052493	6345	0.019696	0.600669	0.001246	0.310499	0.002376	0.028325	1e-05	0.036199	0.000981
NEO174	52.2519686761498	39.0477173430752	5306	0.025517	0.622927	0.006312	0.255743	1e-05	0.042691	1e-05	0.041777	0.005012
NEO175	52.2531035677716	38.9260279384814	4607	0.008859	0.526433	1e-05	0.135551	1e-05	0.196143	1e-05	0.132974	1e-05
NEO687	57.5699500325322	58.2361505394801	5446	0.031472	0.657533	1e-05	0.303871	1e-05	1e-05	1e-05	1e-05	0.007074
RISE550	46.6414406163525	43.6177425368875	4934.5	0.009496	0.574623	1e-05	0.058162	1e-05	0.205131	1e-05	0.152548	1e-05
RISE546	46.4482751209848	43.6851079143118	4850	0.011098	0.592543	1e-05	0.065094	1e-05	0.191756	1e-05	0.139468	1e-05
RISE548	46.5018887891527	43.7694326588418	4850	0.004861	0.595309	0.001933	0.049088	0.005528	0.1834	1e-05	0.159861	1e-05
RISE547	46.5150200023409	43.6625740709715	4710.5	0.005301	0.581852	0.001184	0.047392	0.002905	0.202334	1e-05	0.159012	1e-05
RISE240	46.5042912269197	43.7099831246491	4706	1e-05	0.577815	1e-05	0.060926	0.002	0.202083	1e-05	0.145126	0.01202
RISE552	46.5864257762954	43.4159579866752	4446	0.000785	0.580366	0.003639	0.040642	0.002678	0.169183	0.00134	0.199485	0.001881
RISE555	48.8164101343881	44.4709271421656	4627	0.002114	0.576681	1e-05	0.080455	1e-05	0.222776	1e-05	0.117934	1e-05
RISE386	52.4593825140502	55.1453591780644	4121.5	0.002578	0.413737	0.016843	0.122256	0.001999	0.354014	1e-05	0.088553	1e-05
RISE392	53.8615636923537	59.0660679433681	3961	1e-05	0.425652	1e-05	0.12609	0.003054	0.36954	0.003288	0.072347	1e-05
RISE394	52.5219973351341	55.1682510199863	3801.5	1e-05	0.407328	0.001579	0.128097	1e-05	0.388956	1e-05	0.074	1e-05
RISE395	52.5980120113213	59.5816564960498	3808	1e-05	0.419928	0.002437	0.131931	1e-05	0.388766	1e-05	0.056897	1e-05
kzb008	53.9777208801452	55.6819027455989	3742	0.004532	0.478102	1e-05	0.098661	0.003961	0.304216	1e-05	0.106151	0.004359
kzb002	54.0281578306202	55.8387079333421	3721	0.012523	0.494628	1e-05	0.107515	0.002755	0.294161	1e-05	0.088388	1.1e-05
kzb007	53.8915831588767	55.8089807686862	3705	1e-05	0.436181	1e-05	0.113389	0.005953	0.360471	1e-05	0.080451	0.003525
kzb003	53.8553455662541	55.8097032027785	3650	1e-05	0.450013	1e-05	0.14102	1e-05	0.332106	1e-05	0.076811	1e-05
kzb006	53.8495276445616	55.7308082079515	3648.5	0.004628	0.436822	1e-05	0.113578	0.002234	0.358204	0.000218	0.084295	1e-05
kzb009	53.9418034269568	55.7007142063696	3644	0.002073	0.436727	1e-05	0.115817	1e-05	0.340176	1e-05	0.105167	1e-05
kzb001	53.8530023662932	55.7427286043763	3594	0.004125	0.429133	0.000927	0.12215	0.005015	0.366576	1e-05	0.068056	0.004008
mur004	53.9448082912341	55.719707354065	3742.5	0.008714	0.468316	1e-05	0.101944	0.004532	0.320237	1e-05	0.092862	0.003375
mur003	53.9387772983499	55.7761381035671	3734	0.002264	0.447032	1e-05	0.128227	0.001504	0.327914	1e-05	0.093028	1e-05
RISE523	52.9591937063821	57.0302936079726	3448	0.011827	0.423439	0.000802	0.106546	1e-05	0.27814	0.021492	0.071958	0.085786
RISE525	53.1096280233096	57.0327466300037	3000	1e-05	0.390356	1e-05	0.10034	1e-05	0.259395	0.060125	0.027155	0.162599
NEO60	68.9673111417144	33.0553888573032	3301	0.033276	0.359478	1e-05	0.113383	0.011637	0.035829	0.115722	0.004758	0.325908
NEO62	69.0446383702382	33.1750480676722	3284	0.04597	0.412647	0.007886	0.106889	0.010754	0.032547	0.077335	0.006407	0.299566
MJ-42	52.9741435010731	61.9551279590745	2617.5	0.027259	0.317411	1e-05	0.045548	0.004441	0.190664	0.15902	0.081618	0.174029
MJ-41	53.1452611783147	58.6736506639421	2524.5	0.020568	0.416624	1e-05	0.062178	0.00269	0.254137	0.03909	0.158697	0.046007
MJ-56	52.0032487753406	58.0008752747998	2513.5	0.007164	0.400611	1e-05	0.078754	1e-05	0.25197	0.029582	0.169605	0.062293
LS-13	52.5479568139464	55.7409612344764	2308.5	0.006993	0.414351	1e-05	0.070859	0.004448	0.248496	0.044029	0.153939	0.056876
MJ-44	53.7973091182206	55.3538535645697	2216.5	0.009547	0.412403	1e-05	0.051339	1e-05	0.262635	0.052792	0.157146	0.054118
MJ-43	52.7038182953838	58.711254662862	2273	0.009857	0.410555	0.002813	0.064601	1e-05	0.236278	0.0701	0.148433	0.057353
DA134	47.3238691109791	39.5636849820148	1933	0.00703	0.410413	1e-05	0.069818	1e-05	0.247253	0.031253	0.193898	0.040314
DA141	47.2237591945287	39.4689227447566	1933	0.002793	0.387716	1e-05	0.08252	0.001171	0.234971	0.037628	0.184958	0.068234
DA145	47.2772445920575	39.5766580120288	1933	0.017953	0.399093	1e-05	0.084478	0.001219	0.259672	0.04705	0.129555	0.060971
DA143	47.3015209110081	39.5132048295438	1933	0.006667	0.397811	1e-05	0.085087	0.000135	0.245133	0.035236	0.164763	0.065158
DA144	47.3022604030184	39.4828857809305	1933	0.017528	0.415481	1e-05	0.067049	1e-05	0.261339	0.044661	0.139014	0.054908
DA139	47.2127815434802	39.4552130275872	1933	0.002895	0.363804	1e-05	0.067944	0.007864	0.278185	0.040615	0.180887	0.057796
chy001	51.1156634680275	54.9913317578193	1878	0.015822	0.376663	1e-05	0.066836	0.001464	0.273343	0.016758	0.180692	0.068412
chy002	51.0957158899214	55.1669952835236	1806	0.004518	0.379663	1e-05	0.053874	1.1e-05	0.258291	0.060873	0.176479	0.06628
tem002	53.0866584123205	58.0750550627988	1790	0.01636	0.415327	0.004222	0.061037	0.012039	0.272646	0.03924	0.140553	0.038575
tem001	52.913965599807	58.1421209302545	1762	0.017357	0.404334	1e-05	0.074689	1e-05	0.280636	0.043095	0.13311	0.04676
tem003	53.0190026987903	58.0865214142762	1724.5	0.016128	0.398593	0.000395	0.066035	0.000494	0.256824	0.036541	0.177445	0.047543
NEO538	59.6421163078398	39.5569176523015	2253	0.004859	0.284629	1e-05	0.123358	1e-05	0.139474	0.106932	0.005994	0.334734
VIII9	59.4914758533612	28.7147755891737	1812.5	1e-05	0.371042	0.000396	0.20031	0.002207	0.399766	0.00793	0.006228	0.012112
VII15	59.5294439872634	28.6919272635784	1934	0.007	0.382116	1e-05	0.211623	0.005283	0.368657	1e-05	1e-05	0.025291
VIII5	59.4948410247732	28.8486532042269	1762.5	0.001872	0.41103	1e-05	0.226962	1e-05	0.347004	0.011206	1e-05	0.001896
DA243	44.0028143120837	42.6171882936824	1533	0.00171	0.26724	1e-05	0.026304	0.003207	0.36302	0.0084	0.303557	0.026552
DA162	43.2024972846545	44.4790875373036	1700	1e-05	0.235569	1e-05	0.010884	0.004758	0.392846	0.005902	0.338383	0.011639
DA146	42.9429510477372	44.1239608347043	1300	0.001645	0.321561	1e-05	0.01396	0.002193	0.335572	1e-05	0.325039	1e-05
DA160	42.9560441776086	44.2284152662475	1300	0.003465	0.21758	1e-05	1e-05	1e-05	0.390436	0.028247	0.331411	0.028831
DA164	43.236176426122	44.1487417383306	850	1e-05	0.244718	1e-05	0.030549	1e-05	0.394684	0.012936	0.291446	0.025638
VK221	59.9009433344938	32.3163723032456	1039	1e-05	0.355604	4.1e-05	0.150767	0.000965	0.459771	1e-05	0.025486	0.007345
VK219	59.9357097844593	32.2592401179019	958	1e-05	0.319615	0.004617	0.144215	1e-05	0.486823	0.021288	0.023412	1e-05
VK20	59.906351679517	32.2898683498148	888	1e-05	0.336757	1e-05	0.188161	0.009176	0.451181	1e-05	0.007046	0.007649
VK410	60.0438586264383	32.2543312394992	843	1e-05	0.359983	1e-05	0.174732	1e-05	0.462796	1e-05	1e-05	0.002439
VK16	59.9667675765231	32.3723905290477	839	0.006944	0.307828	1e-05	0.161327	0.003436	0.475281	0.009884	0.016266	0.019024
VK14	59.951470902143	32.2914575209375	800	0.002451	0.34339	0.001684	0.158854	1e-05	0.482197	1e-05	0.00497	0.006435
VK15	60.0489789944608	32.2919401083607	800	1e-05	0.320348	1e-05	0.147638	0.006973	0.492495	1e-05	0.032507	1e-05
VK17	59.9728577177972	32.2123193114996	800	1e-05	0.358275	0.000102	0.170116	0.004083	0.453959	0.002438	1e-05	0.011007
VK18	60.0756819999777	32.2481956174597	800	1e-05	0.349826	1e-05	0.1588	0.005658	0.442765	0.01367	0.011995	0.017265
VK19	60.0758801007178	32.2994192242157	800	1e-05	0.325857	0.004991	0.154956	1e-05	0.46652	0.000847	0.031364	0.015445
VK21	60.0347235869151	32.2720265687443	800	0.01303	0.351228	1e-05	0.175814	1e-05	0.433141	0.008462	1e-05	0.018295
VK218	59.9299636418931	32.3232241363265	800	1e-05	0.312487	0.008537	0.128059	1e-05	0.516002	1e-05	0.034876	1e-05
VK22	60.0778329892084	32.3671815931797	800	1e-05	0.350746	1e-05	0.152322	1e-05	0.481168	1e-05	0.009787	0.005936
VK220	59.989840402361	32.2827652207576	800	1e-05	0.342516	1e-05	0.17524	0.00816	0.459399	1e-05	0.012471	0.002183
VK23	60.0607064195443	32.3618361657485	800	1e-05	0.353049	1e-05	0.158559	0.003164	0.479228	0.001636	1e-05	0.004333
VK408	59.9999802263454	32.2203045039438	800	1e-05	0.347986	1e-05	0.151821	0.00016	0.459053	0.008839	0.013944	0.018177
VK409	59.9260474371258	32.3502440657467	800	1e-05	0.349922	1e-05	0.178135	1.4e-05	0.47185	4e-05	1e-05	1e-05
VK223	54.8231637812406	31.9221805548575	850	0.003464	0.348048	1e-05	0.182854	0.003694	0.444653	0.009775	1e-05	0.007492
VK224	54.6909612651635	31.9553795837611	850	1e-05	0.360456	1e-05	0.169281	0.002452	0.444551	0.018849	1e-05	0.004382
VK254	54.8594354658574	31.8853175669722	850	0.006089	0.269833	0.002564	0.119645	1e-05	0.463629	0.038508	0.085482	0.014241
VK272	54.7399695285782	31.791048517758	850	0.00632	0.325749	1e-05	0.157577	1e-05	0.450874	0.011925	0.044116	0.003419
VK273	54.7813325965498	31.8896239830926	850	0.001154	0.329853	0.002985	0.156235	1e-05	0.468959	1e-05	0.040785	1e-05
VK466	54.7933108372334	31.8278343064059	850	1e-05	0.338352	1e-05	0.181875	1e-05	0.43702	0.016757	0.025957	1e-05
VK159	57.836944352407	28.2564846316446	850	0.001015	0.348812	0.001476	0.173404	0.001176	0.421202	0.008789	0.040553	0.003573
VK160	58.7067656969838	36.071352632707	750	1e-05	0.35222	0.002799	0.161594	1e-05	0.431716	0.011538	0.039873	0.000239
DA142	47.2706772233546	39.4756418295298	1250	0.009729	0.23248	1e-05	0.047415	0.005056	0.220377	0.177015	0.109914	0.198004
NEO281	42.1269577366114	43.3135219160747	9724	1e-05	0.231042	1e-05	1e-05	0.001738	0.142561	1e-05	0.624609	1e-05
KK1	42.2581346976291	43.2355428224616	9720	1e-05	0.247212	1e-05	1e-05	1e-05	0.151442	1e-05	0.601286	1e-05
SATP	42.4710279381089	42.5918740520813	13255	1e-05	0.233639	1e-05	1e-05	0.006295	0.143692	1e-05	0.616324	1e-05
RISE423	40.1669231359009	45.1793127935752	3256.5	1e-05	0.258849	1e-05	0.009497	0.004641	0.380016	1e-05	0.346957	1e-05
DA31	40.5470013057627	44.9893730370048	3313.5	1e-05	0.24645	1e-05	0.010296	1e-05	0.38919	0.004544	0.339661	0.009829
DA35	40.5108757345751	44.9802870677039	3313.5	1e-05	0.224284	1e-05	1e-05	1e-05	0.402939	1e-05	0.372716	1e-05
RISE407	40.1492430270649	45.8444324113801	2955	1e-05	0.277736	1e-05	0.023632	1e-05	0.385709	0.002337	0.310545	1e-05
RISE397	39.228167920839	46.3661435342394	2901.5	0.00418	0.247312	1e-05	0.011047	0.006519	0.370098	0.009601	0.351222	1e-05
AH2	34.1116479520779	48.3523081600014	9930.5	1e-05	0.116419	0.013205	1e-05	0.018127	1e-05	0.008432	0.843777	1e-05
AH4	34.1612598522194	48.3302887057234	9929.5	0.001013	0.143208	0.002409	1e-05	0.015705	1e-05	0.013591	0.824044	1e-05
AH1	34.1978785973601	48.2942054899689	9900	1e-05	0.135434	0.006978	1e-05	0.019178	1e-05	0.007499	0.83087	1e-05
GD13a	34.360882361047	48.1278243433963	9846	1e-05	0.116572	0.015338	1e-05	0.02047	1e-05	0.000196	0.847383	1e-05
NEO816	33.7455311952531	47.1382737325504	8700	1e-05	0.124748	0.017639	1e-05	0.020504	1e-05	0.00572	0.831349	1e-05
WC1	34.6054116191249	47.0704141857941	9218.5	1e-05	0.085515	0.022861	1e-05	0.016193	1e-05	0.012981	0.86241	1e-05
Bon002	37.7305743469857	32.8920389573462	10078	1e-05	0.032182	0.004202	0.050584	0.017636	0.805034	1e-05	0.088262	0.002079
Bon004	37.7385762558784	32.8577026444394	10076	0.002719	0.055674	1e-05	0.076627	0.006202	0.803952	1e-05	0.048289	0.006517
Bon001	37.6967296121642	32.9040087860916	10032	0.002556	0.074519	1e-05	0.086056	0.001769	0.808218	0.005667	0.021072	0.000133
Tep002	38.1350420770515	34.538877236573	8585	0.006004	1e-05	0.001564	0.033475	1e-05	0.798293	1e-05	0.159467	0.001166
Tep003	38.2530762059428	34.5570165102463	8505	1e-05	0.026139	1e-05	0.012221	1e-05	0.731038	1e-05	0.230552	1e-05
Tep004	38.1755639935192	34.56667991505	8295	1e-05	0.018321	0.002872	0.015085	1e-05	0.779969	1e-05	0.183714	1e-05
Bar31	40.2055952300318	29.5710925313551	8278.5	1e-05	0.010587	0.006774	0.022951	0.007306	0.858021	1e-05	0.093476	0.000865
Bar8	40.3153170808684	29.625020592371	8071	0.00644	0.004041	0.00783	0.050376	1e-05	0.831652	1e-05	0.094767	0.004875
MA2210	38.7102970429882	34.229096407583	4700	0.001232	0.067313	0.007373	1e-05	1e-05	0.591393	1e-05	0.33265	1e-05
MA2212	38.597520094756	34.3768581181299	4700	1e-05	0.055943	0.001805	1e-05	1e-05	0.626361	1e-05	0.31584	1e-05
MA2213	38.6815894798562	34.2384882965125	4700	1e-05	0.073402	1e-05	1e-05	0.002856	0.600113	1e-05	0.323579	1e-05
MA2200	39.4051954123192	33.7877000673301	3800	1e-05	0.070502	1e-05	1e-05	0.003128	0.612838	1e-05	0.309757	0.003734
MA2203	39.437002752535	33.8607307850011	3800	0.003739	0.079965	0.001197	0.011344	1e-05	0.610905	1e-05	0.292821	1e-05
MA2205	39.3260839935858	33.761098061977	3800	1e-05	0.06654	1e-05	1e-05	1e-05	0.602555	1e-05	0.330845	1e-05
MA2206	39.409761268273	33.8590667615272	3800	0.004049	0.089921	0.00053	1e-05	0.007227	0.60268	1e-05	0.295562	1e-05
MA2197	39.2616073404439	33.8321155307442	2900	0.000782	0.229574	1e-05	0.066072	1e-05	0.651137	0.003489	0.048693	0.000233
MA2198	39.407575403247	33.8004362505488	2900	1e-05	0.170515	0.000253	0.024004	0.005127	0.394863	0.074376	0.27135	0.059501
MA2195	39.4042998018209	33.7179618114699	500	0.003973	0.172608	1e-05	0.014961	1e-05	0.187858	0.255781	0.138802	0.225998
MA2196	39.2735287891701	33.8728992067371	500	1e-05	0.182747	1e-05	0.014058	0.005378	0.33728	0.125257	0.207341	0.12792
ERS1790733	33.4613984659687	35.4957558298018	3770	1e-05	0.025797	0.021614	0.003273	1e-05	0.527404	0.003793	0.415702	0.002398
ERS1790729	33.5102908530179	35.3458398260642	3750	0.00037	0.055601	0.012753	0.013055	0.001273	0.538287	0.001575	0.376603	0.000483
ERS1790731	33.5813113383856	35.470247580111	3750	0.000593	0.020693	0.026555	1e-05	0.004224	0.569686	1e-05	0.378209	1.9e-05
ERS1790730	33.6328346574586	35.4370706571266	3650	1e-05	0.032662	0.009798	1e-05	0.01329	0.566381	1e-05	0.376801	0.001038
ERS1790732	33.6460833152663	35.4530219049193	3650	0.00421	0.018092	0.021512	0.014192	0.002007	0.544073	1e-05	0.395895	1e-05
ERS3189338	33.5440228207875	35.4351184204221	1637	0.000736	0.033567	0.013299	0.008654	0.003871	0.522481	1e-05	0.417372	1e-05
ERS3189333	33.566558464421	35.3679520585109	1628	0.006911	0.043691	0.014459	0.008039	0.000484	0.540933	1e-05	0.379108	0.006366
ERS3189339	33.5124778647814	35.3455184650142	1525	0.003607	0.04995	0.013805	1e-05	0.005037	0.522524	1e-05	0.400383	0.004673
ERS3189342	33.6235804450139	35.4190739918966	1525	0.005866	0.064037	0.01354	0.009738	1e-05	0.5598	0.002047	0.340842	0.004119
ERS3189335	33.5244191177562	35.324200057704	1421	1e-05	0.063778	0.021314	0.004111	0.001534	0.533901	1e-05	0.375333	1e-05
ERS3189343	33.587555948263	35.4341877141036	860.5	1e-05	0.169029	0.003996	0.050206	0.007673	0.548894	1e-05	0.211215	0.008967
ERS3189348	33.6059871441592	35.3631568106823	800	0.00311	0.091733	0.014733	0.010226	1e-05	0.593301	1e-05	0.286866	1e-05
ERS3189349	33.4992353618052	35.4075326771475	800	0.003925	0.075264	0.016455	1e-05	1.7e-05	0.543265	1e-05	0.354956	0.006098
ERS3189351	33.6026670302171	35.4518251012545	800	1e-05	0.198664	0.009259	0.147153	0.003281	0.57359	1e-05	0.068023	1e-05
ERS3189357	33.5491872056294	35.3657269734424	800	1e-05	0.283504	0.007841	0.142942	1e-05	0.52212	0.001332	0.04223	1e-05
ERS3189353	33.5570970131923	35.3266346934251	780.5	1e-05	0.051338	0.032507	0.006995	1e-05	0.548222	1e-05	0.360898	1e-05
ERS3189352	33.6095770829264	35.4244439201429	723.5	0.002902	0.118119	0.068676	0.09511	1e-05	0.568532	1e-05	0.14663	1e-05
ERS3189350	33.6011277354229	35.384719605837	713	1e-05	0.284742	0.006644	0.141279	0.003376	0.506611	1e-05	0.057317	1e-05
ERS3189355	33.6218421185762	35.3213221560232	701.5	0.004917	0.052041	0.018721	0.007708	0.002248	0.535948	1e-05	0.378397	1e-05
NEO310	36.8381022471935	60.4096528059617	7150	0.00464	0.234846	1e-05	1e-05	0.019686	0.011571	1e-05	0.729217	1e-05
DA381	37.208466543965	60.972313193297	5181	0.003845	0.20745	1e-05	1e-05	0.007553	0.092034	1e-05	0.689078	1e-05
DA380	37.6663404786494	59.3423614288866	5180.5	1e-05	0.265636	1e-05	1e-05	1e-05	0.056546	0.008315	0.667083	0.00238
DA383	38.7827453100402	61.7663107555453	5150	0.017021	0.269126	1e-05	1e-05	0.011916	0.100054	0.020278	0.577801	0.003782
BOT2016	53.2227970302384	67.6823693263624	5450	0.125713	0.670879	1e-05	0.010225	0.01628	1e-05	1e-05	1e-05	0.176862
BOT14	53.2230100405682	67.6759733887669	5263.5	0.134949	0.662722	1e-05	0.006206	0.010046	1e-05	1e-05	0.001197	0.18485
BOT15	53.0718016416114	67.6433052018564	5134.5	0.115156	0.685306	0.002442	0.030448	0.006881	1e-05	1e-05	0.008797	0.15095
Yamnaya	49.1501104091015	75.7724114230368	4902.5	0.002024	0.588315	1e-05	0.043491	1e-05	0.192356	1e-05	0.164547	0.009238
NEO57	52.1272032675613	64.4711127807573	4497	0.11323	0.699334	1e-05	0.031103	1e-05	1e-05	1e-05	0.034191	0.122101
EBA2	52.6340092308074	76.6464929929655	4494	0.107683	0.504805	1e-05	1e-05	0.009497	1e-05	0.084878	0.037402	0.255704
EBA1	51.6113060558401	74.5929389619175	4111.5	0.116366	0.487899	0.001781	1e-05	0.00577	1e-05	0.106297	0.002759	0.279108
NEO900	52.3697766993847	76.8555326868873	3802	0.118573	0.495096	1e-05	1e-05	0.003095	1e-05	0.103045	1e-05	0.280152
NEO904	51.6272477150895	74.7125536121894	3708	0.106425	0.524486	1e-05	1e-05	0.003221	1e-05	0.099013	0.000256	0.26657
NEO899	52.6248243034538	76.8008138048649	3641	0.10942	0.535394	1e-05	1e-05	1e-05	1e-05	0.089524	0.021976	0.243646
DA231	52.5323479352612	76.826435782956	3541.5	0.004138	0.439013	0.007017	0.106788	1e-05	0.35876	0.005262	0.069308	0.009704
DA10	49.110200401647	72.8789879443031	2816.5	0.026993	0.286647	0.001184	0.036908	0.006333	0.187906	0.19852	0.071094	0.184416
DA17	51.0818742480781	75.4547108967975	2736.5	0.008687	0.393806	1e-05	0.066135	0.002514	0.235338	0.026146	0.213829	0.053536
Ze6b	50.2195177195594	81.8527445688657	2700	0.011103	0.201972	1e-05	0.040738	1e-05	0.12509	0.31283	0.095857	0.212391
DA19	51.3169649807084	78.1378091254551	2725	0.009	0.375976	0.000727	0.078639	0.004286	0.229875	0.045981	0.213439	0.042076
DA221	43.1758395902067	76.39725084709	2718.5	0.01135	0.334074	1e-05	0.044212	0.01065	0.172364	0.119504	0.144398	0.163438
DA13	49.0229963770043	75.5254933698103	2667	0.016905	0.317126	0.005509	0.045171	0.005246	0.144519	0.172624	0.086453	0.206447
IS2	50.3391587122343	81.3896264451277	2700	0.023692	0.351831	1e-05	0.075899	0.000191	0.213297	0.091957	0.121287	0.121836
DA11	50.843645867575	73.8104887195583	2697.5	0.010788	0.292295	1e-05	0.056327	0.007302	0.137269	0.197657	0.085805	0.212546
DA18	51.7200453241263	74.911561929686	2667	0.015043	0.392393	0.002681	0.061483	2.3e-05	0.250655	0.048485	0.164831	0.064406
DA14	49.1346727152169	75.2006805193704	2667	0.006444	0.315027	0.003131	0.037372	1e-05	0.152909	0.201547	0.088131	0.195428
DA15	48.4915278834011	74.3462121637817	2667.5	0.022388	0.277474	1e-05	0.039217	1e-05	0.165728	0.224762	0.053373	0.217038
DA16	48.4812512786221	74.3540086864215	2666.5	0.015394	0.308783	1e-05	0.04792	0.001789	0.151414	0.204468	0.071369	0.198853
DA202	45.9688037546445	53.4036436663568	2661.5	0.011607	0.406467	1e-05	0.074117	1e-05	0.284018	0.030045	0.136481	0.057245
DA129	43.0634696414787	76.2197629824001	2374.5	0.015344	0.342002	0.000181	0.036609	0.006433	0.189512	0.092166	0.200159	0.117594
DA20	51.5737831259239	74.6896383470204	2299.5	0.003648	0.033611	0.002435	1e-05	1e-05	0.005651	0.470559	1e-05	0.484067
DA130	43.4362134970073	77.4784675433487	2270.5	0.029676	0.358497	1e-05	0.056986	1e-05	0.237984	0.089574	0.115846	0.111418
DA223	43.155772571899	77.9053009066265	2338.5	0.02383	0.347238	0.000495	0.034595	0.000586	0.189818	0.064271	0.265502	0.073666
DA220	43.1457662338205	77.8396766750142	2150	0.010555	0.349413	1e-05	0.041008	0.009307	0.220297	0.0546	0.255864	0.058947
DA227	43.1424430358969	77.790773492679	2150	0.010828	0.356445	0.004228	0.051758	0.005924	0.194889	0.078403	0.221673	0.075851
DA201	43.1539657251723	77.8513898666948	2079.5	0.034209	0.353913	1e-05	0.060275	1e-05	0.196533	0.081744	0.153406	0.119899
DA26	52.1386760988925	64.4519027449749	2000	0.006475	0.431664	1e-05	0.079844	0.005448	0.254317	0.03949	0.145127	0.037625
DA30	51.7375202704687	65.6007963351719	1961.5	0.003159	0.371647	0.002935	0.037065	0.006229	0.249168	0.047404	0.23357	0.048822
DA92	52.091448677266	77.1364252903592	1982.5	0.027644	0.376373	1e-05	0.055252	0.0083	0.112643	0.143349	0.093687	0.182742
DA229	42.3993843980506	69.6080582226161	1950	0.005643	0.366915	0.001608	0.068443	1e-05	0.235008	0.050957	0.204577	0.066839
DA125	42.6703853075951	67.9570673521608	1800	0.012592	0.352679	1e-05	0.076371	1e-05	0.277363	0.036459	0.191074	0.053442
DA123	42.7266640024446	68.2701921049319	1681.5	0.010002	0.313561	0.000442	0.05167	0.002677	0.216213	0.083635	0.240966	0.080833
DA121	42.6996051383857	68.2862434494402	1681.5	0.002745	0.365265	1e-05	0.042103	0.011792	0.267488	0.031286	0.24452	0.034791
DA226	43.0216496559605	68.3436937472317	1850	0.010923	0.376806	0.000327	0.064939	0.004422	0.282317	0.034517	0.176626	0.049124
DA206	42.8355221393052	68.2398414602503	1756.5	1e-05	0.313391	1e-05	0.029908	0.006786	0.280639	0.037271	0.30135	0.030635
DA127	43.0775516792759	79.3769339015056	1672	0.010267	0.101363	1e-05	0.011286	1e-05	0.053712	0.450263	0.042006	0.331082
DA95	52.6531095044035	76.7328785699792	1679.5	0.008287	0.070617	1e-05	0.004958	1e-05	0.044249	0.410987	0.030681	0.430201
DA224	42.7373934878688	68.2748274936993	1681.5	0.002798	0.328364	3.3e-05	0.046708	0.010375	0.274487	0.037154	0.244342	0.055739
DA177	52.0400444462243	77.2691580309626	1650	0.004723	0.022903	1e-05	1e-05	1e-05	0.021738	0.519688	0.022774	0.408145
DA27	52.8021563783381	62.8097838939261	1591.5	0.001073	0.047194	0.001838	0.004577	0.007961	0.041072	0.528493	0.006992	0.3608
DA228	42.765282163322	68.2910331806354	1250	1e-05	0.204566	0.002043	0.04258	0.007419	0.248325	0.282644	0.093127	0.119285
DA89	53.6330000488088	75.2910137410648	1264.5	0.017148	0.232187	1e-05	0.034674	0.003923	0.187644	0.17034	0.210082	0.143991
DA87	52.6745951491036	76.7747791921161	1284	0.019302	0.244764	1e-05	0.027325	1e-05	0.13892	0.246474	0.120074	0.203121
DA124	43.4173329672124	77.4936416703835	1278.5	0.009748	0.17869	1e-05	0.026322	1e-05	0.138818	0.305979	0.115124	0.2253
DA93	52.4477051476017	76.6973801616486	1218	0.024206	0.261473	0.003994	0.023949	0.000832	0.095372	0.261802	0.068671	0.259703
DA94	52.5180518448818	76.5419861532189	1218	0.024805	0.261765	1e-05	0.044422	1e-05	0.140443	0.241102	0.077021	0.210421
NEO901	52.3779601069819	76.7655771938711	1171	0.020875	0.354415	1e-05	0.078406	1e-05	0.229751	0.076046	0.039675	0.200812
DA222	43.2776086228434	76.9041581619252	1100	0.004804	0.168371	0.002759	0.014518	1e-05	0.131975	0.261981	0.188443	0.227138
DA230	43.2226994511671	76.9063685531449	1100	0.001587	0.174041	0.002176	0.004296	1e-05	0.150717	0.29405	0.197404	0.175719
DA126	43.4459919415507	77.4630878915638	1039.5	0.004217	0.247407	1e-05	0.034725	0.0101	0.161821	0.265144	0.120722	0.155855
DA204	43.2074837862048	77.010238763243	1039	0.02148	0.211054	0.002287	0.011562	0.002108	0.122714	0.264594	0.14756	0.216641
DA179	48.9839106904436	73.6935135510564	900	0.003226	0.153244	0.011842	0.014946	0.013238	0.25402	0.205639	0.271013	0.072832
DA205	43.2109245450236	77.0571873393562	850	0.005034	0.161635	0.002437	0.022181	1e-05	0.107303	0.338163	0.134008	0.229229
DA203	43.1976542223245	77.0642209954746	850	0.001471	0.20034	1e-05	0.007651	1e-05	0.125666	0.312927	0.16558	0.186345
DA23	52.6858663964644	62.6232489881571	880	0.007469	0.180856	1e-05	0.026838	1e-05	0.125629	0.300557	0.075663	0.282969
DA128	43.5500202687271	77.7920064455271	720	1e-05	0.064034	0.00063	0.002437	0.000996	0.065454	0.446961	0.025907	0.393571
DA28	47.0678255076054	66.2352302407939	700	1e-05	0.020237	1e-05	1e-05	1e-05	0.021551	0.487811	1e-05	0.470351
DA29	46.919506027922	66.3644268720504	700	0.00195	0.35027	0.002629	0.156843	1e-05	0.441179	0.001913	0.044698	0.000507
DA57	41.5665831252933	75.7019573686644	2079.5	0.014156	0.343882	1e-05	0.044423	0.001741	0.183912	0.111853	0.195449	0.104575
DA58	41.5336486801505	75.8954766940791	2077.5	0.007457	0.336328	1e-05	0.027594	0.004106	0.210668	0.088142	0.23292	0.092776
DA53	41.4487358705793	75.4027754849475	2399.5	1e-05	0.356388	1e-05	0.054603	0.007047	0.223195	0.000573	0.329245	0.028929
DA51	41.5141205406003	75.3682234245539	2305	1e-05	0.343228	1e-05	0.060242	0.003475	0.195357	0.099065	0.221572	0.077039
DA49	41.4853399546538	75.3877400373761	2270.5	0.011623	0.334712	0.00053	0.05278	0.003049	0.171106	0.117869	0.189079	0.119253
DA50	41.3835859438125	75.393032655092	2250	0.021492	0.295958	1e-05	0.03047	1e-05	0.163325	0.161701	0.150097	0.176938
DA56	41.5192528213095	75.3209366375767	2095.5	0.006856	0.312217	1e-05	0.055294	0.00066	0.182553	0.152383	0.123286	0.166743
DA55	41.5005081397202	75.3782059081551	2031.5	0.014175	0.336966	1e-05	0.047725	0.002505	0.184113	0.138317	0.111645	0.164545
DA47	41.476653894661	75.3018771720771	2075.5	0.017962	0.355209	0.003793	0.041575	0.002252	0.166651	0.1123	0.201233	0.099025
DA48	41.3355380493868	75.3001242896263	2250	0.016937	0.321077	1e-05	0.034143	1e-05	0.254895	0.086389	0.218352	0.068186
DA54	41.4758335973788	75.3442280711327	1682	0.016707	0.310505	1e-05	0.046507	1e-05	0.150515	0.200172	0.082151	0.193422
DA52	41.4060821518488	75.4141923394706	1531.5	0.019567	0.317335	1e-05	0.027643	0.00011	0.188262	0.144193	0.125294	0.177587
DA70	41.5445840773173	75.70706899032	1848.5	0.014113	0.32819	1e-05	0.032556	0.009202	0.208608	0.087556	0.228906	0.090858
DA72	41.482874618005	75.8713357888721	1681	0.015176	0.30835	0.005074	0.03804	0.007304	0.182403	0.130164	0.150145	0.163344
DA80	41.5269908730872	75.7981929647829	1673	0.022633	0.305982	0.001345	0.03408	0.001009	0.17712	0.14976	0.140668	0.167403
DA73	41.4497369124554	75.7236665498558	1672	1e-05	0.297229	0.002898	0.042213	0.00884	0.158506	0.162995	0.141979	0.18533
DA69	41.4795726713724	75.8815806194767	1591.5	0.007403	0.297374	1e-05	0.044745	0.005163	0.196496	0.13826	0.178594	0.131955
DA65	41.4755611894187	75.8839444468357	1542.5	0.011763	0.311803	1e-05	0.040739	0.011873	0.183896	0.182265	0.104748	0.152902
DA82	41.6935431634821	75.0091111129243	1820	0.010135	0.317658	1e-05	0.051245	1e-05	0.173187	0.184022	0.103969	0.159765
DA85	41.5729275364708	75.0658962953929	1768	0.001178	0.341165	0.007356	0.038521	0.004697	0.179663	0.100187	0.209212	0.118021
DA81	41.6096421625279	75.0057387300394	1766.5	0.017643	0.319021	0.004925	0.052345	0.002213	0.218415	0.081932	0.195834	0.10767
DA98	42.1247620685399	77.3596081994846	1847.5	0.007656	0.342332	0.00149	0.038256	0.007028	0.170986	0.118799	0.220775	0.092677
DA104	42.1975489652622	77.4621477967966	1773.5	0.018889	0.294254	1e-05	0.03412	1.4e-05	0.156595	0.175544	0.141237	0.179337
DA101	42.1390778250433	77.4432628915552	1712.5	0.013962	0.303583	0.005478	0.047151	0.002984	0.164069	0.123195	0.204162	0.135416
DA100	42.2063531795889	77.3972642647941	1672.5	0.008899	0.303373	1e-05	0.039637	0.0048	0.164772	0.169768	0.135359	0.173382
DA96	42.205012186002	77.3404829780944	1680	0.01336	0.289628	0.000395	0.052836	0.003735	0.149289	0.171433	0.133949	0.185377
DA74	41.5383610945661	75.7339766016789	1540	0.010062	0.30319	1e-05	0.0229	0.00756	0.161675	0.185545	0.125987	0.18307
DA66	41.5005820823833	75.7466709578037	1489	0.000248	0.307002	1e-05	0.052694	0.003996	0.151691	0.192082	0.101212	0.191066
DA68	41.5544572188519	75.7140376964212	1364	0.014562	0.304136	1e-05	0.063655	1e-05	0.204216	0.186907	0.085742	0.140762
DA385	41.5791584088933	75.7086540846713	1466.5	0.009734	0.309119	1e-05	0.034869	1e-05	0.139257	0.187946	0.128118	0.190938
DA86	42.1191429214273	76.8921284500323	1501	0.014559	0.209621	0.000698	0.024577	1e-05	0.113755	0.286888	0.063227	0.286665
DA118	42.09203669874	76.9160509374272	911	1e-05	0.034057	1e-05	0.005027	1e-05	0.047773	0.475081	0.024332	0.4137
DA106	42.1590529503115	76.8908310251683	779.5	1e-05	0.143259	1e-05	0.005995	0.003253	0.100086	0.375167	0.07958	0.292639
DA116	41.9744391985051	77.0429735937528	760	0.008906	0.086686	1e-05	0.006776	1e-05	0.054956	0.426311	0.043358	0.372986
DA99	42.0898446923867	76.8698526314367	742	1e-05	0.042007	0.003544	1e-05	1e-05	0.049108	0.462298	0.026363	0.41665
DA117	42.163131864164	77.0219046134315	263	0.007332	0.255813	1e-05	0.030293	0.004875	0.210933	0.124096	0.286009	0.080639
M010	43.5157743013836	93.15404253521	2269.5	0.020904	0.242582	1e-05	0.018103	0.004478	0.077362	0.332683	0.12442	0.179458
M15-1	43.6997192545235	93.1272116555646	2250	0.040396	0.455073	1e-05	0.027318	0.001469	0.094889	0.096206	0.170598	0.11404
M819	43.6024719410483	93.0806905365828	2250	0.023174	0.294564	1e-05	0.010852	0.006826	0.113777	0.252362	0.113914	0.184521
X3	43.606600521775	93.1700938433222	2250	0.024818	0.123382	1e-05	0.004709	0.00523	0.057195	0.501538	0.014766	0.268353
F004	43.6537654766254	93.1163701679371	2230	0.029665	0.290195	1e-05	0.001253	0.003992	0.07874	0.306444	0.096454	0.193247
M012	43.5884735898487	93.141274570236	2228.5	0.01488	0.207872	1e-05	0.019296	1e-05	0.10304	0.374255	0.067173	0.213464
M820	43.5784931814205	93.2224829719216	2216.5	0.013726	0.332292	1e-05	0.045578	1e-05	0.174166	0.162247	0.159982	0.111988
DA39	47.9996563223936	101.276452786988	1948	1e-05	0.00881	1e-05	1e-05	1e-05	0.014621	0.679485	1e-05	0.297034
DA41	49.2706988484412	101.698204091871	2283	0.009108	0.256415	1e-05	0.029386	0.006586	0.076313	0.284935	0.119166	0.21808
DA38	49.2549386962596	101.635666538291	2124.5	0.020433	0.299129	0.001229	0.019737	0.006861	0.079547	0.216876	0.160032	0.196156
NEO72	55.9343371207174	69.228766608648	8369	0.129875	0.719995	1e-05	0.016997	1e-05	1e-05	1e-05	1e-05	0.133082
NEO73	55.9768046597764	69.2171682789829	7681	0.126233	0.73985	1e-05	0.008803	0.009473	1e-05	1e-05	1e-05	0.1156
DA245	51.7882600336801	103.722099576518	7940.5	1e-05	1e-05	1e-05	1e-05	1e-05	1e-05	0.438395	1e-05	0.561535
DA249	51.6124182264786	103.752309852	7839.5	0.004895	1e-05	1e-05	1e-05	1e-05	1e-05	0.444211	1e-05	0.550835
DA246	51.6939400364179	103.725536303082	7726.5	0.016183	1e-05	1e-05	1e-05	1e-05	1e-05	0.436657	1e-05	0.5471
DA247	51.6852272418793	103.740373014566	7700.5	0.012743	1e-05	1e-05	1e-05	1e-05	1e-05	0.431674	1e-05	0.555523
DA248	51.7707548623439	103.772418912221	7645	0.007917	1e-05	1e-05	1e-05	1e-05	1e-05	0.441346	1e-05	0.550677
DA250	51.6325396730565	103.772450721497	7391.5	0.025638	0.024325	1e-05	1e-05	1e-05	1e-05	0.413141	1e-05	0.536847
DA252	51.7997418642975	103.787419622485	7340.5	0.044521	0.042035	1e-05	1e-05	1e-05	1e-05	0.364796	1e-05	0.548597
DA251	51.6731825959869	103.632761857705	7336	0.008435	1e-05	1e-05	1e-05	1e-05	1e-05	0.443684	1e-05	0.547822
DA253	51.7258611876052	103.712080269819	7246	0.030147	0.020061	1e-05	1e-05	1e-05	1e-05	0.398826	1e-05	0.550916
DA362	51.6633592633531	103.696024108306	7241.5	0.017672	0.027186	1e-05	1e-05	1e-05	1e-05	0.40087	1e-05	0.554221
DA357	52.2670401833113	104.192919598939	7803	0.027324	1e-05	1e-05	1e-05	1e-05	1e-05	0.435987	2e-05	0.536618
DA341	52.3813488205057	104.194536181493	7585	0.010525	1e-05	1e-05	1e-05	1e-05	1e-05	0.439852	1e-05	0.549563
DA359	52.3637907967996	104.165642934665	7558.5	0.022514	0.024991	1e-05	1e-05	1e-05	1e-05	0.396376	1e-05	0.556069
NEO922	55.6135957920831	76.6896681061201	7567	0.151169	0.56033	1e-05	1e-05	1e-05	1e-05	0.015913	1e-05	0.272538
NEO911	55.6103914806526	76.7842419625912	6781	0.142765	0.509813	1e-05	1e-05	0.006171	1e-05	0.054322	1.7e-05	0.286881
NEO923	55.6408619936928	76.6940034552664	5816	0.140243	0.523163	1e-05	1e-05	1.7e-05	1e-05	0.069554	1e-05	0.266982
NEO907	55.7439822529815	76.6970448372141	5643	0.131088	0.517132	1e-05	1e-05	0.008347	1e-05	0.060347	1e-05	0.283047
NEO912	55.6742099629156	76.846540613072	5539	0.133793	0.502246	1e-05	1e-05	0.004189	1e-05	0.066067	1e-05	0.293666
NEO917	55.8052787588816	76.7123165208101	5463	0.137805	0.496471	1e-05	1e-05	0.002261	1e-05	0.065176	1e-05	0.298247
NEO918	55.7162157221139	76.7531728101615	5460	0.154187	0.522519	1e-05	1e-05	1e-05	1e-05	0.049702	1e-05	0.273542
NEO843	58.6854197095614	102.57062151066	7066	0.085851	0.168213	1e-05	1e-05	1e-05	1e-05	0.275235	1e-05	0.470652
NEO64	52.8000751446281	84.7089109853562	6050	0.13022	0.410812	1e-05	1e-05	1e-05	1e-05	0.12688	1e-05	0.332037
NEO75	54.9739026025683	73.3192649582215	7057	0.143653	0.624241	1e-05	1e-05	0.004692	1e-05	0.018376	1e-05	0.208999
NEO78	54.9943715972174	73.460372700803	6956	0.15189	0.600388	1e-05	1e-05	0.012697	1e-05	0.007497	1e-05	0.227488
NEO67	52.1870616545156	86.0136268011574	7058	0.11848	0.354957	1e-05	1e-05	1e-05	1e-05	0.158451	1e-05	0.368061
NEO229	53.0596254637931	103.728222855879	6586	0.001413	0.002086	1e-05	1e-05	1e-05	1e-05	0.461879	1e-05	0.534572
NEO292	56.1947932836134	95.7427679072134	6036	0.118944	0.260046	1e-05	1e-05	1e-05	1e-05	0.186266	1e-05	0.434693
NEO309	56.5084932279028	76.7270920621976	5826	0.13522	0.514353	1e-05	1e-05	1e-05	1e-05	0.063616	1e-05	0.286761
NEO83	55.7497322168853	74.3608190375939	5666	0.132108	0.612083	1e-05	1e-05	0.013413	1e-05	0.013157	1e-05	0.229199
DA342	53.2523664091807	103.438791204598	5609.5	0.078752	0.130809	1e-05	1e-05	0.000216	1e-05	0.274499	1e-05	0.515683
DA344	53.203803422777	103.287902912712	5607.5	0.07429	0.15649	1e-05	1e-05	1e-05	1e-05	0.275536	1e-05	0.493634
DA355	53.2644492618833	103.291052525844	5461	0.065132	0.173417	1e-05	1e-05	1e-05	1e-05	0.276449	1e-05	0.484952
DA345	53.2224481267016	103.291785149584	5455.5	0.062937	0.155154	1e-05	1e-05	1e-05	1e-05	0.285287	1e-05	0.496572
RISE507	51.4428851146251	85.9569748768397	5077	0.000191	0.61806	1e-05	0.031106	0.003457	0.204484	1e-05	0.142672	1e-05
NEO79	53.1580742443912	90.1718908097129	4631	0.147426	0.483579	1e-05	1e-05	0.009271	1e-05	0.088488	1e-05	0.271194
NEO230	52.9571346788667	103.627088959888	4898.5	0.053999	0.078779	1e-05	1e-05	1e-05	1e-05	0.312348	1e-05	0.554823
NEO232	53.0906629084144	103.680003636004	4802.5	0.052235	0.11751	1e-05	1e-05	1e-05	1e-05	0.267463	1e-05	0.562741
NEO231	53.034676000895	103.692103964509	4703	0.04675	0.077948	1e-05	1e-05	1e-05	1e-05	0.338931	1e-05	0.536321
NEO298	53.076951041026	103.65409692456	4614	0.057212	0.128209	1e-05	1e-05	1e-05	1e-05	0.276526	1e-05	0.538003
NEO80	55.7474683720339	74.2916119491775	4795	0.140706	0.544575	1e-05	1e-05	0.009878	1e-05	0.048517	1e-05	0.256284
NEO65	52.6809032784589	84.7793919856381	4793	0.123115	0.375426	1e-05	1e-05	0.003335	1e-05	0.131674	1.3e-05	0.366407
RISE511	54.4044053473882	90.861826344328	4744	0.008785	0.583508	0.00015	0.051379	1e-05	0.191294	1e-05	0.153655	0.011208
RISE509	54.2959434295446	90.9344071593415	4732	0.00469	0.58031	1e-05	0.0602	1e-05	0.175777	1e-05	0.173225	0.005768
RISE510	54.2716270920262	90.9842721953336	4609.5	0.015224	0.61008	1e-05	0.044874	1e-05	0.192196	0.005125	0.125923	0.006558
RISE675	53.6272359684948	90.3421756811347	4555	0.079675	0.489569	0.004252	1e-05	0.009203	0.017068	0.095229	0.043739	0.261255
RISE680	53.7182018250599	90.2728598128445	4300	0.074257	0.466632	0.005364	1e-05	0.001417	0.002973	0.113429	0.033644	0.302275
RISE681	53.6972890158091	90.2810477742367	4300	0.063623	0.507655	1e-05	1e-05	0.016552	0.062403	0.082453	0.061653	0.20564
RISE685	53.7623315963801	90.2739697270934	4300	0.082832	0.46838	0.002915	0.005936	0.018894	0.016734	0.077707	0.053676	0.272925
RISE684	53.6568401564285	90.3771461746097	4252.5	0.080608	0.468965	0.000573	1e-05	0.00528	0.001324	0.108005	0.035502	0.299733
RISE683	53.6948354070447	90.3556448484678	3976.5	0.080117	0.470456	1e-05	1e-05	0.003075	1e-05	0.114597	0.033079	0.298647
RISE677	53.7158930726256	90.2744841535948	4482	0.107748	0.430445	1e-05	1e-05	0.007308	1e-05	0.110068	1e-05	0.34439
RISE718	54.4383557961602	91.5878420648538	4410.5	0.088287	0.464871	0.00681	1e-05	0.002227	0.004058	0.108306	0.02489	0.300541
RISE719	54.2790360553935	91.4407737629861	4300	0.084053	0.476542	0.001282	1e-05	0.012191	0.011431	0.090517	0.045339	0.278634
RISE667	53.2046620248724	90.2234219483007	4300	0.079492	0.471294	1e-05	1e-05	0.003353	1e-05	0.141961	0.014569	0.2893
RISE671	53.2239704689383	90.1668114997819	4300	0.093273	0.491172	1e-05	1e-05	0.005206	0.004731	0.09986	0.022053	0.283686
RISE672	53.0799566134717	90.1841320637986	4300	0.073013	0.486175	1e-05	1e-05	0.004443	0.01042	0.090763	0.03408	0.301086
RISE515	53.1988377061114	90.3007439289149	4192.5	0.08749	0.487082	1e-05	1e-05	0.003615	0.004003	0.100385	0.038953	0.278451
RISE674	53.0943290132005	90.2153391212597	4078.5	0.077572	0.467469	1e-05	1e-05	0.009857	0.010597	0.102933	0.041832	0.28972
RISE670	53.1807713271026	90.2599891202431	3963	0.095333	0.475511	0.00121	1e-05	0.002555	1e-05	0.100831	0.025478	0.299062
DA337	51.7305274162907	103.754518534942	4330.5	0.041315	0.089256	1e-05	1e-05	1e-05	1e-05	0.323818	1e-05	0.545562
DA336	51.758127573505	103.609750132263	4200	0.047952	0.098068	1e-05	1e-05	1e-05	1e-05	0.303774	1e-05	0.550156
DA334	51.7598019043915	103.668536490528	4121	0.043769	0.092993	1e-05	1e-05	1e-05	1e-05	0.300795	1e-05	0.562393
DA339	51.7286548424978	103.725764720747	4040	0.043261	0.09218	1e-05	1e-05	1e-05	1e-05	0.324136	1e-05	0.540373
DA343	53.2065903078858	103.330472389869	4161.5	0.067015	0.138509	1e-05	1e-05	1e-05	1e-05	0.257789	1e-05	0.536636
DA353	53.1258231571503	103.397486690227	4161.5	0.058819	0.131422	1e-05	1e-05	0.005088	1e-05	0.293576	1e-05	0.511054
DA361	53.2280343101453	103.440794227161	4161.5	0.046501	0.118449	1e-05	1e-05	1e-05	1e-05	0.295589	1e-05	0.539412
DA356	53.1305914242379	103.439421704765	4161.5	0.03194	0.113854	1e-05	1e-05	1e-05	1e-05	0.290236	1e-05	0.56392
RISE664	53.4509073905647	91.0353572103847	4282.5	0.084339	0.481745	0.005518	1e-05	0.000928	0.007901	0.11149	0.041737	0.266332
RISE662	53.5245226470754	90.979257465126	4069.5	0.076518	0.499209	1e-05	1e-05	1e-05	0.018326	0.100499	0.042658	0.26276
NEO921	55.7628337141965	76.8262469715625	4067	0.131921	0.498687	1e-05	1e-05	0.000783	1e-05	0.071827	1e-05	0.296742
NEO910	55.6952463950869	76.7765450749733	3630	0.138831	0.495172	1e-05	1e-05	1e-05	1e-05	0.07642	1e-05	0.289528
RISE505	53.3966360981483	85.479418064421	3636	0.007262	0.432622	1e-05	0.119785	0.001706	0.307924	0.006182	0.107662	0.016847
RISE503	53.5159720680118	85.4728502441663	3569	0.004147	0.404982	0.001938	0.126658	0.002464	0.347076	0.003985	0.107065	0.001686
RISE500	53.4416053714138	85.5085276324768	3550	0.002073	0.424748	0.000627	0.114936	0.001978	0.346718	0.002912	0.08922	0.016787
RISE512	53.3605764816888	85.4440002428368	3322	0.057175	0.524409	1e-05	0.079359	1e-05	0.147364	0.030279	0.053111	0.108282
RISE493	53.1336778555065	91.0313005947042	3429	0.036693	0.362247	0.000133	0.047001	0.005454	0.147006	0.093294	0.057266	0.250905
RISE494	53.0684762411285	91.0601535111666	3292	0.011663	0.442759	1e-05	0.08907	1e-05	0.339405	1e-05	0.081309	0.035763
RISE502	51.839556420166	88.4987753958721	3351	0.031441	0.373496	0.001696	0.05883	0.000935	0.209066	0.093685	0.068155	0.162697
RISE499	52.0042389753647	88.5081923915818	3100	0.017333	0.408202	0.002728	0.090683	0.00071	0.276102	0.038549	0.076851	0.088842
RISE496	52.9937002744991	90.2320737098902	3287.5	0.021378	0.4052	1e-05	0.077711	1e-05	0.262791	0.039887	0.067654	0.125358
RISE495	52.8931087878067	90.1697112565953	3100	0.023396	0.321847	1e-05	0.0623	0.014474	0.1479	0.13229	0.049169	0.248613
RISE497	52.9396088415291	90.1981141668372	3100	0.041179	0.130344	1e-05	1e-05	0.000772	1e-05	0.288041	1e-05	0.539623
NEO70	55.9802700081747	92.6944928429648	2760	0.050469	0.227211	0.002414	0.022871	0.002388	0.008022	0.21348	0.007344	0.465801
DA2	54.6631761364825	90.8620801549405	2816.5	0.025228	0.399371	1e-05	0.067142	0.000497	0.267674	0.052708	0.084665	0.102706
DA3	54.762890799921	90.8512210733723	2816.5	0.028419	0.404408	0.0013	0.078797	1e-05	0.250134	0.05501	0.10197	0.079951
DA4	54.6920697921142	90.8275329784956	2816.5	0.024189	0.402539	0.006038	0.065695	1e-05	0.247716	0.065388	0.082623	0.105801
DA5	54.6325472741574	90.9377094140276	2816.5	0.020908	0.379469	1e-05	0.057921	0.003518	0.236158	0.09519	0.082788	0.124038
DA6	54.7752712785918	90.8697184699587	2816.5	0.019331	0.405938	0.000646	0.07942	1e-05	0.254362	0.069203	0.081772	0.089318
DA7	54.7639328860398	90.8511024464853	2816.5	0.026902	0.417224	0.003808	0.070173	0.005638	0.239788	0.055485	0.084499	0.096483
DA8	54.6485300463345	90.8853268976789	2816.5	0.01833	0.396503	1e-05	0.076057	0.002365	0.252639	0.044217	0.092685	0.117194
DA9	54.6311475800537	90.8246590410359	2816.5	0.02182	0.40808	0.004904	0.073931	0.00086	0.262018	0.053897	0.062142	0.112349
RISE602	50.6416250374913	86.5292358321044	2450	0.019029	0.332697	0.004091	0.034656	0.008357	0.137784	0.139991	0.113424	0.20997
RISE492	53.120726965135	91.04401350962	2252.5	0.027409	0.399386	1e-05	0.084605	0.002107	0.272913	0.06199	0.028792	0.12279
RISE600	50.2708650329988	85.7259292884916	2450	0.031886	0.324805	1e-05	0.033969	0.006189	0.140889	0.163404	0.107166	0.191683
RISE601	50.2659825154487	85.6595043669641	2450	0.012656	0.313199	1e-05	0.050198	0.012535	0.126172	0.170044	0.098704	0.216483
RISE504	53.4036620790511	85.4713249483146	1145	0.020426	0.195673	0.000377	0.024786	1e-05	0.075297	0.335301	0.081219	0.266911
