Sample_ID,Genetic_Sex,Group_Name,Publication,Country,Region,Latitude,Longitude,Date_BC_AD_Start,Date_BC_AD_Median,Date_BC_AD_Stop,Date_C14,Age_Group
AH1.SG,F,Iran_TepeAbdulHosein_N.SG,BroushakiScience2016,Iran,Other region,34.188,48.369,-8250,-7975,-7700,,-8000 - -7000
AH2.SG,M,Iran_TepeAbdulHosein_N.SG,BroushakiScience2016,Iran,Other region,34.188,48.369,-8200,-7954,-7748,(MAMS-25472:8833±41),-8000 - -7000
AH4.SG,F,Iran_TepeAbdulHosein_N.SG,BroushakiScience2016,Iran,Other region,34.188,48.369,-8200,-7951,-7748,(MAMS-25473:8832±41),-8000 - -7000
I7527,F,Iran_GanjDareh_N,NarasimhanPattersonScience2019,Iran,Other region,34.45,48.116,-8200,-7950,-7700,,-8000 - -7000
ZHAG_BON004.A0101_Luk10,F,Turkey_Boncuklu_N,FeldmanNatureCommunications2019,Turkey,Other region,37.75,32.867,-8300,-7950,-7600,,-8000 - -7000
ZHAJ_BON034.A0101_Luk9,F,Turkey_Boncuklu_N,FeldmanNatureCommunications2019,Turkey,Other region,37.75,32.867,-8300,-7950,-7600,,-8000 - -7000
ZKO_BON001.A0101_Luk7,M,Turkey_Boncuklu_N,FeldmanNatureCommunications2019,Turkey,Other region,37.75,32.867,-8300,-7950,-7600,,-8000 - -7000
ZMOJ_BON014.A0101_Luk21,M,Turkey_Boncuklu_N,FeldmanNatureCommunications2019,Turkey,Other region,37.75,32.867,-8300,-7950,-7600,,-8000 - -7000
I1944,F,Iran_GanjDareh_N,NarasimhanPattersonScience2019,Iran,Other region,34.45,48.116,-8000,-7850,-7700,,-8000 - -7000
I1945,M,Iran_GanjDareh_N,NarasimhanPattersonScience2019,Iran,Other region,34.45,48.116,-8000,-7850,-7700,,-8000 - -7000
I1290,F,Iran_GanjDareh_N,LazaridisNature2016,Iran,Other region,34.45,48.116,-8168,-7843,-7605,(Poz-81100:8780±50),-8000 - -7000
KK1.SG,M,Georgia_Kotias.SG,JonesNatureCommunications2015,Georgia,Other region,42.28,43.28,-7941,-7725,-7589,(RTT-5246:8665±65);(OxA-28256:8745±40),-8000 - -7000
I4660,F,Serbia_IronGates_Mesolithic,MathiesonNature2018,Serbia,Southeastern Europe,44.534,22.05,-7938,-7689,-7586,(PSUAMS-2296:8676±58),-8000 - -7000
Hum1.SG,F,Norway_Mesolithic.SG,GuntherPLoSBiology2018,Norway,Other region,58.064,7.744,-7790,-7682,-7597,,-8000 - -7000
Hum2.SG,M,Norway_Mesolithic.SG,GuntherPLoSBiology2018,Norway,Other region,58.064,7.744,-7790,-7682,-7597,,-8000 - -7000
KFH2_KFH002.A0101,F,Israel_Middle_Late_PPNB,FeldmanNatureCommunications2019,Israel,Other region,32.704,36.468,-7728,-7635,-7589,(MAMS-31616:8638±24),-8000 - -7000
I6754,M,Wales_Mesolithic,BraceDiekmannNatureEcologyEvolution2019,United Kingdom,Britain and Ireland,51.633,-4.693,-7738,-7617,-7535,(UBA-32282:8597±54),-8000 - -7000
I1710,M,Jordan_PPNB,LazaridisNature2016,Jordan,Other region,31.988,35.976,-7740,-7596,-7521,(Poz-81098:8580±60),-8000 - -7000
I5234,F,Serbia_IronGates_Mesolithic,MathiesonNature2018,Serbia,Southeastern Europe,44.596,22.011,-9300,-7550,-5800,,-8000 - -7000
I5237,M,Serbia_IronGates_Mesolithic,MathiesonNature2018,Serbia,Southeastern Europe,44.596,22.011,-9300,-7550,-5800,,-8000 - -7000
I5409_published,F,Serbia_IronGates_Mesolithic_o_published,MathiesonNature2018,Serbia,Southeastern Europe,44.596,22.011,-9300,-7550,-5800,,-8000 - -7000
M95.SG,M,Romania_IronGates_Mesolithic.SG,GonzalesFortesCurrentBiology2017,Romania,Southeastern Europe,44.626,22.606,-7582,-7427,-7190,(OxA-8583:8380±80),-8000 - -7000
I4081_published,M,Romania_IronGates_Mesolithic_published,MathiesonNature2018,Romania,Southeastern Europe,44.517,22.722,-7579,-7420,-7191,(OxA-31595:8369±73),-8000 - -7000
I4582,F,Romania_IronGates_Mesolithic,MathiesonNature2018,Romania,Southeastern Europe,44.517,22.722,-7510,-7381,-7188,(OxA-31598:8305±50);(PSUAMS-1749:8300±40);(PSUAMS-1904:8335±45),-8000 - -7000
OC.SG,M,Romania_IronGates_Mesolithic.SG,GonzalesFortesCurrentBiology2017,Romania,Southeastern Europe,44.517,22.722,-7468,-7327,-7181,(MAMS-28615:8277±34),-8000 - -7000
I3025_all.SG,F,England_Mesolithic_all.SG,BraceDiekmannNatureEcologyEvolution2019,United Kingdom,Britain and Ireland,50.468,-3.503,-7474,-7309,-7085,(OxA-23812:8270±45),-8000 - -7000
I4630,M,Latvia_HG,MathiesonNature2018,Latvia,Other region,56.283,25.133,-7469,-7264,-7073,,-8000 - -7000
WC1.SG,M,Iran_Wezmeh_N.SG,BroushakiScience2016,Iran,Other region,34.613,47.106,-7459,-7262,-7076,(UBA-25840:8240±56),-8000 - -7000
Falkenstein,M,Germany_Falkenstein,MathiesonNature2018,Germany,Central Europe,48.06,9.04,-7472,-7204,-7039,(ETH-7615:8185±80),-8000 - -7000
SF9.SG,F,Sweden_Mesolithic.SG,GuntherPLoSBiology2018,Sweden,Other region,57.285,17.971,-7350,-7194,-7038,,-8000 - -7000
Chan.SG,F,Spain_HG.SG,GonzalesFortesCurrentBiology2017,Spain,Iberia,42.734,-7.031,-7318,-7143,-7053,(Ua-13398:8155±42),-8000 - -7000
R15.SG,M,Italy_Mesolithic.SG,AntonioGaoMootsScience2019,Italy,Italy,41.96,13.54,-7311,-7128,-7062,(UCIAMS-198584:8155±20),-8000 - -7000
PER503.SG,F,France_NouvelleAquitaine_Mesolithic.SG,BrunelPNAS2020,France,Other region,45.77,0.33,-7200,-7100,-7000,,-8000 - -7000
I5436,F,Romania_IronGates_Mesolithic_published_dup.I4654,MathiesonNature2018,Romania,Southeastern Europe,44.626,22.606,-7451,-7074,-6698,,-8000 - -7000
I4607,M,Romania_IronGates_Mesolithic_published,MathiesonNature2018,Romania,Southeastern Europe,44.626,22.606,-7444,-6964,-6641,(OxA-4380:8047±122),-7000 - -6000
SF12.SG,F,Sweden_Mesolithic.SG,GuntherPLoSBiology2018,Sweden,Other region,57.285,17.971,-7083,-6945,-6807,,-7000 - -6000
SF11.SG,M,Sweden_Mesolithic_o.SG,GuntherPLoSBiology2018,Sweden,Other region,57.285,17.971,-7073,-6942,-6810,,-7000 - -6000
I5401,M,Serbia_IronGates_Mesolithic,MathiesonNature2018,Serbia,Southeastern Europe,44.64,22.303,-7071,-6919,-6696,(OxA-13613:8016±58),-7000 - -6000
BAJ001_BAJ001.A0101,F,Jordan_Late_PPNB,FeldmanNatureCommunications2019,Jordan,Other region,30.415,35.462,-7100,-6900,-6700,,-7000 - -6000
I5876,M,Ukraine_Mesolithic,MathiesonNature2018,Ukraine,Western Pontic Steppe,48.914,33.765,-7037,-6888,-6699,(PSUAMS-2811:7960±30),-7000 - -6000
M96.SG,M,Romania_IronGates_Mesolithic.SG,GonzalesFortesCurrentBiology2017,Romania,Southeastern Europe,44.626,22.606,-7250,-6875,-6500,,-7000 - -6000
SBj.SG,M,Sweden_Mesolithic.SG,GuntherPLoSBiology2018,Sweden,Other region,57.792,18.538,-7013,-6821,-6629,,-7000 - -6000
I4655_published,M,Romania_IronGates_Mesolithic_published,MathiesonNature2018,Romania,Southeastern Europe,44.626,22.606,-7057,-6804,-6540,(OxA-8581:7904±93),-7000 - -6000
I4916,M,Serbia_IronGates_Mesolithic,MathiesonNature2018,Serbia,Southeastern Europe,44.64,22.303,-7040,-6757,-6575,(PSUAMS-2369:7874±72),-7000 - -6000
I4870,M,Serbia_IronGates_Mesolithic,MathiesonNature2018,Serbia,Southeastern Europe,44.534,22.05,-7040,-6754,-6535,(PSUAMS-2295:7870±78),-7000 - -6000
I1699,F,Jordan_PPNC,LazaridisNature2016,Jordan,Other region,31.988,35.976,-6800,-6750,-6700,,-7000 - -6000
I0867,M,Israel_PPNB,LazaridisNature2016,Israel,Other region,31.79,35.168,-7300,-6750,-6200,,-7000 - -6000
I5411,M,Romania_IronGates_Mesolithic,MathiesonNature2018,Romania,Southeastern Europe,44.626,22.606,-7000,-6650,-6300,,-7000 - -6000
BDB001,F,Germany_Mesolithic,RivollatScienceAdvance2020,Germany,Central Europe,51.3,12.07,-7100,-6650,-6200,,-7000 - -6000
cth728.SG,F,Turkey_Catalhoyuk_N_Ceramic.SG,YakaSomelCurrBio2021,Turkey,Other region,37.666,32.826,-6736,-6620,-6501,(TÜBİTAK-741:7799±39),-7000 - -6000
cth747.SG,F,Turkey_Catalhoyuk_N_Ceramic.SG,YakaSomelCurrBio2021,Turkey,Other region,37.666,32.826,-6647,-6556,-6455,(OxA-33198:7685±45);(TÜBİTAK-743:7770±37),-7000 - -6000
I4877,F,Serbia_IronGates_Mesolithic,MathiesonNature2018,Serbia,Southeastern Europe,44.534,22.05,-6643,-6551,-6464,(PSUAMS-2382:7728±51),-7000 - -6000
CCH285.SG,F,Turkey_Catalhoyuk_N_Ceramic.SG,YakaSomelCurrBio2021,Turkey,Other region,37.666,32.826,-7100,-6550,-6000,,-7000 - -6000
CCH294.SG,M,Turkey_Catalhoyuk_N_Ceramic.SG,YakaSomelCurrBio2021,Turkey,Other region,37.666,32.826,-7100,-6550,-6000,,-7000 - -6000
CCH311.SG,F,Turkey_Catalhoyuk_N_Ceramic.SG,YakaSomelCurrBio2021,Turkey,Other region,37.666,32.826,-7100,-6550,-6000,,-7000 - -6000
pch034.SG,F,Turkey_Catalhoyuk_N_Ceramic.SG,YakaSomelCurrBio2021,Turkey,Other region,37.666,32.826,-7100,-6550,-6000,,-7000 - -6000
I4874,F,Serbia_IronGates_Mesolithic,MathiesonNature2018,Serbia,Southeastern Europe,44.534,22.05,-6638,-6547,-6470,(OxA-20702:7725±40),-7000 - -6000
I4550,M,Latvia_HG,MathiesonNature2018,Latvia,Other region,56.283,25.133,-6633,-6539,-6470,(PSUAMS-2835:7715±25),-7000 - -6000
Tep002.SG,F,Turkey_TepecikCiftlik_N.SG,KilincCurrentBiology2016,Turkey,Other region,38.172,34.494,-6635,-6536,-6466,(Beta-410031:7710±30),-7000 - -6000
I0211,M,Russia_HG_Karelia,MathiesonNature2015,Russia,Other region,61.65,35.65,-7050,-6500,-5950,,-7000 - -6000
I0061,M,Russia_HG_Karelia,MathiesonNature2015,Russia,Other region,61.65,35.65,-7050,-6500,-5950,,-7000 - -6000
I4871,F,Serbia_IronGates_Mesolithic,MathiesonNature2018,Serbia,Southeastern Europe,44.534,22.05,-7100,-6500,-5900,,-7000 - -6000
I4872,F,Serbia_IronGates_Mesolithic,MathiesonNature2018,Serbia,Southeastern Europe,44.534,22.05,-7100,-6500,-5900,,-7000 - -6000
I5772,M,Serbia_IronGates_Mesolithic,MathiesonNature2018,Serbia,Southeastern Europe,44.534,22.05,-7100,-6500,-5900,,-7000 - -6000
I4875,F,Serbia_IronGates_Mesolithic,MathiesonNature2018,Serbia,Southeastern Europe,44.534,22.05,-6636,-6491,-6397,(PSUAMS-2380:7643±63),-7000 - -6000
I4876,F,Serbia_IronGates_Mesolithic,MathiesonNature2018,Serbia,Southeastern Europe,44.534,22.05,-6639,-6474,-6272,(PSUAMS-2381:7625±71),-7000 - -6000
Tep003.SG,M,Turkey_TepecikCiftlik_N.SG,KilincCurrentBiology2016,Turkey,Other region,38.172,34.494,-6567,-6462,-6421,(Beta-410032:7630±30),-7000 - -6000
I4881_published,M,Serbia_IronGates_Mesolithic_published,MathiesonNature2018,Serbia,Southeastern Europe,44.534,22.05,-6568,-6425,-6245,(PSUAMS-2385:7570±63),-7000 - -6000
KAR001.SG,F,Russia_Vologda_Veretye_Mesolithic.SG,SaagMetspaluScience2021,Russia,Other region,60.468,38.901,-6452,-6392,-6251,(Poz-88317:7520±40),-7000 - -6000
Rev5.SG,F,Greece_N.SG,HofmanovaPNAS2016,Greece,Other region,39.489,20.918,-6432,-6389,-6256,(MAMS-23036:7505±25),-7000 - -6000
I4632,F,Latvia_HG,MathiesonNature2018,Latvia,Other region,56.283,25.133,-6462,-6383,-6242,(LuS-8220:7525±60),-7000 - -6000
I5771,M,Serbia_IronGates_Mesolithic,MathiesonNature2018,Serbia,Southeastern Europe,44.534,22.05,-6500,-6375,-6250,,-7000 - -6000
I1100,F,Turkey_N,MathiesonNature2015,Turkey,Other region,40.304,29.57,-6500,-6350,-6200,,-7000 - -6000
I1102,M,Turkey_N,MathiesonNature2015,Turkey,Other region,40.304,29.57,-6500,-6350,-6200,,-7000 - -6000
I1099,M,Turkey_N,MathiesonNature2015,Turkey,Other region,40.304,29.57,-6500,-6350,-6200,,-7000 - -6000
I1103,M,Turkey_N,MathiesonNature2015,Turkey,Other region,40.304,29.57,-6500,-6350,-6200,,-7000 - -6000
I1101,M,Turkey_N,MathiesonNature2015,Turkey,Other region,40.304,29.57,-6500,-6350,-6200,,-7000 - -6000
I1096,M,Turkey_N,MathiesonNature2015,Turkey,Other region,40.304,29.57,-6500,-6350,-6200,,-7000 - -6000
I0736,F,Turkey_N,MathiesonNature2015,Turkey,Other region,40.304,29.57,-6500,-6350,-6200,,-7000 - -6000
I1097,M,Turkey_N,MathiesonNature2015,Turkey,Other region,40.304,29.57,-6418,-6334,-6244,(PSUAMS-2297:7475±30),-7000 - -6000
I1098,F,Turkey_N,MathiesonNature2015,Turkey,Other region,40.304,29.57,-6416,-6333,-6245,(PSUAMS-2947:7475±25),-7000 - -6000
Spiginas4,F,Lithuania_Mesolithic,MittnikNatureCommunications2018,Lithuania,Other region,55.768,22.417,-6442,-6328,-6225,(Gin-5571:7470±60),-7000 - -6000
I1583.SG,M,Turkey_N.SG,GokhmanNatureCommunications2020,Turkey,Other region,40.304,29.608,-6422,-6322,-6232,(Poz-82231:7460±50),-7000 - -6000
Bar31.SG,M,Turkey_N.SG,HofmanovaPNAS2016,Turkey,Other region,40.304,29.608,-6414,-6320,-6235,(UBA-29838:7457±44),-7000 - -6000
I0744,M,Turkey_N,MathiesonNature2015,Turkey,Other region,40.304,29.57,-6397,-6315,-6238,(PSUAMS-2299:7455±30),-7000 - -6000
I1581_published,F,Turkey_N_published,MathiesonNature2015,Turkey,Other region,40.304,29.57,-6384,-6310,-6227,(PSUAMS-2104:7415±30),-7000 - -6000
I0745,M,Turkey_N,MathiesonNature2015,Turkey,Other region,40.304,29.57,-6384,-6305,-6107,(PSUAMS-2105:7405±30),-7000 - -6000
Tep004.SG,F,Turkey_TepecikCiftlik_N.SG,KilincCurrentBiology2016,Turkey,Other region,38.172,34.494,-6382,-6299,-6100,(Beta-410033:7400±30),-7000 - -6000
Chaudardes1_published_d,M,France_Chaudardes_published,FuNature2016,France,Central Europe,49.24,3.46,-6398,-6277,-6085,(GrA-28268:7400±60),-7000 - -6000
I1580_published,F,Turkey_N_published,MathiesonNature2015,Turkey,Other region,40.304,29.57,-6379,-6255,-6087,(PSUAMS-1964:7385±40),-7000 - -6000
Popovo2,M,Russia_Popovo_HG,MittnikNatureCommunications2018,Russia,Other region,61.264,38.905,-7500,-6250,-5000,,-7000 - -6000
I5402,M,Serbia_IronGates_Mesolithic,MathiesonNature2018,Serbia,Southeastern Europe,44.64,22.303,-6366,-6163,-6030,(OxA-16942:7315±63),-7000 - -6000
I1736,F,Ukraine_N,MathiesonNature2018,Ukraine,Western Pontic Steppe,47.434,35.276,-6239,-6155,-6071,(Poz-81154:7320±40),-7000 - -6000
I0708,M,Turkey_N,MathiesonNature2015,Turkey,Other region,40.304,29.57,-6221,-6153,-6073,(PSUAMS-2103:7285±30),-7000 - -6000
cth739.SG,F,Turkey_Catalhoyuk_N_Ceramic.SG,YakaSomelCurrBio2021,Turkey,Other region,37.666,32.826,-6229,-6153,-6076,(TÜBİTAK-685:7311±36),-7000 - -6000
I1734,M,Ukraine_N,MathiesonNature2018,Ukraine,Western Pontic Steppe,47.434,35.276,-6300,-6150,-6000,,-7000 - -6000
I0707,F,Turkey_N,MathiesonNature2015,Turkey,Other region,40.304,29.57,-6223,-6149,-6065,(Tubitak-0455:7272±34),-7000 - -6000
I5885_published,F,Ukraine_Mesolithic_published,MathiesonNature2018,Ukraine,Western Pontic Steppe,48.914,33.765,-6390,-6144,-5919,(OxA-6161:7270±110),-7000 - -6000
I0709,M,Turkey_N,MathiesonNature2015,Turkey,Other region,40.304,29.57,-6221,-6141,-6034,(PSUAMS-2952:7255±30),-7000 - -6000
I4914_published,M,Serbia_IronGates_Mesolithic_published,MathiesonNature2018,Serbia,Southeastern Europe,44.64,22.303,-6360,-6137,-5984,(OxA-16941:7264±80),-7000 - -6000
I4915,M,Serbia_IronGates_Mesolithic,MathiesonNature2018,Serbia,Southeastern Europe,44.64,22.303,-6339,-6134,-5934,(PSUAMS-2360:7260±76),-7000 - -6000
CMS001_merged,F,Portugal_Geometric_Mesolithic,VillalbaMoucoCurrentBiology2019,Portugal,Iberia,39.246,-8.647,-6237,-6114,-5935,(To-131:7240±70),-7000 - -6000
I1579_published,F,Turkey_N_published,MathiesonNature2015,Turkey,Other region,40.3,29.567,-6218,-6105,-6028,(PSUAMS-2954:7245±25),-7000 - -6000
Bar8.SG,F,Turkey_N.SG,HofmanovaPNAS2016,Turkey,Other region,40.304,29.608,-6219,-6097,-6021,(UBA-29837:7238±38),-7000 - -6000
I4917,F,Serbia_IronGates_Mesolithic,MathiesonNature2018,Serbia,Southeastern Europe,44.64,22.303,-6220,-6066,-5987,(PSUAMS-2374:7209±57),-7000 - -6000
I1585_published,F,Turkey_N_published,MathiesonNature2015,Turkey,Other region,40.3,29.567,-6215,-6061,-6005,(PSUAMS-2953:7215±30),-7000 - -6000
Loschbour_published.DG,M,Luxembourg_Loschbour_published.DG,LazaridisNature2014,Luxembourg,Central Europe,49.81,6.4,-6219,-6059,-5986,(OxA-7738:7205±50),-7000 - -6000
I4882,M,Serbia_IronGates_Mesolithic_brother.I4880,MathiesonNature2018,Serbia,Southeastern Europe,44.534,22.05,-6200,-6050,-5900,,-7000 - -6000
I5407,F,Serbia_IronGates_Mesolithic,MathiesonNature2018,Serbia,Southeastern Europe,44.553,22.028,-6300,-6050,-5800,,-7000 - -6000
I4666_published,M,Serbia_IronGates_N_published,MathiesonNature2018,Serbia,Southeastern Europe,44.553,22.028,-6223,-6044,-5904,(OxA-25211:7179±73),-7000 - -6000
R2.SG,F,Italy_N.SG,AntonioGaoMootsScience2019,Italy,Italy,41.96,13.54,-6066,-6032,-5992,(UCIAMS-198574:7165±20),-7000 - -6000
I5233,F,Serbia_IronGates_Mesolithic,MathiesonNature2018,Serbia,Southeastern Europe,44.596,22.011,-6223,-6025,-5845,(AA-57770:7158±85),-7000 - -6000
I4665,F,Serbia_IronGates_N,MathiesonNature2018,Serbia,Southeastern Europe,44.553,22.028,-6212,-6022,-5895,(OxA-25210:7155±54),-7000 - -6000
I4596,M,Latvia_HG,MathiesonNature2018,Latvia,Other region,56.283,25.133,-6067,-6020,-5930,(PSUAMS-2839:7150±25),-7000 - -6000
I4432,M,Latvia_HG,MathiesonNature2018,Latvia,Other region,56.283,25.133,-6071,-6013,-5918,(PSUAMS-2230:7140±40),-7000 - -6000
I0725,F,Turkey_N_o,MathiesonNature2015,Turkey,Other region,40.26,29.65,-6400,-6000,-5600,,-7000 - -6000
I0726,F,Turkey_N,MathiesonNature2015,Turkey,Other region,40.26,29.65,-6400,-6000,-5600,,-7000 - -6000
I0727_published,M,Turkey_N_published,MathiesonNature2015,Turkey,Other region,40.26,29.65,-6400,-6000,-5600,,-7000 - -6000
I0724_published,M,Turkey_N_published,MathiesonNature2015,Turkey,Other region,40.26,29.65,-6400,-6000,-5600,,-7000 - -6000
I0746,M,Turkey_N,MathiesonNature2015,Turkey,Other region,40.304,29.57,-6069,-5987,-5887,(Poz-82177:7110±50),-6000 - -5000
I4351,F,Iran_HajjiFiruz_C,NarasimhanPattersonScience2019,Iran,Other region,36.994,45.474,-6063,-5979,-5889,(PSUAMS-2151:7100±45),-6000 - -5000
I2323,F,Iran_HajjiFiruz_C_o,NarasimhanPattersonScience2019,Iran,Other region,36.994,45.474,-6062,-5962,-5846,(Poz-81115:7090±50),-6000 - -5000
I4241,M,Iran_HajjiFiruz_C_o,NarasimhanPattersonScience2019,Iran,Other region,36.994,45.474,-6018,-5946,-5891,(PSUAMS-2163:7080±30),-6000 - -5000
I0706,M,Bulgaria_N,MathiesonNature2018,Bulgaria,Southeastern Europe,43.161,25.883,-6022,-5945,-5846,(OxA-32777:7075±37),-6000 - -5000
I0704_published,F,Bulgaria_N_published,MathiesonNature2018,Bulgaria,Southeastern Europe,43.161,25.883,-6058,-5942,-5837,(Poz-81119:7070±50),-6000 - -5000
I5232,M,Serbia_IronGates_Mesolithic_o,MathiesonNature2018,Serbia,Southeastern Europe,44.596,22.011,-6076,-5942,-5747,(AA-57769:7078±85),-6000 - -5000
I1298_published,F,Bulgaria_N_published,MathiesonNature2018,Bulgaria,Southeastern Europe,43.374,23.729,-6055,-5936,-5804,(Poz-81112:7060±50),-6000 - -5000
I5427,F,Greece_N,MathiesonNature2018,Greece,Other region,36.638,22.382,-6007,-5935,-5844,(PSUAMS-2682:7050±30),-6000 - -5000
I0723_published,M,Turkey_N_published,MathiesonNature2015,Turkey,Other region,40.26,29.65,-6007,-5921,-5834,(PSUAMS-1965:7035±35),-6000 - -5000
I4873,F,Serbia_IronGates_Mesolithic,MathiesonNature2018,Serbia,Southeastern Europe,44.534,22.05,-6010,-5919,-5804,(OxA-16544:7035±40),-6000 - -5000
I3948,M,Croatia_N_Cardial,MathiesonNature2018,Croatia,Southeastern Europe,43.589,16.648,-6005,-5915,-5802,(PSUAMS-2224:7030±40),-6000 - -5000
I3947,M,Croatia_N_Cardial,MathiesonNature2018,Croatia,Southeastern Europe,43.589,16.648,-5983,-5884,-5774,(PSUAMS-2223:7000±40),-6000 - -5000
LaBrana1_published.SG,M,Spain_HG_published.SG,OlaldeNature2014,Spain,Iberia,42.911,-5.378,-5980,-5860,-5740,(Beta-226472:6980±50),-6000 - -5000
I3433,F,Croatia_N_Cardial,MathiesonNature2018,Croatia,Southeastern Europe,43.589,16.648,-5973,-5848,-5746,(PSUAMS-2259:6970±35),-6000 - -5000
I0676,M,Macedonia_N,MathiesonNature2018,North Macedonia,Southeastern Europe,41.9,21.35,-5976,-5838,-5732,(Poz-82188:6960±50),-6000 - -5000
I4878,M,Serbia_IronGates_Mesolithic,MathiesonNature2018,Serbia,Southeastern Europe,44.534,22.05,-5989,-5837,-5674,(PSUAMS-2383:6955±76),-6000 - -5000
I4349,M,Iran_HajjiFiruz_C,NarasimhanPattersonScience2019,Iran,Other region,36.994,45.474,-5889,-5791,-5719,(PSUAMS-2126:6915±40),-6000 - -5000
I0013,M,Sweden_Motala_HG,MathiesonNature2015,Sweden,Other region,58.535,15.046,-5964,-5766,-5633,(Ua-42117:6877±69),-6000 - -5000
R3.SG,F,Italy_N.SG,AntonioGaoMootsScience2019,Italy,Italy,41.96,13.54,-5828,-5762,-5722,(UCIAMS-198575:6890±20),-6000 - -5000
I0015,M,Sweden_Motala_HG,MathiesonNature2015,Sweden,Other region,58.535,15.046,-5965,-5753,-5625,(Ua-42120:6863±75),-6000 - -5000
R8.SG,F,Italy_N.SG,AntonioGaoMootsScience2019,Italy,Italy,41.96,13.54,-5828,-5753,-5717,(UCIAMS-198580:6880±20),-6000 - -5000
I2373_d,F,Hungary_EN_Koros,LipsonNature2017,Hungary,Southeastern Europe,47.183,20.351,-6000,-5750,-5500,,-6000 - -5000
I1878_published,M,Hungary_EN_Starcevo_1_published,LipsonNature2017,Hungary,Southeastern Europe,46.209,18.7,-5828,-5734,-5664,(MAMS-11935:6857±31),-6000 - -5000
I3498,M,Croatia_MN_Sopot,MathiesonNature2018,Croatia,Southeastern Europe,45.339,18.699,-5832,-5729,-5654,(Poz-90129:6850±40),-6000 - -5000
I0014,F,Sweden_Motala_HG,MathiesonNature2015,Sweden,Other region,58.535,15.046,-5883,-5728,-5623,(Ua-42118:6842±68),-6000 - -5000
I4551,M,Latvia_HG,MathiesonNature2018,Latvia,Other region,56.283,25.133,-5785,-5723,-5663,(PSUAMS-2836:6845±25),-6000 - -5000
Latvia_HG2.SG,M,Latvia_HG.SG,JonesCurrentBiology2017,Latvia,Other region,56.283,25.133,-5837,-5722,-5630,(Hela-1212:6840±55),-6000 - -5000
KRD005,M,Turkey_TellKurdu_EC,SkourtaniontiCell2020,Turkey,Other region,36.329,36.444,-5774,-5717,-5660,(MAMS-40667:6838±24),-6000 - -5000
I1507,M,Hungary_EN_HG_Koros,MathiesonNature2015,Hungary,Southeastern Europe,47.93,21.2,-5786,-5713,-5639,(OxA-23757:6835±34),-6000 - -5000
I5405,F,Serbia_IronGates_N,MathiesonNature2018,Serbia,Southeastern Europe,44.553,22.028,-5829,-5711,-5628,(AA-58320:6829±53),-6000 - -5000
I2534,F,Romania_IronGates_Mesolithic,MathiesonNature2018,Romania,Southeastern Europe,44.027,25.392,-5826,-5709,-5628,(PSUAMS-2334:6829±47),-6000 - -5000
MTT001,F,Azerbaijan_Caucasus_lowlands_LN,SkourtaniontiCell2020,Azerbaijan,Other region,40.942,45.833,-5728,-5689,-5640,(MAMS-40333:6802±23),-6000 - -5000
I4595,F,Latvia_HG,MathiesonNature2018,Latvia,Other region,56.283,25.133,-5727,-5688,-5638,(PSUAMS-2683:6800±25),-6000 - -5000
KRD001,M,Turkey_TellKurdu_EC,SkourtaniontiCell2020,Turkey,Other region,36.329,36.444,-5721,-5681,-5634,(MAMS-40663:6783±23),-6000 - -5000
R10.SG,F,Italy_N.SG,AntonioGaoMootsScience2019,Italy,Italy,41.96,13.54,-5719,-5680,-5634,(UCIAMS-198582:6780±20),-6000 - -5000
I0017.SG,M,Sweden_Motala_HG.SG,LazaridisNature2014,Sweden,Other region,58.535,15.046,-5720,-5674,-5628,(Ua-51723:6773±30),-6000 - -5000
KRD004,F,Turkey_TellKurdu_EC,SkourtaniontiCell2020,Turkey,Other region,36.329,36.444,-5716,-5668,-5628,(MAMS-40666:6766±25),-6000 - -5000
I0679_d,F,Bulgaria_Krepost_N,MathiesonNature2018,Bulgaria,Southeastern Europe,42.02,25.6,-5721,-5665,-5623,(OxA-31444:6760±33),-6000 - -5000
I2532,M,Romania_EN,MathiesonNature2018,Romania,Southeastern Europe,45.466,27.01,-5719,-5661,-5623,(PSUAMS-1747:6755±30),-6000 - -5000
I2529_published,M,Bulgaria_N_published,MathiesonNature2018,Bulgaria,Southeastern Europe,42.1,25.75,-5723,-5659,-5569,(Poz-81117:6750±40),-6000 - -5000
I4971,M,Hungary_EN_HG_Koros,LipsonNature2017,Hungary,Southeastern Europe,47.559,20.721,-5735,-5652,-5537,(deb-11804:6740±60),-6000 - -5000
I4918,F,Serbia_EN_Starcevo,MathiesonNature2018,Serbia,Southeastern Europe,44.486,21.076,-6000,-5650,-5300,,-6000 - -5000
MotalaAA,F,Sweden_Motala_HG,MittnikNatureCommunications2018,Sweden,Other region,58.535,15.046,-5723,-5650,-5562,(Ua-42645:6735±44),-6000 - -5000
I1880,M,Hungary_EN_Starcevo_2,LipsonNature2017,Hungary,Southeastern Europe,45.993,18.581,-5800,-5650,-5500,,-6000 - -5000
KRD003,M,Turkey_TellKurdu_EC,SkourtaniontiCell2020,Turkey,Other region,36.329,36.444,-5712,-5649,-5572,(MAMS-40665:6739±23),-6000 - -5000
I0012,M,Sweden_Motala_HG,MathiesonNature2015,Sweden,Other region,58.535,15.046,-5713,-5647,-5568,(Ua-51722:6734±30),-6000 - -5000
I1508,F,Hungary_EN_Koros_o,MathiesonNature2015,Hungary,Southeastern Europe,47.319,21.527,-5715,-5642,-5564,(OxA-28101:6726±35),-6000 - -5000
I5071,F,Croatia_EN_Impressa,MathiesonNature2018,Croatia,Southeastern Europe,43.351,16.462,-5705,-5635,-5566,(UCIAMS-174934:6720±20),-6000 - -5000
I1877_all,M,Hungary_EN_Starcevo_2_all,LipsonNature2017,Hungary,Southeastern Europe,46.209,18.7,-5711,-5624,-5555,(MAMS-11933:6704±34),-6000 - -5000
I2794,F,Hungary_EN_Koros,LipsonNature2017,Hungary,Southeastern Europe,47.192,20.402,-5711,-5620,-5535,(Poz-83628:6700±40),-6000 - -5000
I0011,F,Sweden_Motala_HG,MathiesonNature2015,Sweden,Other region,58.535,15.046,-5720,-5619,-5483,(Ua-42116:6701±64),-6000 - -5000
I0174,M,Hungary_EN_Starcevo_1,MathiesonNature2015,Hungary,Southeastern Europe,46.209,18.7,-5710,-5615,-5530,(MAMS-11939:6695±40),-6000 - -5000
I3879,M,Bulgaria_MalakPreslavets_N_oHighEEF,MathiesonNature2018,Bulgaria,Southeastern Europe,43.98,26.4,-5800,-5600,-5400,,-6000 - -5000
I0700,M,Bulgaria_MalakPreslavets_N_oLowEEF_1d.rel.I1108,MathiesonNature2018,Bulgaria,Southeastern Europe,43.98,26.4,-5800,-5600,-5400,,-6000 - -5000
I1109,F,Bulgaria_MalakPreslavets_N_oHighEEF,MathiesonNature2018,Bulgaria,Southeastern Europe,43.98,26.4,-5800,-5600,-5400,,-6000 - -5000
I1113,F,Bulgaria_MalakPreslavets_N,MathiesonNature2018,Bulgaria,Southeastern Europe,43.98,26.4,-5800,-5600,-5400,,-6000 - -5000
I1295,M,Bulgaria_MalakPreslavets_N,MathiesonNature2018,Bulgaria,Southeastern Europe,43.98,26.4,-5800,-5600,-5400,,-6000 - -5000
I1296_published,M,Bulgaria_MalakPreslavets_N_published,MathiesonNature2018,Bulgaria,Southeastern Europe,43.98,26.4,-5800,-5600,-5400,,-6000 - -5000
I1297,F,Bulgaria_MalakPreslavets_N,MathiesonNature2018,Bulgaria,Southeastern Europe,43.98,26.4,-5800,-5600,-5400,,-6000 - -5000
I2216_published,F,Bulgaria_MalakPreslavets_N_oHighEEF_published,MathiesonNature2018,Bulgaria,Southeastern Europe,43.98,26.4,-5800,-5600,-5400,,-6000 - -5000
KRD006,F,Turkey_TellKurdu_EC,SkourtaniontiCell2020,Turkey,Other region,36.329,36.444,-5800,-5600,-5400,,-6000 - -5000
BOT005,F,Germany_Mesolithic,RivollatScienceAdvance2020,Germany,Central Europe,51.31,11.4,-5701,-5593,-5485,(OxA-27248:6685±38),-6000 - -5000
I0124,M,Russia_HG_Samara,MathiesonNature2015,Russia,Other region,53.681,50.675,-5657,-5586,-5535,(Beta-392490:6680±30),-6000 - -5000
I1876,M,Hungary_EN_Starcevo_1,LipsonNature2017,Hungary,Southeastern Europe,46.209,18.7,-5655,-5585,-5536,(MAMS-11928:6677±27),-6000 - -5000
I5072,M,Croatia_EN_Impressa,MathiesonNature2018,Croatia,Southeastern Europe,43.351,16.462,-5655,-5584,-5557,(UCIAMS-174935:6685±20),-6000 - -5000
I3715,M,Ukraine_N,MathiesonNature2018,Ukraine,Western Pontic Steppe,47.954,35.389,-5633,-5580,-5483,(PSUAMS-1907:6655±35),-6000 - -5000
CBT018,F,Turkey_Buyukkaya_EC,SkourtaniontiCell2020,Turkey,Other region,40.022,34.621,-5624,-5569,-5483,,-6000 - -5000
I2521,M,Bulgaria_N,MathiesonNature2018,Bulgaria,Southeastern Europe,43.161,25.883,-5618,-5552,-5481,(PSUAMS-1836:6615±30),-6000 - -5000
R9.SG,M,Italy_N.SG,AntonioGaoMootsScience2019,Italy,Italy,41.96,13.54,-5610,-5526,-5480,(UCIAMS-198581:6585±20),-6000 - -5000
I4434,M,Latvia_HG,MathiesonNature2018,Latvia,Other region,56.283,25.133,-5609,-5500,-5382,(PSUAMS-2231:6530±35),-6000 - -5000
I0633,M,Serbia_EN,MathiesonNature2018,Serbia,Southeastern Europe,44.9,19.75,-5608,-5480,-5376,(Poz-82186:6520±40),-6000 - -5000
I3712_published,M,Ukraine_N_published,MathiesonNature2018,Ukraine,Western Pontic Steppe,47.954,35.389,-5512,-5421,-5375,(PSUAMS-2300:6490±25),-6000 - -5000
POT002,F,Azerbaijan_Caucasus_lowlands_LN,SkourtaniontiCell2020,Azerbaijan,Other region,39.519,48.65,-5514,-5421,-5374,(MAMS-40331:6491±26),-6000 - -5000
I5872_published,M,Ukraine_N_published,MathiesonNature2018,Ukraine,Western Pontic Steppe,47.954,35.389,-5479,-5420,-5374,(PSUAMS-2808:6485±25),-6000 - -5000
I2533,F,Romania_EN,MathiesonNature2018,Romania,Southeastern Europe,44.267,23.9,-5477,-5418,-5371,(PSUAMS-1748:6470±30),-6000 - -5000
I4553,M,Latvia_HG,MathiesonNature2018,Latvia,Other region,56.283,25.133,-5476,-5418,-5373,(PSUAMS-2838:6470±25),-6000 - -5000
I4552,F,Latvia_HG,MathiesonNature2018,Latvia,Other region,56.283,25.133,-5475,-5417,-5373,(PSUAMS-2837:6460±25),-6000 - -5000
I3537,F,Hungary_MN_ALPc_Szatmar_o,LipsonNature2017,Hungary,Southeastern Europe,47.781,20.583,-5476,-5416,-5335,(BRAMS-1302:6449±30),-6000 - -5000
PEN003,M,France_EN,RivollatScienceAdvance2020,France,Italy,43.81,7.51,-5476,-5414,-5330,(GrA-32061:6450±40),-6000 - -5000
PEN001_real1,F,France_EN_o,RivollatScienceAdvance2020,France,Italy,43.81,7.51,-5475,-5412,-5330,(GrA-26893:6445±40),-6000 - -5000
I5870,M,Ukraine_N,MathiesonNature2018,Ukraine,Western Pontic Steppe,47.954,35.389,-5472,-5411,-5330,(PSUAMS-2684:6430±25),-6000 - -5000
I2937_all,F,Greece_Peloponnese_N_all,LazaridisNature2017,Greece,Other region,36.638,22.382,-5475,-5411,-5330,(OxA-22012:6441±38),-6000 - -5000
PEN001_real2,F,France_EN,RivollatScienceAdvance2020,France,Italy,43.81,7.51,-5475,-5410,-5329,(GrA-26894:6440±40),-6000 - -5000
I2380,F,Hungary_MN_ALPc_Szatmar,LipsonNature2017,Hungary,Southeastern Europe,47.781,20.583,-5500,-5400,-5300,,-6000 - -5000
I2382,M,Hungary_MN_ALPc_Szatmar,LipsonNature2017,Hungary,Southeastern Europe,47.781,20.583,-5500,-5400,-5300,,-6000 - -5000
I4114,M,Ukraine_N,MathiesonNature2018,Ukraine,Western Pontic Steppe,48.914,33.765,-5472,-5399,-5324,(PSUAMS-1911:6420±35),-6000 - -5000
I1738,M,Ukraine_N,MathiesonNature2018,Ukraine,Western Pontic Steppe,48.133,35.083,-5472,-5398,-5319,(Poz-81153:6420±40),-6000 - -5000
CB13.SG,F,Spain_EN.SG,OlaldeMBE2015,Spain,Iberia,41.37,1.89,-5471,-5386,-5317,(Beta-384724:6410±30),-6000 - -5000
I3716_published,M,Ukraine_N_published,MathiesonNature2018,Ukraine,Western Pontic Steppe,47.954,35.389,-5471,-5385,-5319,(PSUAMS-2302:6410±25),-6000 - -5000
I2526,F,Bulgaria_C,MathiesonNature2018,Bulgaria,Southeastern Europe,43.14,25.61,-5466,-5341,-5224,(PSUAMS-2342:6370±25),-6000 - -5000
I5957_published,M,Ukraine_N_published,MathiesonNature2018,Ukraine,Western Pontic Steppe,47.954,35.389,-5467,-5338,-5220,(PSUAMS-3981:6365±30),-6000 - -5000
R18.SG,F,Italy_N.SG,AntonioGaoMootsScience2019,Italy,Italy,43.722,13.034,-5460,-5327,-5220,(UCIAMS-198884:6355±25),-6000 - -5000
I5893_published,M,Ukraine_N_1d.rel.I5881_published,MathiesonNature2018,Ukraine,Western Pontic Steppe,48.914,33.765,-5370,-5311,-5218,(PSUAMS-2688:6340±25),-6000 - -5000
I4438,M,Latvia_HG,MathiesonNature2018,Latvia,Other region,56.283,25.133,-5372,-5306,-5215,(PSUAMS-2235:6335±35),-6000 - -5000
I3717,M,Ukraine_N,MathiesonNature2018,Ukraine,Western Pontic Steppe,48.914,33.765,-5369,-5299,-5215,(PSUAMS-1908:6330±35),-6000 - -5000
BerryAuBac,M,France_BerryAuBac,MathiesonNature2018,France,Central Europe,49.24,3.54,-5366,-5289,-5215,(SacA-5455:6325±35),-6000 - -5000
R16.SG,F,Italy_N.SG,AntonioGaoMootsScience2019,Italy,Italy,43.722,13.034,-5306,-5266,-5126,(UCIAMS-198585:6255±20),-6000 - -5000
I1732,F,Ukraine_N,MathiesonNature2018,Ukraine,Western Pontic Steppe,48.133,35.083,-5370,-5264,-5131,(Poz-81130:6300±40),-6000 - -5000
I0409,F,Spain_EN,MathiesonNature2015,Spain,Iberia,42.5,0.5,-5309,-5262,-5212,(MAMS-16159:6280±25),-6000 - -5000
I3718,M,Ukraine_N,MathiesonNature2018,Ukraine,Western Pontic Steppe,48.914,33.765,-5356,-5262,-5211,(PSUAMS-1909:6300±35),-6000 - -5000
R6.SG,M,Italy_N_oWHG.SG,AntonioGaoMootsScience2019,Italy,Italy,41.96,13.54,-5316,-5261,-5083,(UCIAMS-213625:6270±30),-6000 - -5000
I5886_published,M,Ukraine_N_published,MathiesonNature2018,Ukraine,Western Pontic Steppe,48.914,33.765,-5311,-5259,-5214,(PSUAMS-2829:6290±25),-6000 - -5000
I1895_published,F,Hungary_MN_Vinca_published,LipsonNature2017,Hungary,Southeastern Europe,45.597,18.282,-5316,-5259,-5076,(MAMS-14809:6267±33),-6000 - -5000
I1896,M,Hungary_MN_Vinca,LipsonNature2017,Hungary,Southeastern Europe,45.597,18.282,-5315,-5257,-5073,(OxA-29050:6264±34),-6000 - -5000
I0412,M,Spain_EN,MathiesonNature2015,Spain,Iberia,42.5,0.5,-5306,-5253,-5072,(MAMS-16164:6249±28),-6000 - -5000
R17.SG,M,Italy_N.SG,AntonioGaoMootsScience2019,Italy,Italy,43.722,13.034,-5320,-5253,-5215,(UCIAMS-198883:6310±20),-6000 - -5000
XN167,M,Germany_EN_LBK,RivollatScienceAdvance2020,Germany,Central Europe,48.78,9.18,-5307,-5251,-5071,(MAMS-36743:6250±30),-6000 - -5000
I6133_published,F,Ukraine_N_published,MathiesonNature2018,Ukraine,Western Pontic Steppe,47.954,35.389,-6500,-5250,-4000,,-6000 - -5000
UzOO77,F,Russia_EHG,MittnikNatureCommunications2018,Russia,Other region,62.046,35.364,-5500,-5250,-5000,,-6000 - -5000
Stuttgart_published.DG,F,Germany_EN_LBK_Stuttgart_published.DG,LazaridisNature2014,Germany,Central Europe,48.78,9.18,-5305,-5242,-5071,(MAMS-24635:6246±30),-6000 - -5000
R19.SG,M,Italy_N_dup.I16762.SG,AntonioGaoMootsScience2019,Italy,Italy,43.722,13.034,-5355,-5224,-5045,(PSUAMS-8398:6195±35);(UCIAMS-213626:6315±25),-6000 - -5000
I2739_published,M,Hungary_MN_LBK_published,LipsonNature2017,Hungary,Southeastern Europe,46.209,18.7,-5306,-5223,-5067,(SUERC-51459:6244±34),-6000 - -5000
XN183,F,Germany_EN_LBK,RivollatScienceAdvance2020,Germany,Central Europe,48.78,9.18,-5301,-5214,-5067,(MAMS-36736:6236±25),-6000 - -5000
NE1.SG,F,Hungary_MN_LBK.SG,GambaNatureCommunications2014,Hungary,Southeastern Europe,47.846,21.149,-5303,-5212,-5063,(OxA-27861:6237±32),-6000 - -5000
I0413,F,Spain_EN,MathiesonNature2015,Spain,Iberia,42.5,0.5,-5302,-5209,-5064,(MAMS-16166:6234±28),-6000 - -5000
I1887,M,Hungary_MN_Vinca,LipsonNature2017,Hungary,Southeastern Europe,45.585,18.308,-5400,-5200,-5000,,-6000 - -5000
I0797,M,Germany_EN_LBK,MathiesonNature2015,Germany,Central Europe,51.283,11.65,-5500,-5175,-4850,,-6000 - -5000
I0022,F,Germany_EN_LBK,MathiesonNature2015,Germany,Central Europe,48.78,9.18,-5500,-5175,-4850,,-6000 - -5000
I0026,F,Germany_EN_LBK,MathiesonNature2015,Germany,Central Europe,48.78,9.18,-5500,-5175,-4850,,-6000 - -5000
I0025,F,Germany_EN_LBK,MathiesonNature2015,Germany,Central Europe,48.78,9.18,-5500,-5175,-4850,,-6000 - -5000
I2020,M,Germany_EN_LBK_1d.or.2d.rel.I1550,LipsonNature2017,Germany,Central Europe,51.896,11.047,-5500,-5175,-4850,,-6000 - -5000
I1550_published,F,Germany_EN_LBK_published,LipsonNature2017,Germany,Central Europe,51.896,11.047,-5500,-5175,-4850,,-6000 - -5000
I2016_published,F,Germany_EN_LBK_published_1d.or.2d.rel.I2036,LipsonNature2017,Germany,Central Europe,51.896,11.047,-5500,-5175,-4850,,-6000 - -5000
I2017_published,F,Germany_EN_LBK_published,LipsonNature2017,Germany,Central Europe,51.896,11.047,-5500,-5175,-4850,,-6000 - -5000
I2021_published,M,Germany_EN_LBK_published,LipsonNature2017,Germany,Central Europe,51.896,11.047,-5500,-5175,-4850,,-6000 - -5000
I2026_published,M,Germany_EN_LBK_published,LipsonNature2017,Germany,Central Europe,51.896,11.047,-5500,-5175,-4850,,-6000 - -5000
I2030_published,F,Germany_EN_LBK_published,LipsonNature2017,Germany,Central Europe,51.896,11.047,-5500,-5175,-4850,,-6000 - -5000
I2032_published,F,Germany_EN_LBK_published,LipsonNature2017,Germany,Central Europe,51.896,11.047,-5500,-5175,-4850,,-6000 - -5000
I2036_published,F,Germany_EN_LBK_published,LipsonNature2017,Germany,Central Europe,51.896,11.047,-5500,-5175,-4850,,-6000 - -5000
I2038_published,F,Germany_EN_LBK_published,LipsonNature2017,Germany,Central Europe,51.896,11.047,-5350,-5175,-5000,,-6000 - -5000
CHA001_merged,M,Spain_EN,VillalbaMoucoCurrentBiology2019,Spain,Iberia,42.215,-0.138,-5306,-5166,-5049,(GrA-26912:6230±45),-6000 - -5000
XN188,F,Germany_EN_LBK,RivollatScienceAdvance2020,Germany,Central Europe,48.78,9.18,-5300,-5163,-5062,(MAMS-36735:6228±25),-6000 - -5000
CHA002_merged,M,Spain_EN,VillalbaMoucoCurrentBiology2019,Spain,Iberia,42.215,-0.138,-5300,-5160,-5060,(MAMS-29127:6227±28),-6000 - -5000
mur.SG,M,Spain_EN.SG,ValdioseraPNAS2018,Spain,Iberia,37.542,-4.304,-5297,-5158,-5064,(wk-40844:6226±20),-6000 - -5000
Donkalnis7,M,Lithuania_EMN_Narva,MittnikNatureCommunications2018,Lithuania,Other region,55.808,22.422,-5373,-5156,-4935,(Poz-61576:6220±90),-6000 - -5000
I2384_published,M,Hungary_MN_ALPc_published,LipsonNature2017,Hungary,Southeastern Europe,47.858,21.432,-5303,-5151,-5046,(Poz-83631:6220±40),-6000 - -5000
I3714,M,Ukraine_N,MathiesonNature2018,Ukraine,Western Pontic Steppe,47.954,35.389,-5500,-5150,-4800,,-6000 - -5000
SMH004,F,Germany_EN_LBK,RivollatScienceAdvance2020,Germany,Central Europe,48.78,9.18,-5298,-5150,-5059,(MAMS-36741:6222±25),-6000 - -5000
XN166,F,Germany_EN_LBK,RivollatScienceAdvance2020,Germany,Central Europe,48.78,9.18,-5300,-5150,-5000,,-6000 - -5000
XN178,F,Germany_EN_LBK,RivollatScienceAdvance2020,Germany,Central Europe,48.78,9.18,-5300,-5150,-5000,,-6000 - -5000
XN205,F,Germany_EN_LBK,RivollatScienceAdvance2020,Germany,Central Europe,48.78,9.18,-5300,-5150,-5000,,-6000 - -5000
XN207,F,Germany_EN_LBK,RivollatScienceAdvance2020,Germany,Central Europe,48.78,9.18,-5300,-5150,-5000,,-6000 - -5000
XN225,M,Germany_EN_LBK,RivollatScienceAdvance2020,Germany,Central Europe,48.78,9.18,-5300,-5150,-5000,,-6000 - -5000
XN164,M,Germany_EN_LBK,RivollatScienceAdvance2020,Germany,Central Europe,48.78,9.18,-5297,-5146,-5058,(MAMS-36728:6219±25),-6000 - -5000
I0410,M,Spain_EN,MathiesonNature2015,Spain,Iberia,42.5,0.5,-5296,-5144,-5057,(MAMS-16161:6217±25),-6000 - -5000
XN171,M,Germany_EN_LBK,RivollatScienceAdvance2020,Germany,Central Europe,48.78,9.18,-5296,-5144,-5057,(MAMS-36729:6217±25),-6000 - -5000
XN172,F,Germany_EN_LBK,RivollatScienceAdvance2020,Germany,Central Europe,48.78,9.18,-5295,-5141,-5055,(MAMS-36732:6214±25),-6000 - -5000
I2029_published,F,Germany_EN_LBK_published,LipsonNature2017,Germany,Central Europe,51.896,11.047,-5297,-5140,-5047,(KIA-40349:6211±32),-6000 - -5000
XN165,M,Germany_EN_LBK,RivollatScienceAdvance2020,Germany,Central Europe,48.78,9.18,-5294,-5140,-5056,(MAMS-36725:6213±24),-6000 - -5000
I5068,M,Austria_EN_LBK,MathiesonNature2018,Austria,Central Europe,48.663,16.59,-5500,-5138,-4775,,-6000 - -5000
I5875,M,Ukraine_N,MathiesonNature2018,Ukraine,Western Pontic Steppe,48.914,33.765,-5293,-5138,-5053,(PSUAMS-2810:6210±25),-6000 - -5000
I1498,F,Hungary_MN_ALPc,MathiesonNature2015,Hungary,Southeastern Europe,47.525,21.586,-5295,-5137,-5047,(OxA-27858:6207±30),-6000 - -5000
XN168,M,Germany_EN_LBK,RivollatScienceAdvance2020,Germany,Central Europe,48.78,9.18,-5292,-5137,-5054,(MAMS-36734:6209±24),-6000 - -5000
XN175,F,Germany_EN_LBK,RivollatScienceAdvance2020,Germany,Central Europe,48.78,9.18,-5291,-5136,-5053,(MAMS-36740:6208±24),-6000 - -5000
SCH016,M,Germany_EN_LBK,RivollatScienceAdvance2020,Germany,Central Europe,49.39,8.57,-5296,-5135,-5039,(OxA-23206:6202±36),-6000 - -5000
Canes.SG,F,Spain_HG.SG,GonzalesFortesCurrentBiology2017,Spain,Iberia,43.355,-4.717,-5297,-5134,-5009,(OxA-7148:6197±45),-6000 - -5000
XN169,F,Germany_EN_LBK,RivollatScienceAdvance2020,Germany,Central Europe,48.78,9.18,-5280,-5129,-5045,(MAMS-36726:6195±25),-6000 - -5000
I5881_published,M,Ukraine_N_published,MathiesonNature2018,Ukraine,Western Pontic Steppe,48.914,33.765,-5213,-5126,-5050,(PSUAMS-2825:6190±20),-6000 - -5000
I1499,F,Hungary_MN_ALPc_Bukk,MathiesonNature2015,Hungary,Southeastern Europe,48.52,21.168,-5283,-5125,-5013,(OxA-27732:6185±34),-6000 - -5000
I0054,F,Germany_EN_LBK,MathiesonNature2015,Germany,Central Europe,51.66,11.53,-5214,-5123,-5009,(MAMS-21485:6180±34),-6000 - -5000
I4440,M,Latvia_HG,MathiesonNature2018,Latvia,Other region,56.283,25.133,-5214,-5123,-5015,(PSUAMS-2264:6180±30),-6000 - -5000
CHA003_merged,M,Spain_EN,VillalbaMoucoCurrentBiology2019,Spain,Iberia,42.215,-0.138,-5300,-5123,-4988,(D-AMS-015821:6180±54),-6000 - -5000
R1014.SG,M,Italy_C.SG,AntonioGaoMootsScience2019,Italy,Italy,41.367,13.291,-5212,-5123,-5043,(UCIAMS-213631:6180±25),-6000 - -5000
I0795,M,Germany_EN_LBK,MathiesonNature2015,Germany,Central Europe,51.283,11.65,-5212,-5120,-5015,(MAMS-22823:6174±29),-6000 - -5000
I0057_published,F,Germany_EN_LBK_published,LipsonNature2017,Germany,Central Europe,51.896,11.047,-5212,-5119,-5010,(MAMS-21483:6173±34),-6000 - -5000
I2199,F,Spain_EN,LipsonNature2017,Spain,Iberia,42.628,-3.116,-5211,-5118,-5013,(Beta-438208:6170±30),-6000 - -5000
I5892,M,Ukraine_N,MathiesonNature2018,Ukraine,Western Pontic Steppe,48.914,33.765,-5299,-5118,-4951,(OxA-6162:6175±60),-6000 - -5000
atp005.SG,M,Spain_EN.SG,ValdioseraPNAS2018,Spain,Iberia,42.353,-3.518,-5211,-5118,-5013,(Beta-368283:6170±30),-6000 - -5000
I3535,M,Hungary_MN_ALPc,LipsonNature2017,Hungary,Southeastern Europe,47.858,21.432,-5277,-5117,-4996,(Poz-83632:6170±40),-6000 - -5000
XN180,M,Germany_EN_LBK,RivollatScienceAdvance2020,Germany,Central Europe,48.78,9.18,-5211,-5117,-5011,(MAMS-36745:6169±33),-6000 - -5000
XN211,F,Germany_EN_LBK,RivollatScienceAdvance2020,Germany,Central Europe,48.78,9.18,-5210,-5116,-5016,(MAMS-36733:6165±25),-6000 - -5000
XN182,F,Germany_EN_LBK,RivollatScienceAdvance2020,Germany,Central Europe,48.78,9.18,-5297,-5115,-4950,(Hd-7979:6210±45);(Hd-7977:6130±45),-6000 - -5000
I1500,M,Hungary_MN_ALPc,MathiesonNature2015,Hungary,Southeastern Europe,47.167,20.833,-5300,-5108,-4938,(OxA-23763:6164±64),-6000 - -5000
XN173,M,Germany_EN_LBK,RivollatScienceAdvance2020,Germany,Central Europe,48.78,9.18,-5208,-5108,-5007,(MAMS-25933:6155±31),-6000 - -5000
I1505,F,Hungary_MN_ALPc,MathiesonNature2015,Hungary,Southeastern Europe,47.88,21.19,-5208,-5106,-5003,(OxA-28020:6153±33),-6000 - -5000
I0048_published,M,Germany_EN_LBK_published,LipsonNature2017,Germany,Central Europe,51.896,11.047,-5208,-5106,-5003,(MAMS-21482:6153±33),-6000 - -5000
LBR005,M,France_EN_MN_o,RivollatScienceAdvance2020,France,Italy,43.7,6.99,-5213,-5101,-4952,(LTL-13784:6151±45),-6000 - -5000
I1882,M,Hungary_MN_LBK,LipsonNature2017,Hungary,Southeastern Europe,47.502,18.91,-5300,-5100,-4900,,-6000 - -5000
I2355,F,Hungary_MN_ALBK_Szakalhat,LipsonNature2017,Hungary,Southeastern Europe,47.459,20.513,-5300,-5100,-4900,,-6000 - -5000
I2375,M,Hungary_MN_ALPc_Tiszadob,LipsonNature2017,Hungary,Southeastern Europe,48.004,21.177,-5300,-5100,-4900,,-6000 - -5000
I2376,M,Hungary_MN_ALPc_Tiszadob,LipsonNature2017,Hungary,Southeastern Europe,48.004,21.177,-5300,-5100,-4900,,-6000 - -5000
I2378,M,Hungary_MN_ALPc_Tiszadob,LipsonNature2017,Hungary,Southeastern Europe,47.861,21.001,-5300,-5100,-4900,,-6000 - -5000
I3536,F,Hungary_MN_LBK,LipsonNature2017,Hungary,Southeastern Europe,47.639,17.365,-5300,-5100,-4900,,-6000 - -5000
I4186,F,Hungary_MN_ALPc_Esztar,LipsonNature2017,Hungary,Southeastern Europe,47.478,21.503,-5300,-5100,-4900,,-6000 - -5000
I4187,M,Hungary_MN_ALPc_Esztar,LipsonNature2017,Hungary,Southeastern Europe,47.48,21.502,-5300,-5100,-4900,,-6000 - -5000
I4188_published,M,Hungary_MN_ALPc,LipsonNature2017,Hungary,Southeastern Europe,47.865,21.125,-5300,-5100,-4900,,-6000 - -5000
I4196,F,Hungary_MN_LBK,LipsonNature2017,Hungary,Southeastern Europe,47.502,18.91,-5300,-5100,-4900,,-6000 - -5000
I4199,F,Hungary_MN_ALPc_Tiszadob,LipsonNature2017,Hungary,Southeastern Europe,48.004,21.177,-5300,-5100,-4900,,-6000 - -5000
I2743,M,Hungary_MN_ALPc_Szakalhat,LipsonNature2017,Hungary,Southeastern Europe,47.179,19.861,-5300,-5100,-4900,,-6000 - -5000
I2744,M,Hungary_MN_ALPc_Szakalhat,LipsonNature2017,Hungary,Southeastern Europe,47.179,19.861,-5300,-5100,-4900,,-6000 - -5000
I2745,F,Hungary_MN_ALPc_Szakalhat,LipsonNature2017,Hungary,Southeastern Europe,47.179,19.861,-5300,-5100,-4900,,-6000 - -5000
I2357_all,F,Hungary_MN_ALBK_Szakalhat_all,LipsonNature2017,Hungary,Southeastern Europe,47.459,20.513,-5300,-5100,-4900,,-6000 - -5000
SCH001,F,Germany_EN_LBK,RivollatScienceAdvance2020,Germany,Central Europe,49.39,8.57,-5200,-5100,-5000,,-6000 - -5000
SCH007,F,Germany_EN_LBK,RivollatScienceAdvance2020,Germany,Central Europe,49.39,8.57,-5200,-5100,-5000,,-6000 - -5000
SCH009,F,Germany_EN_LBK,RivollatScienceAdvance2020,Germany,Central Europe,49.39,8.57,-5200,-5100,-5000,,-6000 - -5000
SCH010,F,Germany_EN_LBK,RivollatScienceAdvance2020,Germany,Central Europe,49.39,8.57,-5200,-5100,-5000,,-6000 - -5000
SCH014,F,Germany_EN_LBK,RivollatScienceAdvance2020,Germany,Central Europe,49.39,8.57,-5200,-5100,-5000,,-6000 - -5000
I2037_published,M,Germany_EN_LBK_published,LipsonNature2017,Germany,Central Europe,51.896,11.047,-5207,-5096,-4998,(KIA-40343:6144±32),-6000 - -5000
SCH018,M,Germany_EN_LBK,RivollatScienceAdvance2020,Germany,Central Europe,49.39,8.57,-5210,-5090,-4958,(OxA-23211:6141±37),-6000 - -5000
I5070,M,Austria_N_LBK,MathiesonNature2018,Austria,Central Europe,48.58,16.469,-5207,-5087,-4997,(PSUAMS-4224:6140±25),-6000 - -5000
I5883,M,Ukraine_N,MathiesonNature2018,Ukraine,Western Pontic Steppe,48.914,33.765,-5207,-5087,-4997,(PSUAMS-2827:6140±25),-6000 - -5000
I4628,M,Latvia_HG,MathiesonNature2018,Latvia,Other region,56.283,25.133,-5302,-5084,-4847,(Ua-19883:6145±80),-6000 - -5000
I2008_published,F,Germany_EN_LBK_published,LipsonNature2017,Germany,Central Europe,51.896,11.047,-5209,-5081,-4958,(KIA-40342:6137±35),-6000 - -5000
I0046_published,F,Germany_EN_LBK_published,LipsonNature2017,Germany,Central Europe,51.896,11.047,-5209,-5078,-4958,(MAMS-21479:6136±34),-6000 - -5000
I1496,M,Hungary_MN_LBK,MathiesonNature2015,Hungary,Southeastern Europe,47.167,19.833,-5209,-5075,-4958,(MAMS-14821:6135±33),-6000 - -5000
Schw72-15.SG,M,France_GrandEst_EN.SG,BrunelPNAS2020,France,Central Europe,48.756,7.6,-5250,-5075,-4900,,-6000 - -5000
I0659_published,M,Germany_EN_LBK_published,LipsonNature2017,Germany,Central Europe,51.896,11.047,-5208,-5067,-4952,(KIA-40350:6130±40),-6000 - -5000
Schw432.SG,F,France_GrandEst_EN.SG,BrunelPNAS2020,France,Central Europe,48.756,7.6,-5208,-5067,-4952,(Poz-64773:6130±40),-6000 - -5000
OBN006,M,France_MN,RivollatScienceAdvance2020,France,Central Europe,48.46,7.48,-5206,-5048,-4953,(LTL-18527:6124±25),-6000 - -5000
XN170,M,Germany_EN_LBK,RivollatScienceAdvance2020,Germany,Central Europe,48.78,9.18,-5206,-5047,-4952,(MAMS-36730:6123±26),-6000 - -5000
FUC003_merged,M,Spain_EN,VillalbaMoucoCurrentBiology2019,Spain,Iberia,42.386,-3.735,-5206,-5045,-4947,(UGA-7565:6120±30),-6000 - -5000
Mor6.SG,F,France_GrandEst_EN_o.SG,BrunelPNAS2020,France,Central Europe,48.82,7.626,-5206,-5042,-4949,(GrM-15764:6120±25),-6000 - -5000
I1904,M,Hungary_MN_LBK,LipsonNature2017,Hungary,Southeastern Europe,46.205,18.7,-5207,-5040,-4940,(Poz-82584:6115±35),-6000 - -5000
I5889_published,F,Ukraine_N_published,MathiesonNature2018,Ukraine,Western Pontic Steppe,48.914,33.765,-5311,-5035,-4726,(OxA-5031:6110±120),-6000 - -5000
I2377,M,Hungary_MN_ALPc_Tiszadob,LipsonNature2017,Hungary,Southeastern Europe,48.004,21.177,-5207,-5034,-4914,(Poz-83630:6110±40),-6000 - -5000
I0176,F,Hungary_MN_LBK,MathiesonNature2015,Hungary,Southeastern Europe,46.4,18.74,-5206,-5031,-4938,(Beta-310038:6110±30),-6000 - -5000
I5077,M,Croatia_MN_Sopot,MathiesonNature2018,Croatia,Southeastern Europe,45.551,18.747,-5205,-5029,-4941,(PSUAMS-2691:6110±25),-6000 - -5000
LBR002,M,France_EN_MN,RivollatScienceAdvance2020,France,Italy,43.7,6.99,-5207,-5026,-4855,(LTL-8482:6104±45),-6000 - -5000
HBS002,M,Germany_EN_LBK,RivollatScienceAdvance2020,Germany,Central Europe,51.9,11.05,-5250,-5025,-4800,,-6000 - -5000
HBS004,M,Germany_EN_LBK,RivollatScienceAdvance2020,Germany,Central Europe,51.9,11.05,-5250,-5025,-4800,,-6000 - -5000
HBS005,M,Germany_EN_LBK,RivollatScienceAdvance2020,Germany,Central Europe,51.9,11.05,-5250,-5025,-4800,,-6000 - -5000
HBS007,M,Germany_EN_LBK,RivollatScienceAdvance2020,Germany,Central Europe,51.9,11.05,-5250,-5025,-4800,,-6000 - -5000
HBS008,M,Germany_EN_LBK,RivollatScienceAdvance2020,Germany,Central Europe,51.9,11.05,-5250,-5025,-4800,,-6000 - -5000
HBS009,M,Germany_EN_LBK,RivollatScienceAdvance2020,Germany,Central Europe,51.9,11.05,-5250,-5025,-4800,,-6000 - -5000
I2379,M,Hungary_MN_ALPc_Tiszadob,LipsonNature2017,Hungary,Southeastern Europe,47.861,21.001,-5206,-5019,-4854,(Poz-88115:6100±40),-6000 - -5000
MDV248.SG,M,France_HautsDeFrance_EN.SG,BrunelPNAS2020,France,Central Europe,49.419,4.008,-5204,-5003,-4853,(SacA-5462:6090±30),-6000 - -5000
I5069,F,Austria_EN_LBK,MathiesonNature2018,Austria,Central Europe,48.663,16.59,-5202,-5002,-4906,(PSUAMS-4326:6090±25),-6000 - -5000
I4112_published,M,Ukraine_N_published,MathiesonNature2018,Ukraine,Western Pontic Steppe,48.914,33.765,-5500,-5000,-4500,,-6000 - -5000
I5204,M,Austria_N_LBK,MathiesonNature2018,Austria,Central Europe,48.58,16.469,-5500,-5000,-4500,,-6000 - -5000
I5205_published,F,Austria_N_LBK_published,MathiesonNature2018,Austria,Central Europe,48.58,16.469,-5100,-5000,-4900,,-6000 - -5000
I5206_published,F,Austria_N_LBK_published,MathiesonNature2018,Austria,Central Europe,48.58,16.469,-5100,-5000,-4900,,-6000 - -5000
I5207_published,M,Austria_N_LBK_published,MathiesonNature2018,Austria,Central Europe,48.58,16.469,-5100,-5000,-4900,,-6000 - -5000
I5208,F,Austria_N_LBK,MathiesonNature2018,Austria,Central Europe,48.58,16.469,-5500,-5000,-4500,,-6000 - -5000
I10942,F,Gibraltar_EN,OlaldeScience2019,Gibraltar,Iberia,36.132,-5.344,-5500,-5000,-4500,,-6000 - -5000
I0100,F,Germany_EN_LBK,LipsonNature2017,Germany,Central Europe,51.896,11.047,-5203,-4988,-4849,(KIA-40341:6080±32),-5000 - -4000
I3713_published,M,Ukraine_N_published,MathiesonNature2018,Ukraine,Western Pontic Steppe,47.954,35.389,-5200,-4988,-4857,(PSUAMS-2301:6080±25),-5000 - -4000
I0821_published,M,Germany_EN_LBK_published,LipsonNature2017,Germany,Central Europe,51.896,11.047,-5203,-4982,-4847,(KIA-40348:6076±34),-5000 - -4000
I0434,M,Russia_Khvalynsk_Eneolithic,MathiesonNature2015,Russia,Other region,52.353,48.078,-5197,-4975,-4852,(PSUAMS-4033:6070±25),-5000 - -4000
I1891,F,Hungary_LN_Sopot,LipsonNature2017,Hungary,Southeastern Europe,46.416,18.92,-5201,-4962,-4840,(Poz-83633:6060±40),-5000 - -4000
I1893,M,Hungary_LN_Sopot,LipsonNature2017,Hungary,Southeastern Europe,46.205,18.73,-5032,-4949,-4846,(MAMS-14817:6049±29),-5000 - -4000
KRD002,M,Turkey_TellKurdu_EMC,SkourtaniontiCell2020,Turkey,Other region,36.329,36.444,-5006,-4944,-4846,(MAMS-40664:6044±22),-5000 - -4000
OBN005,M,France_MN,RivollatScienceAdvance2020,France,Central Europe,48.46,7.48,-5021,-4943,-4845,(LTL-18526:6044±25),-5000 - -4000
I4185,M,Hungary_LN_Sopot,LipsonNature2017,Hungary,Southeastern Europe,46.205,18.73,-5024,-4925,-4805,(MAMS-14814:6032±32),-5000 - -4000
I1890,M,Hungary_LN_Sopot,LipsonNature2017,Hungary,Southeastern Europe,46.416,18.92,-5100,-4925,-4750,,-5000 - -4000
PG2001,M,Russia_Steppe_Eneolithic,WangNatureCommunications2019,Russia,Western Pontic Steppe,43.823,43.35,-4992,-4901,-4801,(MAMS-110564:6012±28),-5000 - -4000
I4063,F,Italy_Sicily_MN,FernandesNatureEcologyEvolution2020,Italy,Italy,37.724,12.916,-4985,-4882,-4793,(PSUAMS-2263:5995±30),-5000 - -4000
I3719_published,M,Ukraine_N_o2_published,MathiesonNature2018,Ukraine,Western Pontic Steppe,48.914,33.765,-4982,-4881,-4795,(PSUAMS-2303:5995±25),-5000 - -4000
I4062,F,Italy_Sicily_MN,FernandesNatureEcologyEvolution2020,Italy,Italy,37.724,12.916,-4984,-4867,-4783,(PSUAMS-1950:5980±30),-5000 - -4000
I4065,F,Italy_Sicily_MN,FernandesNatureEcologyEvolution2020,Italy,Italy,37.724,12.916,-4985,-4867,-4734,(PSUAMS-1951:5980±35),-5000 - -4000
XN174,M,Germany_EN_LBK,RivollatScienceAdvance2020,Germany,Central Europe,48.78,9.18,-5206,-4850,-4691,(Hd-8031:6100±70);(Hd-7974:5950±60);(Hd-7935:5910±50),-5000 - -4000
LBR004,F,France_EN_MN,RivollatScienceAdvance2020,France,Italy,43.7,6.99,-4982,-4844,-4721,(LTL-12316:5964±45),-5000 - -4000
I0122,M,Russia_Khvalynsk_Eneolithic,MathiesonNature2015,Russia,Other region,52.353,48.078,-4934,-4834,-4730,(PSUAMS-4031:5960±25),-5000 - -4000
kol6-ALL_DATA.SG,F,Czech_MN.SG,SanchezQuintoPNAS2019,Czech Republic,Central Europe,50.029,15.201,-4926,-4822,-4726,(UGAMS-9615:5950±25),-5000 - -4000
Veibri4,F,Estonia_EMN_Narva,MittnikNatureCommunications2018,Estonia,Other region,58.202,26.465,-4892,-4812,-4726,(KIA-48843:5940±22),-5000 - -4000
I4184,F,Hungary_LN_Sopot,LipsonNature2017,Hungary,Southeastern Europe,46.025,18.325,-4930,-4802,-4713,(Beta-310040:5930±40),-5000 - -4000
LBR001,M,France_EN_MN,RivollatScienceAdvance2020,France,Italy,43.7,6.99,-4895,-4789,-4713,(LTL-18523:5920±35),-5000 - -4000
I4441,M,Latvia_HG,MathiesonNature2018,Latvia,Other region,56.283,25.133,-4840,-4765,-4710,(PSUAMS-2265:5900±30),-5000 - -4000
I4064,M,Italy_Sicily_MN,FernandesNatureEcologyEvolution2020,Italy,Italy,37.724,12.916,-4840,-4765,-4710,(PSUAMS-2266:5900±30),-5000 - -4000
I1972,F,Spain_EN,LipsonNature2017,Spain,Iberia,42.628,-3.116,-4834,-4753,-4687,(Beta-366569:5880±30),-5000 - -4000
I0447_published,F,Hungary_LN_Tisza_published,LipsonNature2017,Hungary,Southeastern Europe,46.356,20.278,-5000,-4750,-4500,,-5000 - -4000
I0449,M,Hungary_LN_Tisza,LipsonNature2017,Hungary,Southeastern Europe,46.356,20.278,-5000,-4750,-4500,,-5000 - -4000
I2358,F,Hungary_LN_Tisza,LipsonNature2017,Hungary,Southeastern Europe,47.459,20.513,-5000,-4750,-4500,,-5000 - -4000
I2387,M,Hungary_LN_Tisza,LipsonNature2017,Hungary,Southeastern Europe,46.394,20.245,-5000,-4750,-4500,,-5000 - -4000
I2746,M,Hungary_LN_Tisza,LipsonNature2017,Hungary,Southeastern Europe,46.94,21.209,-5000,-4750,-4500,,-5000 - -4000
OBN002,F,France_MN,RivollatScienceAdvance2020,France,Central Europe,48.46,7.48,-5000,-4750,-4500,,-5000 - -4000
OBN010,F,France_MN,RivollatScienceAdvance2020,France,Central Europe,48.46,7.48,-5000,-4750,-4500,,-5000 - -4000
I1670,F,Iran_C_SehGabi,LazaridisNature2016,Iran,Other region,34.5,47.96,-4838,-4744,-4614,(Poz-81107:5870±40),-5000 - -4000
GRG027,M,France_MN,RivollatScienceAdvance2020,France,Central Europe,47.97,3.56,-4838,-4744,-4614,(Lyon-4444:5870±40),-5000 - -4000
I1900,M,Hungary_LN_Lengyel,LipsonNature2017,Hungary,Southeastern Europe,47.103,17.913,-4796,-4740,-4618,(MAMS-14827:5861±26),-5000 - -4000
LBR003,F,France_EN_MN,RivollatScienceAdvance2020,France,Italy,43.7,6.99,-4841,-4735,-4604,(LTL-12315:5864±45),-5000 - -4000
I4305,F,France_MN_1,OlaldeNature2018,France,Other region,43.457,5.863,-4830,-4734,-4612,(PSUAMS-2225:5860±35),-5000 - -4000
I1662,M,Iran_C_SehGabi,LazaridisNature2016,Iran,Other region,34.5,47.96,-4834,-4732,-4610,(Poz-81105:5860±40),-5000 - -4000
GRG028,F,France_MN,RivollatScienceAdvance2020,France,Central Europe,47.97,3.56,-4833,-4725,-4605,(Lyon-4446:5855±40),-5000 - -4000
I1905_published,M,Hungary_LN_Lengyel_published,LipsonNature2017,Hungary,Southeastern Europe,47.511,18.617,-4831,-4718,-4556,(Poz-82582:5850±40),-5000 - -4000
TU916_SX30,F,France_Alsace_Lingolsheim_MN,FurtwanglerNatureCommunications2020,France,Central Europe,48.554,7.682,-4787,-4712,-4616,(BE-:5842±22),-5000 - -4000
ROS45.SG,M,France_GrandEst_MN.SG,BrunelPNAS2020,France,Central Europe,48.497,7.471,-4787,-4699,-4606,(OxA-27814:5833±29),-5000 - -4000
I4304,M,France_MN_1,OlaldeNature2018,France,Other region,43.457,5.863,-4789,-4693,-4554,(PSUAMS-2226:5830±35),-5000 - -4000
I4167,M,Croatia_N_Starcevo,MathiesonNature2018,Croatia,Southeastern Europe,45.339,18.699,-4790,-4691,-4551,(Poz-90127:5830±40),-5000 - -4000
TU919_SX33,M,France_Alsace_Lingolsheim_MN_o,FurtwanglerNatureCommunications2020,France,Central Europe,48.554,7.682,-4779,-4684,-4556,(BE-8010:5819±22),-5000 - -4000
I2431,M,Bulgaria_C,MathiesonNature2018,Bulgaria,Southeastern Europe,43.099,26.719,-4782,-4681,-4552,(Beta-432807:5820±30),-5000 - -4000
I4303,M,France_MN_1,OlaldeNature2018,France,Other region,43.457,5.863,-4782,-4681,-4552,(PSUAMS-2260:5820±30),-5000 - -4000
ROS82.SG,F,France_GrandEst_MN.SG,BrunelPNAS2020,France,Central Europe,48.497,7.471,-4779,-4676,-4551,(SUERC-46435:5816±28),-5000 - -4000
GRG057,M,France_MN,RivollatScienceAdvance2020,France,Central Europe,47.97,3.56,-4784,-4668,-4547,(Lyon-4449:5815±45),-5000 - -4000
OBN001,F,France_MN_o,RivollatScienceAdvance2020,France,Central Europe,48.46,7.48,-4776,-4663,-4548,(OxA-30277:5809±33),-5000 - -4000
TU915_SX29,M,France_Alsace_Lingolsheim_MN,FurtwanglerNatureCommunications2020,France,Central Europe,48.554,7.682,-4800,-4650,-4500,,-5000 - -4000
ROS102.SG,M,France_GrandEst_MN.SG,BrunelPNAS2020,France,Central Europe,48.497,7.471,-4800,-4650,-4500,,-5000 - -4000
ROS78.SG,M,France_GrandEst_MN.SG,BrunelPNAS2020,France,Central Europe,48.497,7.471,-4800,-4650,-4500,,-5000 - -4000
I4111,F,Ukraine_N,MathiesonNature2018,Ukraine,Western Pontic Steppe,48.914,33.765,-4770,-4646,-4542,(PSUAMS-1910:5795±35),-5000 - -4000
Kivisaare3,M,Estonia_EMN_Narva,MittnikNatureCommunications2018,Estonia,Other region,58.272,26.052,-4773,-4646,-4542,(UBA-25993:5796±37),-5000 - -4000
GRG018,F,France_MN,RivollatScienceAdvance2020,France,Central Europe,47.97,3.56,-4782,-4644,-4536,(Lyon-5875:5795±45),-5000 - -4000
I4168,F,Croatia_MN_Sopot,MathiesonNature2018,Croatia,Southeastern Europe,45.339,18.699,-4776,-4640,-4537,(Poz-90128:5790±40),-5000 - -4000
I5078,M,Croatia_MN_Sopot,MathiesonNature2018,Croatia,Southeastern Europe,45.551,18.747,-4698,-4622,-4544,(PSUAMS-2615:5770±25),-5000 - -4000
GRG049,F,France_MN,RivollatScienceAdvance2020,France,Central Europe,47.97,3.56,-4779,-4622,-4459,(Ly-12934:5773±58),-5000 - -4000
Donkalnis6,F,Lithuania_EMN_Narva,MittnikNatureCommunications2018,Lithuania,Other region,55.808,22.422,-4716,-4620,-4503,(Poz-61574:5770±40),-5000 - -4000
ANI159-ANI181,M,Bulgaria_Varna_C,MathiesonNature2018,Bulgaria,Southeastern Europe,43.213,27.864,-4712,-4616,-4504,(OxA 13848:5766±36),-5000 - -4000
I0634,M,Serbia_EN,MathiesonNature2018,Serbia,Southeastern Europe,44.9,19.75,-4710,-4609,-4501,(Poz-82185:5760±40),-5000 - -4000
I0433,M,Russia_Khvalynsk_Eneolithic,MathiesonNature2015,Russia,Other region,52.353,48.078,-4695,-4608,-4538,(PSUAMS-4032:5760±25),-5000 - -4000
I2352,M,Hungary_LN_Lengyel,LipsonNature2017,Hungary,Southeastern Europe,47.103,17.913,-4900,-4600,-4300,,-5000 - -4000
I1899,M,Hungary_LN_Lengyel,LipsonNature2017,Hungary,Southeastern Europe,47.103,17.913,-4900,-4600,-4300,,-5000 - -4000
I1901,M,Hungary_LN_Lengyel,LipsonNature2017,Hungary,Southeastern Europe,47.103,17.913,-4900,-4600,-4300,,-5000 - -4000
I1903,M,Hungary_LN_Lengyel_son.I10619.son.I10624.halfbro.I10620.halfbro.I10621,LipsonNature2017,Hungary,Southeastern Europe,46.205,18.7,-4900,-4600,-4300,,-5000 - -4000
I1906,M,Hungary_LN_Lengyel,LipsonNature2017,Hungary,Southeastern Europe,47.511,18.617,-4900,-4600,-4300,,-5000 - -4000
I1902_published,M,Hungary_LN_Lengyel_published,LipsonNature2017,Hungary,Southeastern Europe,47.019,17.962,-4900,-4600,-4300,,-5000 - -4000
OBN011,M,France_MN,RivollatScienceAdvance2020,France,Central Europe,48.46,7.48,-4684,-4595,-4504,(LTL-18531:5749±25),-5000 - -4000
OBN003,F,France_MN_o,RivollatScienceAdvance2020,France,Central Europe,48.46,7.48,-4688,-4590,-4495,(OxA-30278:5744±33),-5000 - -4000
OBN008,F,France_MN,RivollatScienceAdvance2020,France,Central Europe,48.46,7.48,-4683,-4589,-4499,(SUERC-52378:5743±30),-5000 - -4000
I1661,F,Iran_C_SehGabi,LazaridisNature2016,Iran,Other region,34.5,47.96,-4697,-4587,-4461,(Poz-81104:5740±40),-5000 - -4000
ANI160,M,Bulgaria_Varna_C,MathiesonNature2018,Bulgaria,Southeastern Europe,43.213,27.864,-4682,-4580,-4465,(OxA-24041:5735±31),-5000 - -4000
OBN004,M,France_MN,RivollatScienceAdvance2020,France,Central Europe,48.46,7.48,-4677,-4575,-4495,(LTL-18525:5732±25),-5000 - -4000
FLR004,M,France_MN,RivollatScienceAdvance2020,France,Other region,49.19,-0.38,-4676,-4559,-4458,(Beta-413158:5720±30),-5000 - -4000
I3708,F,Greece_Peloponnese_N,MathiesonNature2018,Greece,Other region,36.638,22.382,-5500,-4550,-3600,,-5000 - -4000
Es97-1.SG,M,France_HautsDeFrance_MN.SG,BrunelPNAS2020,France,Central Europe,50.918,1.713,-4900,-4550,-4200,,-5000 - -4000
kol2BE.SG,F,Czech_MN.SG,SanchezQuintoPNAS2019,Czech Republic,Central Europe,50.029,15.201,-4651,-4539,-4456,(UGAMS-9614:5710±25),-5000 - -4000
I1131,M,Serbia_EN,MathiesonNature2018,Serbia,Southeastern Europe,44.9,19.75,-4650,-4527,-4451,(Beta-432798:5700±30),-5000 - -4000
I2425,F,Bulgaria_C,MathiesonNature2018,Bulgaria,Southeastern Europe,43.059,26.767,-4675,-4520,-4406,(Poz-83662:5690±40),-5000 - -4000
I2056,M,Russia_Caucasus_Eneolithic,WangNatureCommunications2019,Russia,Western Pontic Steppe,44.451,40.103,-4606,-4514,-4449,(OxA-43741:5687±30),-5000 - -4000
I2181_published,M,Bulgaria_C_oSteppe_published,MathiesonNature2018,Bulgaria,Southeastern Europe,43.058,26.984,-4604,-4507,-4447,(Beta-432803:5680±30),-5000 - -4000
GRG003,M,France_MN,RivollatScienceAdvance2020,France,Central Europe,47.97,3.56,-5000,-4500,-4000,,-5000 - -4000
GRG008,M,France_MN,RivollatScienceAdvance2020,France,Central Europe,47.97,3.56,-5000,-4500,-4000,,-5000 - -4000
GRG015,F,France_MN,RivollatScienceAdvance2020,France,Central Europe,47.97,3.56,-5000,-4500,-4000,,-5000 - -4000
GRG019,F,France_MN,RivollatScienceAdvance2020,France,Central Europe,47.97,3.56,-5000,-4500,-4000,,-5000 - -4000
GRG021,M,France_MN,RivollatScienceAdvance2020,France,Central Europe,47.97,3.56,-5000,-4500,-4000,,-5000 - -4000
GRG022,M,France_MN,RivollatScienceAdvance2020,France,Central Europe,47.97,3.56,-5000,-4500,-4000,,-5000 - -4000
GRG023,M,France_MN,RivollatScienceAdvance2020,France,Central Europe,47.97,3.56,-5000,-4500,-4000,,-5000 - -4000
GRG025,F,France_MN,RivollatScienceAdvance2020,France,Central Europe,47.97,3.56,-5000,-4500,-4000,,-5000 - -4000
GRG035,M,France_MN,RivollatScienceAdvance2020,France,Central Europe,47.97,3.56,-5000,-4500,-4000,,-5000 - -4000
GRG041,M,France_MN,RivollatScienceAdvance2020,France,Central Europe,47.97,3.56,-5000,-4500,-4000,,-5000 - -4000
GRG043,M,France_MN,RivollatScienceAdvance2020,France,Central Europe,47.97,3.56,-5000,-4500,-4000,,-5000 - -4000
GRG047,M,France_MN,RivollatScienceAdvance2020,France,Central Europe,47.97,3.56,-5000,-4500,-4000,,-5000 - -4000
GRG050,F,France_MN,RivollatScienceAdvance2020,France,Central Europe,47.97,3.56,-5000,-4500,-4000,,-5000 - -4000
GRG052,M,France_MN,RivollatScienceAdvance2020,France,Central Europe,47.97,3.56,-5000,-4500,-4000,,-5000 - -4000
GRG056,F,France_MN,RivollatScienceAdvance2020,France,Central Europe,47.97,3.56,-5000,-4500,-4000,,-5000 - -4000
I2430,M,Bulgaria_C,MathiesonNature2018,Bulgaria,Southeastern Europe,43.058,26.984,-4600,-4498,-4402,(Beta-432806:5670±30),-5000 - -4000
I7197,M,Czech_MN,OlaldeNature2018,Czech Republic,Central Europe,50.05,14.367,-4547,-4488,-4398,(PSUAMS-4344:5660±25),-5000 - -4000
FLR014,M,France_MN,RivollatScienceAdvance2020,France,Other region,49.19,-0.38,-4544,-4480,-4368,(Beta-413164:5650±30),-5000 - -4000
CHA004.A0102,F,Spain_EN,VillalbaMoucoCurrentBiology2019,Spain,Iberia,42.215,-0.138,-4542,-4475,-4367,(MAMS-28128:5645±31),-5000 - -4000
FLR001,M,France_MN,RivollatScienceAdvance2020,France,Other region,49.19,-0.38,-4540,-4471,-4367,(Beta-421634:5640±30),-5000 - -4000
GRG016,M,France_MN,RivollatScienceAdvance2020,France,Central Europe,47.97,3.56,-4540,-4462,-4363,(Lyon-4680:5635±35),-5000 - -4000
I0781,F,Bulgaria_C,MathiesonNature2018,Bulgaria,Southeastern Europe,42.232,24.263,-4535,-4460,-4366,(MAMS-28134:5632±24),-5000 - -4000
OBN009,F,France_MN,RivollatScienceAdvance2020,France,Central Europe,48.46,7.48,-4535,-4454,-4364,(LTL-18529:5628±25),-5000 - -4000
I0166,F,Germany_N,LipsonNature2017,Germany,Central Europe,51.896,11.047,-4600,-4450,-4300,,-5000 - -4000
I2423,F,Bulgaria_C,MathiesonNature2018,Bulgaria,Southeastern Europe,43.058,26.984,-4534,-4425,-4353,(Poz-83493:5610±40),-5000 - -4000
OBN007,M,France_MN,RivollatScienceAdvance2020,France,Central Europe,48.46,7.48,-4534,-4420,-4349,(LTL-18528:5601±45),-5000 - -4000
FLR003,M,France_MN,RivollatScienceAdvance2020,France,Other region,49.19,-0.38,-4530,-4419,-4355,(Beta-416656:5610±30),-5000 - -4000
I4894,F,Czech_N,OlaldeNature2018,Czech Republic,Central Europe,50.122,14.457,-4492,-4414,-4361,(PSUAMS-2851:5610±20),-5000 - -4000
I1495,M,Hungary_LN_Lengyel,MathiesonNature2015,Hungary,Southeastern Europe,47.167,19.833,-4493,-4412,-4353,(MAMS-14819:5598±32),-5000 - -4000
TU877_SX11,F,Switzerland_LN,FurtwanglerNatureCommunications2020,Switzerland,Central Europe,47.012,7.251,-4453,-4404,-4354,(BE-8011:5587±22),-5000 - -4000
FLR013,F,France_MN,RivollatScienceAdvance2020,France,Other region,49.19,-0.38,-4485,-4404,-4349,(Beta-413162:5580±30),-5000 - -4000
I0785,F,Bulgaria_C,MathiesonNature2018,Bulgaria,Southeastern Europe,42.232,24.263,-4449,-4402,-4354,(MAMS-28135:5578±23),-5000 - -4000
Klei10.SG,M,Greece_LN_2.SG,HofmanovaPNAS2016,Greece,Other region,40.432,21.859,-4444,-4397,-4351,(MAMS-23038:5559±22),-5000 - -4000
Pal7.SG,F,Greece_LN_2.SG,HofmanovaPNAS2016,Greece,Other region,39.752,22.01,-4447,-4397,-4348,(MAMS-23037:5559±29),-5000 - -4000
FLR010,M,France_MN,RivollatScienceAdvance2020,France,Other region,49.19,-0.38,-4445,-4394,-4345,(Beta-416659:5550±30),-5000 - -4000
I4893,M,Czech_N,OlaldeNature2018,Czech Republic,Central Europe,50.122,14.457,-4443,-4393,-4347,(PSUAMS-2850:5550±20),-5000 - -4000
TU875_SX9,F,Switzerland_LN,FurtwanglerNatureCommunications2020,Switzerland,Central Europe,47.012,7.251,-4443,-4384,-4341,(BE-7984:5537±22),-5000 - -4000
I2427,F,Bulgaria_C,MathiesonNature2018,Bulgaria,Southeastern Europe,43.059,26.767,-4444,-4362,-4330,(Beta-432805:5520±30),-5000 - -4000
FLR007,M,France_MN,RivollatScienceAdvance2020,France,Other region,49.19,-0.38,-4444,-4362,-4330,(Beta-416662:5520±30),-5000 - -4000
FLR005,M,France_MN,RivollatScienceAdvance2020,France,Other region,49.19,-0.38,-4442,-4347,-4262,(Beta-416661:5500±30),-5000 - -4000
Pir4.SG,F,France_Occitanie_MN.SG,BrunelPNAS2020,France,Other region,43.252,3.22,-4446,-4344,-4250,(Erl-13040:5494±49),-5000 - -4000
I2424,F,Bulgaria_C,MathiesonNature2018,Bulgaria,Southeastern Europe,43.058,26.984,-4443,-4341,-4252,(Poz-93494:5490±40),-5000 - -4000
BER001.SG,M,Russia_Yaroslavl_VolosovoLyalovo_N.SG,SaagMetspaluScience2021,Russia,Other region,56.571,39.012,-4442,-4338,-4251,(UBA-41612:5487±40),-5000 - -4000
LON003,M,Italy_Sardinia_N,MarcusNatureCommunications2020,Italy,Italy,39.87,9.236,-4440,-4335,-4251,(MAMS-39524:5481±32),-5000 - -4000
I2793_published,M,Hungary_EarlyC_Tiszapolgar_Bodrogkeresztur_published,LipsonNature2017,Hungary,Southeastern Europe,47.192,20.402,-4440,-4334,-4250,(Poz-83629:5480±35),-5000 - -4000
Spiginas1,M,Lithuania_EMN_Narva,MittnikNatureCommunications2018,Lithuania,Other region,55.768,22.417,-4440,-4322,-4242,(Poz-61572:5470±40),-5000 - -4000
N22.SG,F,Poland_BKG_o2.SG,FernandesScientificReports2018,Poland,Central Europe,52.61,18.9,-4440,-4322,-4242,(Poz-77331:5470±40),-5000 - -4000
N25.SG,F,Poland_BKG.SG,FernandesScientificReports2018,Poland,Central Europe,52.61,18.8,-4600,-4300,-4000,,-5000 - -4000
N27.SG,M,Poland_BKG.SG,FernandesScientificReports2018,Poland,Central Europe,52.61,18.8,-4600,-4300,-4000,,-5000 - -4000
N36.SG,F,Poland_BKG.SG,FernandesScientificReports2018,Poland,Central Europe,50.67,21.38,-4600,-4300,-4000,,-5000 - -4000
BUCH2.SG,M,France_GrandEst_MN.SG,BrunelPNAS2020,France,Central Europe,48.236,4.113,-4400,-4300,-4200,,-5000 - -4000
CRE20D.SG,F,France_Occitanie_MN.SG,BrunelPNAS2020,France,Other region,43.205,3.131,-4400,-4300,-4200,,-5000 - -4000
VJ1001,F,Russia_Steppe_Eneolithic,WangNatureCommunications2019,Russia,Western Pontic Steppe,44.02,43.156,-4335,-4286,-4175,(MAMS-29823:5409±24),-5000 - -4000
I2394,M,Hungary_C_Balaton_Lasinja,LipsonNature2017,Hungary,Southeastern Europe,47.103,17.913,-4340,-4285,-4174,(MAMS-14828:5418±29),-5000 - -4000
PRI001,M,France_MN,RivollatScienceAdvance2020,France,Other region,46.15,-0.48,-4340,-4280,-4073,(OxA-15063:5406±32),-5000 - -4000
I4088,F,Romania_C_Bodrogkeresztur,MathiesonNature2018,Romania,Southeastern Europe,47.747,22.395,-4330,-4253,-4061,(PSUAMS-1832:5380±25),-5000 - -4000
I2353,M,Hungary_EarlyC_Tiszapolgar,LipsonNature2017,Hungary,Southeastern Europe,47.459,20.513,-4500,-4250,-4000,,-5000 - -4000
I2354,M,Hungary_EarlyC_Tiszapolgar,LipsonNature2017,Hungary,Southeastern Europe,47.459,20.513,-4500,-4250,-4000,,-5000 - -4000
I2395,M,Hungary_EarlyC_Tiszapolgar,LipsonNature2017,Hungary,Southeastern Europe,47.459,20.513,-4500,-4250,-4000,,-5000 - -4000
I1907_published,F,Hungary_C_Balaton_Lasinja_published,LipsonNature2017,Hungary,Southeastern Europe,47.639,17.365,-4332,-4250,-4059,(Beta-310033:5380±30),-5000 - -4000
N26.SG,M,Poland_BKG.SG,FernandesScientificReports2018,Poland,Central Europe,50.67,21.38,-4333,-4246,-4058,(Poz-77330:5380±35),-5000 - -4000
I4437,F,Latvia_MN,MathiesonNature2018,Latvia,Other region,56.283,25.133,-4328,-4234,-4056,(PSUAMS-2234:5370±30),-5000 - -4000
I1634,M,Armenia_C,LazaridisNature2016,Armenia,Other region,39.73,45.2,-4328,-4219,-4055,(OxA-19331:5366±31),-5000 - -4000
Donkalnis1,F,Lithuania_EMN_Narva_o,MittnikNatureCommunications2018,Lithuania,Other region,55.808,24.422,-5500,-4200,-2900,,-5000 - -4000
Kretuonas2,M,Lithuania_EMN_Narva,MittnikNatureCommunications2018,Lithuania,Other region,55.26,26.098,-5500,-4200,-2900,,-5000 - -4000
Kretuonas4,F,Lithuania_EMN_Narva,MittnikNatureCommunications2018,Lithuania,Other region,55.26,26.098,-5500,-4200,-2900,,-5000 - -4000
I11929,F,Hungary_MN_AVK,HarneyCheronetGenomeResearch2021,Hungary,Southeastern Europe,47.846,21.149,-4300,-4200,-4100,,-5000 - -4000
I11933,M,Hungary_MN_AVK,HarneyCheronetGenomeResearch2021,Hungary,Southeastern Europe,47.846,21.149,-4300,-4200,-4100,,-5000 - -4000
PRI005,F,France_MN,RivollatScienceAdvance2020,France,Other region,46.15,-0.48,-4300,-4200,-4100,,-5000 - -4000
PRI006,F,France_MN,RivollatScienceAdvance2020,France,Other region,46.15,-0.48,-4300,-4200,-4100,,-5000 - -4000
VLI004,F,Czech_Bohemia_Jordanow_N,PapacScienceAdvances2021,Czech Republic,Central Europe,50.366,14.447,-4324,-4188,-4054,(KIA-40232:5357±27),-5000 - -4000
NOE002,M,Italy_Sardinia_N,MarcusNatureCommunications2020,Italy,Italy,40.666,8.593,-4323,-4182,-4053,(MAMS-39527:5352±32),-5000 - -4000
N31.SG,F,Poland_BKG.SG,FernandesScientificReports2018,Poland,Central Europe,52.61,18.8,-4325,-4181,-4050,(Poz-77356:5350±40),-5000 - -4000
Kretuonas1,F,Lithuania_EMN_Narva,MittnikNatureCommunications2018,Lithuania,Other region,55.26,26.098,-4450,-4174,-3814,(OxA-5935:5350±130),-5000 - -4000
BERG157-7.SG,M,France_GrandEst_MN.SG,BrunelPNAS2020,France,Other region,43.218,2.413,-4317,-4165,-4050,(Poz-53888:5335±35),-5000 - -4000
I4436,M,Latvia_MN_o2,MathiesonNature2018,Latvia,Other region,56.283,25.133,-4316,-4164,-4051,(PSUAMS-2233:5335±30),-5000 - -4000
I7550,F,Spain_MLN,OlaldeScience2019,Spain,Iberia,36.445,-6.21,-4700,-4150,-3600,,-5000 - -4000
I8134,F,Spain_MLN,OlaldeScience2019,Spain,Iberia,36.445,-6.21,-4700,-4150,-3600,,-5000 - -4000
I1631,F,Armenia_C,LazaridisNature2016,Armenia,Other region,39.73,45.2,-4309,-4141,-4049,(OxA-19332:5323±30),-5000 - -4000
I10293,F,Croatia_C_Lasinja,NovakPLoSOne2021,Croatia,Southeastern Europe,45.448,17.639,-4313,-4138,-3996,(Beta-233123:5310±40),-5000 - -4000
SID005,M,Italy_Sardinia_N,MarcusNatureCommunications2020,Italy,Italy,40.624,8.637,-4307,-4136,-4047,(MAMS-39532:5316±31),-5000 - -4000
NOE001,M,Italy_Sardinia_N,MarcusNatureCommunications2020,Italy,Italy,40.666,8.593,-4244,-4134,-4000,(MAMS-39526:5307±32),-5000 - -4000
GRG032,F,France_MN,RivollatScienceAdvance2020,France,Central Europe,47.97,3.56,-4309,-4134,-3993,(Ly-12933:5303±40),-5000 - -4000
I7042,M,Hungary_MN,OlaldeNature2018,Hungary,Southeastern Europe,47.43,19.052,-4237,-4132,-4046,(PSUAMS-4035:5300±25),-5000 - -4000
I1909,F,Hungary_C_Balaton_Lasinja,LipsonNature2017,Hungary,Southeastern Europe,45.993,18.581,-4236,-4132,-4046,(MAMS-14132:5300±23),-5000 - -4000
PG2004,M,Russia_Steppe_Eneolithic,WangNatureCommunications2019,Russia,Western Pontic Steppe,43.823,43.35,-4237,-4132,-4047,(MAMS-11210:5304±25),-5000 - -4000
TUC007,F,Czech_Bohemia_Jordanow_N,PapacScienceAdvances2021,Czech Republic,Central Europe,50.138,14.273,-4233,-4132,-3997,(MAMS-41356:5288±25),-5000 - -4000
I10052,F,Croatia_C_Lasinja,NovakPLoSOne2021,Croatia,Southeastern Europe,45.448,17.639,-4243,-4131,-4051,(UCIAMS-140250:5325±20),-5000 - -4000
NER001,M,Czech_Bohemia_Jordanow_N,PapacScienceAdvances2021,Czech Republic,Central Europe,50.268,14.523,-4233,-4131,-3994,(MAMS-45790:5284±27),-5000 - -4000
I1632,M,Armenia_C,LazaridisNature2016,Armenia,Other region,39.73,45.2,-4234,-4130,-3993,(OxA-18599:5285±29),-5000 - -4000
N28.SG,M,Poland_BKG.SG,FernandesScientificReports2018,Poland,Central Europe,52.61,18.8,-4251,-4124,-3996,,-5000 - -4000
I4627,M,Latvia_MN,MathiesonNature2018,Latvia,Other region,56.283,25.133,-4309,-4122,-3978,(Ua-3639:5280±55),-5000 - -4000
BLP10.SG,M,France_HautsDeFrance_MN.SG,BrunelPNAS2020,France,Central Europe,49.392,3.736,-4236,-4119,-3985,(GrA-3117:5275±40),-5000 - -4000
I4189,F,Hungary_C_Balaton_Lasinja,LipsonNature2017,Hungary,Southeastern Europe,46.205,18.73,-4300,-4100,-3900,,-5000 - -4000
I1908,F,Hungary_C_Balaton_Lasinja,LipsonNature2017,Hungary,Southeastern Europe,46.71,17.239,-4300,-4100,-3900,,-5000 - -4000
I10045,M,Croatia_C_Lasinja,NovakPLoSOne2021,Croatia,Southeastern Europe,45.448,17.639,-4300,-4100,-3900,,-5000 - -4000
I10047,M,Croatia_C_Lasinja,NovakPLoSOne2021,Croatia,Southeastern Europe,45.448,17.639,-4300,-4100,-3900,,-5000 - -4000
I10048,M,Croatia_C_Lasinja,NovakPLoSOne2021,Croatia,Southeastern Europe,45.448,17.639,-4300,-4100,-3900,,-5000 - -4000
I10049,M,Croatia_C_Lasinja,NovakPLoSOne2021,Croatia,Southeastern Europe,45.448,17.639,-4300,-4100,-3900,,-5000 - -4000
I10050,F,Croatia_C_Lasinja,NovakPLoSOne2021,Croatia,Southeastern Europe,45.448,17.639,-4300,-4100,-3900,,-5000 - -4000
I10053,M,Croatia_C_Lasinja,NovakPLoSOne2021,Croatia,Southeastern Europe,45.448,17.639,-4300,-4100,-3900,,-5000 - -4000
I10055,F,Croatia_N_Lasinja,NovakPLoSOne2021,Croatia,Southeastern Europe,45.448,17.639,-4300,-4100,-3900,,-5000 - -4000
I10056,F,Croatia_C_Lasinja,NovakPLoSOne2021,Croatia,Southeastern Europe,45.448,17.639,-4300,-4100,-3900,,-5000 - -4000
I10057,F,Croatia_C_Lasinja,NovakPLoSOne2021,Croatia,Southeastern Europe,45.448,17.639,-4300,-4100,-3900,,-5000 - -4000
I10062,M,Croatia_C_Lasinja,NovakPLoSOne2021,Croatia,Southeastern Europe,45.448,17.639,-4300,-4100,-3900,,-5000 - -4000
I10063,M,Croatia_C_Lasinja,NovakPLoSOne2021,Croatia,Southeastern Europe,45.448,17.639,-4300,-4100,-3900,,-5000 - -4000
I10064,F,Croatia_C_Lasinja,NovakPLoSOne2021,Croatia,Southeastern Europe,45.448,17.639,-4300,-4100,-3900,,-5000 - -4000
I10065,F,Croatia_C_Lasinja,NovakPLoSOne2021,Croatia,Southeastern Europe,45.448,17.639,-4300,-4100,-3900,,-5000 - -4000
I10069,F,Croatia_C_Lasinja,NovakPLoSOne2021,Croatia,Southeastern Europe,45.448,17.639,-4300,-4100,-3900,,-5000 - -4000
I10071,F,Croatia_C_Lasinja,NovakPLoSOne2021,Croatia,Southeastern Europe,45.448,17.639,-4300,-4100,-3900,,-5000 - -4000
I10072,M,Croatia_C_Lasinja,NovakPLoSOne2021,Croatia,Southeastern Europe,45.448,17.639,-4300,-4100,-3900,,-5000 - -4000
I10271,M,Croatia_C_Lasinja,NovakPLoSOne2021,Croatia,Southeastern Europe,45.448,17.639,-4300,-4100,-3900,,-5000 - -4000
I10273,F,Croatia_C_Lasinja,NovakPLoSOne2021,Croatia,Southeastern Europe,45.448,17.639,-4300,-4100,-3900,,-5000 - -4000
I10275,F,Croatia_C_Lasinja,NovakPLoSOne2021,Croatia,Southeastern Europe,45.448,17.639,-4300,-4100,-3900,,-5000 - -4000
I10291,F,Croatia_C_Lasinja,NovakPLoSOne2021,Croatia,Southeastern Europe,45.448,17.639,-4300,-4100,-3900,,-5000 - -4000
I10299,F,Croatia_C_Lasinja,NovakPLoSOne2021,Croatia,Southeastern Europe,45.448,17.639,-4300,-4100,-3900,,-5000 - -4000
I10303,F,Croatia_C_Lasinja,NovakPLoSOne2021,Croatia,Southeastern Europe,45.448,17.639,-4300,-4100,-3900,,-5000 - -4000
I10046,M,Croatia_C_Lasinja,NovakPLoSOne2021,Croatia,Southeastern Europe,45.448,17.639,-4300,-4100,-3900,,-5000 - -4000
I10054,M,Croatia_C_Lasinja,NovakPLoSOne2021,Croatia,Southeastern Europe,45.448,17.639,-4300,-4100,-3900,,-5000 - -4000
I10070,F,Croatia_C_Lasinja,NovakPLoSOne2021,Croatia,Southeastern Europe,45.448,17.639,-4300,-4100,-3900,,-5000 - -4000
I10274,M,Croatia_C_Lasinja,NovakPLoSOne2021,Croatia,Southeastern Europe,45.448,17.639,-4300,-4100,-3900,,-5000 - -4000
I10294,M,Croatia_C_Lasinja,NovakPLoSOne2021,Croatia,Southeastern Europe,45.448,17.639,-4300,-4100,-3900,,-5000 - -4000
I10297,F,Croatia_C_Lasinja,NovakPLoSOne2021,Croatia,Southeastern Europe,45.448,17.639,-4300,-4100,-3900,,-5000 - -4000
N42.SG,F,Poland_BKG_o1.SG,FernandesScientificReports2018,Poland,Central Europe,52.61,18.8,-4231,-4100,-3980,(Poz-77357:5260±40),-5000 - -4000
BERG157-2.SG,F,France_GrandEst_MN.SG,BrunelPNAS2020,France,Other region,43.218,2.413,-4300,-4100,-3900,,-5000 - -4000
I1409,F,Armenia_C,LazaridisNature2016,Armenia,Other region,39.73,45.2,-4228,-4099,-3984,(Poz-81110:5260±30),-5000 - -4000
I7187,M,Czech_C_Baalberge,PapacScienceAdvances2021,Czech Republic,Central Europe,50.146,14.221,-4225,-4098,-3986,(PSUAMS-4404:5260±20),-5000 - -4000
I10272,F,Croatia_C_Lasinja,NovakPLoSOne2021,Croatia,Southeastern Europe,45.448,17.639,-4227,-4046,-3967,(Beta-233122:5240±40),-5000 - -4000
I2783,M,Hungary_Hunyadihalom_MCHA,LipsonNature2017,Hungary,Southeastern Europe,46.335,19.054,-4226,-4035,-3961,(Poz-83638:5230±40),-5000 - -4000
SRA62.SG,M,Ireland_Mesolithic.SG,CassidyNature2020,Ireland,Britain and Ireland,54.297,-8.336,-4224,-4028,-3960,(UB-15772:5227±36),-5000 - -4000
I4435,F,Latvia_MN_o3,MathiesonNature2018,Latvia,Other region,56.283,25.133,-4211,-4016,-3958,(PSUAMS-2232:5210±30),-5000 - -4000
FLR002,M,France_MN,RivollatScienceAdvance2020,France,Other region,49.19,-0.38,-4211,-4016,-3958,(Beta-416654:5210±30),-5000 - -4000
I15946,M,Italy_Sardinia_N,FernandesNatureEcologyEvolution2020,Italy,Italy,40.627,8.323,-4157,-4013,-3957,(PSUAMS-6699:5205±30),-5000 - -4000
LugarCanto41.SG,F,Portugal_MN.SG,MartinianoPLoSGenetics2017,Portugal,Iberia,39.414,-8.822,-4500,-4000,-3500,,-5000 - -4000
LugarCanto42.SG,F,Portugal_MN.SG,MartinianoPLoSGenetics2017,Portugal,Iberia,39.414,-8.822,-4500,-4000,-3500,,-5000 - -4000
LugarCanto44.SG,F,Portugal_MN.SG,MartinianoPLoSGenetics2017,Portugal,Iberia,39.414,-8.822,-4500,-4000,-3500,,-5000 - -4000
LugarCanto45.SG,M,Portugal_MN.SG,MartinianoPLoSGenetics2017,Portugal,Iberia,39.414,-8.822,-4500,-4000,-3500,,-5000 - -4000
I0644,F,Israel_C,HarneyMayNatureCommunications2018,Israel,Other region,32.974,35.331,-4500,-4000,-3500,,-5000 - -4000
I1177_published,F,Israel_C_published,HarneyMayNatureCommunications2018,Israel,Other region,32.974,35.331,-4500,-4000,-3500,,-5000 - -4000
I1155_published,M,Israel_C_published,HarneyMayNatureCommunications2018,Israel,Other region,32.974,35.331,-4500,-4000,-3500,,-5000 - -4000
I1181_published,F,Israel_C_published,HarneyMayNatureCommunications2018,Israel,Other region,32.974,35.331,-4500,-4000,-3500,,-5000 - -4000
I1172,M,Israel_C,HarneyMayNatureCommunications2018,Israel,Other region,32.974,35.331,-4500,-4000,-3500,,-5000 - -4000
I1187,M,Israel_C,HarneyMayNatureCommunications2018,Israel,Other region,32.974,35.331,-4500,-4000,-3500,,-5000 - -4000
I1171,M,Israel_C,HarneyMayNatureCommunications2018,Israel,Other region,32.974,35.331,-4500,-4000,-3500,,-5000 - -4000
I1164,F,Israel_C,HarneyMayNatureCommunications2018,Israel,Other region,32.974,35.331,-4500,-4000,-3500,,-5000 - -4000
I1184,F,Israel_C,HarneyMayNatureCommunications2018,Israel,Other region,32.974,35.331,-4500,-4000,-3500,,-5000 - -4000
I1179,F,Israel_C,HarneyMayNatureCommunications2018,Israel,Other region,32.974,35.331,-4500,-4000,-3500,,-5000 - -4000
I1182,F,Israel_C,HarneyMayNatureCommunications2018,Israel,Other region,32.974,35.331,-4500,-4000,-3500,,-5000 - -4000
I1170,M,Israel_C,HarneyMayNatureCommunications2018,Israel,Other region,32.974,35.331,-4500,-4000,-3500,,-5000 - -4000
I1168,F,Israel_C,HarneyMayNatureCommunications2018,Israel,Other region,32.974,35.331,-4500,-4000,-3500,,-5000 - -4000
I1152,F,Israel_C,HarneyMayNatureCommunications2018,Israel,Other region,32.974,35.331,-4500,-4000,-3500,,-5000 - -4000
I1178,M,Israel_C,HarneyMayNatureCommunications2018,Israel,Other region,32.974,35.331,-4500,-4000,-3500,,-5000 - -4000
I1165,M,Israel_C,HarneyMayNatureCommunications2018,Israel,Other region,32.974,35.331,-4500,-4000,-3500,,-5000 - -4000
I1169,F,Israel_C,HarneyMayNatureCommunications2018,Israel,Other region,32.974,35.331,-4500,-4000,-3500,,-5000 - -4000
I1154,F,Israel_C,HarneyMayNatureCommunications2018,Israel,Other region,32.974,35.331,-4500,-4000,-3500,,-5000 - -4000
I7549,F,Spain_MLN,OlaldeScience2019,Spain,Iberia,36.445,-6.21,-4300,-4000,-3700,,-5000 - -4000
I7547,F,Spain_MLN,OlaldeScience2019,Spain,Iberia,36.445,-6.21,-4300,-4000,-3700,,-5000 - -4000
I7679_published,F,Spain_MLN_published,OlaldeScience2019,Spain,Iberia,36.445,-6.21,-4300,-4000,-3700,,-5000 - -4000
I11902,M,Romania_C_Bodrogkeresztur,HarneyCheronetGenomeResearch2021,Romania,Southeastern Europe,47.747,22.395,-4500,-4000,-3500,,-5000 - -4000
I11906,M,Romania_C_Bodrogkeresztur,HarneyCheronetGenomeResearch2021,Romania,Southeastern Europe,47.747,22.395,-4500,-4000,-3500,,-5000 - -4000
Latvia_MN2.SG,F,Latvia_MN_Comb_Ware.SG,JonesCurrentBiology2017,Latvia,Other region,56.283,25.133,-4228,-3994,-3798,(Ua-19813:5180±65),-4000 - -3000
I4554,F,Latvia_MN_o3,MathiesonNature2018,Latvia,Other region,56.283,25.133,-4047,-3988,-3949,(PSUAMS-2237:5180±30),-4000 - -3000
I2318,F,Greece_Peloponnese_N,MathiesonNature2018,Greece,Other region,37.423,23.132,-4046,-3980,-3818,(Poz-81125:5170±30),-4000 - -3000
BERG02-2.SG,F,France_GrandEst_MN.SG,BrunelPNAS2020,France,Other region,43.218,2.413,-4038,-3948,-3802,(Poz-53879:5135±35),-4000 - -3000
I3709,F,Greece_Peloponnese_N,MathiesonNature2018,Greece,Other region,36.638,22.382,-4035,-3945,-3803,(UCIAMS-186358:5130±30),-4000 - -3000
I1407,M,Armenia_C,LazaridisNature2016,Armenia,Other region,39.73,45.2,-4350,-3925,-3500,,-4000 - -3000
I14173,M,Czech_C_Baalberge,PapacScienceAdvances2021,Czech Republic,Central Europe,50.146,14.221,-4300,-3900,-3500,,-4000 - -3000
I14171,F,Czech_C_Baalberge,PapacScienceAdvances2021,Czech Republic,Central Europe,50.146,14.221,-4300,-3900,-3500,,-4000 - -3000
I14172,F,Czech_C_Baalberge,PapacScienceAdvances2021,Czech Republic,Central Europe,50.146,14.221,-4300,-3900,-3500,,-4000 - -3000
I14167,M,Czech_C_Baalberge,PapacScienceAdvances2021,Czech Republic,Central Europe,50.146,14.221,-4300,-3900,-3500,,-4000 - -3000
I14175,F,Czech_C_Baalberge,PapacScienceAdvances2021,Czech Republic,Central Europe,50.146,14.221,-4300,-3900,-3500,,-4000 - -3000
I14170,M,Czech_C_Baalberge,PapacScienceAdvances2021,Czech Republic,Central Europe,50.146,14.221,-4300,-3900,-3500,,-4000 - -3000
I14169,M,Czech_C_Baalberge,PapacScienceAdvances2021,Czech Republic,Central Europe,50.146,14.221,-4300,-3900,-3500,,-4000 - -3000
I14168,F,Czech_C_Baalberge_o2,PapacScienceAdvances2021,Czech Republic,Central Europe,50.146,14.221,-4300,-3900,-3500,,-4000 - -3000
I14174,M,Czech_C_Baalberge,PapacScienceAdvances2021,Czech Republic,Central Europe,50.146,14.221,-4300,-3900,-3500,,-4000 - -3000
I16122,F,Czech_C_Baalberge,PapacScienceAdvances2021,Czech Republic,Central Europe,50.146,14.221,-4300,-3900,-3500,,-4000 - -3000
I16121,F,Czech_C_Baalberge,PapacScienceAdvances2021,Czech Republic,Central Europe,50.146,14.221,-4300,-3900,-3500,,-4000 - -3000
SUC008,F,Italy_Sardinia_N,MarcusNatureCommunications2020,Italy,Italy,40.81,8.444,-3945,-3881,-3778,(MAMS-38301:5042±21),-4000 - -3000
ELT006_merged,M,Spain_MLN,VillalbaMoucoCurrentBiology2019,Spain,Iberia,42.5,0.5,-3947,-3879,-3715,(MAMS-16165:5035±23),-4000 - -3000
I16168,M,Italy_Sardinia_N,FernandesNatureEcologyEvolution2020,Italy,Italy,40.627,8.323,-3947,-3876,-3714,(PSUAMS-6926:5035±25),-4000 - -3000
I2657,M,Scotland_N,OlaldeNature2018,United Kingdom,Britain and Ireland,56.42,-5.472,-3953,-3871,-3773,(SUERC-68701:5052±30),-4000 - -3000
I1665,F,Iran_C_SehGabi,LazaridisNature2016,Iran,Other region,34.5,47.96,-3954,-3867,-3792,(Poz-81106:5070±30),-4000 - -3000
I7643,M,Spain_MLN,OlaldeScience2019,Spain,Iberia,38.702,-0.486,-3951,-3867,-3713,(MAMS-16344:5040±33),-4000 - -3000
I1674,M,Iran_C_SehGabi,LazaridisNature2016,Iran,Other region,34.5,47.96,-3976,-3866,-3797,(Poz-81108:5105±35),-4000 - -3000
IKI024,M,Turkey_Ikiztepe_LateC,SkourtaniontiCell2020,Turkey,Other region,41.614,35.871,-3957,-3862,-3796,(MAMS-40678:5080±27),-4000 - -3000
BRZ001,M,Czech_Bohemia_Jordanow_Michelsberg_N,PapacScienceAdvances2021,Czech Republic,Central Europe,50.358,13.744,-3955,-3862,-3797,(MAMS-41371:5078±25),-4000 - -3000
I15945,F,Italy_Sardinia_N,FernandesNatureEcologyEvolution2020,Italy,Italy,40.627,8.323,-3966,-3861,-3797,(PSUAMS-6936:5095±30),-4000 - -3000
I0807,M,Germany_MN_Baalberge,MathiesonNature2015,Germany,Central Europe,51.42,11.68,-3975,-3855,-3659,(Erl-7784:5061±62),-4000 - -3000
I6760_all.SG,M,England_N_all.SG,BraceDiekmannNatureEcologyEvolution2019,United Kingdom,Britain and Ireland,51.843,-1.85,-3945,-3833,-3709,(OxA-17173:5023±34),-4000 - -3000
I1584_all,F,Turkey_C,LazaridisNature2016,Turkey,Other region,40.3,29.56,-3945,-3802,-3660,(OxA-32776:5016±31),-4000 - -3000
ART042,M,Turkey_Arslantepe_LateC,SkourtaniontiCell2020,Turkey,Other region,38.382,38.361,-3944,-3797,-3659,(MAMS-34119:5014±29),-4000 - -3000
Kvarlov5164,F,Sweden_TRB_MN,MittnikNatureCommunications2018,Sweden,Other region,61.658,17.004,-3945,-3796,-3647,,-4000 - -3000
ELT002_merged,M,Spain_MLN,VillalbaMoucoCurrentBiology2019,Spain,Iberia,42.5,0.5,-3939,-3785,-3660,(MAMS-16160:5008±23),-4000 - -3000
I16166,M,Italy_Sardinia_N,FernandesNatureEcologyEvolution2020,Italy,Italy,40.411,8.64,-3939,-3780,-3658,(PSUAMS-6925:5005±25),-4000 - -3000
PN10_PN113.SG,F,Ireland_EN.SG,CassidyNature2020,Ireland,Britain and Ireland,53.049,-9.14,-3943,-3780,-3655,(OxA-25950:5004±31),-4000 - -3000
PN04.SG,M,Ireland_EN.SG,CassidyNature2020,Ireland,Britain and Ireland,53.049,-9.14,-3944,-3779,-3652,(UBA-38312:4999±48),-4000 - -3000
I3920,F,Greece_Peloponnese_N,MathiesonNature2018,Greece,Other region,36.638,22.382,-3937,-3772,-3657,(UCIAMS-186359:5000±25),-4000 - -3000
PN05.SG,M,Ireland_EN.SG,CassidyNature2020,Ireland,Britain and Ireland,53.049,-9.14,-3942,-3765,-3651,(UBA-38308:4992±40),-4000 - -3000
I15943_published,F,Italy_Sardinia_N_published,FernandesNatureEcologyEvolution2020,Italy,Italy,40.627,8.323,-3934,-3763,-3656,(PSUAMS-6932:4995±25),-4000 - -3000
I7186,F,Czech_C_Baalberge,PapacScienceAdvances2021,Czech Republic,Central Europe,50.146,14.221,-3931,-3755,-3655,(PSUAMS-4231:4990±25),-4000 - -3000
I0405,M,Spain_MLN,MathiesonNature2015,Spain,Iberia,41.252,-2.326,-3900,-3750,-3600,,-4000 - -3000
I0407,F,Spain_MLN,MathiesonNature2015,Spain,Iberia,41.252,-2.326,-3900,-3750,-3600,,-4000 - -3000
I0406,M,Spain_MLN,MathiesonNature2015,Spain,Iberia,41.252,-2.326,-3900,-3750,-3600,,-4000 - -3000
I6762_all.SG,M,England_N_all.SG,BraceDiekmannNatureEcologyEvolution2019,United Kingdom,Britain and Ireland,51.561,-1.446,-4000,-3750,-3500,,-4000 - -3000
KOB005,F,Czech_Bohemia_FunnelBeaker_N,PapacScienceAdvances2021,Czech Republic,Central Europe,50.009,15.231,-3930,-3749,-3654,(MAMS-45785:4986±24),-4000 - -3000
PN107.SG,M,Ireland_EN.SG,CassidyNature2020,Ireland,Britain and Ireland,53.049,-9.14,-3930,-3747,-3653,(OxA-26052:4983±30),-4000 - -3000
I2110,M,Ukraine_Eneolithic_Trypillia,MathiesonNature2018,Ukraine,Western Pontic Steppe,48.722,25.881,-3930,-3741,-3650,(OxA-26203:4976±33),-4000 - -3000
I0408,F,Spain_MLN,MathiesonNature2015,Spain,Iberia,41.252,-2.326,-3894,-3735,-3650,(Beta-316132:4970±30),-4000 - -3000
I2788,M,Hungary_LateC_Protoboleraz,LipsonNature2017,Hungary,Southeastern Europe,47.189,20.005,-3909,-3729,-3644,(VERA-5402:4960±40),-4000 - -3000
I3151_published,M,Ukraine_Eneolithic_Trypillia_published,MathiesonNature2018,Ukraine,Western Pontic Steppe,48.722,25.881,-3950,-3725,-3500,,-4000 - -3000
I16165,F,Italy_Sardinia_N,FernandesNatureEcologyEvolution2020,Italy,Italy,40.411,8.64,-3783,-3724,-3652,(PSUAMS-6924:4960±25),-4000 - -3000
prs002-ALL_DATA.SG,F,Ireland_Megalithic.SG,SanchezQuintoPNAS2019,Ireland,Britain and Ireland,54.247,-8.556,-3783,-3712,-3648,(Beta-446171:4950±30),-4000 - -3000
ALX002,M,Azerbaijan_Caucasus_lowlands_LateC,SkourtaniontiCell2020,Azerbaijan,Other region,39.361,48.461,-3774,-3708,-3651,(MAMS-40330:4950±23),-4000 - -3000
VLI006,M,Czech_Bohemia_FunnelBeaker_N,PapacScienceAdvances2021,Czech Republic,Central Europe,50.366,14.447,-3775,-3708,-3650,(MAMS-41358:4949±25),-4000 - -3000
Tamula3,M,Estonia_MN_CCC_2,MittnikNatureCommunications2018,Estonia,Other region,57.505,26.584,-3886,-3707,-3640,(Poz-10826:4940±40),-4000 - -3000
I7191,F,Czech_C_Baalberge,PapacScienceAdvances2021,Czech Republic,Central Europe,50.146,14.221,-3772,-3703,-3649,(PSUAMS-3997:4945±25),-4000 - -3000
I1926,M,Ukraine_Eneolithic_Trypillia,MathiesonNature2018,Ukraine,Western Pontic Steppe,48.722,25.881,-3905,-3701,-3634,(Beta-432808:4890±30);(OxA-25991:4985±30),-4000 - -3000
san216.SG,M,Spain_LN.SG,ValdioseraPNAS2018,Spain,Iberia,42.317,0.364,-3775,-3701,-3646,(Beta-424654:4940±30),-4000 - -3000
prs017-ALL_DATA.SG,M,Ireland_Megalithic.SG_father.prs002-ALL_DATA.SG,SanchezQuintoPNAS2019,Ireland,Britain and Ireland,54.247,-8.556,-3775,-3701,-3646,(Beta-446181:4940±30),-4000 - -3000
I2789,M,Hungary_LateC_Protoboleraz,LipsonNature2017,Hungary,Southeastern Europe,47.189,20.005,-3800,-3700,-3600,,-4000 - -3000
I6750_all.SG,M,England_N_all.SG,OlaldeNature2018,United Kingdom,Britain and Ireland,51.091,-1.728,-3800,-3700,-3600,,-4000 - -3000
I6751_all.SG,F,England_N_all.SG,OlaldeNature2018,United Kingdom,Britain and Ireland,51.091,-1.728,-3800,-3700,-3600,,-4000 - -3000
I3005,F,England_N,BraceDiekmannNatureEcologyEvolution2019,United Kingdom,Britain and Ireland,51.325,-2.753,-3779,-3699,-3643,(OxA-34336:4934±35),-4000 - -3000
ART005,F,Turkey_Arslantepe_LateC,SkourtaniontiCell2020,Turkey,Other region,38.382,38.361,-3768,-3694,-3646,(MAMS-33535:4934±27),-4000 - -3000
I1565,M,Germany_Blatterhohle_MN_oWHG,LipsonNature2017,Germany,Central Europe,51.358,7.551,-4038,-3693,-3529,(KIA-45006:4950±30);(KIA-45008:4905±25);(KIA-45007:5145±30);(KIA-37507:4845±35),-4000 - -3000
prs012-ALL_DATA.SG,M,Ireland_Megalithic.SG,SanchezQuintoPNAS2019,Ireland,Britain and Ireland,54.247,-8.556,-3769,-3693,-3644,(Beta-446178:4930±30),-4000 - -3000
prs003-ALL_DATA.SG,M,Ireland_Megalithic.SG,SanchezQuintoPNAS2019,Ireland,Britain and Ireland,54.247,-8.556,-3766,-3688,-3641,(Beta-468277:4920±30),-4000 - -3000
prs018-ALL_DATA.SG,M,Ireland_Megalithic.SG,SanchezQuintoPNAS2019,Ireland,Britain and Ireland,54.247,-8.556,-3766,-3688,-3641,(Beta-446182:4920±30),-4000 - -3000
I2633,F,Scotland_N,OlaldeNature2018,United Kingdom,Britain and Ireland,58.53,-3.603,-3766,-3686,-3638,(SUERC-68634:4911±32),-4000 - -3000
ART039,F,Turkey_Arslantepe_LateC,SkourtaniontiCell2020,Turkey,Other region,38.382,38.361,-3764,-3686,-3640,(MAMS-34116:4916±27),-4000 - -3000
I4089,M,Romania_C_Bodrogkeresztur,MathiesonNature2018,Romania,Southeastern Europe,47.747,22.395,-3763,-3685,-3640,(PSUAMS-1746:4915±25),-4000 - -3000
I2659,F,Scotland_N,OlaldeNature2018,United Kingdom,Britain and Ireland,56.41,-5.471,-3764,-3685,-3640,(SUERC-68702:4914±27),-4000 - -3000
ART004,M,Turkey_Arslantepe_LateC,SkourtaniontiCell2020,Turkey,Other region,38.382,38.361,-3762,-3683,-3638,(MAMS-33534:4906±26),-4000 - -3000
KOB002,F,Czech_Bohemia_FunnelBeaker_N,PapacScienceAdvances2021,Czech Republic,Central Europe,50.009,15.231,-3760,-3683,-3638,(MAMS-45784:4905±25),-4000 - -3000
c40331.SG,M,Spain_LN.SG,ValdioseraPNAS2018,Spain,Iberia,37.455,-4.332,-3763,-3682,-3635,(Beta-424648:4900±30),-4000 - -3000
I2790_published,F,Hungary_LateC_Protoboleraz_published,LipsonNature2017,Hungary,Southeastern Europe,47.189,20.005,-3766,-3678,-3543,(Poz-82205:4890±35),-4000 - -3000
I2111_published,M,Ukraine_Eneolithic_Trypillia_published,MathiesonNature2018,Ukraine,Western Pontic Steppe,48.722,25.881,-3763,-3675,-3542,(OxA-26204:4888±32),-4000 - -3000
I7600,F,Spain_MLN,OlaldeScience2019,Spain,Iberia,38.702,-0.486,-4000,-3675,-3350,,-4000 - -3000
I7193,F,Czech_C_Baalberge_o1,PapacScienceAdvances2021,Czech Republic,Central Europe,50.146,14.221,-3708,-3674,-3634,(PSUAMS-4234:4890±25),-4000 - -3000
kum6.SG,F,Turkey_Kumtepe_N.SG,OmrakCurrentBiology2016,Turkey,Other region,39.95,26.2,-3771,-3667,-3533,,-4000 - -3000
HOL001,F,Czech_Bohemia_FunnelBeaker_N,PapacScienceAdvances2021,Czech Republic,Central Europe,50.201,14.29,-3765,-3659,-3534,(CRL-15611:4879±36),-4000 - -3000
I7646,F,Spain_MLN,OlaldeScience2019,Spain,Iberia,38.702,-0.486,-3709,-3653,-3539,(MAMS-16339:4880±28),-4000 - -3000
ASH3.SG,M,Ireland_EN_MN.SG,CassidyNature2020,Ireland,Britain and Ireland,52.931,-8.187,-3763,-3653,-3533,(UBA-38310:4876±34),-4000 - -3000
I2691,M,Scotland_N_mediumlowEEF,OlaldeNature2018,United Kingdom,Britain and Ireland,56.41,-5.471,-3707,-3652,-3632,(SUERC-68704:4881±25),-4000 - -3000
I5359,M,Wales_N,OlaldeNature2018,United Kingdom,Britain and Ireland,51.451,-3.308,-4000,-3650,-3300,,-4000 - -3000
I5370,F,Scotland_N,OlaldeNature2018,United Kingdom,Britain and Ireland,56.415,-5.469,-4000,-3650,-3300,,-4000 - -3000
I5371,F,Scotland_N,OlaldeNature2018,United Kingdom,Britain and Ireland,56.415,-5.469,-4000,-3650,-3300,,-4000 - -3000
KOB003,M,Czech_Bohemia_FunnelBeaker_N,PapacScienceAdvances2021,Czech Republic,Central Europe,50.009,15.231,-3800,-3650,-3500,,-4000 - -3000
KOB004,F,Czech_Bohemia_FunnelBeaker_N,PapacScienceAdvances2021,Czech Republic,Central Europe,50.009,15.231,-3800,-3650,-3500,,-4000 - -3000
I7188,F,Czech_C_Baalberge,PapacScienceAdvances2021,Czech Republic,Central Europe,50.146,14.221,-3703,-3649,-3635,(PSUAMS-4232:4880±20),-4000 - -3000
MA974.SG,F,Estonia_N_CombCeramic.SG,SaagCurrentBiology2017,Estonia,Other region,59.45,28.08,-3786,-3641,-3516,(CAMS-6266:4860±60),-4000 - -3000
OSS001,F,Russia_Caucasus_Maikop,WangNatureCommunications2019,Russia,Western Pontic Steppe,43.084,44.633,-3701,-3641,-3535,(MAMS-29813:4857±23),-4000 - -3000
I2796_published,M,Scotland_N_published,OlaldeNature2018,United Kingdom,Britain and Ireland,59.31,-2.941,-3706,-3639,-3529,(SUERC-69074:4856±33),-4000 - -3000
PN13.SG,M,Ireland_EN_MN.SG,CassidyNature2020,Ireland,Britain and Ireland,53.049,-9.14,-3706,-3638,-3529,(UBA-39199:4854±33),-4000 - -3000
I2634,M,Scotland_N,OlaldeNature2018,United Kingdom,Britain and Ireland,58.54,-3.598,-3705,-3636,-3528,(SUERC-68638:4851±34),-4000 - -3000
PB357.SG,F,Ireland_EN_MN.SG,CassidyNature2020,Ireland,Britain and Ireland,52.985,-9.111,-3779,-3634,-3381,(UBA-38307:4762±37);(UBA-39192:4917±40),-4000 - -3000
PN112.SG,M,Ireland_EN_MN.SG,CassidyNature2020,Ireland,Britain and Ireland,53.049,-9.14,-3701,-3634,-3529,(OxA-25949:4845±29),-4000 - -3000
I7192,M,Czech_C_Baalberge,PapacScienceAdvances2021,Czech Republic,Central Europe,50.146,14.221,-3695,-3632,-3529,(PSUAMS-3879:4840±25),-4000 - -3000
I6677,M,Czech_Baalberge,NarasimhanPattersonScience2019,Czech Republic,Central Europe,50.548,13.776,-3800,-3600,-3400,,-4000 - -3000
I14176,M,Czech_C_Baalberge,PapacScienceAdvances2021,Czech Republic,Central Europe,50.146,14.221,-3700,-3600,-3500,,-4000 - -3000
PN02.SG,M,Ireland_EN_MN.SG,CassidyNature2020,Ireland,Britain and Ireland,53.049,-9.14,-3705,-3593,-3519,(UBA-38313:4834±45),-4000 - -3000
I7189,F,Czech_C_Baalberge,PapacScienceAdvances2021,Czech Republic,Central Europe,50.146,14.221,-3631,-3580,-3522,(PSUAMS-4233:4765±20),-4000 - -3000
I7644,M,Spain_MLN,OlaldeScience2019,Spain,Iberia,38.702,-0.486,-3632,-3580,-3385,(MAMS-16353:4760±22),-4000 - -3000
CBT004,F,Turkey_CamlibelTarlasi_LateC,SkourtaniontiCell2020,Turkey,Other region,40.02,34.586,-3631,-3580,-3522,(MAMS-41628:4765±20),-4000 - -3000
I7194,F,Czech_C_Baalberge,PapacScienceAdvances2021,Czech Republic,Central Europe,50.146,14.221,-3631,-3578,-3524,(PSUAMS-4235:4770±20),-4000 - -3000
prs016-ALL_DATA.SG,M,Ireland_Megalithic.SG,SanchezQuintoPNAS2019,Ireland,Britain and Ireland,54.247,-8.556,-3649,-3577,-3528,(Beta-446180:4830±30),-4000 - -3000
I3033_all.SG,F,Wales_N_all.SG,BraceDiekmannNatureEcologyEvolution2019,United Kingdom,Britain and Ireland,51.633,-4.693,-3699,-3577,-3517,(UBA-32284:4819±42),-4000 - -3000
BRZ002,F,Czech_Bohemia_FunnelBeaker_N,PapacScienceAdvances2021,Czech Republic,Central Europe,50.358,13.744,-3635,-3576,-3387,(MAMS-41372:4768±26),-4000 - -3000
I6761.SG,F,England_N.SG,OlaldeNature2018,United Kingdom,Britain and Ireland,50.829,-0.113,-3650,-3575,-3500,,-4000 - -3000
CBT014,M,Turkey_CamlibelTarlasi_LateC,SkourtaniontiCell2020,Turkey,Other region,40.02,34.586,-3635,-3575,-3385,(MAMS-41632:4767±28),-4000 - -3000
CBT016,F,Turkey_CamlibelTarlasi_LateC,SkourtaniontiCell2020,Turkey,Other region,40.02,34.586,-3648,-3575,-3528,(MAMS-41634:4828±29),-4000 - -3000
ANN2.SG,M,Ireland_MN.SG,CassidyNature2020,Ireland,Britain and Ireland,52.676,-8.455,-3705,-3575,-3377,(GrA-1707:4810±60),-4000 - -3000
I3135,M,Scotland_N_mediumlowEEF,OlaldeNature2018,United Kingdom,Britain and Ireland,56.403,-5.478,-3636,-3574,-3385,(PSUAMS-2068:4770±30),-4000 - -3000
I3068,M,England_N,OlaldeNature2018,United Kingdom,Britain and Ireland,53.08,-1.641,-3646,-3574,-3527,(UBA-29003:4820±34),-4000 - -3000
prs010-ALL_DATA.SG,M,Ireland_Megalithic.SG,SanchezQuintoPNAS2019,Ireland,Britain and Ireland,54.247,-8.556,-3638,-3574,-3518,(Beta-446176:4780±30),-4000 - -3000
I6746_all.SG,F,England_N_all.SG,BraceDiekmannNatureEcologyEvolution2019,United Kingdom,Britain and Ireland,51.325,-2.753,-3695,-3574,-3383,(UBA-30800:4809±45),-4000 - -3000
I5366,F,England_N,OlaldeNature2018,United Kingdom,Britain and Ireland,50.861,-0.399,-3638,-3573,-3384,(OxA-34470:4775±34),-4000 - -3000
I2791_published,M,Hungary_LateC_Protoboleraz_published,LipsonNature2017,Hungary,Southeastern Europe,47.189,20.005,-3647,-3573,-3385,(Poz-82206:4800±40),-4000 - -3000
I2635,M,Scotland_N,OlaldeNature2018,United Kingdom,Britain and Ireland,58.53,-3.603,-3645,-3572,-3415,(SUERC-68639:4796±37),-4000 - -3000
I6747_all.SG,M,England_N_all.SG,BraceDiekmannNatureEcologyEvolution2019,United Kingdom,Britain and Ireland,53.08,-1.641,-3642,-3572,-3525,(UB-29004:4808±35),-4000 - -3000
CBT015,M,Turkey_CamlibelTarlasi_LateC,SkourtaniontiCell2020,Turkey,Other region,40.02,34.586,-3635,-3572,-3525,(MAMS-41633:4787±28),-4000 - -3000
I6755_all.SG,M,England_N_all.SG,BraceDiekmannNatureEcologyEvolution2019,United Kingdom,Britain and Ireland,54.074,-2.287,-3641,-3571,-3527,(OxA-13539:4808±32),-4000 - -3000
I6759.SG,M,England_N.SG,OlaldeNature2018,United Kingdom,Britain and Ireland,54.074,-2.287,-3639,-3571,-3527,,-4000 - -3000
CH448.SG,M,Ireland_MN.SG,CassidyNature2020,Ireland,Britain and Ireland,54.055,-7.027,-3644,-3571,-3383,(UBA-35070:4790±41),-4000 - -3000
IKI037,M,Turkey_Ikiztepe_LateC,SkourtaniontiCell2020,Turkey,Other region,41.614,35.871,-3631,-3568,-3380,(MAMS-40682:4748±29),-4000 - -3000
I0559,M,Germany_MN_Baalberge,MathiesonNature2015,Germany,Central Europe,51.792,11.142,-3643,-3567,-3528,(MAMS-22818:4815±26),-4000 - -3000
ASH1.SG,M,Ireland_MN.SG,CassidyNature2020,Ireland,Britain and Ireland,52.931,-8.187,-3637,-3566,-3380,(GrN-11036:4765±40),-4000 - -3000
I2650,M,Scotland_N,OlaldeNature2018,United Kingdom,Britain and Ireland,59.35,-2.873,-3634,-3565,-3379,(SUERC-68642:4754±36),-4000 - -3000
I7601,M,Spain_MLN,OlaldeScience2019,Spain,Iberia,38.702,-0.486,-3641,-3563,-3528,(MAMS-16354:4810±22),-4000 - -3000
N19.SG,F,Poland_TRB_o.SG,FernandesScientificReports2018,Poland,Central Europe,52.62,18.96,-3633,-3563,-3379,(Poz-71309:4750±35),-4000 - -3000
WET370.SG,M,France_GrandEst_MN.SG,BrunelPNAS2020,France,Central Europe,48.058,7.3,-3639,-3562,-3378,(LTL-18703:4764±45),-4000 - -3000
I6757.SG,M,England_N.SG,BraceDiekmannNatureEcologyEvolution2019,United Kingdom,Britain and Ireland,54.082,-2.274,-3640,-3561,-3377,(UBA-32285:4766±48),-4000 - -3000
IKI038,F,Turkey_Ikiztepe_LateC,SkourtaniontiCell2020,Turkey,Other region,41.614,35.871,-3630,-3557,-3379,(MAMS-40683:4738±26),-4000 - -3000
MA975.SG,M,Estonia_N_CombCeramic.SG,SaagCurrentBiology2017,Estonia,Other region,59.45,28.08,-3644,-3555,-3375,(CAMS-6265:4770±60),-4000 - -3000
prs006-ALL_DATA.SG,F,Ireland_Megalithic.SG,SanchezQuintoPNAS2019,Ireland,Britain and Ireland,54.247,-8.556,-3631,-3555,-3378,(Beta-446177:4740±30),-4000 - -3000
PB1794.SG,F,Ireland_MN.SG,CassidyNature2020,Ireland,Britain and Ireland,52.985,-9.111,-3640,-3555,-3377,(UBA-39197:4764±54),-4000 - -3000
PB768.SG,M,Ireland_MN.SG,CassidyNature2020,Ireland,Britain and Ireland,52.985,-9.111,-3637,-3541,-3375,(UBA-38309:4751±55),-4000 - -3000
PB443.SG,M,Ireland_MN.SG,CassidyNature2020,Ireland,Britain and Ireland,52.985,-9.111,-3631,-3539,-3377,(UBA-38303:4739±35),-4000 - -3000
I0560,F,Germany_MN_Baalberge,MathiesonNature2015,Germany,Central Europe,51.792,11.142,-3635,-3535,-3375,(Erl-7856:4745±52),-4000 - -3000
CBT010,F,Turkey_CamlibelTarlasi_LateC,SkourtaniontiCell2020,Turkey,Other region,40.02,34.586,-3590,-3530,-3470,,-4000 - -3000
CBT011,F,Turkey_CamlibelTarlasi_LateC,SkourtaniontiCell2020,Turkey,Other region,40.02,34.586,-3590,-3530,-3470,,-4000 - -3000
N20.SG,M,Poland_TRB.SG,FernandesScientificReports2018,Poland,Central Europe,52.62,18.96,-3630,-3529,-3377,(Poz-71315:4735±35),-4000 - -3000
BG72.SG,M,Ireland_MN.SG,CassidyNature2020,Ireland,Britain and Ireland,52.807,-6.823,-3630,-3529,-3377,(GrN-11362:4735±35),-4000 - -3000
I1593,M,Germany_Blatterhohle_MN,LipsonNature2017,Germany,Central Europe,51.358,7.551,-3957,-3523,-3342,(KIA-28845:4615±30);(KIA-37508:5055±35),-4000 - -3000
I1563,F,Germany_Blatterhohle_MN,LipsonNature2017,Germany,Central Europe,51.358,7.551,-3704,-3523,-3122,(KIA-28844:4580±30);(KIA-45011:4860±30);(KIA-45010:4730±25),-4000 - -3000
I3134,M,Scotland_N,OlaldeNature2018,United Kingdom,Britain and Ireland,56.403,-5.478,-3628,-3523,-3377,(PSUAMS-2155:4730±25),-4000 - -3000
PN03.SG,M,Ireland_MN.SG,CassidyNature2020,Ireland,Britain and Ireland,53.049,-9.14,-3631,-3522,-3375,(UBA-38317:4732±43),-4000 - -3000
N18.SG,F,Poland_TRB.SG,FernandesScientificReports2018,Poland,Central Europe,52.62,18.96,-3630,-3521,-3376,(Poz-71316:4730±35),-4000 - -3000
PN06.SG,M,Ireland_MN.SG,CassidyNature2020,Ireland,Britain and Ireland,53.049,-9.14,-3631,-3521,-3375,(UBA-38311:4731±42),-4000 - -3000
AY2003,F,Russia_Steppe_Maikop,WangNatureCommunications2019,Russia,Western Pontic Steppe,45.688,43.265,-3628,-3514,-3376,(OxA-16147:4726±31),-4000 - -3000
I3133,M,Scotland_N,OlaldeNature2018,United Kingdom,Britain and Ireland,56.403,-5.478,-3625,-3513,-3377,(PSUAMS-2154:4725±20),-4000 - -3000
CBT001,F,Turkey_CamlibelTarlasi_LateC,SkourtaniontiCell2020,Turkey,Other region,40.02,34.586,-3625,-3513,-3377,(MAMS-41627:4725±20),-4000 - -3000
PB672.SG,M,Ireland_MN.SG,CassidyNature2020,Ireland,Britain and Ireland,52.985,-9.111,-3631,-3502,-3361,(UBA-35067:4765±32);(UBA-39193:4636±45),-4000 - -3000
DolmenAnsiao96B.SG,M,Portugal_LN_C.SG,MartinianoPLoSGenetics2017,Portugal,Iberia,39.917,-8.433,-3700,-3500,-3300,,-4000 - -3000
I4308,F,France_MN_1,OlaldeNature2018,France,Other region,43.34,5.06,-3600,-3500,-3400,,-4000 - -3000
CBT003,F,Turkey_CamlibelTarlasi_LateC,SkourtaniontiCell2020,Turkey,Other region,40.02,34.586,-3600,-3500,-3400,,-4000 - -3000
PN16.SG,F,Ireland_MN.SG,CassidyNature2020,Ireland,Britain and Ireland,53.049,-9.14,-3628,-3500,-3373,(UBA-39202:4719±38),-4000 - -3000
I3041_all.SG,M,Scotland_N_mediumlowEEF_all.SG,BraceDiekmannNatureEcologyEvolution2019,United Kingdom,Britain and Ireland,56.415,-5.469,-3942,-3490,-3037,,-4000 - -3000
I5079,F,Croatia_N_Starcevo,MathiesonNature2018,Croatia,Southeastern Europe,45.489,17.641,-3649,-3475,-3108,(Beta-187421:4700±90),-4000 - -3000
I8568,F,Spain_MLN,OlaldeScience2019,Spain,Iberia,38.762,-0.587,-3494,-3468,-3354,(PSUAMS-4432:4615±20),-4000 - -3000
ART019,M,Turkey_Arslantepe_LateC,SkourtaniontiCell2020,Turkey,Other region,38.382,38.361,-3506,-3466,-3354,(MAMS-33544:4623±24),-4000 - -3000
I4110,F,Ukraine_Eneolithic,MathiesonNature2018,Ukraine,Western Pontic Steppe,48.914,33.765,-3509,-3465,-3354,(PSUAMS-8926:4625±25),-4000 - -3000
IKI034,F,Turkey_Ikiztepe_LateC,SkourtaniontiCell2020,Turkey,Other region,41.614,35.871,-3509,-3465,-3352,(MAMS-40680:4623±26),-4000 - -3000
I6266,M,Russia_Caucasus_Maikop_Novosvobodnaya,WangNatureCommunications2019,Russia,Western Pontic Steppe,44.385,40.395,-3503,-3464,-3348,(PSUAMS-3881:4615±25),-4000 - -3000
GB.SG,F,Romania_C_oHG.SG,GonzalesFortesCurrentBiology2017,Romania,Southeastern Europe,46.788,23.521,-3510,-3463,-3349,(MAMS-28614:4621±28),-4000 - -3000
IKI030,F,Turkey_Ikiztepe_LateC,SkourtaniontiCell2020,Turkey,Other region,41.614,35.871,-3512,-3463,-3359,(MAMS-40679:4635±26),-4000 - -3000
PB2031.SG,M,Ireland_MN.SG,CassidyNature2020,Ireland,Britain and Ireland,52.985,-9.111,-3626,-3463,-3373,(UBA-38304:4712±35),-4000 - -3000
ART022,M,Turkey_Arslantepe_LateC,SkourtaniontiCell2020,Turkey,Other region,38.382,38.361,-3639,-3462,-3136,(MAMS-33546:4681±75),-4000 - -3000
I2660,M,Scotland_N_mediumlowEEF,OlaldeNature2018,United Kingdom,Britain and Ireland,56.41,-5.471,-3512,-3461,-3356,(SUERC-68703:4631±29),-4000 - -3000
I2988,F,Scotland_N,OlaldeNature2018,United Kingdom,Britain and Ireland,55.4,-5.2,-3514,-3457,-3362,(SUERC-68711:4645±29),-4000 - -3000
ANN1.SG,M,Ireland_MN.SG,CassidyNature2020,Ireland,Britain and Ireland,52.676,-8.455,-3635,-3455,-3136,(GrA-1703:4670±70),-4000 - -3000
PB186.SG,M,Ireland_MN.SG,CassidyNature2020,Ireland,Britain and Ireland,52.985,-9.111,-3515,-3455,-3358,(UBA-35072:4638±36),-4000 - -3000
PB581.SG,M,Ireland_MN.SG,CassidyNature2020,Ireland,Britain and Ireland,52.985,-9.111,-3623,-3454,-3363,(UBA-38316:4679±48),-4000 - -3000
I2636,F,Scotland_N,OlaldeNature2018,United Kingdom,Britain and Ireland,59.35,-2.873,-3515,-3453,-3365,(SUERC-68640:4651±33),-4000 - -3000
PB1327.SG,M,Ireland_MN.SG,CassidyNature2020,Ireland,Britain and Ireland,52.985,-9.111,-3625,-3453,-3355,(UBA-39195:4667±54),-4000 - -3000
ARM001,F,Armenia_EBA_KuraAraxes,WangNatureCommunications2019,Armenia,Other region,40.867,43.717,-3623,-3452,-3369,(KIA44691:4695±40),-4000 - -3000
PSS4693.SG,F,France_GrandEst_MN.SG,BrunelPNAS2020,France,Central Europe,48.519,3.596,-3604,-3450,-3348,(GrA-46284:4650±45),-4000 - -3000
PN12.SG,M,Ireland_MN.SG,CassidyNature2020,Ireland,Britain and Ireland,53.049,-9.14,-3522,-3450,-3198,(UBA-39198:4629±41),-4000 - -3000
I3136,F,Scotland_N,OlaldeNature2018,United Kingdom,Britain and Ireland,56.403,-5.478,-3515,-3449,-3369,(PSUAMS-2069:4665±30),-4000 - -3000
Tamula1,F,Estonia_MN_CCC_1,MittnikNatureCommunications2018,Estonia,Other region,57.505,26.584,-3617,-3449,-3366,(Poz-15645:4680±40),-4000 - -3000
I6268,M,Russia_Caucasus_Maikop_Novosvobodnaya,WangNatureCommunications2019,Russia,Western Pontic Steppe,44.385,40.395,-3515,-3449,-3370,(PSUAMS-3875:4665±25),-4000 - -3000
I3273_published,F,Spain_MLN_published,LipsonNature2017,Spain,Iberia,42.57,-2.55,-3604,-3449,-3362,(Beta-288935:4670±40),-4000 - -3000
I7594,F,Spain_MLN,OlaldeScience2019,Spain,Iberia,38.702,-0.486,-3515,-3447,-3371,(MAMS-16356:4670±22),-4000 - -3000
ARD2.SG,M,Ireland_MN.SG,CassidyNature2020,Ireland,Britain and Ireland,52.935,-8.154,-3597,-3447,-3365,(GrN-9708:4675±35),-4000 - -3000
PB754.SG,F,Ireland_MN.SG,CassidyNature2020,Ireland,Britain and Ireland,52.985,-9.111,-3521,-3447,-3140,(UBA-39196:4622±41),-4000 - -3000
IKI016,F,Turkey_Ikiztepe_LateC,SkourtaniontiCell2020,Turkey,Other region,41.614,35.871,-3516,-3446,-3371,(MAMS-40676:4671±22),-4000 - -3000
I2637,M,Scotland_N,OlaldeNature2018,United Kingdom,Britain and Ireland,59.35,-2.873,-3621,-3445,-3371,(SUERC-68641:4697±33),-4000 - -3000
I6267,F,Russia_Caucasus_Maikop_Novosvobodnaya,WangNatureCommunications2019,Russia,Western Pontic Steppe,44.385,40.395,-3623,-3445,-3372,(PSUAMS-3874:4705±30),-4000 - -3000
SA6001,F,Russia_Steppe_Maikop,WangNatureCommunications2019,Russia,Western Pontic Steppe,45.726,43.987,-3518,-3445,-3370,(MAMS-31143:4673±28),-4000 - -3000
PN07.SG,M,Ireland_MN.SG,CassidyNature2020,Ireland,Britain and Ireland,53.049,-9.14,-3620,-3444,-3371,(UBA-35065:4697±32),-4000 - -3000
mid002.SG,M,Scotland_Megalithic.SG,SanchezQuintoPNAS2019,United Kingdom,Britain and Ireland,59.158,-3.1,-3621,-3442,-3371,(SUERC-46400:4700±30),-4000 - -3000
prs013-ALL_DATA.SG,M,Ireland_Megalithic.SG,SanchezQuintoPNAS2019,Ireland,Britain and Ireland,54.247,-8.556,-3603,-3441,-3370,(Beta-446179:4690±30),-4000 - -3000
TRPTN_611.SG,M,England_Trumpington_N.SG,ScheibAnnHumBio2019,United Kingdom,Britain and Ireland,52.17,0.1,-3622,-3440,-3374,(SUERC-49835:4712±24),-4000 - -3000
IKI036,F,Turkey_Ikiztepe_LateC,SkourtaniontiCell2020,Turkey,Other region,41.614,35.871,-3617,-3436,-3372,(MAMS-40681:4700±26),-4000 - -3000
I7272,M,Czech_Eneolithic,OlaldeNature2018,Czech Republic,Central Europe,50.19,14.158,-3621,-3433,-3376,(PSUAMS-4239:4715±20),-4000 - -3000
I4949_published,M,England_N_published,OlaldeNature2018,United Kingdom,Britain and Ireland,51.445,-1.853,-3621,-3433,-3376,(PSUAMS-2513:4715±20),-4000 - -3000
CBT005,M,Turkey_CamlibelTarlasi_LateC,SkourtaniontiCell2020,Turkey,Other region,40.02,34.586,-3621,-3433,-3375,(MAMS-41629:4713±21),-4000 - -3000
I7598,M,Spain_MLN,OlaldeScience2019,Spain,Iberia,38.702,-0.486,-3620,-3432,-3375,(MAMS-16346:4710±22),-4000 - -3000
R24.SG,F,Italy_Sardinia_N_o.SG,AntonioGaoMootsScience2019,Italy,Italy,40.81,8.442,-3599,-3428,-3373,(UCIAMS-198886:4700±20),-4000 - -3000
prs009-ALL_DATA.SG,M,Ireland_Megalithic.SG,SanchezQuintoPNAS2019,Ireland,Britain and Ireland,54.247,-8.556,-3522,-3421,-3132,(Beta-446174:4670±30);(Beta-446175:4590±30),-4000 - -3000
I3137_published,M,Scotland_N_published,OlaldeNature2018,United Kingdom,Britain and Ireland,56.403,-5.478,-3800,-3400,-3000,,-4000 - -3000
I8567,M,Spain_MLN,OlaldeScience2019,Spain,Iberia,38.762,-0.587,-3500,-3400,-3300,,-4000 - -3000
I2605,F,England_N,OlaldeNature2018,United Kingdom,Britain and Ireland,51.493,-0.665,-3627,-3376,-3025,(Poz-83483:4710±35);(BM-3173:4500±60),-4000 - -3000
AY2001,F,Russia_Steppe_Maikop_o2,WangNatureCommunications2019,Russia,Western Pontic Steppe,45.688,43.265,-3622,-3369,-3019,(GIN-11811:4480±50);(OxA-16182:4698±32),-4000 - -3000
ans005.SG,F,Sweden_Ansarve_Megalithic.SG,SanchezQuintoPNAS2019,Sweden,Other region,57.509,18.14,-3624,-3367,-3104,(Ua-3785:4640±70);(Beta-432257:4580±30),-4000 - -3000
ROUQCC.SG,M,France_LaClape_LN_EMBA.SG,SeguinOrlandoCurrBio2021,France,Other region,43.594,3.919,-3492,-3366,-3199,(UCAIMS-229423:4595±20),-4000 - -3000
GNM1007.SG,M,Ireland_MN.SG,CassidyNature2020,Ireland,Britain and Ireland,53.97,-9.632,-3511,-3357,-3103,(UBA-38829:4588±40),-4000 - -3000
IKI017,F,Turkey_Ikiztepe_LateC,SkourtaniontiCell2020,Turkey,Other region,41.614,35.871,-3492,-3356,-3109,(MAMS-40677:4580±26),-4000 - -3000
I6753_all.SG,M,England_N_all.SG,BraceDiekmannNatureEcologyEvolution2019,United Kingdom,Britain and Ireland,51.322,0.373,-3730,-3355,-2980,,-4000 - -3000
I3023,M,Wales_N,BraceDiekmannNatureEcologyEvolution2019,United Kingdom,Britain and Ireland,52.035,-3.194,-3750,-3350,-2950,,-4000 - -3000
I1720,M,Russia_Caucasus_Maikop,WangNatureCommunications2019,Russia,Western Pontic Steppe,43.686,43.646,-3700,-3350,-3000,,-4000 - -3000
ART018,M,Turkey_Arslantepe_LateC,SkourtaniontiCell2020,Turkey,Other region,38.382,38.361,-3489,-3350,-3108,(MAMS-33543:4573±25),-4000 - -3000
ART032,M,Turkey_Arslantepe_LateC,SkourtaniontiCell2020,Turkey,Other region,38.382,38.361,-3484,-3349,-3110,(MAMS-34110:4568±21),-4000 - -3000
ART014,M,Turkey_Arslantepe_LateC,SkourtaniontiCell2020,Turkey,Other region,38.382,38.361,-3490,-3348,-3106,(MAMS-33540:4573±27),-4000 - -3000
ART023,M,Turkey_Arslantepe_LateC,SkourtaniontiCell2020,Turkey,Other region,38.382,38.361,-3485,-3337,-3105,(MAMS-33547:4563±25),-4000 - -3000
PB675.SG,M,Ireland_MN.SG,CassidyNature2020,Ireland,Britain and Ireland,52.985,-9.111,-3629,-3334,-2910,(UBA-35064:4394±35);(UBA-39194:4707±42),-4000 - -3000
ans003.SG,F,Sweden_Ansarve_Megalithic.SG,SanchezQuintoPNAS2019,Sweden,Other region,57.509,18.14,-3514,-3330,-3100,(Ua-3783:4595±65);(Beta-432256:4560±30),-4000 - -3000
IKI012,F,Turkey_Ikiztepe_LateC,SkourtaniontiCell2020,Turkey,Other region,41.614,35.871,-3369,-3329,-3105,(MAMS-40675:4557±22),-4000 - -3000
IV3002,M,Russia_Steppe_Maikop_o,WangNatureCommunications2019,Russia,Western Pontic Steppe,45.685,42.921,-3522,-3280,-2890,(GIN-10297:4630±50);(GIN-10953:4370±70),-4000 - -3000
I3214,M,Spain_MLN,OlaldeScience2019,Spain,Iberia,43.41,-5.985,-3400,-3250,-3100,,-4000 - -3000
SB577A_lib.SG,F,Wales_N.SG,BraceDiekmannNatureEcologyEvolution2019,United Kingdom,Britain and Ireland,53.31,-3.373,-4000,-3250,-2500,,-4000 - -3000
ART015,M,Turkey_Arslantepe_LateC,SkourtaniontiCell2020,Turkey,Other region,38.382,38.361,-3481,-3237,-3104,(MAMS-33541:4557±25),-4000 - -3000
1H14.SG,F,France_MontAime_MLN.SG,SeguinOrlandoCurrBio2021,France,Central Europe,48.859,3.996,-3332,-3235,-3030,(UCAIMS-229433:4470±20),-4000 - -3000
I0519,M,England_N,OlaldeNature2018,United Kingdom,Britain and Ireland,52.217,-0.94,-3360,-3230,-3100,,-4000 - -3000
I0518,M,England_N,OlaldeNature2018,United Kingdom,Britain and Ireland,52.217,-0.94,-3360,-3230,-3100,,-4000 - -3000
1H07.SG,M,France_MontAime_MLN.SG,SeguinOrlandoCurrBio2021,France,Central Europe,48.859,3.996,-3336,-3230,-3037,(UCAIMS-229431:4480±20),-4000 - -3000
TGM009,M,Germany_LN_oWHG,RivollatScienceAdvance2020,Germany,Central Europe,52.54,11.97,-3481,-3227,-3103,(MAMS-41243:4556±26),-4000 - -3000
RISE487.SG,M,Italy_North_Remedello_C.SG,AllentoftNature2015,Italy,Italy,45.26,10.379,-3483,-3226,-3103,(OxA-:4557±28),-4000 - -3000
I2752,M,Hungary_LateC_Baden,LipsonNature2017,Hungary,Southeastern Europe,46.785,17.732,-3600,-3225,-2850,,-4000 - -3000
I2755,M,Hungary_LateC_Baden,LipsonNature2017,Hungary,Southeastern Europe,46.785,17.732,-3600,-3225,-2850,,-4000 - -3000
I2785,F,Hungary_LateC_Baden,LipsonNature2017,Hungary,Southeastern Europe,47.685,19.918,-3600,-3225,-2850,,-4000 - -3000
FIL004,F,Italy_Sardinia_C,MarcusNatureCommunications2020,Italy,Italy,40.278,8.769,-3335,-3224,-3028,(MAMS-38276:4472±25),-4000 - -3000
2H17.SG,M,France_MontAime_MLN_father.or.son.2H10.SG,SeguinOrlandoCurrBio2021,France,Central Europe,48.858,3.996,-3336,-3224,-3030,(UCAIMS-229436:4475±25),-4000 - -3000
MB6.SG,M,Ireland_MN.SG,CassidyNature2020,Ireland,Britain and Ireland,54.364,-5.486,-3491,-3223,-3035,(UBA-35071:4548±51),-4000 - -3000
ART012,F,Turkey_Arslantepe_LateC,SkourtaniontiCell2020,Turkey,Other region,38.382,38.361,-3338,-3222,-3031,(MAMS-33539:4479±26),-4000 - -3000
I5076,F,Portugal_C,OlaldeScience2019,Portugal,Iberia,37.197,-8.589,-3333,-3221,-3026,(PSUAMS-3902:4465±25),-4000 - -3000
IKI002,F,Turkey_Ikiztepe_LateC,SkourtaniontiCell2020,Turkey,Other region,41.614,35.871,-3339,-3221,-3094,(MAMS-40673:4488±22),-4000 - -3000
IKI009,F,Turkey_Ikiztepe_LateC,SkourtaniontiCell2020,Turkey,Other region,41.614,35.871,-3367,-3221,-3105,(MAMS-40674:4552±22),-4000 - -3000
MX182,M,Switzerland_LN,FurtwanglerNatureCommunications2020,Switzerland,Central Europe,47.262,7.66,-3338,-3220,-3031,(MAMS-27569:4480±27),-4000 - -3000
ROUQFF.SG,M,France_LaClape_LN_EMBA.SG,SeguinOrlandoCurrBio2021,France,Other region,43.594,3.919,-3338,-3220,-3096,(UCAIMS-229424:4490±20),-4000 - -3000
NG10.SG,M,Ireland_MN.SG,CassidyNature2020,Ireland,Britain and Ireland,53.695,-6.476,-3338,-3217,-3027,(OxA-36079:4473±29),-4000 - -3000
I3085,F,Scotland_N,OlaldeNature2018,United Kingdom,Britain and Ireland,58.74,-2.916,-3337,-3216,-3026,(SUERC-68724:4471±29),-4000 - -3000
RA42,F,Switzerland_LN,FurtwanglerNatureCommunications2020,Switzerland,Central Europe,47.262,7.66,-3338,-3216,-3097,(BE-8005:4493±21),-4000 - -3000
ART026,F,Turkey_Arslantepe_LateC,SkourtaniontiCell2020,Turkey,Other region,38.382,38.361,-3345,-3216,-3048,(MAMS-33549:4491±26),-4000 - -3000
I1658,F,Armenia_EBA,LazaridisNature2016,Armenia,Other region,40.383,43.874,-3347,-3215,-3043,(OxA-31874:4492±29),-4000 - -3000
ans008.SG,M,Sweden_Ansarve_Megalithic.SG,SanchezQuintoPNAS2019,Sweden,Other region,57.509,18.14,-3341,-3215,-3030,(Ua-45398:4480±31),-4000 - -3000
I11501,F,Kazakhstan_Kumsay_EBA,NarasimhanPattersonScience2019,Kazakhstan,Other region,49.49,58.51,-3342,-3214,-3096,(PSUAMS-4604:4495±25),-4000 - -3000
2H10.SG,M,France_MontAime_MLN.SG,SeguinOrlandoCurrBio2021,France,Central Europe,48.858,3.996,-3339,-3214,-3098,(UCAIMS-224907:4495±20),-4000 - -3000
I2369,M,Hungary_LateC_Baden,LipsonNature2017,Hungary,Southeastern Europe,47.621,19.045,-3368,-3213,-3101,(Poz-83634:4545±35),-4000 - -3000
I0551,M,Germany_MN_Salzmuende,MathiesonNature2015,Germany,Central Europe,51.533,11.833,-3400,-3212,-3025,,-4000 - -3000
I16183,F,Italy_Sardinia_N,FernandesNatureEcologyEvolution2020,Italy,Italy,40.627,8.323,-3344,-3211,-3098,(PSUAMS-6935:4500±25),-4000 - -3000
ARM002,M,Armenia_EBA_KuraAraxes,WangNatureCommunications2019,Armenia,Other region,40.867,43.717,-3364,-3211,-3036,(KIA-44692:4475±30);(KIA-44693:4545±25),-4000 - -3000
I7554,M,Scotland_N,OlaldeNature2018,United Kingdom,Britain and Ireland,58.986,-3.249,-3366,-3210,-3101,(SUERC-73433:4541±32),-4000 - -3000
lai001.SG,M,Scotland_Megalithic.SG,SanchezQuintoPNAS2019,United Kingdom,Britain and Ireland,59.053,-2.853,-3365,-3210,-3101,(SUERC-45833:4537±34),-4000 - -3000
HOL004,F,Czech_Bohemia_Baden_N,PapacScienceAdvances2021,Czech Republic,Central Europe,50.201,14.29,-3348,-3210,-3029,(CRL-15612:4486±36),-4000 - -3000
hem005.SG,F,Sweden_Gotland_Hemmor_PittedWare_BattleAxe.SG,CoutinhoJakobssonAJPA2020,Sweden,Other region,57.22,18.57,-3365,-3210,-3101,(Ua-57853:4537±34),-4000 - -3000
ART027_d,M,Turkey_Arslantepe_LateC,SkourtaniontiCell2020,Turkey,Other region,38.382,38.361,-3367,-3210,-3103,(MAMS-33550:4546±25),-4000 - -3000
I2371,M,Hungary_LateC_Baden,LipsonNature2017,Hungary,Southeastern Europe,47.319,19.167,-3360,-3209,-3098,(Poz-83635:4520±35),-4000 - -3000
I2651,F,Scotland_N,OlaldeNature2018,United Kingdom,Britain and Ireland,59.35,-2.873,-3362,-3209,-3099,(SUERC-68643:4525±36),-4000 - -3000
MK5008,M,Russia_Caucasus_LateMaikop,WangNatureCommunications2019,Russia,Western Pontic Steppe,43.905,43.522,-3366,-3209,-3103,(MAMS-29810:4544±25),-4000 - -3000
SA6004,M,Russia_Steppe_Maikop,WangNatureCommunications2019,Russia,Western Pontic Steppe,45.726,43.987,-3357,-3209,-3032,(GIN-12401:4500±40),-4000 - -3000
I2980,F,Scotland_N,OlaldeNature2018,United Kingdom,Britain and Ireland,59.31,-2.941,-3362,-3208,-3100,(SUERC-69073:4530±33),-4000 - -3000
bal004.SG,F,Scotland_Megalithic.SG,SanchezQuintoPNAS2019,United Kingdom,Britain and Ireland,57.757,-3.912,-3366,-3208,-3103,(MAMS-21254:4543±24),-4000 - -3000
hem004.SG,M,Sweden_Gotland_Hemmor_PittedWare_BattleAxe.SG,CoutinhoJakobssonAJPA2020,Sweden,Other region,57.22,18.57,-3339,-3207,-3026,(Ua-57852:4472±33),-4000 - -3000
2H07.SG,M,France_MontAime_MLN.SG,SeguinOrlandoCurrBio2021,France,Central Europe,48.858,3.996,-3364,-3207,-3104,(UCAIMS-229435:4540±20),-4000 - -3000
I0172,M,Germany_MN_Esperstedt,MathiesonNature2015,Germany,Central Europe,51.42,11.68,-3361,-3206,-3027,(Erl-8699:4502±48),-4000 - -3000
I5428,M,Portugal_C,OlaldeScience2019,Portugal,Iberia,39.624,-9.047,-3351,-3206,-3100,(PSUAMS-8227:4510±25),-4000 - -3000
mid001.SG,M,Scotland_Megalithic.SG,SanchezQuintoPNAS2019,United Kingdom,Britain and Ireland,59.158,-3.1,-3362,-3206,-3101,(SUERC-46401:4531±28),-4000 - -3000
ART038,M,Turkey_Arslantepe_LateC,SkourtaniontiCell2020,Turkey,Other region,38.382,38.361,-3363,-3206,-3102,(MAMS-34112:4534±27),-4000 - -3000
ART020_d,M,Turkey_Arslantepe_LateC,SkourtaniontiCell2020,Turkey,Other region,38.382,38.361,-3363,-3206,-3102,(MAMS-33545:4536±25),-4000 - -3000
SIJ003,F,Russia_LateMaikop_1d.rel.I11131.I11133,WangNatureCommunications2019,Russia,Western Pontic Steppe,45.05,39.91,-3348,-3205,-3100,(MAMS-31142:4507±23),-4000 - -3000
ART017,M,Turkey_Arslantepe_LateC,SkourtaniontiCell2020,Turkey,Other region,38.382,38.361,-3354,-3204,-3101,(MAMS-33542:4516±25),-4000 - -3000
ROUQHH.SG,M,France_LaClape_LN_EMBA.SG,SeguinOrlandoCurrBio2021,France,Other region,43.594,3.919,-3345,-3204,-3100,(UCAIMS-229425:4505±20),-4000 - -3000
ROUQW.SG,M,France_LaClape_LN_EMBA.SG,SeguinOrlandoCurrBio2021,France,Other region,43.594,3.919,-3354,-3204,-3101,(UCAIMS-229422:4515±25),-4000 - -3000
SA6013,M,Russia_Steppe_Maikop_o,WangNatureCommunications2019,Russia,Western Pontic Steppe,45.726,43.987,-3358,-3202,-3102,(MAMS-29246:4524±22),-4000 - -3000
I2978,M,Scotland_N,OlaldeNature2018,United Kingdom,Britain and Ireland,58.74,-2.916,-3335,-3201,-3024,(SUERC-68725:4464±29),-4000 - -3000
2H11.SG,M,France_MontAime_MLN_oHG1.SG,SeguinOrlandoCurrBio2021,France,Central Europe,48.858,3.996,-3349,-3201,-3101,(UCAIMS-224908:4510±20),-4000 - -3000
2HC51961131.SG,M,France_MontAime_MLN.SG,SeguinOrlandoCurrBio2021,France,Central Europe,48.858,3.996,-3356,-3201,-3102,(UCAIMS-229437:4515±20);(UCAIMS-229438:4525±20),-4000 - -3000
I1594,M,Germany_Blatterhohle_MN,LipsonNature2017,Germany,Central Europe,51.358,7.551,-3336,-3200,-3024,(KIA-28846:4465±30),-4000 - -3000
I2754,M,Hungary_LateC_Baden,LipsonNature2017,Hungary,Southeastern Europe,46.785,17.732,-3336,-3200,-3024,(Poz-83637:4465±30),-4000 - -3000
MK5001,M,Russia_Caucasus_LateMaikop_rel.MK5004,WangNatureCommunications2019,Russia,Western Pontic Steppe,43.905,43.522,-3400,-3200,-3000,,-4000 - -3000
MK5004,M,Russia_Caucasus_LateMaikop,WangNatureCommunications2019,Russia,Western Pontic Steppe,43.905,43.522,-3400,-3200,-3000,,-4000 - -3000
ROUQV.SG,F,France_LaClape_LN_EMBA.SG,SeguinOrlandoCurrBio2021,France,Other region,43.594,3.919,-3352,-3196,-3102,(UCAIMS-223211:4515±15),-4000 - -3000
I2934,F,Scotland_N,OlaldeNature2018,United Kingdom,Britain and Ireland,58.74,-2.916,-3338,-3192,-3022,(SUERC-69071:4466±33),-4000 - -3000
HOL002,F,Czech_Bohemia_Baden_N,PapacScienceAdvances2021,Czech Republic,Central Europe,50.201,14.29,-3350,-3190,-3030,,-4000 - -3000
GNM1076.SG,M,Ireland_MN.SG,CassidyNature2020,Ireland,Britain and Ireland,53.97,-9.632,-3363,-3189,-2934,(UBA-37807:4488±62),-4000 - -3000
I2405_published,M,Poland_Globular_Amphora_published,MathiesonNature2018,Poland,Central Europe,52.85,17.883,-3336,-3184,-3019,(Beta-430713:4460±30),-4000 - -3000
bally.SG,F,Ireland_N.SG,CassidyPNAS2016,Ireland,Britain and Ireland,54.542,-5.957,-3345,-3183,-3012,(UBA-7059:4465±38),-4000 - -3000
I1838,F,Spain_C,LipsonNature2017,Spain,Iberia,42.63,-2.7,-3354,-3180,-2935,(Poz-83429:4470±50),-4000 - -3000
MX213,M,Switzerland_LN,FurtwanglerNatureCommunications2020,Switzerland,Central Europe,47.262,7.66,-3363,-3179,-2928,(BE-5458:4482±72),-4000 - -3000
I2520,M,Bulgaria_EBA,MathiesonNature2018,Bulgaria,Southeastern Europe,43.161,25.883,-3333,-3175,-3016,(PSUAMS-1814:4470±25);(PSUAMS-8955:4445±25),-4000 - -3000
I2370,F,Hungary_LateC_Baden,LipsonNature2017,Hungary,Southeastern Europe,47.319,19.167,-3342,-3174,-2936,(Poz-88230:4460±40),-4000 - -3000
I2366_published,M,Hungary_LateC_Baden_published,LipsonNature2017,Hungary,Southeastern Europe,47.621,19.045,-3338,-3169,-2936,(Poz-88227:4455±35),-4000 - -3000
RA43,F,Switzerland_LN,FurtwanglerNatureCommunications2020,Switzerland,Central Europe,47.262,7.66,-3329,-3169,-3019,(BE-8006:4452±21),-4000 - -3000
I2935,M,Scotland_N,OlaldeNature2018,United Kingdom,Britain and Ireland,58.74,-2.916,-3334,-3164,-2936,(SUERC-68723:4451±29),-4000 - -3000
1H06.SG,F,France_MontAime_MLN_daughter.2H11.SG,SeguinOrlandoCurrBio2021,France,Central Europe,48.859,3.996,-3328,-3161,-3017,(UCAIMS-229430:4450±20),-4000 - -3000
por002.SG,M,Spain_C.SG,ValdioseraPNAS2018,Spain,Iberia,42.353,-3.518,-3334,-3160,-2936,(Beta-424645:4450±30),-4000 - -3000
ans014.SG,M,Sweden_Ansarve_Megalithic.SG,SanchezQuintoPNAS2019,Sweden,Other region,57.509,18.14,-3334,-3160,-2936,(Beta-402962:4450±30),-4000 - -3000
I5118,M,Hungary_LateC_EBA_Baden_Yamnaya,OlaldeNature2018,Hungary,Southeastern Europe,47.81,20.889,-3300,-3150,-3000,,-4000 - -3000
I8566,F,Spain_C,OlaldeScience2019,Spain,Iberia,38.825,-0.864,-3800,-3150,-2500,,-4000 - -3000
I6764.SG,F,Scotland_N.SG,BraceDiekmannNatureEcologyEvolution2019,United Kingdom,Britain and Ireland,57.907,-3.997,-3800,-3150,-2500,,-4000 - -3000
I6766.SG,F,Scotland_N.SG,BraceDiekmannNatureEcologyEvolution2019,United Kingdom,Britain and Ireland,57.907,-3.997,-3800,-3150,-2500,,-4000 - -3000
I2979,M,Scotland_N,OlaldeNature2018,United Kingdom,Britain and Ireland,58.74,-2.916,-3332,-3138,-2934,(SUERC-68726:4447±29),-4000 - -3000
I2175,M,Bulgaria_EBA,MathiesonNature2018,Bulgaria,Southeastern Europe,43.058,26.984,-3332,-3127,-2931,(Ly-5515:4445±35),-4000 - -3000
I2606,M,England_N,OlaldeNature2018,United Kingdom,Britain and Ireland,51.493,-0.665,-3330,-3115,-2900,,-4000 - -3000
RK1007,F,Russia_Caucasus_EBA_Yamnaya,WangNatureCommunications2019,Russia,Western Pontic Steppe,45.537,41.117,-3330,-3115,-3012,(MAMS-29818:4447±22),-4000 - -3000
I0429,M,Russia_Samara_EBA_Yamnaya,MathiesonNature2015,Russia,Other region,53.64,50.655,-3337,-3104,-2916,(AA-47804:4432±66),-4000 - -3000
CabecoArruda117B.SG,M,Portugal_C.SG,MartinianoPLoSGenetics2017,Portugal,Iberia,39.111,-8.664,-3350,-3100,-2850,,-4000 - -3000
CabecoArruda122A.SG,M,Portugal_C.SG,MartinianoPLoSGenetics2017,Portugal,Iberia,39.111,-8.664,-3350,-3100,-2850,,-4000 - -3000
I2434,F,Poland_Globular_Amphora,MathiesonNature2018,Poland,Central Europe,52.85,17.883,-3400,-3100,-2800,,-4000 - -3000
I2441,M,Poland_Globular_Amphora,MathiesonNature2018,Poland,Central Europe,52.85,17.883,-3400,-3100,-2800,,-4000 - -3000
I7602,M,Spain_MLN,OlaldeScience2019,Spain,Iberia,43.086,-2.251,-3500,-3100,-2700,,-4000 - -3000
I7603,M,Spain_MLN,OlaldeScience2019,Spain,Iberia,43.086,-2.251,-3500,-3100,-2700,,-4000 - -3000
I7605,M,Spain_MLN,OlaldeScience2019,Spain,Iberia,43.086,-2.251,-3500,-3100,-2700,,-4000 - -3000
I7606,M,Spain_MLN,OlaldeScience2019,Spain,Iberia,43.086,-2.251,-3500,-3100,-2700,,-4000 - -3000
I7604,M,Spain_MLN,OlaldeScience2019,Spain,Iberia,43.086,-2.251,-3500,-3100,-2700,,-4000 - -3000
I11300,F,Spain_MLN,OlaldeScience2019,Spain,Iberia,43.087,-2.215,-3500,-3100,-2700,,-4000 - -3000
I11301,F,Spain_MLN,OlaldeScience2019,Spain,Iberia,43.087,-2.215,-3500,-3100,-2700,,-4000 - -3000
I11601,F,Portugal_C,OlaldeScience2019,Portugal,Iberia,39.111,-8.664,-3350,-3100,-2850,,-4000 - -3000
I11599,M,Portugal_C,OlaldeScience2019,Portugal,Iberia,39.111,-8.664,-3350,-3100,-2850,,-4000 - -3000
I11249,M,Spain_MLN,OlaldeScience2019,Spain,Iberia,43.087,-2.215,-3500,-3100,-2700,,-4000 - -3000
I11248,M,Spain_MLN,OlaldeScience2019,Spain,Iberia,43.087,-2.215,-3500,-3100,-2700,,-4000 - -3000
I2753,M,Hungary_LateC_Baden,LipsonNature2017,Hungary,Southeastern Europe,46.785,17.732,-3331,-3099,-2927,(Poz-88231:4440±35),-4000 - -3000
I2367_published,M,Hungary_LateC_Baden_published,LipsonNature2017,Hungary,Southeastern Europe,47.621,19.045,-3331,-3099,-2927,(Poz-88228:4440±35),-4000 - -3000
I5119,F,Hungary_LateC_EBA_Baden_Yamnaya,OlaldeNature2018,Hungary,Southeastern Europe,47.81,20.889,-3328,-3097,-2972,(PSUAMS-4034:4445±20),-4000 - -3000
ros3.SG,F,Sweden_FBC.SG,MalmstromProcBiolSci2019,Sweden,Other region,58.183,13.65,-3330,-3095,-2930,(Beta-423311:4440±30),-4000 - -3000
I6272,M,Russia_Caucasus_Maikop_Novosvobodnaya,WangNatureCommunications2019,Russia,Western Pontic Steppe,44.385,40.395,-3330,-3083,-2929,(PSUAMS-3905:4460±30);(PSUAMS-4251:4420±20),-4000 - -3000
MX187,M,Switzerland_LN_father.or.son.MX212.MX150,FurtwanglerNatureCommunications2020,Switzerland,Central Europe,47.262,7.66,-3335,-3080,-2908,(BE-5451:4416±69),-4000 - -3000
ans017.SG,M,Sweden_Ansarve_Megalithic.SG,SanchezQuintoPNAS2019,Sweden,Other region,57.509,18.14,-3326,-3071,-2924,(Beta-402965:4430±30),-4000 - -3000
I7489,F,Russia_Samara_EBA_Yamnaya,NarasimhanPattersonScience2019,Russia,Other region,52.913,50.991,-3323,-3066,-2926,(PSUAMS-5790:4430±25),-4000 - -3000
ROUQEE.SG,F,France_LaClape_LN_EMBA.SG,SeguinOrlandoCurrBio2021,France,Other region,43.594,3.919,-3318,-3066,-2936,(UCAIMS-223212:4435±15),-4000 - -3000
I11736,F,Kazakhstan_Mereke_MBA_o2,NarasimhanPattersonScience2019,Kazakhstan,Other region,50.77,49.34,-3314,-3057,-2927,(PSUAMS-4944:4425±20),-4000 - -3000
NGZ1.SG,F,Ireland_MN.SG,CassidyNature2020,Ireland,Britain and Ireland,53.695,-6.475,-3321,-3054,-2920,(OxA-36080:4421±30),-4000 - -3000
I1497,F,Hungary_LateC_Baden,MathiesonNature2015,Hungary,Southeastern Europe,47.167,19.833,-3317,-3053,-2922,(MAMS-14825:4421±27),-4000 - -3000
I0439,M,Russia_Samara_EBA_Yamnaya,MathiesonNature2015,Russia,Other region,53.64,50.655,-3320,-3052,-2919,(Beta-392491:4420±30),-4000 - -3000
I5882,F,Ukraine_Eneolithic,MathiesonNature2018,Ukraine,Western Pontic Steppe,48.914,33.765,-3307,-3050,-2924,(PSUAMS-2826:4420±20),-4000 - -3000
I3138,F,Scotland_N,OlaldeNature2018,United Kingdom,Britain and Ireland,56.403,-5.478,-3310,-3040,-2919,(PSUAMS-2156:4415±25),-4000 - -3000
MX211,M,Switzerland_LN,FurtwanglerNatureCommunications2020,Switzerland,Central Europe,47.262,7.66,-3262,-3040,-2922,(BE-8003:4415±21),-4000 - -3000
RA45,F,Switzerland_LN,FurtwanglerNatureCommunications2020,Switzerland,Central Europe,47.262,7.66,-3096,-3024,-2922,(BE-8008:4408±21),-4000 - -3000
I0444,M,Russia_Samara_EBA_Yamnaya,MathiesonNature2015,Russia,Other region,53.181,51.222,-3333,-3021,-2882,(AA-12570:4370±75),-4000 - -3000
TORTD.SG,M,France_LaClape_LN_EBA_Veraza.SG,SeguinOrlandoCurrBio2021,France,Other region,43.15,3.061,-3259,-3019,-2918,(UCAIMS-229427:4405±25),-4000 - -3000
Aes4,M,Switzerland_LN,FurtwanglerNatureCommunications2020,Switzerland,Central Europe,47.465,7.602,-3096,-3018,-2919,(BE-8675:4405±23),-4000 - -3000
atp016.SG,F,Spain_C.SG,ValdioseraPNAS2018,Spain,Iberia,42.353,-3.518,-3280,-3012,-2912,(Beta-368289:4400±30),-4000 - -3000
I2433,F,Poland_Globular_Amphora,MathiesonNature2018,Poland,Central Europe,52.85,17.883,-3100,-3000,-2900,,-4000 - -3000
I2440,M,Poland_Globular_Amphora,MathiesonNature2018,Poland,Central Europe,52.85,17.883,-3100,-3000,-2900,,-4000 - -3000
I3277,F,Spain_C,OlaldeScience2019,Spain,Iberia,42.57,-2.57,-3150,-3000,-2850,,-4000 - -3000
MX184,F,Switzerland_LN,FurtwanglerNatureCommunications2020,Switzerland,Central Europe,47.262,7.66,-3400,-3000,-2600,,-4000 - -3000
MX203,F,Switzerland_LN,FurtwanglerNatureCommunications2020,Switzerland,Central Europe,47.262,7.66,-3400,-3000,-2600,,-4000 - -3000
MX204,M,Switzerland_LN,FurtwanglerNatureCommunications2020,Switzerland,Central Europe,47.262,7.66,-3400,-3000,-2600,,-4000 - -3000
MX209,M,Switzerland_LN,FurtwanglerNatureCommunications2020,Switzerland,Central Europe,47.262,7.66,-3400,-3000,-2600,,-4000 - -3000
MX210,M,Switzerland_LN,FurtwanglerNatureCommunications2020,Switzerland,Central Europe,47.262,7.66,-3400,-3000,-2600,,-4000 - -3000
Bul10,F,Bulgaria_EBA_Ezero,MathiesonNature2018,Bulgaria,Southeastern Europe,42.43,25.898,-3090,-2994,-2920,(MAMS-26835:4396±20),-3000 - -2000
I1917,F,Ukraine_Ozera_EBA_Yamnaya,MathiesonNature2018,Ukraine,Western Pontic Steppe,48.991,33.951,-3095,-2993,-2913,(Beta-432809:4390±30),-3000 - -2000
I3272,M,Spain_C,LipsonNature2017,Spain,Iberia,42.57,-2.55,-3306,-2993,-2899,(Beta-288933:4380±40),-3000 - -2000
I2631,M,Scotland_N,OlaldeNature2018,United Kingdom,Britain and Ireland,59.23,-2.568,-3261,-2993,-2904,(SUERC-68633:4384±36),-3000 - -2000
por004.SG,M,Spain_C.SG,ValdioseraPNAS2018,Spain,Iberia,42.353,-3.518,-3095,-2993,-2913,(Beta-424647:4390±30),-3000 - -2000
N38.SG,F,Poland_GAC.SG,FernandesScientificReports2018,Poland,Central Europe,52.61,18.9,-3306,-2993,-2899,(Poz-77333:4380±40),-3000 - -2000
I3276_published,M,Spain_C_published,LipsonNature2017,Spain,Iberia,42.57,-2.57,-3095,-2993,-2913,(Beta-301225:4390±30),-3000 - -2000
ros005_renamed.SG,M,Sweden_FBC.SG,MalmstromProcBiolSci2019,Sweden,Other region,58.183,13.65,-3095,-2993,-2913,(Beta-423313:4390±30),-3000 - -2000
1H13.SG,M,France_MontAime_MLN.SG,SeguinOrlandoCurrBio2021,France,Central Europe,48.859,3.996,-3090,-2991,-2919,(UCAIMS-229432:4395±20),-3000 - -2000
MAS15.SG,F,France_MasRouge_LN_Ferrieres.SG,SeguinOrlandoCurrBio2021,France,Other region,43.149,3.061,-3090,-2991,-2919,(UCAIMS-229439:4395±20),-3000 - -2000
TU910_SX22,F,Switzerland_EBA_1,FurtwanglerNatureCommunications2020,Switzerland,Central Europe,47.45,9.292,-3090,-2990,-2919,(BE-8013:4394±21),-3000 - -2000
TUC003,M,Czech_Bohemia_Rivnac_N_oWHG,PapacScienceAdvances2021,Czech Republic,Central Europe,50.138,14.273,-3090,-2990,-2890,,-3000 - -2000
TUC004,M,Czech_Bohemia_Rivnac_N,PapacScienceAdvances2021,Czech Republic,Central Europe,50.138,14.273,-3090,-2990,-2890,,-3000 - -2000
I0357,F,Russia_Samara_EBA_Yamnaya,MathiesonNature2015,Russia,Other region,53.64,50.655,-3091,-2984,-2910,(Beta-392489:4380±30),-3000 - -2000
Aes16,F,Switzerland_LN,FurtwanglerNatureCommunications2020,Switzerland,Central Europe,47.465,7.602,-3090,-2984,-2916,(BE-9184:4387±23),-3000 - -2000
Aes1,M,Switzerland_LN,FurtwanglerNatureCommunications2020,Switzerland,Central Europe,47.465,7.602,-3089,-2982,-2915,(BE-8673:4385±23),-3000 - -2000
TUC005,M,Czech_Bohemia_Rivnac_N,PapacScienceAdvances2021,Czech Republic,Central Europe,50.138,14.273,-3088,-2982,-2916,(MAMS-30753:4386±22),-3000 - -2000
I11531,F,Kazakhstan_Kumsay_EBA,NarasimhanPattersonScience2019,Kazakhstan,Other region,49.49,58.51,-3086,-2980,-2916,(PSUAMS-4617:4385±20),-3000 - -2000
TUC002,F,Czech_Bohemia_Rivnac_N_oAnatolia,PapacScienceAdvances2021,Czech Republic,Central Europe,50.138,14.273,-3083,-2977,-2913,(MAMS-30752:4378±22),-3000 - -2000
vbj012.minus.SG,M,Sweden_Gotland_Vasterbjers_PittedWare_BattleAxe_minus.SG,CoutinhoJakobssonAJPA2020,Sweden,Other region,57.58,18.7,-3089,-2977,-2903,(Ua-57859:4366±33),-3000 - -2000
Gokhem2.SG,F,Sweden_TRB_MN.SG,SkoglundScience2014,Sweden,Other region,58.174,13.408,-3083,-2974,-2907,(UBA-14087:4368±27),-3000 - -2000
hem001.SG,M,Sweden_Gotland_Hemmor_PittedWare_BattleAxe.SG,CoutinhoJakobssonAJPA2020,Sweden,Other region,57.22,18.57,-3088,-2974,-2900,(Ua-57851:4361±34),-3000 - -2000
I3432,F,Portugal_C,OlaldeScience2019,Portugal,Iberia,38.387,-7.55,-3078,-2972,-2907,(PSUAMS-1882:4365±25),-3000 - -2000
CAK533.SG,F,Ireland_LN.SG,CassidyNature2020,Ireland,Britain and Ireland,54.059,-8.382,-3084,-2972,-2902,(OxA-35327:4360±31),-3000 - -2000
I1975,M,Spain_C,LipsonNature2017,Spain,Iberia,42.57,-2.55,-3090,-2971,-2892,(Beta-288937:4350±40),-3000 - -2000
I11732,F,Kazakhstan_Kumsay_EBA,NarasimhanPattersonScience2019,Kazakhstan,Other region,49.49,58.51,-3071,-2970,-2910,(PSUAMS-4751:4365±20),-3000 - -2000
ajv36.minus.SG,F,Sweden_Gotland_Ajvide_PittedWare_BattleAxe.SG,CoutinhoJakobssonAJPA2020,Sweden,Other region,57.28,18.2,-3084,-2970,-2899,(Ua-57849:4355±33),-3000 - -2000
I11734,M,Kazakhstan_Kumsay_EBA,NarasimhanPattersonScience2019,Kazakhstan,Other region,49.49,58.51,-3023,-2968,-2907,(PSUAMS-4619:4360±20),-3000 - -2000
Aes3,F,Switzerland_LN,FurtwanglerNatureCommunications2020,Switzerland,Central Europe,47.465,7.602,-3071,-2968,-2906,(BE-8674:4359±23),-3000 - -2000
Gokhem4.SG,M,Sweden_TRB_MN.SG,SkoglundScience2014,Sweden,Other region,58.174,13.408,-3090,-2967,-2886,(AAR- 10235:4341±44),-3000 - -2000
I5358,F,Wales_N,OlaldeNature2018,United Kingdom,Britain and Ireland,53.059,-3.245,-3074,-2967,-2902,(OxA-17562:4354±27),-3000 - -2000
I4565,M,Spain_C,OlaldeScience2019,Spain,Iberia,41.292,1.064,-3019,-2965,-2907,(PSUAMS-2866:4355±20),-3000 - -2000
I2165,M,Bulgaria_EBA_o2,MathiesonNature2018,Bulgaria,Southeastern Europe,42.133,25.496,-3070,-2957,-2894,(Beta-432797:4340±30),-3000 - -2000
RISE550.SG,M,Russia_Kalmykia_EBA_Yamnaya.SG,AllentoftNature2015,Russia,Western Pontic Steppe,46.556,43.676,-3332,-2956,-2631,(IGAN-2880:4312±94),-3000 - -2000
Aes5,F,Switzerland_LN,FurtwanglerNatureCommunications2020,Switzerland,Central Europe,47.465,7.602,-3014,-2953,-2900,(BE-8676:4341±23),-3000 - -2000
VLI076,F,Czech_Bohemia_CordedWare,PapacScienceAdvances2021,Czech Republic,Central Europe,50.366,14.447,-3016,-2953,-2898,(MAMS-45799:4340±25),-3000 - -2000
I10277,M,Spain_MLN,OlaldeScience2019,Spain,Iberia,41.439,1.573,-3400,-2950,-2500,,-3000 - -2000
I10278,M,Spain_MLN,OlaldeScience2019,Spain,Iberia,41.439,1.573,-3400,-2950,-2500,,-3000 - -2000
I10280,M,Spain_MLN,OlaldeScience2019,Spain,Iberia,41.439,1.573,-3400,-2950,-2500,,-3000 - -2000
I10283,M,Spain_MLN,OlaldeScience2019,Spain,Iberia,41.439,1.573,-3400,-2950,-2500,,-3000 - -2000
I10284,M,Spain_MLN,OlaldeScience2019,Spain,Iberia,41.439,1.573,-3400,-2950,-2500,,-3000 - -2000
I10285,F,Spain_MLN,OlaldeScience2019,Spain,Iberia,41.439,1.573,-3400,-2950,-2500,,-3000 - -2000
I10286,M,Spain_MLN,OlaldeScience2019,Spain,Iberia,41.439,1.573,-3400,-2950,-2500,,-3000 - -2000
I11306,F,Spain_MLN,OlaldeScience2019,Spain,Iberia,41.439,1.573,-3400,-2950,-2500,,-3000 - -2000
I11304_published,M,Spain_MLN_published,OlaldeScience2019,Spain,Iberia,41.439,1.573,-3400,-2950,-2500,,-3000 - -2000
I11305,M,Spain_MLN,OlaldeScience2019,Spain,Iberia,41.439,1.573,-3400,-2950,-2500,,-3000 - -2000
I11303,F,Spain_MLN,OlaldeScience2019,Spain,Iberia,41.439,1.573,-3400,-2950,-2500,,-3000 - -2000
I10287_published,M,Spain_MLN_published,OlaldeScience2019,Spain,Iberia,41.439,1.573,-3400,-2950,-2500,,-3000 - -2000
RISE1166.SG,F,Poland_Koszyce_GAC.SG,SchroederPNAS2019,Poland,Central Europe,50.17,20.579,-3070,-2948,-2888,,-3000 - -2000
Aes13,M,Switzerland_LN,FurtwanglerNatureCommunications2020,Switzerland,Central Europe,47.465,7.602,-3012,-2946,-2899,(BE-9182:4337±23),-3000 - -2000
vbj006.minus.SG,M,Sweden_Gotland_Vasterbjers_PittedWare_BattleAxe_minus.SG,CoutinhoJakobssonAJPA2020,Sweden,Other region,57.58,18.7,-3020,-2936,-2886,(Ua-57857:4323±34),-3000 - -2000
I1843,F,Spain_C,LipsonNature2017,Spain,Iberia,42.57,-2.57,-3091,-2935,-2879,(Beta-301225:4390±30);(Beta-301226:4290±30),-3000 - -2000
Aes14,M,Switzerland_LN,FurtwanglerNatureCommunications2020,Switzerland,Central Europe,47.465,7.602,-3010,-2933,-2897,(BE-9183:4332±23),-3000 - -2000
Bul4,M,Bulgaria_EBA_Yamnaya_o,MathiesonNature2018,Bulgaria,Southeastern Europe,42.43,25.898,-3009,-2928,-2898,(MAMS-26834:4333±20),-3000 - -2000
CAK532.SG,M,Ireland_LN.SG,CassidyNature2020,Ireland,Britain and Ireland,54.059,-8.382,-3012,-2925,-2889,(OxA-35326:4321±30),-3000 - -2000
I1981,F,Spain_C,LipsonNature2017,Spain,Iberia,42.57,-2.57,-3011,-2923,-2889,(Beta-301223:4320±30),-3000 - -2000
Aes2,F,Switzerland_LN,FurtwanglerNatureCommunications2020,Switzerland,Central Europe,47.465,7.602,-3009,-2918,-2891,(BE-9177:4322±23),-3000 - -2000
Aes17,M,Switzerland_LN,FurtwanglerNatureCommunications2020,Switzerland,Central Europe,47.465,7.602,-3009,-2914,-2888,(BE-9185:4316±24),-3000 - -2000
TUC006,F,Czech_Bohemia_Rivnac_N,PapacScienceAdvances2021,Czech Republic,Central Europe,50.138,14.273,-3009,-2914,-2889,(MAMS-30754:4318±23),-3000 - -2000
STD003,F,Czech_Bohemia_CordedWare_o1,PapacScienceAdvances2021,Czech Republic,Central Europe,50.613,13.961,-3009,-2913,-2887,(MAMS-45793:4314±25),-3000 - -2000
vbj003.minus.SG,F,Sweden_Gotland_Vasterbjers_PittedWare_BattleAxe_o_minus.SG,CoutinhoJakobssonAJPA2020,Sweden,Other region,57.58,18.7,-3009,-2913,-2882,(Ua-57856:4306±33),-3000 - -2000
I2933,M,Scotland_N,OlaldeNature2018,United Kingdom,Britain and Ireland,58.74,-2.916,-3009,-2912,-2884,(SUERC-68722:4309±29),-3000 - -2000
MonteCanelas337A.SG,M,Portugal_LN_C_o.SG,MartinianoPLoSGenetics2017,Portugal,Iberia,37.199,-8.588,-3323,-2910,-2677,(OxA-5514:4370±60);(Beta-290366:4250±40),-3000 - -2000
vbj017.SG,M,Sweden_Gotland_Vasterbjers_PittedWare_BattleAxe.SG,CoutinhoJakobssonAJPA2020,Sweden,Other region,57.58,18.7,-3090,-2910,-2695,(Ua-19399:4290±55),-3000 - -2000
I5429,M,Portugal_C,OlaldeScience2019,Portugal,Iberia,38.387,-7.55,-3007,-2908,-2886,(PSUAMS-2692:4310±20),-3000 - -2000
RA58,M,Switzerland_LN,FurtwanglerNatureCommunications2020,Switzerland,Central Europe,47.312,7.384,-3007,-2908,-2885,(BE-7992:4308±21),-3000 - -2000
atp12-1420.SG,M,Spain_C.SG,ValdioseraPNAS2018,Spain,Iberia,42.353,-3.518,-3009,-2907,-2880,(Beta-368295:4300±30),-3000 - -2000
vbj018.minus.SG,M,Sweden_Gotland_Vasterbjers_PittedWare_BattleAxe_minus.SG,CoutinhoJakobssonAJPA2020,Sweden,Other region,57.58,18.7,-3009,-2907,-2878,(Ua-57862:4296±34),-3000 - -2000
1H04.SG,F,France_MontAime_MLN.SG,SeguinOrlandoCurrBio2021,France,Central Europe,48.859,3.996,-3015,-2906,-2876,(UCAIMS-229428:4345±25);(UCAIMS-229429:4260±20),-3000 - -2000
RA62,M,Switzerland_LN,FurtwanglerNatureCommunications2020,Switzerland,Central Europe,47.312,7.384,-2921,-2902,-2883,(BE-7990:4293±21),-3000 - -2000
I0370,M,Russia_Samara_EBA_Yamnaya,MathiesonNature2015,Russia,Other region,51.27,58.18,-3300,-2900,-2500,,-3000 - -2000
RISE546.SG,M,Russia_Kalmykia_EBA_Yamnaya.SG,AllentoftNature2015,Russia,Western Pontic Steppe,46.539,43.699,-3300,-2900,-2500,,-3000 - -2000
RISE548.SG,M,Russia_Kalmykia_EBA_Yamnaya.SG,AllentoftNature2015,Russia,Western Pontic Steppe,46.539,43.699,-3300,-2900,-2500,,-3000 - -2000
I0443,M,Russia_Samara_EBA_Yamnaya,MathiesonNature2015,Russia,Other region,53.64,50.664,-3300,-2900,-2500,,-3000 - -2000
I2105,F,Ukraine_EBA_Yamnaya,MathiesonNature2018,Ukraine,Western Pontic Steppe,48.22,37.146,-3300,-2900,-2500,,-3000 - -2000
I3141_published,F,Ukraine_EBA_Yamnaya_published,MathiesonNature2018,Ukraine,Western Pontic Steppe,48.22,37.146,-3300,-2900,-2500,,-3000 - -2000
I3270,F,Spain_C,LipsonNature2017,Spain,Iberia,42.63,-2.7,-3000,-2900,-2800,,-3000 - -2000
I3271,F,Spain_C,LipsonNature2017,Spain,Iberia,42.63,-2.7,-3000,-2900,-2800,,-3000 - -2000
I3269,M,Spain_C,LipsonNature2017,Spain,Iberia,42.63,-2.7,-3000,-2900,-2800,,-3000 - -2000
I1842,M,Spain_C,OlaldeScience2019,Spain,Iberia,42.63,-2.7,-3000,-2900,-2800,,-3000 - -2000
VEK007,M,Russia_Caucasus_KuraAraxes,WangNatureCommunications2019,Russia,Western Pontic Steppe,42.18,48.066,-3000,-2900,-2800,,-3000 - -2000
ZO2002,F,Russia_Caucasus_EBA_Yamnaya,WangNatureCommunications2019,Russia,Western Pontic Steppe,45.659,42.607,-3300,-2900,-2500,,-3000 - -2000
I5387_all.SG,M,England_N_all.SG,BraceDiekmannNatureEcologyEvolution2019,United Kingdom,Britain and Ireland,51.243,-1.51,-3300,-2900,-2500,,-3000 - -2000
Aes8,F,Switzerland_LN,FurtwanglerNatureCommunications2020,Switzerland,Central Europe,47.465,7.602,-2919,-2900,-2881,(BE-9178:4286±23),-3000 - -2000
I4629,F,Latvia_LN_CordedWare,MathiesonNature2018,Latvia,Other region,56.283,25.133,-3089,-2899,-2668,(Ua-19811:4280±60),-3000 - -2000
ATP17.SG,M,Spain_C.SG,GuntherPNAS2015,Spain,Iberia,42.352,-3.518,-3006,-2898,-2781,(Beta-368290:4280±30),-3000 - -2000
Plinkaigalis242,F,Lithuania_LN,MittnikNatureCommunications2018,Lithuania,Other region,55.41,23.647,-3262,-2898,-2587,(OxA-5936:4280±75),-3000 - -2000
ajv54.SG,M,Sweden_PWC.SG,MalmstromProcBiolSci2019,Sweden,Other region,57.281,18.169,-3006,-2898,-2781,(Beta-423308:4280±30),-3000 - -2000
Aes9,F,Switzerland_LN,FurtwanglerNatureCommunications2020,Switzerland,Central Europe,47.465,7.602,-2915,-2898,-2880,(BE-8679:4280±23),-3000 - -2000
I2977,M,Scotland_N,OlaldeNature2018,United Kingdom,Britain and Ireland,58.74,-2.916,-3007,-2896,-2706,(SUERC-69072:4275±33),-3000 - -2000
I0231_published,M,Russia_Samara_EBA_Yamnaya_published2,NarasimhanPattersonScience2019,Russia,Other region,53.086,49.466,-2918,-2894,-2777,(Beta-392487:4260±30);(PSUAMS-4279:4275±20),-3000 - -2000
Aes20,M,Switzerland_LN,FurtwanglerNatureCommunications2020,Switzerland,Central Europe,47.465,7.602,-2916,-2894,-2874,(BE-9188:4269±24),-3000 - -2000
R4.SG,M,Italy_C.SG,AntonioGaoMootsScience2019,Italy,Italy,41.96,13.54,-2904,-2892,-2880,(UCIAMS-198576:4260±15),-3000 - -2000
Aes18,F,Switzerland_LN,FurtwanglerNatureCommunications2020,Switzerland,Central Europe,47.465,7.602,-2913,-2892,-2786,(BE-9186:4263±24),-3000 - -2000
ajv28.minus.SG,F,Sweden_Gotland_Ajvide_PittedWare_BattleAxe.SG,CoutinhoJakobssonAJPA2020,Sweden,Other region,57.28,18.2,-3002,-2892,-2704,(Ua-57848:4265±33),-3000 - -2000
OBR003,M,Czech_Bohemia_CordedWare,PapacScienceAdvances2021,Czech Republic,Central Europe,50.293,14.485,-2911,-2891,-2784,(MAMS-30795:4259±23),-3000 - -2000
Aes10,F,Switzerland_LN,FurtwanglerNatureCommunications2020,Switzerland,Central Europe,47.465,7.602,-2911,-2890,-2783,(BE-9179:4256±23),-3000 - -2000
RA44,F,Switzerland_LN,FurtwanglerNatureCommunications2020,Switzerland,Central Europe,47.262,7.66,-2911,-2888,-2776,(BE-8007:4253±24),-3000 - -2000
R5.SG,F,Italy_C.SG,AntonioGaoMootsScience2019,Italy,Italy,41.96,13.54,-2903,-2887,-2786,(UCIAMS-198577:4245±15),-3000 - -2000
I2473,M,Spain_C,OlaldeScience2019,Spain,Iberia,42.57,-2.62,-2914,-2885,-2703,(Beta-299305:4250±30),-3000 - -2000
I7642,M,Spain_MLN,OlaldeScience2019,Spain,Iberia,38.702,-0.486,-2907,-2883,-2705,(MAMS-16338:4240±23),-3000 - -2000
RA57,F,Switzerland_LN,FurtwanglerNatureCommunications2020,Switzerland,Central Europe,47.312,7.384,-2904,-2881,-2706,(BE-7989:4236±21),-3000 - -2000
RA61,M,Switzerland_LN,FurtwanglerNatureCommunications2020,Switzerland,Central Europe,47.312,7.384,-2904,-2881,-2705,(BE-7988:4235±21),-3000 - -2000
vbj014.minus.SG,M,Sweden_Gotland_Vasterbjers_PittedWare_BattleAxe_minus.SG,CoutinhoJakobssonAJPA2020,Sweden,Other region,57.58,18.7,-3012,-2881,-2671,(Ua-19396:4260±50),-3000 - -2000
RA59.Furtwangler,F,Switzerland_LN,FurtwanglerNatureCommunications2020,Switzerland,Central Europe,47.312,7.384,-2898,-2880,-2861,,-3000 - -2000
Aes6_d,M,Switzerland_LN,FurtwanglerNatureCommunications2020,Switzerland,Central Europe,47.465,7.602,-2904,-2880,-2705,(BE-8677:4234±22),-3000 - -2000
I2510,M,Bulgaria_EBA_o1,MathiesonNature2018,Bulgaria,Southeastern Europe,43.161,25.883,-2906,-2878,-2703,(PSUAMS-1815:4235±25),-3000 - -2000
I1845,M,Spain_C,OlaldeScience2019,Spain,Iberia,42.57,-2.57,-3100,-2875,-2650,,-3000 - -2000
I1846,F,Spain_C,OlaldeScience2019,Spain,Iberia,42.57,-2.57,-3100,-2875,-2650,,-3000 - -2000
I1978,F,Spain_C,OlaldeScience2019,Spain,Iberia,42.57,-2.57,-3100,-2875,-2650,,-3000 - -2000
Aes21,M,Switzerland_LN,FurtwanglerNatureCommunications2020,Switzerland,Central Europe,47.465,7.602,-3100,-2875,-2650,,-3000 - -2000
RISE1161.SG,F,Poland_Koszyce_GAC.SG,SchroederPNAS2019,Poland,Central Europe,50.17,20.579,-2912,-2873,-2697,,-3000 - -2000
ILK003,F,Ukraine_Globular_Amphora,MathiesonNature2018,Ukraine,Western Pontic Steppe,49.558,27.689,-2900,-2868,-2702,(MAMS-30074:4225±22),-3000 - -2000
vbj002.minus.SG,F,Sweden_Gotland_Vasterbjers_PittedWare_BattleAxe_minus.SG,CoutinhoJakobssonAJPA2020,Sweden,Other region,57.58,18.7,-2911,-2866,-2696,(Ua-57855:4236±33),-3000 - -2000
vbj013.minus.SG,M,Sweden_Gotland_Vasterbjers_PittedWare_BattleAxe_minus.SG,CoutinhoJakobssonAJPA2020,Sweden,Other region,57.58,18.7,-2912,-2863,-2679,(Ua-57860:4236±34),-3000 - -2000
SB568A_lib.SG,F,Wales_N.SG,BraceDiekmannNatureEcologyEvolution2019,United Kingdom,Britain and Ireland,53.115,-4.13,-2909,-2859,-2696,(OxA-12741:4233±32),-3000 - -2000
I0438_published,M,Russia_Samara_EBA_Yamnaya_published,MathiesonNature2015,Russia,Other region,53.38,50.38,-3017,-2858,-2630,(AA-47807:4254±61),-3000 - -2000
I4175,F,Croatia_LateC_EBA_Vucedol,MathiesonNature2018,Croatia,Southeastern Europe,45.336,19.061,-3000,-2850,-2700,,-3000 - -2000
CAK534.SG,M,Ireland_N.SG,CassidyNature2020,Ireland,Britain and Ireland,54.059,-8.382,-3100,-2850,-2600,,-3000 - -2000
VLI090,F,Czech_Bohemia_CordedWare,PapacScienceAdvances2021,Czech Republic,Central Europe,50.366,14.447,-3087,-2804,-2574,(CRL-9203:4241±84),-3000 - -2000
RISE1241.SG,M,Poland_Sandomierz_GAC.SG,SchroederPNAS2019,Poland,Central Europe,50.6,21.7,-2899,-2801,-2701,,-3000 - -2000
ILK001,M,Ukraine_Globular_Amphora,MathiesonNature2018,Ukraine,Western Pontic Steppe,49.558,27.689,-2898,-2800,-2701,(MAMS-30072:4221±22),-3000 - -2000
I11604,M,Portugal_C,OlaldeScience2019,Portugal,Iberia,39.233,-9.3,-3100,-2800,-2500,,-3000 - -2000
I11605,M,Portugal_C,OlaldeScience2019,Portugal,Iberia,39.233,-9.3,-3100,-2800,-2500,,-3000 - -2000
RISE1250.SG,M,Poland_Sandomierz_GAC.SG,SchroederPNAS2019,Poland,Central Europe,50.6,21.7,-2950,-2800,-2650,,-3000 - -2000
PEI2.SG,F,France_Occitanie_LN.SG,BrunelPNAS2020,France,Other region,43.136,2.252,-2950,-2800,-2650,,-3000 - -2000
KO1016,F,Czech_Bohemia_Rivnac_N,PapacScienceAdvances2021,Czech Republic,Central Europe,50.033,15.168,-2900,-2800,-2700,,-3000 - -2000
Aes7_d,M,Switzerland_LN,FurtwanglerNatureCommunications2020,Switzerland,Central Europe,47.465,7.602,-3100,-2800,-2500,,-3000 - -2000
RK1003,F,Russia_North_Caucasus,WangNatureCommunications2019,Russia,Western Pontic Steppe,45.537,41.117,-2898,-2796,-2699,(MAMS-29817:4218±24),-3000 - -2000
I0441,F,Russia_Samara_EBA_Yamnaya,MathiesonNature2015,Russia,Other region,52.3,52.05,-3008,-2794,-2585,(AA-47805:4234±60),-3000 - -2000
RISE1165.SG,M,Poland_Koszyce_GAC.SG,SchroederPNAS2019,Poland,Central Europe,50.17,20.579,-2905,-2793,-2673,,-3000 - -2000
VLI008,F,Czech_Bohemia_CordedWare_o1,PapacScienceAdvances2021,Czech Republic,Central Europe,50.366,14.447,-2893,-2793,-2700,(MAMS-30759:4212±21),-3000 - -2000
RISE1170.SG,F,Poland_Koszyce_GAC.SG,SchroederPNAS2019,Poland,Central Europe,50.17,20.579,-2898,-2792,-2679,,-3000 - -2000
VPR001,M,Czech_Bohemia_Rivnac_N,PapacScienceAdvances2021,Czech Republic,Central Europe,50.155,14.318,-2897,-2792,-2695,(MAMS-41373:4213±25),-3000 - -2000
atp002.SG,M,Spain_C_oAnatolia.SG,ValdioseraPNAS2018,Spain,Iberia,42.353,-3.518,-2898,-2789,-2673,(Beta-386394:4210±30),-3000 - -2000
I0581_published_d,M,Spain_C_published,MathiesonNature2015,Spain,Iberia,42.333,-3.5,-2898,-2789,-2673,(Beta-416455:4210±30),-3000 - -2000
Aes22,M,Switzerland_LN,FurtwanglerNatureCommunications2020,Switzerland,Central Europe,47.465,7.602,-2890,-2786,-2676,(BE-9190:4199±23),-3000 - -2000
I0455,M,Spain_C,OlaldeNature2018,Spain,Iberia,38.1,-1.85,-2903,-2785,-2635,(Beta-261529:4210±40),-3000 - -2000
RISE1249.SG,F,Poland_Ksiaznice_GAC.SG,SchroederPNAS2019,Poland,Central Europe,50.2,21.4,-2903,-2785,-2635,,-3000 - -2000
VLI007,F,Czech_Bohemia_CordedWare,PapacScienceAdvances2021,Czech Republic,Central Europe,50.366,14.447,-2888,-2785,-2677,(MAMS-30758:4196±21),-3000 - -2000
RISE1163.SG,M,Poland_Koszyce_GAC.SG,SchroederPNAS2019,Poland,Central Europe,50.17,20.579,-2889,-2783,-2673,,-3000 - -2000
PEI10.SG,F,France_Occitanie_LN.SG,BrunelPNAS2020,France,Other region,43.136,2.252,-2893,-2783,-2671,(Ly-14876:4200±30),-3000 - -2000
ILK002,M,Ukraine_EBA_GlobularAmphora,MathiesonNature2018,Ukraine,Western Pontic Steppe,49.558,27.689,-2886,-2782,-2674,(MAMS-30073:4192±22),-3000 - -2000
VLI088,F,Czech_Bohemia_CordedWare,PapacScienceAdvances2021,Czech Republic,Central Europe,50.366,14.447,-3077,-2780,-2495,(CRL-9199:4217±92),-3000 - -2000
I7671,M,Russia_MBA_Poltavka_o2,NarasimhanPattersonScience2019,Russia,Other region,53.166,50.674,-2883,-2778,-2673,(PSUAMS-4275:4185±20),-3000 - -2000
I5884_published,M,Ukraine_EBA_published,MathiesonNature2018,Ukraine,Western Pontic Steppe,48.914,33.765,-2886,-2778,-2639,(PSUAMS-2828:4195±20);(PSUAMS-7830:4175±30),-3000 - -2000
SA6010,M,Russia_EBA_Yamnaya_o,WangNatureCommunications2019,Russia,Western Pontic Steppe,45.726,43.987,-2884,-2776,-2671,(MAMS-29821:4185±23),-3000 - -2000
RISE1248.SG,F,Poland_Ksiaznice_GAC.SG,SchroederPNAS2019,Poland,Central Europe,50.2,21.4,-2950,-2775,-2600,,-3000 - -2000
RISE1252.SG,M,Poland_Mierzanowice_GAC.SG,SchroederPNAS2019,Poland,Central Europe,50.8,21.5,-3100,-2775,-2450,,-3000 - -2000
RISE1254.SG,M,Poland_Wilczyce_GAC.SG,SchroederPNAS2019,Poland,Central Europe,51.1,17.1,-3100,-2775,-2450,,-3000 - -2000
RISE1246.SG,F,Poland_Ksiaznice_GAC.SG,SchroederPNAS2019,Poland,Central Europe,50.2,21.4,-2892,-2772,-2631,,-3000 - -2000
Aes23,M,Switzerland_LN,FurtwanglerNatureCommunications2020,Switzerland,Central Europe,47.465,7.602,-2882,-2771,-2642,(BE-9191:4178±23),-3000 - -2000
I0440_published,M,Russia_MBA_Poltavka_published,MathiesonNature2015,Russia,Other region,53.64,50.664,-2885,-2770,-2633,(Beta-392492:4180±30),-3000 - -2000
STD002,M,Czech_Bohemia_CordedWare,PapacScienceAdvances2021,Czech Republic,Central Europe,50.613,13.961,-2882,-2769,-2637,(MAMS-45792:4177±25),-3000 - -2000
VLI092,M,Czech_Bohemia_CordedWare,PapacScienceAdvances2021,Czech Republic,Central Europe,50.366,14.447,-2882,-2768,-2636,(MAMS-45801:4176±26),-3000 - -2000
I3499,M,Croatia_LateC_EBA_Vucedol,MathiesonNature2018,Croatia,Southeastern Europe,45.339,18.699,-2883,-2767,-2634,(BRAMS-1304:4176±28),-3000 - -2000
GW1001,M,Russia_North_Caucasus,WangNatureCommunications2019,Russia,Western Pontic Steppe,44.032,43.13,-2881,-2767,-2637,(MAMS-29807:4174±24),-3000 - -2000
VLI011,M,Czech_Bohemia_CordedWare,PapacScienceAdvances2021,Czech Republic,Central Europe,50.366,14.447,-2881,-2767,-2636,(MAMS-44711:4174±25),-3000 - -2000
VLI067,F,Czech_Bohemia_CordedWare,PapacScienceAdvances2021,Czech Republic,Central Europe,50.366,14.447,-2881,-2766,-2637,(MAMS-41360:4173±24),-3000 - -2000
RK1001,M,Russia_Caucasus_EBA_Yamnaya,WangNatureCommunications2019,Russia,Western Pontic Steppe,45.537,41.117,-2879,-2765,-2637,(MAMS-29816:4171±22),-3000 - -2000
VLI071,F,Czech_Bohemia_CordedWare,PapacScienceAdvances2021,Czech Republic,Central Europe,50.366,14.447,-2881,-2764,-2633,(MAMS-45798:4171±26),-3000 - -2000
CAK530.SG,F,Ireland_LN.SG,CassidyNature2020,Ireland,Britain and Ireland,54.059,-8.382,-2882,-2761,-2630,(OxA-35325:4170±32),-3000 - -2000
TOU001,M,Czech_Bohemia_Rivnac_N,PapacScienceAdvances2021,Czech Republic,Central Europe,50.168,14.723,-2878,-2760,-2633,(MAMS-41357:4166±24),-3000 - -2000
I4930,F,Italy_Sicily_C_o,OlaldeNature2018,Italy,Italy,37.735,12.962,-2875,-2755,-2633,(PSUAMS-3054:4160±20),-3000 - -2000
I6294,M,Russia_MBA_Poltavka,NarasimhanPattersonScience2019,Russia,Other region,53.59,50.571,-2875,-2755,-2633,(PSUAMS-2956:4160±20),-3000 - -2000
vbj004.minus.SG,F,Sweden_Gotland_Vasterbjers_PittedWare_BattleAxe_minus.SG,CoutinhoJakobssonAJPA2020,Sweden,Other region,57.58,18.7,-2892,-2755,-2582,(Ua-19405:4175±55),-3000 - -2000
RISE240.SG,F,Russia_Kalmykia_EBA_Yamnaya.SG,AllentoftNature2015,Russia,Western Pontic Steppe,46.58,43.678,-2877,-2753,-2630,(GrA-45038:4160±30),-3000 - -2000
RISE434.SG,M,Germany_CordedWare.SG,AllentoftNature2015,Germany,Central Europe,48.932,12.259,-2878,-2753,-2629,(UBA-27946:4161±34),-3000 - -2000
ans016.SG,M,Sweden_Ansarve_Megalithic.SG,SanchezQuintoPNAS2019,Sweden,Other region,57.509,18.14,-2877,-2753,-2630,(Beta-402963:4160±30),-3000 - -2000
MK5009,M,Russia_North_Caucasus,WangNatureCommunications2019,Russia,Western Pontic Steppe,43.905,43.522,-2877,-2753,-2630,(MAMS-110549:4160±30),-3000 - -2000
poz81.SG,M,Poland_CWC.SG,MalmstromProcBiolSci2019,Poland,Central Europe,52.3,17.55,-2879,-2752,-2627,(Poz-36250:4160±35),-3000 - -2000
CAK531.SG,M,Ireland_LN.SG,CassidyNature2020,Ireland,Britain and Ireland,54.059,-8.382,-2882,-2751,-2587,(UBA-38306:4160±38),-3000 - -2000
Ajvide52.SG,M,Sweden_PWC.SG,SkoglundScience2014,Sweden,Other region,57.287,18.206,-2900,-2750,-2600,,-3000 - -2000
Ajvide58.SG,M,Sweden_PWC.SG,SkoglundScience2014,Sweden,Other region,57.287,18.206,-2900,-2750,-2600,,-3000 - -2000
Ajvide70.SG,M,Sweden_PWC.SG,SkoglundScience2014,Sweden,Other region,57.287,18.206,-2900,-2750,-2600,,-3000 - -2000
MA2210_final.SG,M,Turkey_EBA_II.SG,DamgaardScience2018,Turkey,Other region,38.629,34.298,-3000,-2750,-2500,,-3000 - -2000
MA2212_final.SG,M,Turkey_EBA_II.SG,DamgaardScience2018,Turkey,Other region,38.629,34.298,-3000,-2750,-2500,,-3000 - -2000
MA2213_final.SG,F,Turkey_EBA_II.SG,DamgaardScience2018,Turkey,Other region,38.629,34.298,-3000,-2750,-2500,,-3000 - -2000
I0432,M,Russia_MBA_Poltavka_oEEF,MathiesonNature2015,Russia,Other region,53.66,50.67,-2922,-2748,-2490,(AA-12569:4180±84),-3000 - -2000
VOR004.SG,F,Russia_Yaroslavl_Fatyanovo_BA.SG,SaagMetspaluScience2021,Russia,Other region,57.535,39.553,-2877,-2746,-2624,(UBA-41640:4153±33),-3000 - -2000
DRO001,M,Czech_Bohemia_CordedWare,PapacScienceAdvances2021,Czech Republic,Central Europe,50.437,13.413,-2872,-2741,-2627,(MAMS-45783:4147±23),-3000 - -2000
KON001,F,Czech_Bohemia_CordedWare,PapacScienceAdvances2021,Czech Republic,Central Europe,50.556,13.661,-2873,-2741,-2627,(MAMS-45787:4147±24),-3000 - -2000
NIK005.SG,F,Russia_Yaroslavl_Fatyanovo_BA_dup.I7353.SG,SaagMetspaluScience2021,Russia,Other region,57.529,39.67,-2879,-2736,-2580,(UBA-41629:4148±49),-3000 - -2000
I8569,M,Spain_C,OlaldeScience2019,Spain,Iberia,40.303,0.28,-2870,-2735,-2624,(MAMS-18651:4141±21),-3000 - -2000
BLS002,F,Czech_Bohemia_GlobularAmphorae_N,PapacScienceAdvances2021,Czech Republic,Central Europe,50.351,13.852,-2871,-2735,-2624,(MAMS-41370:4141±22),-3000 - -2000
VLI032,M,Czech_Bohemia_GlobularAmphorae_N,PapacScienceAdvances2021,Czech Republic,Central Europe,50.366,14.447,-2869,-2727,-2582,(MAMS-41362:4132±24),-3000 - -2000
vbj001.minus.SG,F,Sweden_Gotland_Vasterbjers_PittedWare_BattleAxe_minus.SG,CoutinhoJakobssonAJPA2020,Sweden,Other region,57.58,18.7,-2877,-2725,-2576,(Ua-19395:4135±50),-3000 - -2000
I0371_published,M,Russia_MBA_Poltavka_published,MathiesonNature2015,Russia,Other region,53.59,50.571,-2869,-2724,-2580,(Beta-392488:4130±30),-3000 - -2000
KON005,M,Czech_Bohemia_CordedWare,PapacScienceAdvances2021,Czech Republic,Central Europe,50.556,13.661,-2867,-2724,-2582,(MAMS-45789:4130±24),-3000 - -2000
I2792,M,Croatia_Vucedol,MathiesonNature2018,Croatia,Southeastern Europe,45.336,19.061,-2870,-2723,-2579,(Poz-90126:4130±35),-3000 - -2000
RISE436.SG,M,Germany_CordedWare_o1.SG,AllentoftNature2015,Germany,Central Europe,48.932,12.259,-2867,-2712,-2578,(UBA-27948:4124±31),-3000 - -2000
vbj008.minus.SG,M,Sweden_Gotland_Vasterbjers_PittedWare_BattleAxe_minus.SG,CoutinhoJakobssonAJPA2020,Sweden,Other region,57.58,18.7,-2879,-2711,-2500,(Ua-19402:4125±55),-3000 - -2000
BU2001,M,Russia_North_Caucasus,WangNatureCommunications2019,Russia,Western Pontic Steppe,44.024,42.818,-2863,-2709,-2581,(HD-29619:4125±19),-3000 - -2000
I2403,M,Poland_Globular_Amphora,MathiesonNature2018,Poland,Central Europe,52.85,17.883,-2867,-2700,-2577,(Beta-430712:4120±30),-3000 - -2000
I6601,M,Portugal_C,OlaldeNature2018,Portugal,Iberia,39.09,-9.29,-2800,-2700,-2600,,-3000 - -2000
I7587,M,Spain_C,OlaldeScience2019,Spain,Iberia,37.24,-4.24,-2900,-2700,-2500,,-3000 - -2000
I8149,F,Spain_C,OlaldeScience2019,Spain,Iberia,37.24,-4.24,-2900,-2700,-2500,,-3000 - -2000
I8154,F,Spain_C,OlaldeScience2019,Spain,Iberia,37.24,-4.24,-2900,-2700,-2500,,-3000 - -2000
I8158,M,Spain_C,OlaldeScience2019,Spain,Iberia,37.24,-4.24,-2900,-2700,-2500,,-3000 - -2000
I8197,F,Spain_C,OlaldeScience2019,Spain,Iberia,37.24,-4.24,-2900,-2700,-2500,,-3000 - -2000
I8198,F,Spain_C,OlaldeScience2019,Spain,Iberia,37.24,-4.24,-2900,-2700,-2500,,-3000 - -2000
I8199,M,Spain_C,OlaldeScience2019,Spain,Iberia,37.24,-4.24,-2900,-2700,-2500,,-3000 - -2000
I11614,F,Portugal_C,OlaldeScience2019,Portugal,Italy,39.083,9.267,-2800,-2700,-2600,,-3000 - -2000
I11592,M,Portugal_C,OlaldeScience2019,Portugal,Italy,39.083,9.267,-2800,-2700,-2600,,-3000 - -2000
LYG001,M,Russia_North_Caucasus,WangNatureCommunications2019,Russia,Western Pontic Steppe,44.053,43.21,-2864,-2700,-2579,(MAMS-29825:4122±23),-3000 - -2000
KON003,M,Czech_Bohemia_CordedWare,PapacScienceAdvances2021,Czech Republic,Central Europe,50.556,13.661,-2900,-2700,-2500,,-3000 - -2000
TRM001,M,Czech_Bohemia_CordedWare,PapacScienceAdvances2021,Czech Republic,Central Europe,50.638,13.992,-2900,-2700,-2500,,-3000 - -2000
VLI075,M,Czech_Bohemia_CordedWare,PapacScienceAdvances2021,Czech Republic,Central Europe,50.366,14.447,-2900,-2700,-2500,,-3000 - -2000
VLI081,M,Czech_Bohemia_CordedWare,PapacScienceAdvances2021,Czech Republic,Central Europe,50.366,14.447,-2900,-2700,-2500,,-3000 - -2000
poz44.SG,F,Poland_CWC.SG,MalmstromProcBiolSci2019,Poland,Central Europe,52.3,17.55,-2865,-2693,-2576,(UBA-16633:4117±28),-3000 - -2000
SID006,M,Italy_Sardinia_C,MarcusNatureCommunications2020,Italy,Italy,40.624,8.637,-2865,-2693,-2576,(MAMS-39533:4117±28),-3000 - -2000
MA968.MA976.SG,M,Estonia_CordedWare.SG,SaagCurrentBiology2017,Estonia,Other region,59.1,25.37,-2870,-2687,-2500,(Poz-10824:4110±40),-3000 - -2000
MA969.SG,M,Estonia_CordedWare.SG_o2,SaagCurrentBiology2017,Estonia,Other region,59.1,25.37,-2870,-2687,-2500,(Poz-10824:4110±40),-3000 - -2000
PNL002,M,Czech_Bohemia_CordedWare,PapacScienceAdvances2021,Czech Republic,Central Europe,50.25,15.811,-2867,-2684,-2504,(Poz-86648:4110±35),-3000 - -2000
I1281,F,Spain_C,MathiesonNature2015,Spain,Iberia,42.333,-3.5,-2866,-2681,-2573,(Beta-416458:4110±30),-3000 - -2000
VLI085,M,Czech_Bohemia_CordedWare,PapacScienceAdvances2021,Czech Republic,Central Europe,50.366,14.447,-2864,-2678,-2574,(MAMS-45800:4110±27),-3000 - -2000
I1970,M,Portugal_C,OlaldeNature2018,Portugal,Iberia,38.875,-9.075,-2875,-2675,-2490,(GrN-10972:4100±60),-3000 - -2000
TRM006,M,Czech_Bohemia_CordedWare,PapacScienceAdvances2021,Czech Republic,Central Europe,50.638,13.992,-2860,-2665,-2505,(MAMS-45796:4105±25),-3000 - -2000
NIK002.SG,M,Russia_Yaroslavl_Fatyanovo_BA.SG,SaagMetspaluScience2021,Russia,Other region,57.529,39.67,-2865,-2663,-2498,(UBA-41626:4100±34),-3000 - -2000
ART011,M,Turkey_Arslantepe_EBA,SkourtaniontiCell2020,Turkey,Other region,38.382,38.361,-2859,-2661,-2504,(MAMS-33538:4103±25),-3000 - -2000
I11443,M,Italy_Sicily_EBA_o2,FernandesNatureEcologyEvolution2020,Italy,Italy,37.908,13.478,-2871,-2660,-2474,(OxA-32773:4090±60),-3000 - -2000
Aes25,M,Switzerland_LN_oSteppe,FurtwanglerNatureCommunications2020,Switzerland,Central Europe,47.465,7.602,-2864,-2660,-2498,(BE-8681:4099±32),-3000 - -2000
RISE435.SG,F,Germany_CordedWare_o1.SG,AllentoftNature2015,Germany,Central Europe,48.932,12.259,-2863,-2653,-2496,(UBA-27947:4094±33),-3000 - -2000
IVA001.SG,F,Russia_Moscow_Fatyanovo_BA_dup.I7351.SG,SaagMetspaluScience2021,Russia,Other region,55.823,36.065,-2864,-2651,-2495,(UBA-41621:4092±35),-3000 - -2000
ART010,F,Turkey_Arslantepe_EBA,SkourtaniontiCell2020,Turkey,Other region,38.382,38.361,-2855,-2649,-2499,(MAMS-33537:4095±26),-3000 - -2000
PRE001,F,Czech_Bohemia_GlobularAmphorae_N,PapacScienceAdvances2021,Czech Republic,Central Europe,50.252,15.812,-2855,-2649,-2499,(MAMS-41368:4095±26),-3000 - -2000
MJ-06.SG,F,Ukraine_EBA_Yamnaya_o.SG,JarveCurrentBiology2019,Ukraine,Western Pontic Steppe,49.325,35.369,-2863,-2647,-2494,(Poz-:4090±35),-3000 - -2000
SOP002.SG,F,Estonia_IdaViru_CordedWare_Neolithic.SG,SaagMetspaluScience2021,Estonia,Other region,59.418,27.041,-2863,-2647,-2494,(Poz-10827:4090±35),-3000 - -2000
VLI079,F,Czech_Bohemia_CordedWare_o3,PapacScienceAdvances2021,Czech Republic,Central Europe,50.366,14.447,-2852,-2645,-2502,(MAMS-47026:4095±23),-3000 - -2000
I0126,M,Russia_MBA_Poltavka,MathiesonNature2015,Russia,Other region,53.31,51.15,-2866,-2643,-2473,(AA-53803:4081±54),-3000 - -2000
oll007.SG,F,Sweden_BAC.SG,MalmstromProcBiolSci2019,Sweden,Other region,56.015,14.068,-2858,-2642,-2496,(Beta-417630:4090±30),-3000 - -2000
TRM003,F,Czech_Bohemia_CordedWare,PapacScienceAdvances2021,Czech Republic,Central Europe,50.638,13.992,-2853,-2642,-2500,(MAMS-45794:4093±24),-3000 - -2000
I8364,M,Spain_C,OlaldeScience2019,Spain,Iberia,37.24,-4.24,-2706,-2638,-2569,,-3000 - -2000
I8365,M,Spain_C,OlaldeScience2019,Spain,Iberia,37.24,-4.24,-2706,-2638,-2569,,-3000 - -2000
HAN002.SG,M,Russia_Moscow_Fatyanovo_BA.SG,SaagMetspaluScience2021,Russia,Other region,55.636,35.9,-2859,-2629,-2492,(UBA-41618:4083±33),-3000 - -2000
I6695,F,Czech_CordedWare,NarasimhanPattersonScience2019,Czech Republic,Central Europe,50.548,13.776,-2900,-2625,-2350,,-3000 - -2000
I6696,M,Czech_CordedWare,NarasimhanPattersonScience2019,Czech Republic,Central Europe,50.543,14.066,-2900,-2625,-2350,,-3000 - -2000
RISE555.SG,M,Russia_EBA_o1.SG,AllentoftNature2015,Russia,Other region,48.716,44.5,-2852,-2622,-2495,(AAR- 20358:4082±28),-3000 - -2000
I1272,F,Spain_C,MathiesonNature2015,Spain,Iberia,42.333,-3.5,-2854,-2621,-2493,(Beta-416456:4080±30),-3000 - -2000
VLI009,F,Czech_Bohemia_CordedWare_o2,PapacScienceAdvances2021,Czech Republic,Central Europe,50.366,14.447,-2846,-2614,-2495,(MAMS-45797:4078±25),-3000 - -2000
TORTE.SG,F,France_LaClape_LN_EBA_Veraza.SG,SeguinOrlandoCurrBio2021,France,Other region,43.15,3.061,-2838,-2609,-2499,(UCAIMS-223206:4080±15),-3000 - -2000
RISE61.SG,M,Denmark_MN_B.SG,AllentoftNature2015,Denmark,Other region,55.703,11.855,-2846,-2605,-2491,(OxA-28296:4071±27),-3000 - -2000
I1282,M,Spain_C,MathiesonNature2015,Spain,Iberia,42.333,-3.5,-2900,-2600,-2300,,-3000 - -2000
I1276,F,Spain_C,MathiesonNature2015,Spain,Iberia,42.333,-3.5,-2900,-2600,-2300,,-3000 - -2000
I1284,M,Spain_C,MathiesonNature2015,Spain,Iberia,42.333,-3.5,-2900,-2600,-2300,,-3000 - -2000
I1280,F,Spain_C,MathiesonNature2015,Spain,Iberia,42.333,-3.5,-2900,-2600,-2300,,-3000 - -2000
I1314,M,Spain_C,MathiesonNature2015,Spain,Iberia,42.333,-3.5,-2900,-2600,-2300,,-3000 - -2000
I1300,F,Spain_C,MathiesonNature2015,Spain,Iberia,42.333,-3.5,-2900,-2600,-2300,,-3000 - -2000
I1271,F,Spain_C,MathiesonNature2015,Spain,Iberia,42.333,-3.5,-2900,-2600,-2300,,-3000 - -2000
I1303,M,Spain_C,MathiesonNature2015,Spain,Iberia,42.333,-3.5,-2900,-2600,-2300,,-3000 - -2000
I5838,M,Spain_C,LipsonNature2017,Spain,Iberia,42.333,-3.5,-2900,-2600,-2300,,-3000 - -2000
I6596_published,M,Spain_C_published,OlaldeNature2018,Spain,Iberia,40.22,-3.76,-2900,-2600,-2300,,-3000 - -2000
I6617,M,Spain_C,OlaldeNature2018,Spain,Iberia,40.22,-3.76,-2900,-2600,-2300,,-3000 - -2000
I6628,F,Spain_C,OlaldeNature2018,Spain,Iberia,40.22,-3.76,-2900,-2600,-2300,,-3000 - -2000
I6629,M,Spain_C,OlaldeNature2018,Spain,Iberia,40.22,-3.76,-2900,-2600,-2300,,-3000 - -2000
I6630,F,Spain_C,OlaldeNature2018,Spain,Iberia,40.22,-3.76,-2900,-2600,-2300,,-3000 - -2000
TU876_SX10,F,Switzerland_EBA_1,FurtwanglerNatureCommunications2020,Switzerland,Central Europe,47.227,8.818,-2750,-2600,-2450,,-3000 - -2000
ETM010,M,Syria_Ebla_EMBA,SkourtaniontiCell2020,Syria,Other region,35.798,36.798,-2700,-2600,-2500,,-3000 - -2000
ART009,F,Turkey_Arslantepe_EBA,SkourtaniontiCell2020,Turkey,Other region,38.382,38.361,-2838,-2599,-2494,(MAMS-37487:4069±20),-3000 - -2000
OBR001,F,Czech_Bohemia_CordedWare,PapacScienceAdvances2021,Czech Republic,Central Europe,50.293,14.485,-2840,-2593,-2490,(MAMS-41363:4064±23),-3000 - -2000
NIK004.SG,F,Russia_Yaroslavl_Fatyanovo_BA_dup.I1490.SG,SaagMetspaluScience2021,Russia,Other region,57.529,39.67,-2846,-2585,-2467,(PSUAMS-4111:4095±25);(Poz-82199:4015±35),-3000 - -2000
NIK007.SG,F,Russia_Yaroslavl_Fatyanovo_BA_dup.I7354.SG,SaagMetspaluScience2021,Russia,Other region,57.529,39.67,-2862,-2584,-2462,(UBA-41630:4047±54),-3000 - -2000
KO1002,M,Czech_Bohemia_CordedWare,PapacScienceAdvances2021,Czech Republic,Central Europe,50.033,15.168,-2837,-2577,-2473,(MAMS-38481:4055±29),-3000 - -2000
I0826,M,Spain_C,OlaldeNature2018,Spain,Iberia,41.492,2.139,-2834,-2570,-2472,(MAMS-25940:4051±28),-3000 - -2000
MX191,M,Switzerland_EBA_2,FurtwanglerNatureCommunications2020,Switzerland,Central Europe,47.255,8.216,-2835,-2570,-2471,(ETH-44196:4050±30),-3000 - -2000
NAU001.SG,M,Russia_Yaroslavl_Fatyanovo_BA.SG,SaagMetspaluScience2021,Russia,Other region,57.587,39.631,-2840,-2567,-2469,(UBA-41624:4047±35),-3000 - -2000
RK4002,M,Russia_Steppe_Catacomb,WangNatureCommunications2019,Russia,Western Pontic Steppe,45.536,41.06,-2661,-2565,-2474,(MAMS-29820:4050±22),-3000 - -2000
I1392,F,France_BellBeaker_NoSteppe,OlaldeNature2018,France,Central Europe,47.56,7.52,-2832,-2562,-2471,(MAMS-25935:4047±29),-3000 - -2000
OBR004,F,Czech_Bohemia_CordedWare,PapacScienceAdvances2021,Czech Republic,Central Europe,50.293,14.485,-2828,-2562,-2472,(MAMS-38483:4048±26),-3000 - -2000
Plinkaigalis241,F,Lithuania_LN,MittnikNatureCommunications2018,Lithuania,Other region,55.41,23.647,-2859,-2558,-2352,(OxA-5928:4030±55),-3000 - -2000
VLI031,M,Czech_Bohemia_GlobularAmphorae_N,PapacScienceAdvances2021,Czech Republic,Central Europe,50.366,14.447,-2828,-2555,-2471,(MAMS-41361:4046±27),-3000 - -2000
I2499,F,Turkey_EBA,LazaridisNature2017,Turkey,Other region,37.918,30.708,-2835,-2552,-2468,(Poz-82213:4040±35),-3000 - -2000
NAU002.SG,M,Russia_Yaroslavl_Fatyanovo_BA.SG,SaagMetspaluScience2021,Russia,Other region,57.587,39.631,-2840,-2551,-2465,(UBA-41625:4036±40),-3000 - -2000
I1553,F,Spain_C,OlaldeNature2018,Spain,Iberia,41.492,2.139,-2850,-2550,-2250,,-3000 - -2000
I0260,F,Spain_C,OlaldeNature2018,Spain,Iberia,41.492,2.139,-2850,-2550,-2250,,-3000 - -2000
I0261,M,Spain_C,OlaldeNature2018,Spain,Iberia,41.492,2.139,-2850,-2550,-2250,,-3000 - -2000
I0823,F,Spain_C,OlaldeNature2018,Spain,Iberia,41.492,2.139,-2850,-2550,-2250,,-3000 - -2000
I0258,F,Spain_C,OlaldeNature2018,Spain,Iberia,41.492,2.139,-2850,-2550,-2250,,-3000 - -2000
I0262,F,Spain_C,OlaldeNature2018,Spain,Iberia,41.492,2.139,-2850,-2550,-2250,,-3000 - -2000
STD001,M,Czech_Bohemia_CordedWare,PapacScienceAdvances2021,Czech Republic,Central Europe,50.613,13.961,-2650,-2550,-2450,,-3000 - -2000
VLI019,M,Czech_Bohemia_CordedWare,PapacScienceAdvances2021,Czech Republic,Central Europe,50.366,14.447,-2650,-2550,-2450,,-3000 - -2000
HAN004.SG,M,Russia_Moscow_Fatyanovo_BA.SG,SaagMetspaluScience2021,Russia,Other region,55.636,35.9,-2835,-2547,-2467,(UBA-41619:4036±37),-3000 - -2000
NIK008AB.SG,M,Russia_Yaroslavl_Fatyanovo_BA_dup.I7357.SG,SaagMetspaluScience2021,Russia,Other region,57.529,39.67,-2832,-2546,-2468,(UBA-41631:4039±33),-3000 - -2000
Gyvakarai1_10bp,M,Lithuania_LN,MittnikNatureCommunications2018,Lithuania,Other region,55.918,24.913,-2620,-2545,-2470,,-3000 - -2000
MX198,F,Switzerland_EBA_2,FurtwanglerNatureCommunications2020,Switzerland,Central Europe,47.255,8.216,-2858,-2544,-2307,(ETH-17371:4015±65),-3000 - -2000
HAL001.SG,M,Russia_Yaroslavl_Fatyanovo_BA.SG,SaagMetspaluScience2021,Russia,Other region,57.321,39.622,-2830,-2541,-2468,(UBA-41617:4037±32),-3000 - -2000
CAK68.SG,M,Ireland_LN.SG,CassidyNature2020,Ireland,Britain and Ireland,54.059,-8.382,-2833,-2540,-2465,(UBA-30808:4031±37),-3000 - -2000
TIM006.SG,F,Russia_Ivanovo_Fatyanovo_BA.SG,SaagMetspaluScience2021,Russia,Other region,57.134,39.976,-2831,-2539,-2466,(UBA-41635:4031±36),-3000 - -2000
TIM008.SG,M,Russia_Ivanovo_Fatyanovo_BA.SG,SaagMetspaluScience2021,Russia,Other region,57.134,39.976,-2828,-2539,-2468,(UBA-41637:4036±32),-3000 - -2000
RA54,F,Switzerland_EBA_1,FurtwanglerNatureCommunications2020,Switzerland,Central Europe,47.194,8.122,-2659,-2536,-2468,(ETH-44203:4035±30),-3000 - -2000
MX196,F,Switzerland_EBA_2,FurtwanglerNatureCommunications2020,Switzerland,Central Europe,47.255,8.216,-2627,-2534,-2469,(ETH-44195:4034±29),-3000 - -2000
MIL001.SG,F,Russia_Ivanovo_Fatyanovo_BA.SG,SaagMetspaluScience2021,Russia,Other region,56.927,39.645,-2625,-2533,-2470,(UBA-41622:4033±29),-3000 - -2000
ber2F.SG,F,Sweden_BAC.SG,MalmstromProcBiolSci2019,Sweden,Other region,58.416,15.625,-2623,-2532,-2469,(Beta-423306:4030±30),-3000 - -2000
RISE446.SG,M,Germany_CordedWare.SG,AllentoftNature2015,Germany,Central Europe,50.009,10.18,-2827,-2531,-2459,(UBA-27950:4015±38),-3000 - -2000
RISE94.SG,M,Sweden_BattleAxe.SG,AllentoftNature2015,Sweden,Other region,56.025,14.233,-2622,-2530,-2468,(OxA-29033:4025±30),-3000 - -2000
I5374,M,England_N,OlaldeNature2018,United Kingdom,Britain and Ireland,51.279,-2.743,-2828,-2529,-2409,(OxA-16460:4008±39),-3000 - -2000
ber1M.SG,M,Sweden_BAC.SG,MalmstromProcBiolSci2019,Sweden,Other region,58.416,15.625,-2620,-2529,-2467,(Beta-423305:4020±30),-3000 - -2000
I0550,F,Germany_LN_Karsdorf,MathiesonNature2015,Germany,Central Europe,51.283,11.65,-2570,-2528,-2466,(MAMS-23344:3993±21),-3000 - -2000
I2683,F,Turkey_EBA,LazaridisNature2017,Turkey,Other region,37.918,30.708,-2619,-2528,-2466,(PSUAMS-1988:4015±30),-3000 - -2000
PRU002,F,Czech_Bohemia_BellBeaker,PapacScienceAdvances2021,Czech Republic,Central Europe,50.078,14.312,-2571,-2528,-2466,(MAMS-30800:3995±23),-3000 - -2000
TIS002,F,Czech_Bohemia_BellBeaker_oSteppe,PapacScienceAdvances2021,Czech Republic,Central Europe,50.283,14.539,-2571,-2528,-2466,(MAMS-30797:3995±23),-3000 - -2000
VLI010,F,Czech_Bohemia_CordedWare,PapacScienceAdvances2021,Czech Republic,Central Europe,50.366,14.447,-2619,-2528,-2470,(MAMS-38472:4027±25),-3000 - -2000
I1635,M,Armenia_EBA,LazaridisNature2016,Armenia,Other region,40.65,45.117,-2622,-2527,-2460,(Poz-81102:4005±35),-3000 - -2000
ETM012,M,Syria_Ebla_EMBA,SkourtaniontiCell2020,Syria,Other region,35.798,36.798,-2572,-2527,-2466,(MAMS-41114:3997±25),-3000 - -2000
OHR002,F,Czech_Bohemia_CordedWare,PapacScienceAdvances2021,Czech Republic,Central Europe,50.046,14.337,-2616,-2527,-2468,(MAMS-41374:4017±25),-3000 - -2000
BOL001.SG,M,Russia_Tver_Fatyanovo_BA.SG,SaagMetspaluScience2021,Russia,Other region,57.74,36.633,-2660,-2527,-2356,(UBA-41613:4005±39),-3000 - -2000
VOR005.SG,M,Russia_Yaroslavl_Fatyanovo_BA.SG,SaagMetspaluScience2021,Russia,Other region,57.535,39.553,-2842,-2527,-2310,(UBA-41641:4002±54),-3000 - -2000
I0103,F,Germany_CordedWare,MathiesonNature2015,Germany,Central Europe,51.42,11.68,-2617,-2526,-2461,(MAMS-21488:4000±31),-3000 - -2000
I2630,M,Scotland_N,OlaldeNature2018,United Kingdom,Britain and Ireland,58.74,-2.916,-2618,-2526,-2460,(SUERC-68632:3999±32),-3000 - -2000
MK3003,F,Russia_Steppe_Catacomb,WangNatureCommunications2019,Russia,Western Pontic Steppe,43.925,43.53,-2615,-2526,-2469,(MAMS-29809:4020±22),-3000 - -2000
OHR001,M,Czech_Bohemia_CordedWare_dup.I13467,PapacScienceAdvances2021,Czech Republic,Central Europe,50.045,14.339,-2571,-2526,-2463,(MAMS-44709:3987±25),-3000 - -2000
GBVPL.SG,F,France_LaClape_LN_EMBA_BellBeakerPossible_oNeolithic.SG,SeguinOrlandoCurrBio2021,France,Other region,43.149,3.061,-2572,-2526,-2472,(UCAIMS-223209:4015±15),-3000 - -2000
TORTC.SG,F,France_LaClape_LN_EBA_Veraza.SG,SeguinOrlandoCurrBio2021,France,Other region,43.15,3.061,-2575,-2526,-2471,(UCAIMS-229426:4020±20),-3000 - -2000
LD1174.SG,F,Spain_MN.SG,GonzalesFortesProcRoyalSocB2019,Spain,Iberia,37.406,-4.416,-2578,-2524,-2412,(Beta-441391:3989±30),-3000 - -2000
vbj007.minus.SG,M,Sweden_Gotland_Vasterbjers_PittedWare_BattleAxe_minus.SG,CoutinhoJakobssonAJPA2020,Sweden,Other region,57.58,18.7,-2620,-2524,-2456,(Ua-57858:3995±33),-3000 - -2000
VORONKOVO003.SG,M,Russia_Yaroslavl_Fatyanovo_BA.SG,SaagMetspaluScience2021,Russia,Other region,57.535,39.553,-2576,-2523,-2457,(UBA-41639:3987±29),-3000 - -2000
I1633,F,Armenia_EBA,LazaridisNature2016,Armenia,Other region,40.65,45.117,-2619,-2522,-2351,(Poz-22234:3990±35),-3000 - -2000
pcw212.SG,F,Poland_Southeast_CordedWare.SG,LinderholmNatureScientificReports2020,Poland,Central Europe,49.957,22.66,-2617,-2518,-2350,(Poz-90881:3985±35),-3000 - -2000
I8131,F,Spain_C,OlaldeScience2019,Spain,Iberia,38.978,-0.16,-2575,-2517,-2353,(Beta-504712:3980±30),-3000 - -2000
Bul6,M,Bulgaria_BeliBreyag_EBA,MathiesonNature2018,Bulgaria,Southeastern Europe,42.43,25.898,-3400,-2500,-1600,,-3000 - -2000
ALT_4_d,M,Germany_Tauber_CordedWare,MittnikScience2019,Germany,Central Europe,49.468,9.744,-2571,-2493,-2352,(MAMS-18885:3970±24),-3000 - -2000
CBV95.SG,M,France_HautsDeFrance_LN.SG,BrunelPNAS2020,France,Central Europe,49.362,3.463,-2572,-2492,-2349,(GrA-32767:3970±30),-3000 - -2000
MA826.RISE00.SG,F,Estonia_CordedWare.SG_o1,SaagCurrentBiology2017.merge.with.AllentoftNature2015,Estonia,Other region,59.408,27.026,-2572,-2490,-2348,(UBA-29064:3969±32),-3000 - -2000
GOL001.SG,M,Russia_Yaroslavl_Fatyanovo_BA.SG,SaagMetspaluScience2021,Russia,Other region,57.327,39.553,-2572,-2489,-2348,(UBA-41616:3968±32),-3000 - -2000
VLI020,F,Czech_Bohemia_CordedWare,PapacScienceAdvances2021,Czech Republic,Central Europe,50.366,14.447,-2570,-2488,-2350,(MAMS-30761:3966±25),-3000 - -2000
I0257,M,Spain_C,OlaldeNature2018,Spain,Iberia,41.492,2.139,-2571,-2486,-2347,(MAMS-25937:3965±29),-3000 - -2000
NIK003.SG,M,Russia_Yaroslavl_Fatyanovo_BA.SG,SaagMetspaluScience2021,Russia,Other region,57.529,39.67,-2623,-2485,-2294,(UBA-41627:3972±54),-3000 - -2000
I2932,M,Scotland_N,OlaldeNature2018,United Kingdom,Britain and Ireland,58.74,-2.916,-2570,-2482,-2347,(SUERC-68721:3962±29),-3000 - -2000
I1976,M,Spain_C,OlaldeScience2019,Spain,Iberia,42.57,-2.62,-2570,-2477,-2346,(Beta-299306:3960±30),-3000 - -2000
I1539,F,Germany_CordedWare,MathiesonNature2015,Germany,Central Europe,51.42,11.68,-2628,-2476,-2238,(Erl-7779:3967±57),-3000 - -2000
ALT_3,F,Germany_Tauber_CordedWare_possible.contam,MittnikScience2019,Germany,Central Europe,49.468,9.744,-2600,-2475,-2350,,-3000 - -2000
PRU003,F,Czech_Bohemia_BellBeaker,PapacScienceAdvances2021,Czech Republic,Central Europe,50.078,14.312,-2568,-2473,-2347,(MAMS-30801:3957±24),-3000 - -2000
MA973.SG,M,Estonia_CordedWare.SG,SaagCurrentBiology2017,Estonia,Other region,58.33,26.15,-2573,-2472,-2307,(Poz-10825:3960±40),-3000 - -2000
I16164,M,Italy_Sardinia_C,FernandesNatureEcologyEvolution2020,Italy,Italy,40.411,8.64,-2569,-2468,-2343,(PSUAMS-6695:3955±30),-3000 - -2000
BOL003.SG,M,Russia_Tver_Fatyanovo_BA.SG,SaagMetspaluScience2021,Russia,Other region,57.74,36.633,-2571,-2468,-2310,(UBA-41615:3956±34),-3000 - -2000
RISE563.SG,M,Germany_BellBeaker_dup.I4144.SG,AllentoftNature2015,Germany,Central Europe,48.691,13.016,-2571,-2466,-2309,(Poz-84553:3955±35),-3000 - -2000
I0462,F,Spain_C_oSteppe,OlaldeNature2018,Spain,Iberia,42.4,-3.75,-2567,-2463,-2343,(MAMS-25936:3950±26),-3000 - -2000
I1277,M,Spain_C,MathiesonNature2015,Spain,Iberia,42.333,-3.5,-2568,-2461,-2310,(Beta-416457:3950±30),-3000 - -2000
MX188,M,Switzerland_EBA_2,FurtwanglerNatureCommunications2020,Switzerland,Central Europe,47.255,8.216,-2564,-2461,-2345,(BE-7995:3947±21),-3000 - -2000
KON004,F,Czech_Bohemia_CordedWare,PapacScienceAdvances2021,Czech Republic,Central Europe,50.556,13.661,-2565,-2459,-2343,(MAMS-45788:3947±24),-3000 - -2000
N44.SG,F,Poland_CWC_3.SG,FernandesScientificReports2018,Poland,Central Europe,52.62,18.96,-2569,-2458,-2305,(Poz-77329:3950±35),-3000 - -2000
pcw040.SG,M,Poland_Southeast_CordedWare.SG,LinderholmNatureScientificReports2020,Poland,Central Europe,49.916,22.861,-2569,-2458,-2305,(Poz-90777:3950±35),-3000 - -2000
I0108,F,Germany_BellBeaker,MathiesonNature2015,Germany,Central Europe,51.45,11.54,-2573,-2457,-2296,(Erl-8710:3953±47),-3000 - -2000
MA971.SG,M,Estonia_CordedWare.SG,SaagCurrentBiology2017,Estonia,Other region,58.33,26.15,-2850,-2450,-2050,,-3000 - -2000
HUGO_169Sk1_d,M,Germany_Lech_BellBeaker,MittnikScience2019,Germany,Central Europe,48.329,10.898,-2564,-2440,-2310,(MAMS-18914:3942±25),-3000 - -2000
I5748,M,Netherlands_BellBeaker,OlaldeNature2018,Netherlands,Central Europe,52.734,5.096,-2577,-2434,-2209,(GrN-6650:3945±55),-3000 - -2000
VOD001.SG,F,Russia_Yaroslavl_Fatyanovo_BA_dup.I7662.SG,SaagMetspaluScience2021,Russia,Other region,57.887,40.277,-2569,-2434,-2296,(UBA-41638:3943±41),-3000 - -2000
RISE552.SG,M,Russia_Kalmykia_EBA_Yamnaya.SG,AllentoftNature2015,Russia,Western Pontic Steppe,46.615,43.334,-2844,-2425,-2142,(IGAN-4079:3940±90),-3000 - -2000
N45.SG,F,Poland_CWC_3.SG,FernandesScientificReports2018,Poland,Central Europe,52.62,18.96,-2600,-2425,-2250,,-3000 - -2000
N47.SG,M,Poland_CWC_1.SG,FernandesScientificReports2018,Poland,Central Europe,52.62,18.96,-2600,-2425,-2250,,-3000 - -2000
N49.SG,M,Poland_CWC_1.SG,FernandesScientificReports2018,Poland,Central Europe,52.62,18.96,-2600,-2425,-2250,,-3000 - -2000
I7207,M,Czech_CordedWare,NarasimhanPattersonScience2019,Czech Republic,Central Europe,50.41,14.075,-2559,-2419,-2305,(PSUAMS-3887:3935±25),-3000 - -2000
EHU002,M,Spain_C_oSteppe,OlaldeScience2019,Spain,Iberia,42.419,-3.485,-2563,-2416,-2298,(CSIC-1896:3933±32),-3000 - -2000
I3528,M,Hungary_EBA_BellBeaker,OlaldeNature2018,Hungary,Southeastern Europe,47.621,19.045,-2561,-2414,-2298,(DeA-11507:3931±31),-3000 - -2000
PG2002,F,Russia_North_Caucasus,WangNatureCommunications2019,Russia,Western Pontic Steppe,43.823,43.35,-2552,-2413,-2300,(MAMS-29815:3929±22),-3000 - -2000
AMP_1_d,M,Germany_Lech_BellBeaker,MittnikScience2019,Germany,Central Europe,48.223,10.873,-2471,-2410,-2300,(MAMS-18887:3924±23),-3000 - -2000
I0104,M,Germany_CordedWare,MathiesonNature2015,Germany,Central Europe,51.42,11.68,-2562,-2409,-2293,(MAMS-21487:3927±37),-3000 - -2000
I1730,M,Jordan_EBA,LazaridisNature2016,Jordan,Other region,31.988,35.976,-2556,-2408,-2296,(OxA-32775:3925±31),-3000 - -2000
I2495,M,Turkey_EBA,LazaridisNature2017,Turkey,Other region,37.918,30.708,-2559,-2408,-2294,(Poz-81111:3925±35),-3000 - -2000
SEC002,M,Italy_Sardinia_LateC,MarcusNatureCommunications2020,Italy,Italy,40.786,8.596,-2467,-2407,-2307,(MAMS-38290:3917±19),-3000 - -2000
VLI070,F,Czech_Bohemia_CordedWare,PapacScienceAdvances2021,Czech Republic,Central Europe,50.366,14.447,-2468,-2407,-2304,(MAMS-46362:3918±21),-3000 - -2000
MX197,F,Switzerland_EBA_2,FurtwanglerNatureCommunications2020,Switzerland,Central Europe,47.255,8.216,-2558,-2404,-2292,(BE-7985:3921±34),-3000 - -2000
CAH005,M,Czech_Bohemia_CordedWare,PapacScienceAdvances2021,Czech Republic,Central Europe,50.373,13.365,-2469,-2404,-2297,(MAMS-41377:3917±26),-3000 - -2000
SEC005,F,Italy_Sardinia_LateC,MarcusNatureCommunications2020,Italy,Italy,40.786,8.596,-2466,-2403,-2304,(MAMS-38292:3912±20),-3000 - -2000
SUC006,M,Italy_Sardinia_EBA,MarcusNatureCommunications2020,Italy,Italy,40.81,8.444,-2465,-2402,-2304,(MAMS-38299:3909±19),-3000 - -2000
UNTA58_68Sk2,F,Germany_Lech_BellBeaker_possible.contam,MittnikScience2019,Germany,Central Europe,48.32,10.892,-2466,-2402,-2304,(MAMS-18935:3910±20),-3000 - -2000
RISE1281.SG,M,Denmark_Djursland_SingleGraveCulture.SG,EgfjordAllentoftPLOS2021,Denmark,Other region,56.5,10.82,-2624,-2401,-2056,(UBA-36752:4007±36);(UBA-36753:3790±34),-3000 - -2000
I0459,F,Spain_C,OlaldeNature2018,Spain,Iberia,42.4,-3.75,-2600,-2400,-2200,,-3000 - -2000
I0825,M,Spain_C,OlaldeNature2018,Spain,Iberia,41.492,2.139,-2469,-2400,-2296,(MAMS-25939:3915±29),-3000 - -2000
BUT002,F,Czech_Bohemia_CordedWare,PapacScienceAdvances2021,Czech Republic,Central Europe,50.052,14.345,-2500,-2400,-2300,,-3000 - -2000
PRU005,F,Czech_Bohemia_BellBeaker,PapacScienceAdvances2021,Czech Republic,Central Europe,50.078,14.312,-2550,-2400,-2250,,-3000 - -2000
VLI016,M,Czech_Bohemia_CordedWare,PapacScienceAdvances2021,Czech Republic,Central Europe,50.366,14.447,-2468,-2400,-2297,(MAMS-38473:3913±26),-3000 - -2000
ZEL001,F,Czech_Bohemia_CordedWare,PapacScienceAdvances2021,Czech Republic,Central Europe,50.138,14.66,-2500,-2400,-2300,,-3000 - -2000
TU904_SX17,F,Switzerland_EBA_1,FurtwanglerNatureCommunications2020,Switzerland,Central Europe,47.45,9.292,-2465,-2398,-2300,(BE-8017:3906±21),-3000 - -2000
KOP003,M,Czech_Bohemia_BellBeaker,PapacScienceAdvances2021,Czech Republic,Central Europe,50.011,15.213,-2466,-2397,-2298,(MAMS-30791:3907±24),-3000 - -2000
ART001,M,Turkey_Arslantepe_EBA,SkourtaniontiCell2020,Turkey,Other region,38.382,38.361,-2467,-2396,-2297,(MAMS-33533:3908±26),-3000 - -2000
I1706,F,Jordan_EBA,LazaridisNature2016,Jordan,Other region,31.988,35.976,-2490,-2395,-2300,,-3000 - -2000
SEC004,F,Italy_Sardinia_LateC,MarcusNatureCommunications2020,Italy,Italy,40.786,8.596,-2462,-2389,-2297,(MAMS-38291:3894±19),-3000 - -2000
VLI017,F,Czech_Bohemia_CordedWare,PapacScienceAdvances2021,Czech Republic,Central Europe,50.366,14.447,-2465,-2389,-2296,(MAMS-38474:3902±28),-3000 - -2000
GBVPK.SG,M,France_LaClape_LN_EMBA_BellBeakerPossible.SG,SeguinOrlandoCurrBio2021,France,Other region,43.149,3.061,-2460,-2388,-2298,(UCAIMS-223208:3890±15),-3000 - -2000
BUT003,M,Czech_Bohemia_CordedWare,PapacScienceAdvances2021,Czech Republic,Central Europe,50.052,14.345,-2464,-2387,-2296,(MAMS-41375:3898±26),-3000 - -2000
I5379,M,England_BellBeaker_mediumEEF,OlaldeNature2018,United Kingdom,Britain and Ireland,50.919,-2.015,-2466,-2386,-2291,(SUERC-32210:3900±30),-3000 - -2000
I4329,F,Spain_EBA_Mallorca,FernandesNatureEcologyEvolution2020,Spain,Other region,39.505,3.302,-2466,-2386,-2291,(KIA-30020:3900±30),-3000 - -2000
UNTA85_1336,F,Germany_Lech_BellBeaker_possible.contam,MittnikScience2019,Germany,Central Europe,48.32,10.892,-2462,-2386,-2297,(MAMS-18948:3893±22),-3000 - -2000
I7278,M,Czech_BellBeaker,OlaldeNature2018,Czech Republic,Central Europe,50.19,14.158,-2460,-2385,-2297,(PSUAMS-4349:3890±20),-3000 - -2000
SEC006,F,Italy_Sardinia_LateC,MarcusNatureCommunications2020,Italy,Italy,40.786,8.596,-2459,-2384,-2296,(MAMS-38293:3888±19),-3000 - -2000
KO1005,F,Czech_Bohemia_BellBeaker,PapacScienceAdvances2021,Czech Republic,Central Europe,50.026,15.169,-2461,-2384,-2296,(MAMS-30784:3892±24),-3000 - -2000
PRU001,F,Czech_Bohemia_BellBeaker_oAnatolia1,PapacScienceAdvances2021,Czech Republic,Central Europe,50.078,14.312,-2462,-2384,-2296,(MAMS-38482:3893±25),-3000 - -2000
I14677,M,Italy_Sardinia_C_MonteClaro,FernandesNatureEcologyEvolution2020,Italy,Italy,40.79,8.591,-2462,-2382,-2294,(PSUAMS-6691:3890±25),-3000 - -2000
I2467,M,Spain_C,LipsonNature2017,Spain,Iberia,42.57,-2.62,-2471,-2381,-2208,(Beta-299300:3900±40),-3000 - -2000
I11735,M,Kazakhstan_Mereke_MBA,NarasimhanPattersonScience2019,Kazakhstan,Other region,50.77,49.34,-2458,-2381,-2295,(PSUAMS-4901:3885±20),-3000 - -2000
TU908_SX21,F,Switzerland_EBA_1,FurtwanglerNatureCommunications2020,Switzerland,Central Europe,47.45,9.292,-2459,-2381,-2295,(BE-8012:3885±21),-3000 - -2000
TIS001,F,Czech_Bohemia_BellBeaker,PapacScienceAdvances2021,Czech Republic,Central Europe,50.283,14.539,-2462,-2380,-2291,(MAMS-30796:3887±25),-3000 - -2000
I0118,F,Germany_LN_Alberstedt,MathiesonNature2015,Germany,Central Europe,51.45,11.63,-2467,-2379,-2236,(MAMS-21492:3892±32),-3000 - -2000
I7208,M,Czech_CordedWare,NarasimhanPattersonScience2019,Czech Republic,Central Europe,50.41,14.075,-2463,-2378,-2289,(PSUAMS-3888:3885±25),-3000 - -2000
I1390,M,France_BellBeaker,OlaldeNature2018,France,Central Europe,47.65,7.45,-2469,-2377,-2208,(Poz-41227:3910±35);(Poz-41226:3875±35),-3000 - -2000
TU914_SX26,F,Switzerland_EBA_1,FurtwanglerNatureCommunications2020,Switzerland,Central Europe,47.45,9.292,-2459,-2376,-2290,(BE-8019:3880±21),-3000 - -2000
pcw061.SG,F,Poland_Southeast_CordedWare.SG,LinderholmNatureScientificReports2020,Poland,Central Europe,49.916,22.861,-2467,-2376,-2210,(Poz-90780:3890±35),-3000 - -2000
pcw070.SG,M,Poland_Southeast_CordedWare.SG,LinderholmNatureScientificReports2020,Poland,Central Europe,49.916,22.861,-2467,-2376,-2210,(Poz-90875:3890±35),-3000 - -2000
SUC007,M,Italy_Sardinia_EBA,MarcusNatureCommunications2020,Italy,Italy,40.81,8.444,-2460,-2375,-2288,(MAMS-38300:3880±22),-3000 - -2000
SA6003,M,Russia_Steppe_Catacomb,WangNatureCommunications2019,Russia,Western Pontic Steppe,45.726,43.987,-2468,-2373,-2208,(GIN-12400:3890±40),-3000 - -2000
I5367,F,Scotland_BellBeaker,OlaldeNature2018,United Kingdom,Britain and Ireland,56.681,-6.46,-2464,-2367,-2209,(OxA-14722:3879±32),-3000 - -2000
BOL002.SG,F,Russia_Tver_Fatyanovo_BA.SG,SaagMetspaluScience2021,Russia,Other region,57.74,36.633,-2463,-2360,-2208,(UBA-41614:3876±36),-3000 - -2000
I0111,F,Germany_BellBeaker,MathiesonNature2015,Germany,Central Europe,51.45,11.54,-2472,-2359,-2154,(Erl-8712:3881±50),-3000 - -2000
I4131,F,Hungary_EBA_BellBeaker,OlaldeNature2018,Hungary,Southeastern Europe,47.599,19.055,-2462,-2359,-2208,(DeA-2877:3874±33),-3000 - -2000
pcw362.SG,M,Poland_Southeast_CordedWare.SG,LinderholmNatureScientificReports2020,Poland,Central Europe,50.456,23.662,-2463,-2359,-2208,(Poz-90899:3875±35),-3000 - -2000
Olsund,M,Sweden_LNBA,MittnikNatureCommunications2018,Sweden,Other region,61.658,17.004,-2573,-2356,-2140,,-3000 - -2000
I4247,F,Spain_C,OlaldeNature2018,Spain,Iberia,40.426,-3.535,-2461,-2353,-2208,(PSUAMS-2120:3870±30),-3000 - -2000
I7040,F,Hungary_EBA_Protonagyrev,OlaldeNature2018,Hungary,Southeastern Europe,47.43,19.052,-2900,-2350,-1800,,-3000 - -2000
I7044,M,Hungary_EBA_BellBeaker,OlaldeNature2018,Hungary,Southeastern Europe,47.43,19.052,-2900,-2350,-1800,,-3000 - -2000
I3529,F,Hungary_EBA_BellBeaker,OlaldeNature2018,Hungary,Southeastern Europe,47.621,19.045,-2500,-2350,-2200,,-3000 - -2000
I4178,M,Hungary_EBA_BellBeaker,OlaldeNature2018,Hungary,Southeastern Europe,47.383,19.02,-2500,-2350,-2200,,-3000 - -2000
I3238,M,Spain_C_oSteppe,OlaldeScience2019,Spain,Iberia,43.41,-5.985,-2500,-2350,-2200,,-3000 - -2000
I8745,M,Russia_MBA_Poltavka,NarasimhanPattersonScience2019,Russia,Other region,49.967,44.667,-2500,-2350,-2200,,-3000 - -2000
I3239,F,Spain_C_oSteppe,OlaldeScience2019,Spain,Iberia,43.41,-5.985,-2500,-2350,-2200,,-3000 - -2000
pcw110.SG,M,Poland_Southeast_CordedWare.SG,LinderholmNatureScientificReports2020,Poland,Central Europe,50.012,22.594,-2500,-2350,-2200,,-3000 - -2000
pcw211.SG,F,Poland_Southeast_CordedWare.SG,LinderholmNatureScientificReports2020,Poland,Central Europe,49.957,22.66,-2500,-2350,-2200,,-3000 - -2000
pcw250.SG,M,Poland_Southeast_CordedWare.SG,LinderholmNatureScientificReports2020,Poland,Central Europe,50.104,20.011,-2500,-2350,-2200,,-3000 - -2000
pcw361.SG,M,Poland_Southeast_CordedWare.SG,LinderholmNatureScientificReports2020,Poland,Central Europe,50.456,23.662,-2500,-2350,-2200,,-3000 - -2000
pcw420.SG,M,Poland_Southeast_CordedWare.SG,LinderholmNatureScientificReports2020,Poland,Central Europe,50.185,20.299,-2500,-2350,-2200,,-3000 - -2000
pcw430.SG,M,Poland_Southeast_CordedWare.SG,LinderholmNatureScientificReports2020,Poland,Central Europe,50.124,19.993,-2500,-2350,-2200,,-3000 - -2000
I0106,F,Germany_CordedWare,MathiesonNature2015,Germany,Central Europe,51.42,11.68,-2459,-2347,-2207,(MAMS-21490:3867±32),-3000 - -2000
I0049,F,Germany_CordedWare,MathiesonNature2015,Germany,Central Europe,51.42,11.68,-2461,-2346,-2206,(MAMS-21489:3867±35),-3000 - -2000
I15942,M,Italy_Sardinia_C,FernandesNatureEcologyEvolution2020,Italy,Italy,40.627,8.323,-2458,-2344,-2208,(PSUAMS-6694:3865±25),-3000 - -2000
I2365,M,Hungary_EBA_BellBeaker,OlaldeNature2018,Hungary,Southeastern Europe,47.599,19.055,-2458,-2343,-2207,(DeA-6762:3858±32);(DeA-7220:3871±29),-3000 - -2000
I2612,F,England_C_EBA,OlaldeNature2018,United Kingdom,Britain and Ireland,54.883,-1.452,-2460,-2343,-2206,(Poz-83492:3865±35),-3000 - -2000
pcw350.SG,M,Poland_Southeast_CordedWare.SG,LinderholmNatureScientificReports2020,Poland,Central Europe,50.456,23.662,-2460,-2343,-2206,(Poz-90898:3865±35),-3000 - -2000
TU918_SX32,M,France_Alsace_Lingolsheim_EBA,FurtwanglerNatureCommunications2020,France,Central Europe,48.554,7.682,-2459,-2338,-2205,(BE-8009:3862±34),-3000 - -2000
I0460,M,Spain_C,OlaldeNature2018,Spain,Iberia,42.4,-3.75,-2457,-2335,-2206,(UGA-15905:3860±30),-3000 - -2000
MJ-09.SG,F,Ukraine_BA_Catacomb.SG,JarveCurrentBiology2019,Ukraine,Western Pontic Steppe,47.433,34.267,-2459,-2335,-2205,(Poz-:3860±35),-3000 - -2000
HUGO_180Sk1_d,M,Germany_Lech_BellBeaker,MittnikScience2019,Germany,Central Europe,48.329,10.898,-2456,-2335,-2208,(MAMS-18918:3860±25),-3000 - -2000
I7289,M,Czech_BellBeaker_sibling.I7214,OlaldeNature2018,Czech Republic,Central Europe,50.41,14.075,-2455,-2334,-2208,(PSUAMS-4353:3860±20),-3000 - -2000
I4124,F,Germany_Lech_BellBeaker,OlaldeNature2018,Germany,Central Europe,48.33,10.895,-2458,-2327,-2204,(Poz-84458:3855±35),-3000 - -2000
ETM023,F,Syria_Ebla_EMBA,SkourtaniontiCell2020,Syria,Other region,35.798,36.798,-2350,-2325,-2300,,-3000 - -2000
CAH010,F,Czech_Bohemia_CordedWare,PapacScienceAdvances2021,Czech Republic,Central Europe,50.373,13.365,-2455,-2323,-2205,(MAMS-41378:3853±27),-3000 - -2000
I2786,M,Hungary_EBA_BellBeaker,OlaldeNature2018,Hungary,Southeastern Europe,47.383,19.02,-2456,-2319,-2203,(Poz-83639:3850±35),-3000 - -2000
I7209,M,Czech_CordedWare,NarasimhanPattersonScience2019,Czech Republic,Central Europe,50.41,14.075,-2454,-2317,-2204,(PSUAMS-4026:3850±25),-3000 - -2000
I4253,M,Poland_BellBeaker,OlaldeNature2018,Poland,Central Europe,50.649,20.656,-2453,-2315,-2205,(PSUAMS-2339:3850±20),-3000 - -2000
I4143,F,Germany_BellBeaker,OlaldeNature2018,Germany,Central Europe,48.663,12.707,-2455,-2315,-2203,(Hd-19835:3848±34),-3000 - -2000
VLI022,F,Czech_Bohemia_BellBeaker,PapacScienceAdvances2021,Czech Republic,Central Europe,50.366,14.447,-2454,-2313,-2204,(MAMS-30763:3848±26),-3000 - -2000
PRU004,M,Czech_Bohemia_BellBeaker_oSteppe,PapacScienceAdvances2021,Czech Republic,Central Europe,50.078,14.312,-2454,-2312,-2204,(MAMS-44707:3848±24),-3000 - -2000
I0839,F,Portugal_C,OlaldeScience2019,Portugal,Iberia,39.5,-8.617,-2454,-2311,-2203,(OxA-28859:3847±29),-3000 - -2000
I7195,F,Czech_EBA,OlaldeNature2018,Czech Republic,Central Europe,50.05,14.367,-2800,-2300,-1800,,-3000 - -2000
I7196,M,Czech_EBA,OlaldeNature2018,Czech Republic,Central Europe,50.05,14.367,-2800,-2300,-1800,,-3000 - -2000
I7200,F,Czech_EBA,OlaldeNature2018,Czech Republic,Central Europe,50.05,14.367,-2800,-2300,-1800,,-3000 - -2000
I7201,F,Czech_EBA,OlaldeNature2018,Czech Republic,Central Europe,50.05,14.367,-2800,-2300,-1800,,-3000 - -2000
I7202,M,Czech_EBA,OlaldeNature2018,Czech Republic,Central Europe,50.05,14.367,-2800,-2300,-1800,,-3000 - -2000
I7203,M,Czech_EBA,OlaldeNature2018,Czech Republic,Central Europe,50.05,14.367,-2800,-2300,-1800,,-3000 - -2000
I1381,M,France_BellBeaker,OlaldeNature2018,France,Central Europe,49.153,6.102,-2500,-2300,-2100,,-3000 - -2000
I4136,F,Czech_BellBeaker,OlaldeNature2018,Czech Republic,Central Europe,50.118,14.258,-2800,-2300,-1800,,-3000 - -2000
I4141,M,Czech_EBA_Unetice,OlaldeNature2018,Czech Republic,Central Europe,48.802,17.023,-2800,-2300,-1800,,-3000 - -2000
I4130,F,Czech_EBA_Unetice,OlaldeNature2018,Czech Republic,Central Europe,48.802,17.023,-2800,-2300,-1800,,-3000 - -2000
I4950,M,England_BellBeaker,OlaldeNature2018,United Kingdom,Britain and Ireland,51.29,-1.807,-2800,-2300,-1800,,-3000 - -2000
I4951,M,England_BellBeaker,OlaldeNature2018,United Kingdom,Britain and Ireland,51.24,-1.76,-2800,-2300,-1800,,-3000 - -2000
I4890,M,Czech_BellBeaker,OlaldeNature2018,Czech Republic,Central Europe,50.122,14.457,-2800,-2300,-1800,,-3000 - -2000
I5512,F,England_BellBeaker,OlaldeNature2018,United Kingdom,Britain and Ireland,51.24,-1.76,-2800,-2300,-1800,,-3000 - -2000
I5513,M,England_BellBeaker,OlaldeNature2018,United Kingdom,Britain and Ireland,51.22,-1.77,-2800,-2300,-1800,,-3000 - -2000
I5520,F,Germany_Lech_BellBeaker,OlaldeNature2018,Germany,Central Europe,48.33,10.895,-2800,-2300,-1800,,-3000 - -2000
I5521,F,Germany_Lech_BellBeaker,OlaldeNature2018,Germany,Central Europe,48.33,10.895,-2800,-2300,-1800,,-3000 - -2000
I5523,F,Germany_BellBeaker,OlaldeNature2018,Germany,Central Europe,48.663,12.707,-2800,-2300,-1800,,-3000 - -2000
I5524,F,Germany_BellBeaker,OlaldeNature2018,Germany,Central Europe,48.663,12.707,-2800,-2300,-1800,,-3000 - -2000
I5525,F,Germany_BellBeaker,OlaldeNature2018,Germany,Central Europe,48.663,12.707,-2800,-2300,-1800,,-3000 - -2000
I5529,M,Germany_BellBeaker,OlaldeNature2018,Germany,Central Europe,48.691,13.016,-2800,-2300,-1800,,-3000 - -2000
I5531,F,Germany_BellBeaker,OlaldeNature2018,Germany,Central Europe,48.706,11.325,-2800,-2300,-1800,,-3000 - -2000
I5836,F,Germany_BellBeaker,OlaldeNature2018,Germany,Central Europe,49.653,8.328,-2800,-2300,-1800,,-3000 - -2000
I2417,M,England_BellBeaker_lowEEF,OlaldeNature2018,United Kingdom,Britain and Ireland,51.168,-1.773,-2500,-2300,-2100,,-3000 - -2000
I5666,M,Czech_BellBeaker,OlaldeNature2018,Czech Republic,Central Europe,50.274,15.814,-2800,-2300,-1800,,-3000 - -2000
I11912,F,Romania_Glavanesti_o1,HarneyCheronetGenomeResearch2021,Romania,Southeastern Europe,46.244,27.398,-3500,-2300,-1100,,-3000 - -2000
pcw270.SG,F,Poland_Southeast_BellBeaker.SG,LinderholmNatureScientificReports2020,Poland,Central Europe,50.356,20.571,-2500,-2300,-2100,,-3000 - -2000
pcw280.SG,F,Poland_Southeast_BellBeaker.SG,LinderholmNatureScientificReports2020,Poland,Central Europe,50.356,20.571,-2500,-2300,-2100,,-3000 - -2000
HOP003,M,Czech_Bohemia_BellBeaker,PapacScienceAdvances2021,Czech Republic,Central Europe,50.08,14.277,-2500,-2300,-2100,,-3000 - -2000
KOP001,F,Czech_Bohemia_BellBeaker_oAnatolia2,PapacScienceAdvances2021,Czech Republic,Central Europe,50.011,15.213,-2400,-2300,-2200,,-3000 - -2000
KOP002,M,Czech_Bohemia_BellBeaker,PapacScienceAdvances2021,Czech Republic,Central Europe,50.011,15.213,-2400,-2300,-2200,,-3000 - -2000
I2787,M,Hungary_EBA_BellBeaker,OlaldeNature2018,Hungary,Southeastern Europe,47.383,19.02,-2455,-2299,-2154,(Poz-83640:3840±35),-3000 - -2000
I2450,F,England_BellBeaker,OlaldeNature2018,United Kingdom,Britain and Ireland,51.68,-1.297,-2457,-2297,-2148,(NZA-15865:3841±40);(NZA-15866:3834±45),-3000 - -2000
I14678,M,Italy_Sardinia_C_MonteClaro,FernandesNatureEcologyEvolution2020,Italy,Italy,40.79,8.591,-2453,-2293,-2201,(PSUAMS-6692:3840±25),-3000 - -2000
MX259,M,Germany_SouthernGermany_Anselfingen_EBA,FurtwanglerNatureCommunications2020,Germany,Central Europe,47.854,8.774,-2452,-2293,-2201,(MAMS-23398:3840±24),-3000 - -2000
I2416,M,England_BellBeaker_highEEF,OlaldeNature2018,United Kingdom,Britain and Ireland,51.168,-1.773,-2454,-2291,-2153,(OxA-13624:3845±27);(Beta-432804:3830±30),-3000 - -2000
I2741,M,Hungary_EBA_BellBeaker,OlaldeNature2018,Hungary,Southeastern Europe,47.383,19.02,-2454,-2289,-2149,(Poz-83641:3835±35),-3000 - -2000
I0840,F,Portugal_C,OlaldeNature2018,Portugal,Iberia,39.5,-8.617,-2453,-2288,-2152,(OxA-28857:3836±29),-3000 - -2000
I0461,F,Spain_C_oSteppe,OlaldeNature2018,Spain,Iberia,42.4,-3.75,-2453,-2287,-2200,(MAMS-14857:3837±25),-3000 - -2000
HOP001,M,Czech_Bohemia_BellBeaker,PapacScienceAdvances2021,Czech Republic,Central Europe,50.08,14.277,-2452,-2287,-2200,(MAMS-30798:3837±24),-3000 - -2000
RK4001,M,Russia_Steppe_Catacomb,WangNatureCommunications2019,Russia,Western Pontic Steppe,45.536,41.06,-2448,-2285,-2200,(MAMS-29819:3837±22),-3000 - -2000
I2418,F,England_BellBeaker,OlaldeNature2018,United Kingdom,Britain and Ireland,51.168,-1.773,-2452,-2283,-2153,(NZA-32788:3835±25),-3000 - -2000
I0453,M,Spain_SE_Iberia_CA_published,OlaldeNature2018,Spain,Iberia,38.1,-1.85,-2455,-2283,-2146,(Beta-261524:3830±40),-3000 - -2000
SEC001,M,Italy_Sardinia_LateC,MarcusNatureCommunications2020,Italy,Italy,40.786,8.596,-2452,-2283,-2153,(MAMS-38289:3835±25),-3000 - -2000
MIS006,M,Czech_Bohemia_Unetice_EBA,PapacScienceAdvances2021,Czech Republic,Central Europe,49.992,15.777,-2452,-2281,-2150,(CRL-20112:3833±27),-3000 - -2000
I7045,F,Hungary_EBA_BellBeaker,OlaldeNature2018,Hungary,Southeastern Europe,47.43,19.052,-2443,-2280,-2200,(PSUAMS-4040:3835±20),-3000 - -2000
I7213,F,Czech_BellBeaker,OlaldeNature2018,Czech Republic,Central Europe,50.41,14.075,-2443,-2280,-2200,(PSUAMS-4347:3835±20),-3000 - -2000
I2364,M,Hungary_EBA_BellBeaker,OlaldeNature2018,Hungary,Southeastern Europe,47.599,19.055,-2458,-2280,-2140,(DeA-6748:3779±28);(DeA-7215:3883±29),-3000 - -2000
I6534,M,Poland_BellBeaker,OlaldeNature2018,Poland,Central Europe,50.09,18.1,-2454,-2280,-2147,(Poz-75936:3830±35),-3000 - -2000
pcw191.SG,F,Poland_Southeast_CordedWare_MC.SG,LinderholmNatureScientificReports2020,Poland,Central Europe,49.934,22.819,-2454,-2280,-2147,(Poz-55335:3830±35),-3000 - -2000
pcw260.SG,F,Poland_Southeast_BellBeaker.SG,LinderholmNatureScientificReports2020,Poland,Central Europe,50.356,20.571,-2454,-2280,-2147,(Poz-34734:3830±35),-3000 - -2000
MX199,F,Switzerland_EBA_2,FurtwanglerNatureCommunications2020,Switzerland,Central Europe,47.255,8.216,-2453,-2278,-2146,(BE-7998:3829±35),-3000 - -2000
I2459,F,England_BellBeaker_lowEEF,OlaldeNature2018,United Kingdom,Britain and Ireland,51.168,-1.773,-2452,-2275,-2147,(SUERC-54823:3829±30),-3000 - -2000
I1546,F,Germany_BellBeaker,MathiesonNature2015,Germany,Central Europe,51.82,10.91,-2500,-2275,-2050,,-3000 - -2000
I1542,M,Germany_CordedWare,MathiesonNature2015,Germany,Central Europe,51.42,11.68,-2500,-2275,-2050,,-3000 - -2000
I1536,M,Germany_CordedWare,MathiesonNature2015,Germany,Central Europe,51.42,11.68,-2500,-2275,-2050,,-3000 - -2000
I1544,M,Germany_CordedWare,MathiesonNature2015,Germany,Central Europe,51.42,11.68,-2500,-2275,-2050,,-3000 - -2000
I1534_published,F,Germany_CordedWare_published_o1,MathiesonNature2015,Germany,Central Europe,51.42,11.68,-2500,-2275,-2050,,-3000 - -2000
I1540,M,Germany_CordedWare_o,MathiesonNature2015,Germany,Central Europe,51.42,11.68,-2500,-2275,-2050,,-3000 - -2000
I1532,M,Germany_CordedWare,MathiesonNature2015,Germany,Central Europe,51.42,11.68,-2500,-2275,-2050,,-3000 - -2000
I1549,F,Germany_BellBeaker,MathiesonNature2015,Germany,Central Europe,51.82,10.91,-2500,-2275,-2050,,-3000 - -2000
I5385,F,Scotland_BellBeaker,OlaldeNature2018,United Kingdom,Britain and Ireland,58.365,-3.404,-2453,-2273,-2145,(SUERC-71005:3827±33),-3000 - -2000
I0112,F,Germany_BellBeaker,MathiesonNature2015,Germany,Central Europe,51.791,11.141,-2454,-2266,-2141,(Erl-7038:3820±42),-3000 - -2000
HOP004,F,Czech_Bohemia_BellBeaker_oAnatolia2,PapacScienceAdvances2021,Czech Republic,Central Europe,50.08,14.277,-2446,-2264,-2147,(MAMS-38921:3826±27),-3000 - -2000
I7286,M,Czech_BellBeaker,OlaldeNature2018,Czech Republic,Central Europe,50.41,14.075,-2402,-2263,-2152,(PSUAMS-4352:3830±20),-3000 - -2000
I4251_published,M,Poland_BellBeaker_published,OlaldeNature2018,Poland,Central Europe,50.649,20.656,-2443,-2259,-2147,(PSUAMS-2321:3825±25),-3000 - -2000
I0806,M,Germany_BellBeaker,MathiesonNature2015,Germany,Central Europe,51.79,11.14,-2433,-2258,-2146,(MAMS-22820:3824±25),-3000 - -2000
I5376,F,England_BellBeaker_lowEEF,OlaldeNature2018,United Kingdom,Britain and Ireland,51.474,-0.31,-2451,-2258,-2142,(OxA-14728:3819±33),-3000 - -2000
I0060_published,F,Germany_BellBeaker_published,MathiesonNature2015,Germany,Central Europe,51.45,11.54,-2431,-2255,-2145,(MAMS-22819:3822±25),-3000 - -2000
I8561,M,Italy_Sicily_EBA_o1,FernandesNatureEcologyEvolution2020,Italy,Italy,37.95,14.083,-2398,-2253,-2151,(PSUAMS-4873:3825±20),-3000 - -2000
I7282,M,Czech_BellBeaker,OlaldeNature2018,Czech Republic,Central Europe,50.41,14.075,-2500,-2250,-2000,,-3000 - -2000
I7205,M,Czech_BellBeaker,OlaldeNature2018,Czech Republic,Central Europe,50.41,14.075,-2500,-2250,-2000,,-3000 - -2000
I7251,M,Czech_BellBeaker,OlaldeNature2018,Czech Republic,Central Europe,50.19,14.158,-2500,-2250,-2000,,-3000 - -2000
I7250,F,Czech_BellBeaker,OlaldeNature2018,Czech Republic,Central Europe,50.19,14.158,-2500,-2250,-2000,,-3000 - -2000
I7269,M,Czech_BellBeaker,OlaldeNature2018,Czech Republic,Central Europe,50.19,14.158,-2500,-2250,-2000,,-3000 - -2000
I7270,F,Czech_BellBeaker,OlaldeNature2018,Czech Republic,Central Europe,50.19,14.158,-2500,-2250,-2000,,-3000 - -2000
I7275,M,Czech_BellBeaker,OlaldeNature2018,Czech Republic,Central Europe,50.19,14.158,-2500,-2250,-2000,,-3000 - -2000
I7276,M,Czech_BellBeaker,OlaldeNature2018,Czech Republic,Central Europe,50.19,14.158,-2500,-2250,-2000,,-3000 - -2000
I7279,M,Czech_CordedWare,OlaldeNature2018,Czech Republic,Central Europe,50.19,14.158,-2500,-2250,-2000,,-3000 - -2000
I7280,M,Czech_CordedWare,OlaldeNature2018,Czech Republic,Central Europe,50.19,14.158,-2500,-2250,-2000,,-3000 - -2000
I7287,M,Czech_BellBeaker,OlaldeNature2018,Czech Republic,Central Europe,50.41,14.075,-2500,-2250,-2000,,-3000 - -2000
I7288,M,Czech_BellBeaker,OlaldeNature2018,Czech Republic,Central Europe,50.41,14.075,-2500,-2250,-2000,,-3000 - -2000
I7290,F,Czech_BellBeaker,OlaldeNature2018,Czech Republic,Central Europe,50.41,14.075,-2500,-2250,-2000,,-3000 - -2000
CovaMoura364.SG,M,Portugal_LN_C.SG,MartinianoPLoSGenetics2017,Portugal,Iberia,38.745,-9.215,-2500,-2250,-2000,,-3000 - -2000
CovaMoura9B.SG,F,Portugal_LN_C.SG,MartinianoPLoSGenetics2017,Portugal,Iberia,38.745,-9.215,-2500,-2250,-2000,,-3000 - -2000
RISE564.SG,M,Germany_BellBeaker_dup.I4134.SG,AllentoftNature2015,Germany,Central Europe,48.691,13.016,-2500,-2250,-2000,,-3000 - -2000
I5014,F,Germany_BellBeaker,OlaldeNature2018,Germany,Central Europe,48.711,11.453,-2500,-2250,-2000,,-3000 - -2000
I5023,F,Germany_BellBeaker,OlaldeNature2018,Germany,Central Europe,48.691,13.016,-2500,-2250,-2000,,-3000 - -2000
I5519,M,Germany_Lech_BellBeaker,OlaldeNature2018,Germany,Central Europe,48.33,10.895,-2500,-2250,-2000,,-3000 - -2000
I5833,M,Germany_BellBeaker,OlaldeNature2018,Germany,Central Europe,48.841,12.75,-2500,-2250,-2000,,-3000 - -2000
I5834,F,Germany_BellBeaker,OlaldeNature2018,Germany,Central Europe,48.841,12.75,-2500,-2250,-2000,,-3000 - -2000
I5658,F,Germany_BellBeaker,OlaldeNature2018,Germany,Central Europe,48.841,12.75,-2500,-2250,-2000,,-3000 - -2000
I5659,M,Germany_BellBeaker,OlaldeNature2018,Germany,Central Europe,48.841,12.75,-2500,-2250,-2000,,-3000 - -2000
I5661_published,M,Germany_BellBeaker_published,OlaldeNature2018,Germany,Central Europe,48.841,12.75,-2500,-2250,-2000,,-3000 - -2000
I6475,F,Spain_C,OlaldeNature2018,Spain,Iberia,40.49,-3.374,-2500,-2250,-2000,,-3000 - -2000
I6539,M,Spain_C_oSteppe,OlaldeNature2018,Spain,Iberia,40.22,-3.76,-2500,-2250,-2000,,-3000 - -2000
I6584,F,Spain_C,OlaldeNature2018,Spain,Iberia,40.22,-3.76,-2500,-2250,-2000,,-3000 - -2000
I6587,M,Spain_C,OlaldeNature2018,Spain,Iberia,40.22,-3.76,-2500,-2250,-2000,,-3000 - -2000
I6588,M,Spain_C_oSteppe,OlaldeNature2018,Spain,Iberia,40.22,-3.76,-2500,-2250,-2000,,-3000 - -2000
I6590,F,Germany_BellBeaker,OlaldeNature2018,Germany,Central Europe,48.841,12.75,-2500,-2250,-2000,,-3000 - -2000
I6591,F,Germany_BellBeaker,OlaldeNature2018,Germany,Central Europe,48.841,12.75,-2500,-2250,-2000,,-3000 - -2000
I6624,F,Germany_BellBeaker,OlaldeNature2018,Germany,Central Europe,48.841,12.75,-2500,-2250,-2000,,-3000 - -2000
I6472,M,Spain_C_oSteppe,OlaldeNature2018,Spain,Iberia,40.49,-3.374,-2500,-2250,-2000,,-3000 - -2000
I15940_published,M,Italy_Sardinia_C_oAfrica,FernandesNatureEcologyEvolution2020,Italy,Italy,40.627,8.323,-2397,-2250,-2145,(PSUAMS-6697:3815±25),-3000 - -2000
HUGO_171,F,Germany_Lech_BellBeaker_possible.contam,MittnikScience2019,Germany,Central Europe,48.329,10.898,-2397,-2250,-2145,(MAMS-18917:3815±25),-3000 - -2000
I15941,M,Italy_Sardinia_C,FernandesNatureEcologyEvolution2020,Italy,Italy,40.627,8.323,-2392,-2246,-2143,(PSUAMS-6693:3810±25),-3000 - -2000
I7281,F,Czech_BellBeaker,OlaldeNature2018,Czech Republic,Central Europe,50.045,14.339,-2339,-2245,-2145,(PSUAMS-4350:3810±20),-3000 - -2000
I1388,M,France_BellBeaker_LowSteppe,OlaldeNature2018,France,Other region,45.46,6.213,-2452,-2245,-2062,(Lyon-3099:3805±40),-3000 - -2000
I4521,M,Israel_IBA,AgranatTamirCell2020,Israel,Other region,32.585,35.017,-2339,-2245,-2145,(PSUAMS-2167:3810±20),-3000 - -2000
WEHR_1192SkA,M,Germany_Lech_BellBeaker,MittnikScience2019,Germany,Central Europe,48.253,10.809,-2337,-2245,-2146,(MAMS-18922:3810±19),-3000 - -2000
I1382,M,France_BellBeaker,OlaldeNature2018,France,Central Europe,49.153,6.102,-2446,-2244,-2069,(GrA-4468:3805±35),-3000 - -2000
EKA1.SG,F,Estonia_CWC.SG,MalmstromProcBiolSci2019,Estonia,Other region,58.367,26.734,-2446,-2244,-2069,(Poz-15499:3805±35),-3000 - -2000
I4946,F,Czech_BellBeaker,OlaldeNature2018,Czech Republic,Central Europe,50.05,14.367,-2336,-2242,-2144,(PSUAMS-2801:3805±20),-3000 - -2000
SUC004,F,Italy_Sardinia_EBA,MarcusNatureCommunications2020,Italy,Italy,40.81,8.444,-2332,-2239,-2144,(MAMS-38297:3802±19),-3000 - -2000
I3590,F,Germany_BellBeaker,OlaldeNature2018,Germany,Central Europe,48.883,12.533,-2340,-2238,-2140,(BRAMS-1217:3802±26),-3000 - -2000
I4249_published,F,Germany_BellBeaker_published,OlaldeNature2018,Germany,Central Europe,48.841,12.75,-2340,-2238,-2140,,-3000 - -2000
I7211,F,Czech_BellBeaker,OlaldeNature2018,Czech Republic,Central Europe,50.41,14.075,-2332,-2237,-2143,(PSUAMS-4345:3800±20),-3000 - -2000
TIT021,M,Turkey_TitrisHoyuk_EBA,SkourtaniontiCell2020,Turkey,Other region,37.476,38.678,-2337,-2235,-2140,(MAMS-40684:3799±25),-3000 - -2000
I0059,F,Germany_BenzigerodeHeimburg_LN,MathiesonNature2015,Germany,Central Europe,51.82,10.91,-2392,-2231,-2070,(MAMS-21486:3796±30),-3000 - -2000
I4945,F,Czech_BellBeaker,OlaldeNature2018,Czech Republic,Central Europe,50.122,14.457,-2291,-2231,-2142,(PSUAMS-2854:3795±20),-3000 - -2000
I1391_published,F,France_BellBeaker_published,OlaldeNature2018,France,Central Europe,47.96,7.3,-2398,-2230,-2056,(Poz-68164:3795±35),-3000 - -2000
I16169,F,Italy_Sardinia_C,FernandesNatureEcologyEvolution2020,Italy,Italy,40.627,8.323,-2336,-2230,-2138,(PSUAMS-6934:3795±25),-3000 - -2000
HOP002,F,Czech_Bohemia_BellBeaker,PapacScienceAdvances2021,Czech Republic,Central Europe,50.08,14.277,-2336,-2230,-2138,(MAMS-30799:3795±25),-3000 - -2000
ISC001,M,Italy_Sardinia_EBA_Nuragic,MarcusNatureCommunications2020,Italy,Italy,40.663,8.539,-2334,-2229,-2138,(MAMS-38277:3794±25),-3000 - -2000
MIB083,M,Czech_Bohemia_Unetice_EBA,PapacScienceAdvances2021,Czech Republic,Central Europe,49.992,15.777,-2446,-2226,-2039,(CRL-20107:3791±45),-3000 - -2000
I3600,F,Germany_BellBeaker,OlaldeNature2018,Germany,Central Europe,48.883,12.533,-2300,-2225,-2150,,-3000 - -2000
I3601,F,Germany_BellBeaker,OlaldeNature2018,Germany,Central Europe,48.883,12.533,-2300,-2225,-2150,,-3000 - -2000
I3602_published,F,Germany_BellBeaker_published,OlaldeNature2018,Germany,Central Europe,48.883,12.533,-2300,-2225,-2150,,-3000 - -2000
I3588,M,Germany_BellBeaker,OlaldeNature2018,Germany,Central Europe,48.883,12.533,-2300,-2225,-2150,,-3000 - -2000
I3589,M,Germany_BellBeaker,OlaldeNature2018,Germany,Central Europe,48.883,12.533,-2300,-2225,-2150,,-3000 - -2000
I3594,F,Germany_BellBeaker,OlaldeNature2018,Germany,Central Europe,48.883,12.533,-2300,-2225,-2150,,-3000 - -2000
I5755,M,Switzerland_BellBeaker,OlaldeNature2018,Switzerland,Central Europe,46.232,7.351,-2500,-2225,-1950,,-3000 - -2000
I5759,F,Switzerland_BellBeaker,OlaldeNature2018,Switzerland,Central Europe,46.232,7.351,-2500,-2225,-1950,,-3000 - -2000
PMI002,F,Czech_Bohemia_Unetice_EBA,PapacScienceAdvances2021,Czech Republic,Central Europe,50.156,14.539,-2294,-2225,-2138,(MAMS-19125:3791±24),-3000 - -2000
I4885,M,Czech_BellBeaker,OlaldeNature2018,Czech Republic,Central Europe,50.122,14.457,-2289,-2224,-2141,(PSUAMS-2843:3790±20),-3000 - -2000
SUA005,F,Italy_Sardinia_EBA,MarcusNatureCommunications2020,Italy,Italy,39.87,9.236,-2290,-2224,-2140,(MAMS-39538:3790±22),-3000 - -2000
I6582,F,Poland_BellBeaker,OlaldeNature2018,Poland,Central Europe,50.09,18.1,-2394,-2223,-2050,(Poz-75951:3790±35),-3000 - -2000
PIR3116B.SG,M,France_Occitanie_EBA.SG,BrunelPNAS2020,France,Other region,43.252,3.22,-2339,-2223,-2061,(Ly-14877:3790±30),-3000 - -2000
HUGO_168,F,Germany_Lech_BellBeaker_possible.contam,MittnikScience2019,Germany,Central Europe,48.329,10.898,-2289,-2221,-2140,(MAMS-18913:3788±23),-3000 - -2000
KO1004,M,Czech_Bohemia_BellBeaker,PapacScienceAdvances2021,Czech Republic,Central Europe,50.026,15.169,-2291,-2218,-2137,(MAMS-30783:3787±24),-3000 - -2000
I4896,F,Czech_BellBeaker,OlaldeNature2018,Czech Republic,Central Europe,50.05,14.367,-2287,-2212,-2140,(PSUAMS-2853:3785±20),-3000 - -2000
I0244,F,Russia_Potapovka_o1,NarasimhanPattersonScience2019,Russia,Other region,53.59,50.571,-2453,-2209,-2032,(AA-53806:3752±52);(Le-6545:3815±60),-3000 - -2000
I4246_published,M,Spain_BellBeaker_oAfrica_published,OlaldeScience2019,Spain,Iberia,40.439,-3.501,-2469,-2208,-1899,(PSUAMS-2119:3910±30);(Beta-184837:3650±40),-3000 - -2000
KO1003,M,Czech_Bohemia_BellBeaker,PapacScienceAdvances2021,Czech Republic,Central Europe,50.026,15.169,-2291,-2207,-2066,(MAMS-30782:3783±25),-3000 - -2000
I4229,M,Portugal_LN_C,OlaldeNature2018,Portugal,Iberia,38.745,-9.215,-2334,-2206,-2057,(PSUAMS-1750:3775±25);(OxA-33490:3783±29);(OxA-33491:3790±30),-3000 - -2000
I6579,F,Poland_EBA,OlaldeNature2018,Poland,Central Europe,51.04,17.07,-2339,-2204,-2041,(Poz-75954:3780±35),-3000 - -2000
I5514,M,Czech_BellBeaker,OlaldeNature2018,Czech Republic,Central Europe,50.05,14.367,-2286,-2201,-2138,(PSUAMS-2864:3780±20),-3000 - -2000
RISE577.SG,F,Czech_EBA_Starounetice_dup.I4139.SG,AllentoftNature2015,Czech Republic,Central Europe,50.16,14.311,-2500,-2200,-1900,,-3000 - -2000
I6468,F,Czech_BellBeaker,OlaldeNature2018,Czech Republic,Central Europe,50.167,14.317,-2500,-2200,-1900,,-3000 - -2000
I6480,M,Czech_BellBeaker,OlaldeNature2018,Czech Republic,Central Europe,50.167,14.317,-2500,-2200,-1900,,-3000 - -2000
I6775,M,England_BellBeaker,OlaldeNature2018,United Kingdom,Britain and Ireland,51.121,-3.076,-2500,-2200,-1900,,-3000 - -2000
I6778,F,England_BellBeaker,OlaldeNature2018,United Kingdom,Britain and Ireland,51.147,-1.813,-2500,-2200,-1900,,-3000 - -2000
R27.SG,M,Italy_Sardinia_C_BA.SG,AntonioGaoMootsScience2019,Italy,Italy,40.81,8.442,-3500,-2200,-900,,-3000 - -2000
R29.SG,M,Italy_Sardinia_C_BA.SG,AntonioGaoMootsScience2019,Italy,Italy,40.81,8.442,-3500,-2200,-900,,-3000 - -2000
VLI024,M,Czech_Bohemia_BellBeaker,PapacScienceAdvances2021,Czech Republic,Central Europe,50.366,14.447,-2300,-2200,-2100,,-3000 - -2000
VLI025,M,Czech_Bohemia_BellBeaker_oAnatolia2,PapacScienceAdvances2021,Czech Republic,Central Europe,50.366,14.447,-2300,-2200,-2100,,-3000 - -2000
VLI026,F,Czech_Bohemia_BellBeaker,PapacScienceAdvances2021,Czech Republic,Central Europe,50.366,14.447,-2300,-2200,-2100,,-3000 - -2000
VLI028,M,Czech_Bohemia_BellBeaker,PapacScienceAdvances2021,Czech Republic,Central Europe,50.366,14.447,-2300,-2200,-2100,,-3000 - -2000
VLI029,M,Czech_Bohemia_BellBeaker,PapacScienceAdvances2021,Czech Republic,Central Europe,50.366,14.447,-2300,-2200,-2100,,-3000 - -2000
VLI030,M,Czech_Bohemia_BellBeaker,PapacScienceAdvances2021,Czech Republic,Central Europe,50.366,14.447,-2300,-2200,-2100,,-3000 - -2000
RISE386.SG,M,Russia_MLBA_Sintashta.SG,AllentoftNature2015,Russia,Other region,52.453,55.16,-2334,-2196,-2040,(OxA-30991:3775±34),-3000 - -2000
I0113,F,Germany_BellBeaker,MathiesonNature2015,Germany,Central Europe,51.791,11.141,-2395,-2194,-2033,(Erl-7283:3773±47),-3000 - -2000
PJU002,F,Italy_Sardinia_EBA,MarcusNatureCommunications2020,Italy,Italy,40.067,8.601,-2290,-2193,-2049,(MAMS-39528:3774±29),-3000 - -2000
SUC005,M,Italy_Sardinia_EBA,MarcusNatureCommunications2020,Italy,Italy,40.81,8.444,-2286,-2189,-2068,(MAMS-38298:3774±20),-3000 - -2000
I6583,F,Poland_BellBeaker,OlaldeNature2018,Poland,Central Europe,50.96,17.02,-2289,-2185,-2045,(Poz-65207:3770±30),-3000 - -2000
I0246,M,Russia_Potapovka,NarasimhanPattersonScience2019,Russia,Other region,52.913,50.991,-2465,-2182,-1902,(AA-12568:3760±100),-3000 - -2000
I6537,M,Poland_ChopiceVeseleCulture,OlaldeNature2018,Poland,Central Europe,50.11,18.21,-2291,-2178,-2038,(Poz-54136:3765±35),-3000 - -2000
MIL002.SG,F,Russia_Ivanovo_Fatyanovo_BA.SG,SaagMetspaluScience2021,Russia,Other region,56.927,39.645,-2286,-2175,-2041,(UBA-41623:3763±30),-3000 - -2000
I4889,M,Czech_BellBeaker,OlaldeNature2018,Czech Republic,Central Europe,50.122,14.457,-2283,-2174,-2056,(PSUAMS-2847:3765±20),-3000 - -2000
I4891,M,Czech_BellBeaker,OlaldeNature2018,Czech Republic,Central Europe,50.122,14.457,-2283,-2174,-2056,(PSUAMS-2848:3765±20),-3000 - -2000
RISE431.SG,M,Poland_CordedWare_ProtoUnetice.SG,AllentoftNature2015,Poland,Central Europe,52.143,16.538,-2285,-2173,-2043,(OxA-27967:3762±27),-3000 - -2000
I2453,M,England_BellBeaker,OlaldeNature2018,United Kingdom,Britain and Ireland,52.67,-0.35,-2288,-2172,-2037,(Poz-83404:3760±35),-3000 - -2000
I6774,M,England_BellBeaker_lowEEF,OlaldeNature2018,United Kingdom,Britain and Ireland,50.863,-0.122,-2286,-2172,-2040,(SUERC-74755:3760±30),-3000 - -2000
I3123,M,Italy_Sicily_EBA,FernandesNatureEcologyEvolution2020,Italy,Italy,37.908,13.478,-2286,-2172,-2040,(PSUAMS-3892:3760±30),-3000 - -2000
EHU001,M,Spain_C_oSteppe,OlaldeScience2019,Spain,Iberia,42.419,-3.485,-2286,-2172,-2040,(Beta-492280:3760±30),-3000 - -2000
KO7003,M,Czech_Bohemia_Unetice_EBA,PapacScienceAdvances2021,Czech Republic,Central Europe,50.009,15.222,-2283,-2172,-2044,(MAMS-30793:3761±24),-3000 - -2000
I0171,F,Germany_BenzigerodeHeimburg_LN,MathiesonNature2015,Germany,Central Europe,51.82,10.91,-2286,-2170,-2038,(KIA-27952:3758±33),-3000 - -2000
I11442,M,Italy_Sicily_EBA,FernandesNatureEcologyEvolution2020,Italy,Italy,37.908,13.478,-2280,-2170,-2044,(PSUAMS-4547:3750±20);(PSUAMS-4620:3765±20),-3000 - -2000
I2568,M,Scotland_C_EBA_mediumhighEEF,OlaldeNature2018,United Kingdom,Britain and Ireland,55.97,-2.444,-2286,-2167,-2036,(SUERC-4078:3755±35),-3000 - -2000
I6531,M,Poland_ChopiceVeseleCulture,OlaldeNature2018,Poland,Central Europe,50.23,18.22,-2286,-2167,-2036,(Poz-86947:3755±35),-3000 - -2000
I4895,M,Czech_BellBeaker,OlaldeNature2018,Czech Republic,Central Europe,50.05,14.367,-2275,-2165,-2041,(PSUAMS-2852:3750±20),-3000 - -2000
HUGO_190,F,Germany_Lech_BellBeaker_possible.contam,MittnikScience2019,Germany,Central Europe,48.329,10.898,-2273,-2164,-2041,(MAMS-18921:3748±19),-3000 - -2000
PMI006,M,Czech_Bohemia_Unetice_EBA,PapacScienceAdvances2021,Czech Republic,Central Europe,50.156,14.539,-2282,-2161,-2036,(KIA-35072:3750±30),-3000 - -2000
RA64,M,Switzerland_EBA_2,FurtwanglerNatureCommunications2020,Switzerland,Central Europe,47.588,8.293,-2273,-2160,-2040,(BE-7994:3746±20),-3000 - -2000
PMI001,F,Czech_Bohemia_Unetice_EBA,PapacScienceAdvances2021,Czech Republic,Central Europe,50.156,14.539,-2274,-2157,-2038,(MAMS-19126:3745±22),-3000 - -2000
I0117,F,Germany_EBA_Unetice,MathiesonNature2015,Germany,Central Europe,51.42,11.68,-2275,-2151,-2037,(MAMS-21496:3743±25),-3000 - -2000
I5042,M,Czech_EBA_Protounetice,OlaldeNature2018,Czech Republic,Central Europe,48.802,17.023,-2300,-2150,-2000,,-3000 - -2000
I6542_published,M,Spain_C_published,OlaldeNature2018,Spain,Iberia,40.439,-3.501,-2600,-2150,-1700,,-3000 - -2000
I6543,M,Spain_C,OlaldeNature2018,Spain,Iberia,40.439,-3.501,-2600,-2150,-1700,,-3000 - -2000
I6612,F,Spain_C,OlaldeNature2018,Spain,Iberia,40.439,-3.501,-2600,-2150,-1700,,-3000 - -2000
I6623,F,Spain_C_oSteppe,OlaldeNature2018,Spain,Iberia,40.439,-3.501,-2600,-2150,-1700,,-3000 - -2000
I6609,F,Spain_C,OlaldeNature2018,Spain,Iberia,40.439,-3.501,-2600,-2150,-1700,,-3000 - -2000
I6622,M,Spain_C,OlaldeScience2019,Spain,Iberia,40.439,-3.501,-2600,-2150,-1700,,-3000 - -2000
I4886,M,Czech_BellBeaker,OlaldeNature2018,Czech Republic,Central Europe,50.122,14.457,-2269,-2147,-2038,(PSUAMS-2844:3740±20),-3000 - -2000
RISE566.SG,M,Czech_BellBeaker_dup.I4145.SG,AllentoftNature2015,Czech Republic,Central Europe,50.118,14.258,-2281,-2144,-2031,(Poz-84460:3740±35),-3000 - -2000
I2443,F,England_BellBeaker,OlaldeNature2018,United Kingdom,Britain and Ireland,51.798,-1.313,-2285,-2144,-2028,(OxA-8868:3740±40),-3000 - -2000
BNL005,F,Czech_Bohemia_Unetice_EBA,PapacScienceAdvances2021,Czech Republic,Central Europe,50.174,14.646,-2270,-2143,-2037,(MAMS-30777:3738±23),-3000 - -2000
MX193,F,Switzerland_EBA_1,FurtwanglerNatureCommunications2020,Switzerland,Central Europe,47.255,8.216,-2282,-2141,-2028,(BE-7446:3738±37),-3000 - -2000
RISE98.SG,M,Sweden_LN.SG,AllentoftNature2015,Sweden,Other region,55.381,13.445,-2277,-2138,-2030,(OxA-28987:3736±32),-3000 - -2000
I2597,M,England_C_EBA,OlaldeNature2018,United Kingdom,Britain and Ireland,51.168,-1.773,-2273,-2137,-2033,(SUERC-34539:3735±30),-3000 - -2000
I2566,M,England_C_EBA,OlaldeNature2018,United Kingdom,Britain and Ireland,51.168,-1.773,-2268,-2136,-2035,(NZA-32490:3734±25),-3000 - -2000
SUA002,M,Italy_Sardinia_EBA,MarcusNatureCommunications2020,Italy,Italy,39.87,9.236,-2271,-2132,-2032,(MAMS-28655:3732±30),-3000 - -2000
I7210,M,Czech_BellBeaker_father.or.son.I7212,OlaldeNature2018,Czech Republic,Central Europe,50.41,14.075,-2200,-2129,-2037,(PSUAMS-4236:3730±20),-3000 - -2000
I5665,M,Spain_C_oSteppe,OlaldeNature2018,Spain,Iberia,42.725,-3.845,-2281,-2128,-1982,(Poz-49174:3730±40),-3000 - -2000
I2604,F,England_C_EBA,OlaldeNature2018,United Kingdom,Britain and Ireland,51.15,-1.36,-2270,-2128,-2031,(SUERC-26241:3730±30),-3000 - -2000
I3122,F,Italy_Sicily_EBA,FernandesNatureEcologyEvolution2020,Italy,Italy,37.908,13.478,-2270,-2128,-2031,(PSUAMS-1985:3730±30),-3000 - -2000
BNL006,M,Czech_Bohemia_Unetice_EBA,PapacScienceAdvances2021,Czech Republic,Central Europe,50.174,14.646,-2200,-2120,-2040,,-3000 - -2000
I2445,M,England_BellBeaker,OlaldeNature2018,United Kingdom,Britain and Ireland,51.798,-1.313,-2339,-2118,-1926,(Poz-83407:3650±35);(OxA-8806:3785±40),-3000 - -2000
I5382,M,England_BellBeaker,OlaldeNature2018,United Kingdom,Britain and Ireland,54.523,-1.308,-2280,-2118,-1979,(OxA-8728:3725±40),-3000 - -2000
I3484,M,Spain_EBA,OlaldeScience2019,Spain,Iberia,38.578,-2.842,-2340,-2118,-1900,(Rome-1687:3720±70),-3000 - -2000
KNE006,F,Czech_Bohemia_Unetice_EBA,PapacScienceAdvances2021,Czech Republic,Central Europe,50.119,14.267,-2200,-2115,-2030,,-3000 - -2000
VLI058,F,Czech_Bohemia_Unetice_EBA,PapacScienceAdvances2021,Czech Republic,Central Europe,50.366,14.447,-2202,-2115,-2030,(UBA-23642:3725±28),-3000 - -2000
I3874,F,France_BellBeaker,OlaldeNature2018,France,Other region,44.476,6.369,-2199,-2113,-2034,(PSUAMS-1835:3725±25),-3000 - -2000
I3256,M,England_BellBeaker,OlaldeNature2018,United Kingdom,Britain and Ireland,52.17,0.106,-2266,-2108,-1986,,-3000 - -2000
I2452,M,England_BellBeaker,OlaldeNature2018,United Kingdom,Britain and Ireland,52.854,-1.565,-2274,-2104,-1980,(Poz-83405:3735±35);(Beta-444979:3700±30),-3000 - -2000
I3485,F,Spain_EBA,OlaldeScience2019,Spain,Iberia,38.578,-2.842,-2300,-2100,-1900,,-3000 - -2000
I5750,M,Netherlands_BellBeaker,OlaldeNature2018,Netherlands,Central Europe,52.734,5.096,-2600,-2100,-1600,,-3000 - -2000
I6777,M,England_C_EBA,OlaldeNature2018,United Kingdom,Britain and Ireland,51.147,-1.813,-2300,-2100,-1900,,-3000 - -2000
I8048,M,Spain_C,OlaldeScience2019,Spain,Iberia,37.005,-3.895,-2200,-2100,-2000,,-3000 - -2000
I2457,M,England_C_EBA,OlaldeNature2018,United Kingdom,Britain and Ireland,51.168,-1.773,-2199,-2097,-2029,(SUERC-69975:3717±28),-3000 - -2000
MX189,F,Switzerland_EBA_2,FurtwanglerNatureCommunications2020,Switzerland,Central Europe,47.255,8.216,-2197,-2093,-2035,(BE-7986:3721±20),-3000 - -2000
MX288,M,Germany_SouthernGermany_Singen_EBA,FurtwanglerNatureCommunications2020,Germany,Central Europe,47.767,8.872,-2199,-2093,-1984,(MAMS-21968:3712±29),-3000 - -2000
PDA002,M,Czech_Bohemia_Unetice_EBA,PapacScienceAdvances2021,Czech Republic,Central Europe,50.152,14.494,-2197,-2093,-2034,(MAMS-30756:3720±21),-3000 - -2000
I14676_published,M,Italy_Sardinia_C_MonteClaro_published,FernandesNatureEcologyEvolution2020,Italy,Italy,40.79,8.591,-2198,-2092,-2029,(PSUAMS-6690:3715±25),-3000 - -2000
MIS005,F,Czech_Bohemia_Unetice_EBA,PapacScienceAdvances2021,Czech Republic,Central Europe,49.992,15.777,-2198,-2092,-2031,(CRL-20111:3716±24),-3000 - -2000
I1767,M,England_BellBeaker_mediumEEF,OlaldeNature2018,United Kingdom,Britain and Ireland,54.523,-1.308,-2201,-2091,-1977,(OxA-8651:3705±35),-3000 - -2000
I2454,F,England_BellBeaker_lowEEF,OlaldeNature2018,United Kingdom,Britain and Ireland,52.34,0.03,-2197,-2088,-1981,(OxA-24595:3703±28),-3000 - -2000
I7199,M,Czech_EBA,OlaldeNature2018,Czech Republic,Central Europe,50.05,14.367,-2195,-2087,-1982,(PSUAMS-3886:3700±25),-3000 - -2000
RISE71.SG,F,Denmark_LN.SG,AllentoftNature2015,Denmark,Other region,56.676,10.034,-2195,-2087,-1982,(OxA-28269:3701±26),-3000 - -2000
MX251,F,Germany_SouthernGermany_Singen_EBA_o,FurtwanglerNatureCommunications2020,Germany,Central Europe,47.767,8.872,-2197,-2087,-1979,(MAMS-21967:3700±30),-3000 - -2000
KNE002,F,Czech_Bohemia_Unetice_EBA,PapacScienceAdvances2021,Czech Republic,Central Europe,50.119,14.267,-2195,-2087,-1984,(MAMS-30771:3705±24),-3000 - -2000
I4888,M,Czech_BellBeaker,OlaldeNature2018,Czech Republic,Central Europe,50.122,14.457,-2193,-2086,-1985,(PSUAMS-2846:3700±20),-3000 - -2000
I7807,F,Italy_Sicily_EBA,FernandesNatureEcologyEvolution2020,Italy,Italy,36.883,14.571,-2193,-2086,-1985,(PSUAMS-6468:3700±20),-3000 - -2000
I11737,M,Kazakhstan_Mereke_MBA,NarasimhanPattersonScience2019,Kazakhstan,Other region,50.77,49.34,-2195,-2086,-2031,(PSUAMS-4902:3710±20),-3000 - -2000
KBD002,F,Russia_North_Caucasus_MBA_rel.KBD001,WangNatureCommunications2019,Russia,Western Pontic Steppe,43.826,42.716,-2191,-2086,-1983,(MAMS-19727:3695±20),-3000 - -2000
POST_12,F,Germany_Lech_MBA_possible.contam,MittnikScience2019,Germany,Central Europe,48.296,10.891,-2192,-2086,-1984,(MAMS-18956:3697±20),-3000 - -2000
I5373,M,England_C_EBA_lowEEF,OlaldeNature2018,United Kingdom,Britain and Ireland,53.08,-1.641,-2193,-2085,-1980,(BRAMS-1230:3694±25),-3000 - -2000
MIB084,M,Czech_Bohemia_Unetice_EBA,PapacScienceAdvances2021,Czech Republic,Central Europe,49.992,15.777,-2192,-2085,-1979,(CRL-20108:3690±24),-3000 - -2000
I7198,F,Czech_EBA,OlaldeNature2018,Czech Republic,Central Europe,50.05,14.367,-2192,-2083,-1976,(PSUAMS-3885:3685±25),-3000 - -2000
I7635,F,England_C_EBA,OlaldeNature2018,United Kingdom,Britain and Ireland,54.523,-1.308,-2195,-2083,-1976,(BRAMS-1286:3690±28),-3000 - -2000
KBD001,M,Russia_North_Caucasus_MBA,WangNatureCommunications2019,Russia,Western Pontic Steppe,43.826,42.716,-2195,-2083,-1974,(UGAMS-13455:3690±30),-3000 - -2000
PSS4170.SG,M,France_GrandEst_EBA.SG,BrunelPNAS2020,France,Central Europe,48.519,3.596,-2195,-2083,-1974,(Beta-490471:3690±30),-3000 - -2000
I1705,M,Jordan_EBA,LazaridisNature2016,Jordan,Other region,31.988,35.976,-2197,-2082,-1959,(Poz-81096:3690±35),-3000 - -2000
I1502,F,Hungary_EBA_Mako,MathiesonNature2015,Hungary,Southeastern Europe,47.167,20.833,-2193,-2081,-1974,(OxA-23799:3686±28),-3000 - -2000
SUC001,F,Italy_Sardinia_EBA,MarcusNatureCommunications2020,Italy,Italy,40.81,8.444,-2139,-2081,-1975,(MAMS-38294:3677±21),-3000 - -2000
I4074,M,Netherlands_BellBeaker,OlaldeNature2018,Netherlands,Central Europe,52.734,5.096,-2279,-2079,-1897,(GrA-15597:3690±60),-3000 - -2000
I14675,M,Italy_Sardinia_C_MonteClaro,FernandesNatureEcologyEvolution2020,Italy,Italy,40.79,8.591,-2190,-2079,-1973,(PSUAMS-6689:3680±25),-3000 - -2000
KNE001,F,Czech_Bohemia_Unetice_EBA,PapacScienceAdvances2021,Czech Republic,Central Europe,50.119,14.267,-2193,-2070,-1953,(Bln-5436:3679±34),-3000 - -2000
PMI004,M,Czech_Bohemia_Unetice_EBA,PapacScienceAdvances2021,Czech Republic,Central Europe,50.156,14.539,-2188,-2066,-1955,(KIA-35083:3675±30),-3000 - -2000
I2477,F,Italy_North_BellBeaker_2,OlaldeNature2018,Italy,Italy,44.8,10.333,-2200,-2065,-1930,,-3000 - -2000
I1979,F,Italy_North_BellBeaker_1,OlaldeNature2018,Italy,Italy,44.8,10.333,-2200,-2065,-1930,,-3000 - -2000
I7043,M,Hungary_EBA_Protonagyrev,OlaldeNature2018,Hungary,Southeastern Europe,47.43,19.052,-2136,-2063,-1973,(PSUAMS-4036:3670±20),-3000 - -2000
I7249,M,Czech_BellBeaker,OlaldeNature2018,Czech Republic,Central Europe,50.19,14.158,-2136,-2063,-1973,(PSUAMS-4499:3670±20),-3000 - -2000
I0804,M,Germany_EBA_Unetice,MathiesonNature2015,Germany,Central Europe,51.168,11.848,-2138,-2060,-1958,(MAMS-22821:3671±26),-3000 - -2000
I2478,M,Italy_North_BellBeaker_3,OlaldeNature2018,Italy,Italy,44.78,10.29,-2195,-2055,-1938,(LTL-5035:3671±40),-3000 - -2000
PMI003,F,Czech_Bohemia_Unetice_EBA,PapacScienceAdvances2021,Czech Republic,Central Europe,50.156,14.539,-2191,-2054,-1945,(UtC-13189:3670±35),-3000 - -2000
I0070,M,Greece_Minoan_Lassithi,LazaridisNature2017,Greece,Other region,35.08,25.83,-2400,-2050,-1700,,-3000 - -2000
I0071,F,Greece_Minoan_Lassithi,LazaridisNature2017,Greece,Other region,35.08,25.83,-2400,-2050,-1700,,-3000 - -2000
I0073,M,Greece_Minoan_Lassithi,LazaridisNature2017,Greece,Other region,35.08,25.83,-2400,-2050,-1700,,-3000 - -2000
I0074,F,Greece_Minoan_Lassithi,LazaridisNature2017,Greece,Other region,35.08,25.83,-2400,-2050,-1700,,-3000 - -2000
I9005,F,Greece_Minoan_Lassithi,LazaridisNature2017,Greece,Other region,35.08,25.83,-2400,-2050,-1700,,-3000 - -2000
I0419,M,Russia_Potapovka_o2,NarasimhanPattersonScience2019,Russia,Other region,52.913,50.991,-2200,-2050,-1900,,-3000 - -2000
ETM018,M,Syria_Ebla_EMBA,SkourtaniontiCell2020,Syria,Other region,35.798,36.798,-2135,-2050,-1958,(MAMS-41635:3667±26),-3000 - -2000
CHL002,M,Czech_Bohemia_Unetice_EBA,PapacScienceAdvances2021,Czech Republic,Central Europe,50.215,15.119,-2200,-2050,-1900,,-3000 - -2000
CHL005,M,Czech_Bohemia_Unetice_EBA,PapacScienceAdvances2021,Czech Republic,Central Europe,50.215,15.119,-2200,-2050,-1900,,-3000 - -2000
CHL007,F,Czech_Bohemia_Unetice_EBA,PapacScienceAdvances2021,Czech Republic,Central Europe,50.215,15.119,-2200,-2050,-1900,,-3000 - -2000
KO7002,F,Czech_Bohemia_Unetice_EBA,PapacScienceAdvances2021,Czech Republic,Central Europe,50.009,15.222,-2200,-2050,-1900,,-3000 - -2000
ROU001,F,Czech_Bohemia_Unetice_EBA,PapacScienceAdvances2021,Czech Republic,Central Europe,50.417,14.246,-2200,-2050,-1900,,-3000 - -2000
ROU006,F,Czech_Bohemia_Unetice_EBA,PapacScienceAdvances2021,Czech Republic,Central Europe,50.417,14.246,-2200,-2050,-1900,,-3000 - -2000
ROU007,M,Czech_Bohemia_Unetice_EBA,PapacScienceAdvances2021,Czech Republic,Central Europe,50.417,14.246,-2200,-2050,-1900,,-3000 - -2000
VLI039,F,Czech_Bohemia_Unetice_EBA,PapacScienceAdvances2021,Czech Republic,Central Europe,50.366,14.447,-2200,-2050,-1900,,-3000 - -2000
VLI061,F,Czech_Bohemia_Unetice_EBA,PapacScienceAdvances2021,Czech Republic,Central Europe,50.366,14.447,-2200,-2050,-1900,,-3000 - -2000
I2567,M,Scotland_C_EBA,OlaldeNature2018,United Kingdom,Britain and Ireland,55.97,-2.444,-2265,-2049,-1887,(SUERC-4072:3615±40);(SUERC-4083:3725±35),-3000 - -2000
BNL002,M,Czech_Bohemia_Unetice_EBA,PapacScienceAdvances2021,Czech Republic,Central Europe,50.174,14.646,-2140,-2045,-1950,,-3000 - -2000
BNL004,M,Czech_Bohemia_Unetice_EBA,PapacScienceAdvances2021,Czech Republic,Central Europe,50.174,14.646,-2140,-2045,-1950,,-3000 - -2000
ROU004,F,Czech_Bohemia_Unetice_EBA,PapacScienceAdvances2021,Czech Republic,Central Europe,50.417,14.246,-2130,-2045,-1960,,-3000 - -2000
I2598_published,M,England_C_EBA_published,OlaldeNature2018,United Kingdom,Britain and Ireland,51.168,-1.773,-2137,-2042,-1949,(NZA-32494:3664±30),-3000 - -2000
OBKR_80,M,Germany_Lech_EBA,MittnikScience2019,Germany,Central Europe,48.267,10.879,-2135,-2042,-1955,(MAMS-18901:3664±24),-3000 - -2000
POST_47,M,Germany_Lech_EBA,MittnikScience2019,Germany,Central Europe,48.296,10.891,-2135,-2038,-1952,(MAMS-18965:3662±24),-3000 - -2000
I4073,M,Netherlands_BellBeaker,OlaldeNature2018,Netherlands,Central Europe,52.734,5.096,-2195,-2037,-1895,(GrA-15598:3660±50),-3000 - -2000
I3255,F,England_BellBeaker,OlaldeNature2018,United Kingdom,Britain and Ireland,52.17,0.106,-2137,-2036,-1945,(SUERC-49482:3661±31),-3000 - -2000
BNL003,M,Czech_Bohemia_Unetice_EBA,PapacScienceAdvances2021,Czech Republic,Central Europe,50.174,14.646,-2134,-2036,-1951,(MAMS-30776:3661±24),-3000 - -2000
I2618,M,England_C_EBA,OlaldeNature2018,United Kingdom,Britain and Ireland,55.058,-2.147,-2135,-2034,-1949,(OxA-26254:3660±28),-3000 - -2000
KO1011,F,Czech_Bohemia_Unetice_EBA,PapacScienceAdvances2021,Czech Republic,Central Europe,50.033,15.168,-2135,-2034,-1950,(UGAMS-9622:3660±25),-3000 - -2000
MIB078,F,Czech_Bohemia_Unetice_EBA,PapacScienceAdvances2021,Czech Republic,Central Europe,49.992,15.777,-2135,-2034,-1950,(CRL-20100:3660±25),-3000 - -2000
MIG010,F,Czech_Bohemia_Unetice_EBA,PapacScienceAdvances2021,Czech Republic,Central Europe,49.992,15.777,-2134,-2032,-1950,(CRL-20113:3659±23),-3000 - -2000
MIG011,F,Czech_Bohemia_Unetice_EBA,PapacScienceAdvances2021,Czech Republic,Central Europe,49.992,15.777,-2134,-2031,-1949,(CRL-20114:3658±24),-3000 - -2000
I3875,M,France_BellBeaker,OlaldeNature2018,France,Other region,44.476,6.369,-2134,-2026,-1945,(PSUAMS-1834:3655±25),-3000 - -2000
I3743,M,Italy_Sardinia_EBA,FernandesNatureEcologyEvolution2020,Italy,Italy,39.867,9.233,-2134,-2026,-1945,(PSUAMS-2076:3655±25),-3000 - -2000
KO7001,M,Czech_Bohemia_Unetice_EBA,PapacScienceAdvances2021,Czech Republic,Central Europe,50.009,15.222,-2134,-2026,-1946,(MAMS-30792:3655±24),-3000 - -2000
I4068,M,Netherlands_BellBeaker,OlaldeNature2018,Netherlands,Central Europe,52.734,5.096,-2132,-2025,-1949,(PSUAMS-2318:3655±20),-3000 - -2000
I2461,F,England_C_EBA,OlaldeNature2018,United Kingdom,Britain and Ireland,51.13,-1.69,-2150,-2025,-1900,,-3000 - -2000
I6561,M,Ukraine_MBA,MathiesonNature2018,Ukraine,Western Pontic Steppe,49.541,37.698,-2132,-2025,-1949,(PSUAMS-8927:3655±20),-3000 - -2000
RISE371.SG,F,Hungary_Maros_EBA.SG,AllentoftNature2015,Hungary,Southeastern Europe,46.22,20.199,-2137,-2024,-1936,(OxA-30988:3653±32),-3000 - -2000
I0116,M,Germany_EBA_Unetice,MathiesonNature2015,Germany,Central Europe,51.42,11.68,-2136,-2019,-1933,(MAMS-21495:3650±32),-3000 - -2000
KNE007,F,Czech_Bohemia_Unetice_EBA,PapacScienceAdvances2021,Czech Republic,Central Europe,50.119,14.267,-2131,-2019,-1946,(MAMS-30774:3651±20),-3000 - -2000
I0803,F,Germany_EBA_Unetice,MathiesonNature2015,Germany,Central Europe,51.168,11.848,-2134,-2018,-1939,(MAMS-22822:3650±26),-3000 - -2000
BNL009,M,Czech_Bohemia_Unetice_EBA,PapacScienceAdvances2021,Czech Republic,Central Europe,50.174,14.646,-2133,-2016,-1940,(MAMS-30779:3649±24),-3000 - -2000
KNE003,F,Czech_Bohemia_Unetice_EBA,PapacScienceAdvances2021,Czech Republic,Central Europe,50.119,14.267,-2130,-2013,-1945,(MAMS-30772:3648±19),-3000 - -2000
CHL008,M,Czech_Bohemia_Unetice_EBA,PapacScienceAdvances2021,Czech Republic,Central Europe,50.215,15.119,-2120,-2010,-1900,,-3000 - -2000
I4069,M,Netherlands_BellBeaker,OlaldeNature2018,Netherlands,Central Europe,52.734,5.096,-2191,-2009,-1884,(GrA-6477:3640±50),-3000 - -2000
MX256,F,Germany_SouthernGermany_Singen_EBA,FurtwanglerNatureCommunications2020,Germany,Central Europe,47.767,8.872,-2133,-2004,-1899,(MAMS-21971:3641±29),-3000 - -2000
SUC003,M,Italy_Sardinia_EBA,MarcusNatureCommunications2020,Italy,Italy,40.81,8.444,-2129,-2003,-1940,(MAMS-38296:3643±20),-3000 - -2000
MIB077,F,Czech_Bohemia_Unetice_EBA,PapacScienceAdvances2021,Czech Republic,Central Europe,49.992,15.777,-2131,-2002,-1929,(CRL-20099:3641±24),-3000 - -2000
POST_99,F,Germany_Lech_EBA_possible.contam,MittnikScience2019,Germany,Central Europe,48.296,10.891,-2132,-2002,-1927,(MAMS-18969:3641±25),-3000 - -2000
I1770,F,England_BellBeaker,OlaldeNature2018,United Kingdom,Britain and Ireland,54.202,-0.434,-2400,-2000,-1600,,-3000 - -2000
I7670,M,Russia_MLBA_Potapovka,NarasimhanPattersonScience2019,Russia,Other region,53.59,50.571,-2128,-1999,-1938,(PSUAMS-4274:3640±20),-2000 - -1000
I4075,F,Netherlands_BellBeaker,OlaldeNature2018,Netherlands,Central Europe,52.734,5.096,-2126,-1995,-1931,(PSUAMS-2337:3635±20),-2000 - -1000
POST_131,F,Germany_Lech_MBA_possible.contam,MittnikScience2019,Germany,Central Europe,48.296,10.891,-2126,-1995,-1931,(MAMS-18971:3635±20),-2000 - -1000
RISE254.SG,M,Hungary_MBA_Vatya_o.SG,AllentoftNature2015,Hungary,Southeastern Europe,47.327,18.962,-2128,-1993,-1896,(OxA-29842:3631±29),-2000 - -1000
I2455,F,England_BellBeaker,OlaldeNature2018,United Kingdom,Britain and Ireland,52.34,0.03,-2127,-1993,-1897,(OxA-24594:3631±28),-2000 - -1000
I6604,M,Spain_C,OlaldeNature2018,Spain,Iberia,40.439,-3.501,-2129,-1992,-1895,(Ua-35012:3630±30),-2000 - -1000
NV3001,M,Russia_Steppe_Lola,WangNatureCommunications2019,Russia,Western Pontic Steppe,44.735,41.939,-2125,-1992,-1899,(MAMS-29812:3631±22),-2000 - -1000
I7800,F,Italy_Sicily_EBA,FernandesNatureEcologyEvolution2020,Italy,Italy,36.883,14.571,-2125,-1991,-1899,(PSUAMS-6466:3630±25),-2000 - -1000
VLI045,F,Czech_Bohemia_Unetice_EBA,PapacScienceAdvances2021,Czech Republic,Central Europe,50.366,14.447,-2193,-1989,-1777,(UBA-27395:3623±58),-2000 - -1000
I2462,F,England_C_EBA_highEEF,OlaldeNature2018,United Kingdom,Britain and Ireland,51.33,1.36,-2131,-1987,-1889,(SUERC-40718:3625±35),-2000 - -1000
I2447,M,England_BellBeaker,OlaldeNature2018,United Kingdom,Britain and Ireland,51.798,-1.313,-2117,-1985,-1896,(PSUAMS-2336:3625±25),-2000 - -1000
CHL003,M,Czech_Bohemia_Unetice_EBA,PapacScienceAdvances2021,Czech Republic,Central Europe,50.215,15.119,-2120,-1983,-1894,(MAMS-40617:3623±28),-2000 - -1000
OBKR_50,F,Germany_Lech_EBA_possible.contam,MittnikScience2019,Germany,Central Europe,48.267,10.879,-2111,-1982,-1897,(MAMS-18895:3623±23),-2000 - -1000
I6679,M,England_BellBeaker,OlaldeNature2018,United Kingdom,Britain and Ireland,55.31,-1.553,-2129,-1981,-1888,(OxA-5553:3621±34),-2000 - -1000
VLI065,F,Czech_Bohemia_Unetice_EBA,PapacScienceAdvances2021,Czech Republic,Central Europe,50.366,14.447,-2138,-1981,-1779,(UBA-27396:3618±52),-2000 - -1000
VLI060,F,Czech_Bohemia_Unetice_EBA,PapacScienceAdvances2021,Czech Republic,Central Europe,50.366,14.447,-2140,-1980,-1820,,-2000 - -1000
OBKR_93,F,Germany_Lech_EBA_possible.contam,MittnikScience2019,Germany,Central Europe,48.267,10.879,-2111,-1980,-1896,(MAMS-18908:3621±23),-2000 - -1000
MIG009,M,Czech_Bohemia_Unetice_EBA,PapacScienceAdvances2021,Czech Republic,Central Europe,49.992,15.777,-2032,-1979,-1898,(MAMS-30492:3621±19),-2000 - -1000
POST_35,F,Germany_Lech_EBA_possible.contam,MittnikScience2019,Germany,Central Europe,48.296,10.891,-2033,-1979,-1897,(MAMS-18962:3621±20),-2000 - -1000
MX280,F,Germany_SouthernGermany_Singen_EBA,FurtwanglerNatureCommunications2020,Germany,Central Europe,47.767,8.872,-2108,-1978,-1896,(MAMS-21975:3620±22),-2000 - -1000
MIB069,F,Czech_Bohemia_Unetice_EBA,PapacScienceAdvances2021,Czech Republic,Central Europe,49.992,15.777,-2116,-1978,-1892,(CRL-19443:3619±27),-2000 - -1000
POST_32,F,Germany_Lech_EBA_possible.contam,MittnikScience2019,Germany,Central Europe,48.296,10.891,-2031,-1977,-1898,(MAMS-18961:3619±20),-2000 - -1000
MIS007,F,Czech_Bohemia_Unetice_EBA,PapacScienceAdvances2021,Czech Republic,Central Europe,49.992,15.777,-2108,-1974,-1892,(CRL-20094:3616±24),-2000 - -1000
I3132,M,Scotland_C_EBA,OlaldeNature2018,United Kingdom,Britain and Ireland,57.721,-3.388,-2124,-1973,-1885,(SUERC-69070:3614±33),-2000 - -1000
BNL008,F,Czech_Bohemia_Unetice_EBA,PapacScienceAdvances2021,Czech Republic,Central Europe,50.174,14.646,-2111,-1973,-1891,(MAMS-30778:3615±26),-2000 - -1000
RISE391.SG,F,Kazakhstan_MLBA_Sintashta_o.SG,AllentoftNature2015,Kazakhstan,Other region,50.593,56.83,-2125,-1970,-1883,(OxA-30998:3612±34),-2000 - -1000
I0047_published,F,Germany_EBA_Unetice_published,MathiesonNature2015,Germany,Central Europe,51.896,11.047,-2115,-1970,-1886,(MAMS-21481:3612±30),-2000 - -1000
UNTA58_147,F,Germany_Lech_EBA_possible.contam,MittnikScience2019,Germany,Central Europe,48.316,10.892,-2108,-1970,-1890,(MAMS-18937:3612±25),-2000 - -1000
OBKR_6,F,Germany_Lech_EBA,MittnikScience2019,Germany,Central Europe,48.267,10.879,-2029,-1968,-1894,(MAMS-18890:3611±23),-2000 - -1000
OBKR_66,F,Germany_Lech_EBA_possible.contam,MittnikScience2019,Germany,Central Europe,48.267,10.879,-2027,-1966,-1895,(MAMS-18896:3609±22),-2000 - -1000
MX258,M,Germany_SouthernGermany_Singen_EBA,FurtwanglerNatureCommunications2020,Germany,Central Europe,47.767,8.872,-2027,-1965,-1894,(BE-9207:3608±23),-2000 - -1000
KO1014,M,Czech_Bohemia_Unetice_EBA,PapacScienceAdvances2021,Czech Republic,Central Europe,50.033,15.168,-2030,-1965,-1900,,-2000 - -1000
MIB072,M,Czech_Bohemia_Unetice_EBA,PapacScienceAdvances2021,Czech Republic,Central Europe,49.992,15.777,-2031,-1965,-1888,(CRL-20093:3608±26),-2000 - -1000
ETM016,F,Syria_Ebla_EMBA,SkourtaniontiCell2020,Syria,Other region,35.798,36.798,-2028,-1961,-1890,(MAMS-41116:3605±25),-2000 - -1000
KO1013,F,Czech_Bohemia_Unetice_EBA,PapacScienceAdvances2021,Czech Republic,Central Europe,50.033,15.168,-2027,-1961,-1892,(MAMS-30789:3605±24),-2000 - -1000
OBKR_73,F,Germany_Lech_EBA_possible.contam,MittnikScience2019,Germany,Central Europe,48.267,10.879,-2026,-1959,-1892,(MAMS-18898:3603±23),-2000 - -1000
UNTA85_1412,M,Germany_Lech_EBA,MittnikScience2019,Germany,Central Europe,48.32,10.892,-2027,-1957,-1890,(MAMS-18951:3602±25),-2000 - -1000
OBKR_81,F,Germany_Lech_EBA_possible.contam,MittnikScience2019,Germany,Central Europe,48.267,10.879,-2026,-1957,-1891,(MAMS-18902:3602±24),-2000 - -1000
CHL001,F,Czech_Bohemia_Unetice_EBA,PapacScienceAdvances2021,Czech Republic,Central Europe,50.215,15.119,-2020,-1955,-1890,,-2000 - -1000
MIS001,M,Czech_Bohemia_Unetice_EBA,PapacScienceAdvances2021,Czech Republic,Central Europe,49.992,15.777,-2023,-1955,-1892,(MAMS-30493:3601±19),-2000 - -1000
I0164,F,Germany_EBA_Unetice,MathiesonNature2015,Germany,Central Europe,51.793,11.143,-2026,-1953,-1888,(MAMS-21497:3599±25),-2000 - -1000
OBKR_67_d,M,Germany_Lech_EBA,MittnikScience2019,Germany,Central Europe,48.267,10.879,-2024,-1953,-1890,(MAMS-18897:3599±22),-2000 - -1000
KO1010,F,Czech_Bohemia_Unetice_EBA,PapacScienceAdvances2021,Czech Republic,Central Europe,50.033,15.168,-2025,-1953,-1889,(MAMS-30787:3599±24),-2000 - -1000
OBKR_2,F,Germany_Lech_EBA_possible.contam,MittnikScience2019,Germany,Central Europe,48.267,10.879,-2024,-1953,-1890,(MAMS-18888:3599±22),-2000 - -1000
RISE486.SG,M,Italy_North_Remedello_EBA.SG,AllentoftNature2015,Italy,Italy,45.26,10.379,-2134,-1951,-1771,(ETH-12913:3595±55),-2000 - -1000
I0945,F,Russia_Petrovka,NarasimhanPattersonScience2019,Russia,Other region,53.876,59.076,-2200,-1950,-1700,,-2000 - -1000
I7691,M,Portugal_EBA,OlaldeScience2019,Portugal,Iberia,39.669,-8.13,-2200,-1950,-1700,,-2000 - -1000
I7692,F,Portugal_EBA,OlaldeScience2019,Portugal,Iberia,39.669,-8.13,-2200,-1950,-1700,,-2000 - -1000
SUA007,M,Italy_Sardinia_EBA,MarcusNatureCommunications2020,Italy,Italy,39.87,9.236,-2024,-1950,-1888,(MAMS-39540:3597±22),-2000 - -1000
MX254,M,Germany_SouthernGermany_Singen_EBA,FurtwanglerNatureCommunications2020,Germany,Central Europe,47.767,8.872,-2250,-1950,-1650,,-2000 - -1000
I20750,M,Hungary_MBA_Fuzesabony,HarneyCheronetGenomeResearch2021,Hungary,Southeastern Europe,47.866,21.12,-2300,-1950,-1600,,-2000 - -1000
PMI010,F,Czech_Bohemia_Unetice_EBA,PapacScienceAdvances2021,Czech Republic,Central Europe,50.156,14.539,-2031,-1949,-1828,(KIA-35084:3595±30),-2000 - -1000
OBKR_9A,F,Germany_Lech_EBA_possible.contam,MittnikScience2019,Germany,Central Europe,48.267,10.879,-2024,-1949,-1888,(MAMS-18891:3596±22),-2000 - -1000
I9127,F,Greece_Minoan_Odigitria,LazaridisNature2017,Greece,Other region,35.051,24.814,-2210,-1945,-1680,,-2000 - -1000
I9129,F,Greece_Minoan_Odigitria,LazaridisNature2017,Greece,Other region,35.051,24.814,-2210,-1945,-1680,,-2000 - -1000
I9130,M,Greece_Minoan_Odigitria,LazaridisNature2017,Greece,Other region,35.051,24.814,-2210,-1945,-1680,,-2000 - -1000
I9131,F,Greece_Minoan_Odigitria,LazaridisNature2017,Greece,Other region,35.051,24.814,-2210,-1945,-1680,,-2000 - -1000
rath1.SG,M,Ireland_EBA.SG,CassidyPNAS2016,Ireland,Britain and Ireland,55.292,-6.192,-2029,-1944,-1829,(UBA-8707:3591±29),-2000 - -1000
CHL006,F,Czech_Bohemia_Unetice_EBA,PapacScienceAdvances2021,Czech Republic,Central Europe,50.215,15.119,-2028,-1943,-1831,(MAMS-40618:3591±28),-2000 - -1000
RISE97.SG,F,Sweden_LN.SG,AllentoftNature2015,Sweden,Other region,55.557,13.059,-2028,-1942,-1828,(OxA-28986:3590±29),-2000 - -1000
RISE349.SG,F,Hungary_Maros_EBA.SG,AllentoftNature2015,Hungary,Southeastern Europe,46.356,20.985,-2033,-1941,-1779,(OxA-30987:3588±34),-2000 - -1000
KO1009,F,Czech_Bohemia_Unetice_EBA,PapacScienceAdvances2021,Czech Republic,Central Europe,50.033,15.168,-2024,-1940,-1882,(MAMS-30786:3589±24),-2000 - -1000
ALA024,F,Turkey_Alalakh_MLBA,SkourtaniontiCell2020,Turkey,Other region,36.238,36.385,-2112,-1939,-1776,(MAMS-33690:3586±39),-2000 - -1000
I0946,F,Russia_Petrovka,NarasimhanPattersonScience2019,Russia,Other region,53.876,59.076,-2131,-1936,-1749,(AA-90948:3584±55),-2000 - -1000
I0418_published,F,Russia_MBA_Poltavka_published,MathiesonNature2015,Russia,Other region,52.913,50.991,-2129,-1935,-1752,(AA-53802:3583±52),-2000 - -1000
POST_1,F,Germany_Lech_MBA_possible.contam,MittnikScience2019,Germany,Central Europe,48.296,10.891,-2026,-1934,-1826,(MAMS-18952:3583±28),-2000 - -1000
I5515,M,Scotland_C_EBA,OlaldeNature2018,United Kingdom,Britain and Ireland,56.062,-3.419,-2109,-1932,-1774,(SRR-292:3581±40),-2000 - -1000
Spiginas2,M,Lithuania_LN_o,MittnikNatureCommunications2018,Lithuania,Other region,55.768,22.417,-2131,-1931,-1747,(Poz-61573:3580±60),-2000 - -1000
OBKR_117_d,M,Germany_Lech_EBA,MittnikScience2019,Germany,Central Europe,48.267,10.879,-2021,-1930,-1829,(MAMS-18911:3581±23),-2000 - -1000
EUG11.SG,M,France_Occitanie_EBA.SG,BrunelPNAS2020,France,Other region,43.162,2.312,-2026,-1930,-1780,(Beta-471249:3580±30),-2000 - -1000
MIB047,F,Czech_Bohemia_Unetice_EBA,PapacScienceAdvances2021,Czech Republic,Central Europe,49.992,15.777,-2019,-1926,-1828,(CRL-19425:3578±22),-2000 - -1000
I0984,M,Russia_MLBA_Sintashta,NarasimhanPattersonScience2019,Russia,Other region,52.817,60.467,-2022,-1921,-1778,(OxA-12530:3572±29),-2000 - -1000
MIB046,M,Czech_Bohemia_Unetice_EBA,PapacScienceAdvances2021,Czech Republic,Central Europe,49.992,15.777,-2017,-1921,-1783,(CRL-19424:3573±22),-2000 - -1000
MIB079,F,Czech_Bohemia_Unetice_EBA,PapacScienceAdvances2021,Czech Republic,Central Europe,49.992,15.777,-2017,-1920,-1782,(CRL-20101:3572±23),-2000 - -1000
WEHR_1415adult,F,Germany_Lech_EBA_mother.WEHR_1415child_possible.contam,MittnikScience2019,Germany,Central Europe,48.253,10.809,-2013,-1920,-1828,(MAMS-18929:3573±19),-2000 - -1000
KO1006,F,Czech_Bohemia_Unetice_EBA,PapacScienceAdvances2021,Czech Republic,Central Europe,50.033,15.168,-2018,-1918,-1779,(UGAMS-9623:3570±25),-2000 - -1000
R22.SG,F,Italy_Sardinia_C_BA.SG,AntonioGaoMootsScience2019,Italy,Italy,40.81,8.442,-2014,-1917,-1783,(UCIAMS-198885:3570±20),-2000 - -1000
MIB075,M,Czech_Bohemia_Unetice_EBA,PapacScienceAdvances2021,Czech Republic,Central Europe,49.992,15.777,-2017,-1917,-1780,(CRL-20097:3569±24),-2000 - -1000
MIB062,M,Czech_Bohemia_Unetice_EBA,PapacScienceAdvances2021,Czech Republic,Central Europe,49.992,15.777,-2019,-1916,-1777,(CRL-19437:3568±27),-2000 - -1000
MIB060,M,Czech_Bohemia_Unetice_EBA,PapacScienceAdvances2021,Czech Republic,Central Europe,49.992,15.777,-2012,-1915,-1782,(MAMS-30480:3568±19),-2000 - -1000
OBKR_96,F,Germany_Lech_EBA_possible.contam,MittnikScience2019,Germany,Central Europe,48.267,10.879,-2014,-1915,-1780,(MAMS-18910:3567±23),-2000 - -1000
ALA015,M,Turkey_Alalakh_MLBA,SkourtaniontiCell2020,Turkey,Other region,36.238,36.385,-2017,-1914,-1777,(MAMS-33683:3566±26),-2000 - -1000
I3756,M,Spain_EBA,OlaldeScience2019,Spain,Iberia,38.578,-2.842,-2015,-1913,-1778,(PSUAMS-2077:3565±25),-2000 - -1000
I7805,F,Italy_Sicily_EBA,FernandesNatureEcologyEvolution2020,Italy,Italy,36.883,14.571,-2015,-1913,-1778,(PSUAMS-6467:3565±25),-2000 - -1000
TORTF.SG,F,France_LaClape_LN_EBA_Veraza_oSteppe.SG,SeguinOrlandoCurrBio2021,France,Other region,43.15,3.061,-2008,-1912,-1782,(UCAIMS-223207:3565±15),-2000 - -1000
MIB028,F,Czech_Bohemia_Unetice_EBA,PapacScienceAdvances2021,Czech Republic,Central Europe,49.992,15.777,-2011,-1910,-1778,(CRL-19411:3562±22),-2000 - -1000
I10268,M,Israel_MLBA,AgranatTamirCell2020,Israel,Other region,32.585,35.017,-2009,-1908,-1778,(OS-139225:3560±20),-2000 - -1000
N17.SG,M,Poland_EBA.SG,FernandesScientificReports2018,Poland,Central Europe,52.66,18.88,-2017,-1907,-1774,(Poz-77332:3560±30),-2000 - -1000
I2609,F,England_C_EBA,OlaldeNature2018,United Kingdom,Britain and Ireland,54.979,-2.123,-2026,-1906,-1768,(Poz-83423:3560±40),-2000 - -1000
PMI009,M,Czech_Bohemia_Unetice_EBA,PapacScienceAdvances2021,Czech Republic,Central Europe,50.156,14.539,-2021,-1906,-1772,(UtC-13190:3560±35),-2000 - -1000
MIB020,F,Czech_Bohemia_Unetice_EBA,PapacScienceAdvances2021,Czech Republic,Central Europe,49.992,15.777,-2007,-1905,-1777,(MAMS-30472:3557±18),-2000 - -1000
UNTA58_152,F,Germany_Lech_EBA_possible.contam,MittnikScience2019,Germany,Central Europe,48.316,10.892,-2010,-1905,-1777,(MAMS-18942:3558±23),-2000 - -1000
ALA084,M,Turkey_Alalakh_MLBA,SkourtaniontiCell2020,Turkey,Other region,36.238,36.385,-2011,-1903,-1775,(MAMS-41108:3556±25),-2000 - -1000
RISE179.SG,M,Sweden_LN.SG,AllentoftNature2015,Sweden,Other region,55.397,13.6,-2013,-1902,-1774,(OxA-29193:3556±28),-2000 - -1000
MIB057,F,Czech_Bohemia_Unetice_EBA,PapacScienceAdvances2021,Czech Republic,Central Europe,49.992,15.777,-2013,-1902,-1774,(CRL-19433:3556±28),-2000 - -1000
I1020,M,Russia_MLBA_Sintashta_o2,NarasimhanPattersonScience2019,Russia,Other region,52.817,60.467,-2015,-1900,-1772,(OxA-12533:3555±31),-2000 - -1000
SZ1.SG,M,Hungary_BA.SG,AmorimNatureCommunications2018,Hungary,Southeastern Europe,46.283,17.85,-3000,-1900,-800,,-2000 - -1000
ETM004,F,Syria_Ebla_EMBA,SkourtaniontiCell2020,Syria,Other region,35.798,36.798,-2000,-1900,-1800,,-2000 - -1000
ETM005,M,Syria_Ebla_EMBA,SkourtaniontiCell2020,Syria,Other region,35.798,36.798,-2000,-1900,-1800,,-2000 - -1000
ETM006,F,Syria_Ebla_EMBA,SkourtaniontiCell2020,Syria,Other region,35.798,36.798,-2000,-1900,-1800,,-2000 - -1000
ETM014,F,Syria_Ebla_EMBA,SkourtaniontiCell2020,Syria,Other region,35.798,36.798,-2000,-1900,-1800,,-2000 - -1000
ETM026,M,Syria_Ebla_EMBA,SkourtaniontiCell2020,Syria,Other region,35.798,36.798,-2000,-1900,-1800,,-2000 - -1000
BIS130.SG,M,France_GrandEst_EBA.SG,BrunelPNAS2020,France,Central Europe,48.098,7.437,-2000,-1900,-1800,,-2000 - -1000
BIS385.SG,F,France_GrandEst_EBA.SG,BrunelPNAS2020,France,Central Europe,48.098,7.437,-2000,-1900,-1800,,-2000 - -1000
I6608_published,M,Spain_C_published,OlaldeNature2018,Spain,Iberia,40.439,-3.501,-2022,-1899,-1750,(Ua-35022:3555±40),-2000 - -1000
UNTA58_153,M,Germany_Lech_EBA,MittnikScience2019,Germany,Central Europe,48.316,10.892,-2009,-1899,-1774,(MAMS-18943:3553±24),-2000 - -1000
MIB021,F,Czech_Bohemia_Unetice_EBA,PapacScienceAdvances2021,Czech Republic,Central Europe,49.992,15.777,-1952,-1899,-1776,(MAMS-30477:3552±19),-2000 - -1000
VK214.SG,F,Denmark_LN_BA.SG,MargaryanWillerslevNature2020,Denmark,Other region,55.73,12.12,-2010,-1898,-1774,(AAR-23143:3553±26),-2000 - -1000
MIB036,F,Czech_Bohemia_Unetice_EBA,PapacScienceAdvances2021,Czech Republic,Central Europe,49.992,15.777,-1951,-1897,-1776,(MAMS-30468:3551±19),-2000 - -1000
KDC001,M,Russia_North_Caucasus_MBA,WangNatureCommunications2019,Russia,Western Pontic Steppe,43.354,43.722,-2008,-1896,-1774,(MAMS-110560:3548±23);(MAMS-110561:3554±23),-2000 - -1000
MIB054,M,Czech_Bohemia_Unetice_EBA,PapacScienceAdvances2021,Czech Republic,Central Europe,49.992,15.777,-1950,-1896,-1776,(MAMS-30479:3550±19),-2000 - -1000
WEHR_1586,F,Germany_Lech_EBA_possible.contam,MittnikScience2019,Germany,Central Europe,48.253,10.809,-1950,-1896,-1776,(MAMS-18932:3550±19),-2000 - -1000
I1027,M,Russia_MLBA_Sintashta,NarasimhanPattersonScience2019,Russia,Other region,52.817,60.467,-2008,-1895,-1773,(PSUAMS-1954:3550±25),-2000 - -1000
MIS004,M,Czech_Bohemia_Unetice_EBA,PapacScienceAdvances2021,Czech Republic,Central Europe,49.992,15.777,-2007,-1895,-1773,(CRL-20110:3550±23),-2000 - -1000
I1029,F,Russia_MLBA_Sintashta,NarasimhanPattersonScience2019,Russia,Other region,52.817,60.467,-2010,-1892,-1771,(OxA-12531:3549±29),-2000 - -1000
MIB040,M,Czech_Bohemia_Unetice_EBA,PapacScienceAdvances2021,Czech Republic,Central Europe,49.992,15.777,-2007,-1892,-1772,(CRL-19417:3548±24),-2000 - -1000
I3124,M,Italy_Sicily_EBA,FernandesNatureEcologyEvolution2020,Italy,Italy,37.908,13.478,-1947,-1889,-1774,(PSUAMS-4317:3545±20),-2000 - -1000
WEHR_1193,F,Germany_Lech_EBA_possible.contam,MittnikScience2019,Germany,Central Europe,48.253,10.809,-1945,-1888,-1774,(MAMS-18924:3544±19),-2000 - -1000
RISE109.SG,F,Poland_EBA_Unetice.SG,AllentoftNature2015,Poland,Central Europe,50.98,17.068,-2007,-1886,-1769,(UB-16557:3544±26),-2000 - -1000
ALA035,M,Turkey_Alalakh_MLBA,SkourtaniontiCell2020,Turkey,Other region,36.238,36.385,-1951,-1885,-1771,(MAMS-33697:3543±24),-2000 - -1000
MIB007,F,Czech_Bohemia_Unetice_EBA,PapacScienceAdvances2021,Czech Republic,Central Europe,49.992,15.777,-1943,-1883,-1774,(MAMS-30487:3541±19),-2000 - -1000
I1057,M,Russia_MLBA_Sintashta_o2,NarasimhanPattersonScience2019,Russia,Other region,52.817,60.467,-1950,-1880,-1769,(PSUAMS-1953:3540±25),-2000 - -1000
I0115,F,Germany_EBA_Unetice,MathiesonNature2015,Germany,Central Europe,51.42,11.68,-2007,-1878,-1749,(MAMS-21494:3540±31),-2000 - -1000
MIB019,F,Czech_Bohemia_Unetice_EBA,PapacScienceAdvances2021,Czech Republic,Central Europe,49.992,15.777,-1951,-1878,-1768,(MAMS-19123:3539±26),-2000 - -1000
RISE395.SG,F,Russia_MLBA_Sintashta.SG,AllentoftNature2015,Russia,Other region,52.637,59.536,-2007,-1877,-1749,(OxA-30996:3540±33),-2000 - -1000
MIB063,M,Czech_Bohemia_Unetice_EBA,PapacScienceAdvances2021,Czech Republic,Central Europe,49.992,15.777,-1952,-1877,-1749,(CRL-19438:3539±28),-2000 - -1000
MIB006,M,Czech_Bohemia_Unetice_EBA,PapacScienceAdvances2021,Czech Republic,Central Europe,49.992,15.777,-1939,-1876,-1773,(MAMS-30486:3537±19),-2000 - -1000
I1060,F,Russia_MLBA_Sintashta,NarasimhanPattersonScience2019,Russia,Other region,52.817,60.467,-2050,-1875,-1700,,-2000 - -1000
I1062,F,Russia_MLBA_Sintashta,NarasimhanPattersonScience2019,Russia,Other region,52.817,60.467,-2050,-1875,-1700,,-2000 - -1000
I1065,M,Russia_MLBA_Sintashta,NarasimhanPattersonScience2019,Russia,Other region,52.817,60.467,-2050,-1875,-1700,,-2000 - -1000
I1022,F,Russia_MLBA_Sintashta,NarasimhanPattersonScience2019,Russia,Other region,52.817,60.467,-2050,-1875,-1700,,-2000 - -1000
I1088,F,Russia_MLBA_Sintashta,NarasimhanPattersonScience2019,Russia,Other region,52.817,60.467,-2050,-1875,-1700,,-2000 - -1000
I1084,M,Russia_MLBA_Sintashta,NarasimhanPattersonScience2019,Russia,Other region,52.817,60.467,-2050,-1875,-1700,,-2000 - -1000
I1082,M,Russia_MLBA_Sintashta,NarasimhanPattersonScience2019,Russia,Other region,52.817,60.467,-2050,-1875,-1700,,-2000 - -1000
I1055,M,Russia_MLBA_Sintashta,NarasimhanPattersonScience2019,Russia,Other region,52.817,60.467,-2050,-1875,-1700,,-2000 - -1000
I1018,M,Russia_MLBA_Sintashta,NarasimhanPattersonScience2019,Russia,Other region,52.817,60.467,-2050,-1875,-1700,,-2000 - -1000
I1019,M,Russia_MLBA_Sintashta,NarasimhanPattersonScience2019,Russia,Other region,52.817,60.467,-2050,-1875,-1700,,-2000 - -1000
I1086,M,Russia_MLBA_Sintashta,NarasimhanPattersonScience2019,Russia,Other region,52.817,60.467,-2050,-1875,-1700,,-2000 - -1000
I1090,F,Russia_MLBA_Sintashta,NarasimhanPattersonScience2019,Russia,Other region,52.817,60.467,-2050,-1875,-1700,,-2000 - -1000
I1024,F,Russia_MLBA_Sintashta,NarasimhanPattersonScience2019,Russia,Other region,52.817,60.467,-2050,-1875,-1700,,-2000 - -1000
I1063,F,Russia_MLBA_Sintashta,NarasimhanPattersonScience2019,Russia,Other region,52.817,60.467,-2050,-1875,-1700,,-2000 - -1000
I1089,F,Russia_MLBA_Sintashta,NarasimhanPattersonScience2019,Russia,Other region,52.817,60.467,-2050,-1875,-1700,,-2000 - -1000
I0982,F,Russia_MLBA_Sintashta,NarasimhanPattersonScience2019,Russia,Other region,52.817,60.467,-2050,-1875,-1700,,-2000 - -1000
I0937,F,Russia_MLBA_Sintashta,NarasimhanPattersonScience2019,Russia,Other region,52.817,60.467,-2050,-1875,-1700,,-2000 - -1000
I0938,F,Russia_MLBA_Sintashta,NarasimhanPattersonScience2019,Russia,Other region,52.817,60.467,-2050,-1875,-1700,,-2000 - -1000
I0939,F,Russia_MLBA_Sintashta,NarasimhanPattersonScience2019,Russia,Other region,52.817,60.467,-2050,-1875,-1700,,-2000 - -1000
I0942,M,Russia_MLBA_Sintashta,NarasimhanPattersonScience2019,Russia,Other region,52.817,60.467,-2050,-1875,-1700,,-2000 - -1000
I0943,F,Russia_MLBA_Sintashta,NarasimhanPattersonScience2019,Russia,Other region,52.817,60.467,-2050,-1875,-1700,,-2000 - -1000
I0983,F,Russia_MLBA_Sintashta_o1,NarasimhanPattersonScience2019,Russia,Other region,52.817,60.467,-2050,-1875,-1700,,-2000 - -1000
I0986,M,Russia_MLBA_Sintashta,NarasimhanPattersonScience2019,Russia,Other region,52.817,60.467,-2050,-1875,-1700,,-2000 - -1000
I0989,M,Russia_MLBA_Sintashta,NarasimhanPattersonScience2019,Russia,Other region,52.817,60.467,-2050,-1875,-1700,,-2000 - -1000
I1003,M,Russia_MLBA_Sintashta,NarasimhanPattersonScience2019,Russia,Other region,52.817,60.467,-2050,-1875,-1700,,-2000 - -1000
I1006,M,Russia_MLBA_Sintashta,NarasimhanPattersonScience2019,Russia,Other region,52.817,60.467,-2050,-1875,-1700,,-2000 - -1000
I1007,M,Russia_MLBA_Sintashta_o1,NarasimhanPattersonScience2019,Russia,Other region,52.817,60.467,-2050,-1875,-1700,,-2000 - -1000
I1008,M,Russia_MLBA_Sintashta,NarasimhanPattersonScience2019,Russia,Other region,52.817,60.467,-2050,-1875,-1700,,-2000 - -1000
I1011,M,Russia_MLBA_Sintashta,NarasimhanPattersonScience2019,Russia,Other region,52.817,60.467,-2050,-1875,-1700,,-2000 - -1000
I1013,F,Russia_MLBA_Sintashta,NarasimhanPattersonScience2019,Russia,Other region,52.817,60.467,-2050,-1875,-1700,,-2000 - -1000
I1061,F,Russia_MLBA_Sintashta,NarasimhanPattersonScience2019,Russia,Other region,52.817,60.467,-2050,-1875,-1700,,-2000 - -1000
I7480,F,Russia_MLBA_Sintashta,NarasimhanPattersonScience2019,Russia,Other region,52.817,60.467,-2050,-1875,-1700,,-2000 - -1000
I10104,M,Israel_MLBA,AgranatTamirCell2020,Israel,Other region,32.585,35.017,-1950,-1875,-1800,,-2000 - -1000
I10265,F,Israel_MLBA,AgranatTamirCell2020,Israel,Other region,32.585,35.017,-1950,-1875,-1800,,-2000 - -1000
I1012_published,M,Russia_MLBA_Sintashta_published,NarasimhanPattersonScience2019,Russia,Other region,52.817,60.467,-2050,-1875,-1700,,-2000 - -1000
I0944,F,Russia_Petrovka,NarasimhanPattersonScience2019,Russia,Other region,53.876,59.076,-2024,-1874,-1700,(AA-90949:3540±52),-2000 - -1000
MX252,M,Germany_SouthernGermany_Singen_EBA,FurtwanglerNatureCommunications2020,Germany,Central Europe,47.767,8.872,-1943,-1874,-1772,(MAMS-21973:3537±22),-2000 - -1000
rath2.SG,M,Ireland_EBA.SG,CassidyPNAS2016,Ireland,Britain and Ireland,55.292,-6.192,-2025,-1873,-1698,(UBA-8705:3539±54),-2000 - -1000
VLI046,F,Czech_Bohemia_Unetice_EBA,PapacScienceAdvances2021,Czech Republic,Central Europe,50.366,14.447,-2006,-1864,-1746,(UBA-23635:3536±34),-2000 - -1000
I2601,F,England_C_EBA,OlaldeNature2018,United Kingdom,Britain and Ireland,51.33,1.36,-2006,-1858,-1746,(SUERC-40713:3535±35),-2000 - -1000
KO1008,M,Czech_Bohemia_Unetice_EBA,PapacScienceAdvances2021,Czech Republic,Central Europe,50.033,15.168,-2020,-1855,-1690,,-2000 - -1000
MA2200_final.SG,M,Turkey_OldHittitePeriod.SG,DamgaardScience2018,Turkey,Other region,39.346,33.788,-2500,-1850,-1200,,-2000 - -1000
MA2203_final.SG,F,Turkey_OldHittitePeriod.SG,DamgaardScience2018,Turkey,Other region,39.346,33.788,-2500,-1850,-1200,,-2000 - -1000
MA2205_final.SG,M,Turkey_MLBA_AssyrianColonyPeriod.SG,DamgaardScience2018,Turkey,Other region,39.346,33.788,-2500,-1850,-1200,,-2000 - -1000
MA2206_final.SG,F,Turkey_MLBA_AssyrianColonyPeriod.SG,DamgaardScience2018,Turkey,Other region,39.346,33.788,-2500,-1850,-1200,,-2000 - -1000
MA2208_final.SG,M,Turkey_MLBA_AssyrianColonyPeriod.SG,DamgaardScience2018,Turkey,Other region,39.346,33.788,-2500,-1850,-1200,,-2000 - -1000
ETM001,M,Syria_Ebla_EMBA,SkourtaniontiCell2020,Syria,Other region,35.798,36.798,-1900,-1850,-1800,,-2000 - -1000
VLI047,F,Czech_Bohemia_Unetice_EBA,PapacScienceAdvances2021,Czech Republic,Central Europe,50.366,14.447,-2000,-1850,-1700,,-2000 - -1000
RISE394.SG,F,Russia_MLBA_Sintashta.SG,AllentoftNature2015,Russia,Other region,52.453,55.16,-1950,-1846,-1746,(OxA-30993:3532±34),-2000 - -1000
MIB066,M,Czech_Bohemia_Unetice_EBA_father.MIB068.son.MIB064.son.MIB065,PapacScienceAdvances2021,Czech Republic,Central Europe,49.992,15.777,-1945,-1843,-1749,(CRL-19440:3532±28),-2000 - -1000
I7639,F,England_C_EBA,OlaldeNature2018,United Kingdom,Britain and Ireland,52.277,0.462,-2030,-1842,-1634,(HAR-3880:3520±70),-2000 - -1000
VLI050,F,Czech_Bohemia_Unetice_EBA,PapacScienceAdvances2021,Czech Republic,Central Europe,50.366,14.447,-1949,-1839,-1744,(UBA-23638:3526±36),-2000 - -1000
I0354,F,Russia_Srubnaya_o1,NarasimhanPattersonScience2019,Russia,Other region,53.03,50.39,-2019,-1837,-1689,(AA-47809:3517±56),-2000 - -1000
MIB035,M,Czech_Bohemia_Unetice_EBA,PapacScienceAdvances2021,Czech Republic,Central Europe,49.992,15.777,-1939,-1837,-1750,(CRL-19414:3528±25),-2000 - -1000
MIB026,F,Czech_Bohemia_Unetice_EBA,PapacScienceAdvances2021,Czech Republic,Central Europe,49.992,15.777,-1934,-1836,-1767,(CRL-19408:3528±22),-2000 - -1000
MIB037,F,Czech_Bohemia_Unetice_EBA,PapacScienceAdvances2021,Czech Republic,Central Europe,49.992,15.777,-1935,-1836,-1750,(CRL-19415:3527±24),-2000 - -1000
I2421,M,England_C_EBA,OlaldeNature2018,United Kingdom,Britain and Ireland,54.883,-1.452,-1933,-1835,-1749,(OxA-26256:3524±28),-2000 - -1000
MX277,F,Germany_SouthernGermany_Singen_EBA,FurtwanglerNatureCommunications2020,Germany,Central Europe,47.767,8.872,-1933,-1835,-1750,(BE-9211:3526±23),-2000 - -1000
MIB031,F,Czech_Bohemia_Unetice_EBA,PapacScienceAdvances2021,Czech Republic,Central Europe,49.992,15.777,-1929,-1835,-1770,(MAMS-30471:3527±19),-2000 - -1000
MIB032,F,Czech_Bohemia_Unetice_EBA,PapacScienceAdvances2021,Czech Republic,Central Europe,49.992,15.777,-1934,-1835,-1749,(MAMS-30466:3526±24),-2000 - -1000
MIB071,M,Czech_Bohemia_Unetice_EBA,PapacScienceAdvances2021,Czech Republic,Central Europe,49.992,15.777,-1933,-1835,-1749,(CRL-19446:3525±25),-2000 - -1000
I1017,M,Russia_MLBA_Sintashta_o1,NarasimhanPattersonScience2019,Russia,Other region,52.817,60.467,-1929,-1832,-1748,(Beta-436294:3520±30),-2000 - -1000
RISE154.SG,F,Poland_EBA_Unetice.SG,AllentoftNature2015,Poland,Central Europe,50.948,16.943,-1928,-1832,-1749,(Uba-16555:3522±24),-2000 - -1000
oll009.SG,M,Sweden_Late_N.SG,MalmstromProcBiolSci2019,Sweden,Other region,56.015,14.068,-1929,-1832,-1748,(Beta-417631:3520±30),-2000 - -1000
I1053,M,Russia_MLBA_Sintashta,NarasimhanPattersonScience2019,Russia,Other region,52.817,60.467,-1926,-1831,-1749,(PSUAMS-2064:3520±25),-2000 - -1000
ALA023,F,Turkey_Alalakh_MLBA,SkourtaniontiCell2020,Turkey,Other region,36.238,36.385,-1926,-1831,-1749,(MAMS-38610:3520±25),-2000 - -1000
WEHR_1192SkB,F,Germany_Lech_EBA,MittnikScience2019,Germany,Central Europe,48.253,10.809,-1924,-1831,-1769,(MAMS-18923:3523±18),-2000 - -1000
I2610,F,England_C_EBA,OlaldeNature2018,United Kingdom,Britain and Ireland,54.97,-1.73,-1938,-1830,-1743,(Poz-83498:3515±35),-2000 - -1000
I3494,M,Spain_EBA,OlaldeScience2019,Spain,Iberia,38.849,-0.871,-1924,-1828,-1746,(CNA-1661:3515±30),-2000 - -1000
ALA095,M,Turkey_Alalakh_MLBA,SkourtaniontiCell2020,Turkey,Other region,36.238,36.385,-1921,-1828,-1748,(MAMS-41109:3516±25),-2000 - -1000
MIB059,M,Czech_Bohemia_Unetice_EBA_son.MIB038.brother.MIB045.father.MIB039,PapacScienceAdvances2021,Czech Republic,Central Europe,49.992,15.777,-1922,-1828,-1748,(CRL-19435:3516±27),-2000 - -1000
MIB001,M,Czech_Bohemia_Unetice_EBA,PapacScienceAdvances2021,Czech Republic,Central Europe,49.992,15.777,-1919,-1827,-1749,(MAMS-30481:3516±20),-2000 - -1000
I12809,M,Spain_EBA,OlaldeScience2019,Spain,Iberia,38.578,-2.842,-1880,-1825,-1770,,-2000 - -1000
MIB052,F,Czech_Bohemia_Unetice_EBA,PapacScienceAdvances2021,Czech Republic,Central Europe,49.992,15.777,-1917,-1825,-1748,(MAMS-30475:3514±20),-2000 - -1000
ERS1790733.SG,M,Lebanon_MBA.SG,HaberAJHG2017,Lebanon,Other region,33.562,35.371,-1948,-1824,-1691,(VERA-3890:3505±45),-2000 - -1000
AITI_72,M,Germany_Lech_EBA,MittnikScience2019,Germany,Central Europe,48.223,10.845,-1929,-1824,-1702,(MAMS-21583:3508±34),-2000 - -1000
LON001,F,Italy_Sardinia_EBA,MarcusNatureCommunications2020,Italy,Italy,39.87,9.236,-1920,-1824,-1745,(MAMS-28657:3509±28),-2000 - -1000
MIB042,F,Czech_Bohemia_Unetice_EBA,PapacScienceAdvances2021,Czech Republic,Central Europe,49.992,15.777,-1917,-1824,-1747,(CRL-19420:3512±22),-2000 - -1000
KO1015,F,Czech_Bohemia_Unetice_EBA,PapacScienceAdvances2021,Czech Republic,Central Europe,50.033,15.168,-1917,-1823,-1746,(MAMS-30790:3509±24),-2000 - -1000
I2463,F,England_C_EBA,OlaldeNature2018,United Kingdom,Britain and Ireland,51.33,1.36,-1927,-1822,-1700,(SUERC-40721:3505±35),-2000 - -1000
AITI_50,M,Germany_Lech_EBA,MittnikScience2019,Germany,Central Europe,48.223,10.845,-1924,-1822,-1701,(MAMS-21572:3505±33),-2000 - -1000
OBE3626-1.SG,M,France_GrandEst_EBA.SG,BrunelPNAS2020,France,Central Europe,48.462,7.482,-1927,-1822,-1700,(Poz-67563:3505±35),-2000 - -1000
MIB009,F,Czech_Bohemia_Unetice_EBA,PapacScienceAdvances2021,Czech Republic,Central Europe,49.992,15.777,-1919,-1822,-1744,(MAMS-19121:3507±26),-2000 - -1000
VLI042,M,Czech_Bohemia_Unetice_EBA,PapacScienceAdvances2021,Czech Republic,Central Europe,50.366,14.447,-1939,-1822,-1695,(UBA-27398:3504±41),-2000 - -1000
ALA004,M,Turkey_Alalakh_MLBA,SkourtaniontiCell2020,Turkey,Other region,36.238,36.385,-1896,-1821,-1745,(MAMS-33677:3507±23),-2000 - -1000
MIB055,F,Czech_Bohemia_Unetice_EBA,PapacScienceAdvances2021,Czech Republic,Central Europe,49.992,15.777,-1919,-1821,-1744,(CRL-19430:3506±27),-2000 - -1000
BNL010,F,Czech_Bohemia_Unetice_EBA,PapacScienceAdvances2021,Czech Republic,Central Europe,50.174,14.646,-1917,-1820,-1744,(MAMS-30780:3505±25),-2000 - -1000
MIB082,F,Czech_Bohemia_Unetice_EBA,PapacScienceAdvances2021,Czech Republic,Central Europe,49.992,15.777,-1892,-1818,-1744,(MAMS-30452:3502±24),-2000 - -1000
MIB005,F,Czech_Bohemia_Unetice_EBA,PapacScienceAdvances2021,Czech Republic,Central Europe,49.992,15.777,-1884,-1816,-1748,(MAMS-30485:3498±19),-2000 - -1000
MIB058,F,Czech_Bohemia_Unetice_EBA,PapacScienceAdvances2021,Czech Republic,Central Europe,49.992,15.777,-1889,-1813,-1700,(CRL-19434:3492±27),-2000 - -1000
I4076,F,Netherlands_BellBeaker,OlaldeNature2018,Netherlands,Central Europe,52.734,5.096,-1882,-1812,-1746,(PSUAMS-2319:3490±20),-2000 - -1000
I2602,M,England_C_EBA,OlaldeNature2018,United Kingdom,Britain and Ireland,51.33,1.36,-1892,-1812,-1697,(SUERC-40290:3490±30),-2000 - -1000
MIB013,F,Czech_Bohemia_Unetice_EBA,PapacScienceAdvances2021,Czech Republic,Central Europe,49.992,15.777,-1886,-1812,-1701,(MAMS-30462:3489±25),-2000 - -1000
AITI_92,F,Germany_Lech_EBA_possible.contam,MittnikScience2019,Germany,Central Europe,48.223,10.845,-1888,-1812,-1699,(MAMS-21590:3489±28),-2000 - -1000
TU911_SX23,F,Switzerland_EBA_2,FurtwanglerNatureCommunications2020,Switzerland,Central Europe,47.45,9.292,-1881,-1811,-1744,(BE-8018:3487±20),-2000 - -1000
AITI_66,F,Germany_Lech_EBA_possible.contam,MittnikScience2019,Germany,Central Europe,48.223,10.845,-1917,-1811,-1693,(MAMS-21580:3489±34),-2000 - -1000
AITI_43,M,Germany_Lech_EBA,MittnikScience2019,Germany,Central Europe,48.223,10.845,-1886,-1810,-1699,(MAMS-21571:3486±27),-2000 - -1000
I5377,M,England_C_EBA,OlaldeNature2018,United Kingdom,Britain and Ireland,51.471,-0.266,-1893,-1809,-1693,(OxA-14731:3485±33),-2000 - -1000
I4884,M,Czech_EBA,OlaldeNature2018,Czech Republic,Central Europe,50.122,14.457,-1881,-1808,-1703,(PSUAMS-2842:3480±20),-2000 - -1000
MX279,M,Germany_SouthernGermany_Singen_EBA,FurtwanglerNatureCommunications2020,Germany,Central Europe,47.767,8.872,-1881,-1808,-1703,(BE-9213:3480±20),-2000 - -1000
I4892,F,Czech_EBA,OlaldeNature2018,Czech Republic,Central Europe,50.122,14.457,-1880,-1806,-1700,(PSUAMS-2849:3475±20),-2000 - -1000
kzb008.SG,M,Russia_Srubnaya_Alakul.SG,KrzewinskaScienceAdvances2018,Russia,Other region,54.07,55.544,-1886,-1806,-1695,(Ua-56448:3479±30),-2000 - -1000
mur004.SG,F,Russia_Srubnaya_Alakul.SG,KrzewinskaScienceAdvances2018,Russia,Other region,52.583,56.847,-1886,-1806,-1695,(Beta-451573:3480±30),-2000 - -1000
ALA037,F,Turkey_Alalakh_MLBA,SkourtaniontiCell2020,Turkey,Other region,36.238,36.385,-1881,-1806,-1699,(MAMS-33698:3477±24),-2000 - -1000
I4420_all,F,Spain_MBA_Formentera_all,FernandesNatureEcologyEvolution2020,Spain,Other region,38.687,1.421,-1879,-1805,-1698,(MAMS-22647:3473±20),-2000 - -1000
AITI_2,M,Germany_Lech_EBA,MittnikScience2019,Germany,Central Europe,48.223,10.845,-1883,-1805,-1696,(MAMS-21562:3477±28),-2000 - -1000
RISE373.SG,F,Hungary_Maros_EBA.SG,AllentoftNature2015,Hungary,Southeastern Europe,46.22,20.199,-1885,-1804,-1694,(OxA-31104:3476±30),-2000 - -1000
ALA008,M,Turkey_Alalakh_MLBA,SkourtaniontiCell2020,Turkey,Other region,36.238,36.385,-1880,-1804,-1698,(MAMS-33678:3473±23),-2000 - -1000
I10264,M,Israel_MLBA,AgranatTamirCell2020,Israel,Other region,32.585,35.017,-1879,-1803,-1697,(OS-139224:3470±20),-2000 - -1000
AITI_78,M,Germany_Lech_EBA,MittnikScience2019,Germany,Central Europe,48.223,10.845,-1889,-1801,-1690,(MAMS-21586:3474±34),-2000 - -1000
I5441,M,England_C_EBA,OlaldeNature2018,United Kingdom,Britain and Ireland,50.426,-3.581,-2000,-1800,-1600,,-2000 - -1000
ERS1790729.SG,F,Lebanon_MBA.SG,HaberAJHG2017,Lebanon,Other region,33.562,35.371,-1900,-1800,-1700,,-2000 - -1000
ERS1790731.SG,F,Lebanon_MBA.SG,HaberAJHG2017,Lebanon,Other region,33.562,35.371,-1900,-1800,-1700,,-2000 - -1000
I10092,F,Israel_MLBA,AgranatTamirCell2020,Israel,Other region,32.585,35.017,-1900,-1800,-1700,,-2000 - -1000
I10093,M,Israel_MLBA,AgranatTamirCell2020,Israel,Other region,32.585,35.017,-1900,-1800,-1700,,-2000 - -1000
KDC002,F,Russia_North_Caucasus_MBA,WangNatureCommunications2019,Russia,Western Pontic Steppe,43.354,43.722,-1900,-1800,-1700,,-2000 - -1000
AITI_119,M,Germany_Lech_EBA,MittnikScience2019,Germany,Central Europe,48.223,10.845,-1881,-1800,-1694,(MAMS-21594:3470±27),-2000 - -1000
OBE3722.SG,F,France_GrandEst_EBA.SG,BrunelPNAS2020,France,Central Europe,48.462,7.482,-1950,-1800,-1650,,-2000 - -1000
AITI_40,M,Germany_Lech_EBA,MittnikScience2019,Germany,Central Europe,48.223,10.845,-1881,-1799,-1693,(MAMS-21570:3469±28),-2000 - -1000
RISE150.SG,F,Poland_EBA_Unetice.SG,AllentoftNature2015,Poland,Central Europe,50.918,16.957,-1884,-1798,-1691,(Ua-42401:3469±31),-2000 - -1000
I7162_published,F,Spain_EBA_Africa_published,OlaldeScience2019,Spain,Iberia,36.391,-6.169,-1878,-1797,-1695,(PSUAMS-4262:3465±20),-2000 - -1000
AITI_77B,F,Germany_Lech_EBA_possible.contam,MittnikScience2019,Germany,Central Europe,48.223,10.845,-1887,-1796,-1688,(MAMS-21585:3469±35),-2000 - -1000
ALA029,F,Turkey_Alalakh_MLBA,SkourtaniontiCell2020,Turkey,Other region,36.238,36.385,-1880,-1795,-1692,(MAMS-33694:3465±26),-2000 - -1000
MX257,M,Germany_SouthernGermany_Singen_EBA,FurtwanglerNatureCommunications2020,Germany,Central Europe,47.767,8.872,-1878,-1792,-1693,(BE-9212:3463±21),-2000 - -1000
ISB001,M,Italy_Sardinia_EBA,MarcusNatureCommunications2020,Italy,Italy,39.87,9.236,-1881,-1780,-1690,(MAMS-28658:3460±29),-2000 - -1000
KO1007,M,Czech_Bohemia_Unetice_EBA,PapacScienceAdvances2021,Czech Republic,Central Europe,50.033,15.168,-1879,-1779,-1691,(MAMS-30785:3460±25),-2000 - -1000
I1064,M,Russia_MLBA_Sintashta,NarasimhanPattersonScience2019,Russia,Other region,52.817,60.467,-1877,-1777,-1693,(PSUAMS-2102:3460±20),-2000 - -1000
I7182,M,Israel_MLBA,AgranatTamirCell2020,Israel,Other region,32.032,34.891,-2000,-1775,-1550,,-2000 - -1000
I6923,M,Israel_MLBA,AgranatTamirCell2020,Israel,Other region,32.032,34.891,-2000,-1775,-1550,,-2000 - -1000
I7003,M,Israel_MLBA,AgranatTamirCell2020,Israel,Other region,32.032,34.891,-2000,-1775,-1550,,-2000 - -1000
pir001.SG,M,Spain_BA.SG,ValdioseraPNAS2018,Spain,Iberia,37.438,-4.198,-2100,-1775,-1450,,-2000 - -1000
I6618,M,Spain_EBA,OlaldeScience2019,Spain,Iberia,40.22,-3.76,-1878,-1774,-1691,(MAMS-32475:3458±24),-2000 - -1000
ALA013,F,Turkey_Alalakh_MLBA,SkourtaniontiCell2020,Turkey,Other region,36.238,36.385,-1878,-1772,-1690,(MAMS-33681:3457±24),-2000 - -1000
AITI_65adult,F,Germany_Lech_EBA_possible.contam,MittnikScience2019,Germany,Central Europe,48.223,10.845,-1883,-1772,-1642,(MAMS-21578:3456±34),-2000 - -1000
I7796,M,Italy_Sicily_EBA,FernandesNatureEcologyEvolution2020,Italy,Italy,36.883,14.571,-1878,-1769,-1689,(PSUAMS-6465:3455±25),-2000 - -1000
I0358,F,Russia_Srubnaya,NarasimhanPattersonScience2019,Russia,Other region,53.03,50.39,-1920,-1768,-1619,(AA-47808:3455±56),-2000 - -1000
I4071,F,Netherlands_BA,OlaldeNature2018,Netherlands,Central Europe,52.734,5.096,-1881,-1763,-1633,(GrA-17226:3450±40),-2000 - -1000
mur003.SG,M,Russia_Srubnaya_Alakul.SG,KrzewinskaScienceAdvances2018,Russia,Other region,52.583,56.847,-1880,-1763,-1643,(Beta-451574:3450±30),-2000 - -1000
VLI051,M,Czech_Bohemia_Unetice_EBA,PapacScienceAdvances2021,Czech Republic,Central Europe,50.366,14.447,-1878,-1761,-1646,(MAMS-44712:3449±25),-2000 - -1000
OTTM_154,M,Germany_Lech_MBA,MittnikScience2019,Germany,Central Europe,48.225,10.85,-1941,-1759,-1543,(MAMS-21558:3449±72),-2000 - -1000
ALA025,F,Turkey_Alalakh_MLBA,SkourtaniontiCell2020,Turkey,Other region,36.238,36.385,-1877,-1751,-1642,(MAMS-33691:3443±25),-2000 - -1000
RISE479.SG,M,Hungary_MBA_Vatya_o2.SG,AllentoftNature2015,Hungary,Southeastern Europe,47.341,18.896,-2000,-1750,-1500,,-2000 - -1000
RISE483.SG,F,Hungary_MBA_Vatya.SG,AllentoftNature2015,Hungary,Southeastern Europe,47.341,18.896,-2000,-1750,-1500,,-2000 - -1000
RISE484.SG,F,Hungary_MBA_Vatya.SG,AllentoftNature2015,Hungary,Southeastern Europe,47.341,18.896,-2000,-1750,-1500,,-2000 - -1000
I4070,M,Netherlands_BA,OlaldeNature2018,Netherlands,Central Europe,52.734,5.096,-1878,-1747,-1627,(GrA-17225:3440±40),-2000 - -1000
I1028,M,Russia_MLBA_Sintashta_o3,NarasimhanPattersonScience2019,Russia,Other region,52.817,60.467,-1877,-1746,-1632,(Beta-436293:3440±30),-2000 - -1000
kzb002.SG,M,Russia_Srubnaya_Alakul.SG,KrzewinskaScienceAdvances2018,Russia,Other region,54.07,55.544,-1877,-1746,-1632,(Beta-451579:3440±30),-2000 - -1000
oll010.SG,F,Sweden_Late_N.SG,MalmstromProcBiolSci2019,Sweden,Other region,56.015,14.068,-1877,-1746,-1632,(Beta-417632:3440±30),-2000 - -1000
ALA028,F,Turkey_Alalakh_MLBA,SkourtaniontiCell2020,Turkey,Other region,36.238,36.385,-1876,-1746,-1636,(MAMS-33693:3440±26),-2000 - -1000
ALA034,F,Turkey_Alalakh_MLBA,SkourtaniontiCell2020,Turkey,Other region,36.238,36.385,-1874,-1740,-1636,(MAMS-33696:3436±24),-2000 - -1000
I2981,F,Scotland_C_EBA,OlaldeNature2018,United Kingdom,Britain and Ireland,59.281,-2.425,-1943,-1732,-1502,(AA-51418:3320±50);(AA-43651:3520±40),-2000 - -1000
I11541_published,M,Kazakhstan_Georgievsky_MBA_published,NarasimhanPattersonScience2019,Kazakhstan,Other region,50.45,57.04,-1870,-1726,-1636,(PSUAMS-5724:3430±20),-2000 - -1000
I0234,F,Russia_Srubnaya,MathiesonNature2015,Russia,Other region,53.14,50.01,-1850,-1725,-1600,,-2000 - -1000
I0424,M,Russia_Srubnaya,NarasimhanPattersonScience2019,Russia,Other region,53.12,48.37,-1850,-1725,-1600,,-2000 - -1000
I0430,M,Russia_Srubnaya,NarasimhanPattersonScience2019,Russia,Other region,53.08,50.36,-1850,-1725,-1600,,-2000 - -1000
I0431,F,Russia_Srubnaya,NarasimhanPattersonScience2019,Russia,Other region,53.08,50.36,-1850,-1725,-1600,,-2000 - -1000
I8187,M,Israel_MLBA,AgranatTamirCell2020,Israel,Other region,32.585,35.017,-1800,-1725,-1650,,-2000 - -1000
I0235,F,Russia_Srubnaya,MathiesonNature2015,Russia,Other region,53.14,50.01,-1850,-1725,-1600,,-2000 - -1000
I8144,F,Spain_EBA,OlaldeScience2019,Spain,Iberia,37.726,-2.514,-1874,-1722,-1622,(Ua-39403:3426±34),-2000 - -1000
I6788,F,Kazakhstan_MLBA_Alakul_Lisakovskiy,NarasimhanPattersonScience2019,Kazakhstan,Other region,52.61,62.69,-1869,-1718,-1631,(PSUAMS-2921:3425±20),-2000 - -1000
kzb007.SG,M,Russia_Srubnaya_Alakul.SG,KrzewinskaScienceAdvances2018,Russia,Other region,54.07,55.544,-1871,-1716,-1623,(Ua-56447:3422±30),-2000 - -1000
I6680,M,England_BellBeaker_mediumEEF,OlaldeNature2018,United Kingdom,Britain and Ireland,55.31,-1.553,-1875,-1715,-1617,(OxA-5555:3420±38),-2000 - -1000
AITI_95,F,Germany_Lech_EBA_possible.contam,MittnikScience2019,Germany,Central Europe,48.223,10.845,-1870,-1715,-1624,(MAMS-21591:3422±28),-2000 - -1000
SUC009,M,Italy_Sardinia_EBA,MarcusNatureCommunications2020,Italy,Italy,40.81,8.444,-1867,-1714,-1630,(MAMS-38302:3421±20),-2000 - -1000
I6800,F,Kazakhstan_MLBA_Alakul_Lisakovskiy,NarasimhanPattersonScience2019,Kazakhstan,Other region,52.61,62.69,-1863,-1710,-1627,(PSUAMS-2942:3415±20),-2000 - -1000
RIX4.SG,F,France_GrandEst_EBA.SG,BrunelPNAS2020,France,Central Europe,47.744,7.397,-1877,-1709,-1570,(GrA-33880:3415±40),-2000 - -1000
MIB034,F,Czech_Bohemia_Unetice_EBA,PapacScienceAdvances2021,Czech Republic,Central Europe,49.992,15.777,-1866,-1709,-1625,(MAMS-30461:3416±25),-2000 - -1000
PMI012,F,Czech_Bohemia_Unetice_EBA,PapacScienceAdvances2021,Czech Republic,Central Europe,50.156,14.539,-1875,-1702,-1547,(UtC-13188:3410±40),-2000 - -1000
kzb003.SG,M,Russia_Srubnaya_Alakul.SG,KrzewinskaScienceAdvances2018,Russia,Other region,54.07,55.544,-1869,-1701,-1618,(Beta-451577:3410±30),-2000 - -1000
I1310,F,Spain_EBA,OlaldeScience2019,Spain,Iberia,41.537,2.133,-2000,-1700,-1400,,-2000 - -1000
I3965,M,Israel_MLBA,AgranatTamirCell2020,Israel,Other region,32.7,35.2,-1800,-1700,-1600,,-2000 - -1000
I3966,M,Israel_MLBA,AgranatTamirCell2020,Israel,Other region,32.7,35.2,-1800,-1700,-1600,,-2000 - -1000
ERS1790730.SG,F,Lebanon_MBA.SG,HaberAJHG2017,Lebanon,Other region,33.562,35.371,-1800,-1700,-1600,,-2000 - -1000
ERS1790732.SG,M,Lebanon_MBA.SG,HaberAJHG2017,Lebanon,Other region,33.562,35.371,-1800,-1700,-1600,,-2000 - -1000
VAD002,M,Spain_EBA,OlaldeScience2019,Spain,Iberia,42.44,-2.887,-1900,-1700,-1500,,-2000 - -1000
VAD003,F,Spain_EBA,OlaldeScience2019,Spain,Iberia,42.44,-2.887,-1900,-1700,-1500,,-2000 - -1000
VAD004,M,Spain_EBA,OlaldeScience2019,Spain,Iberia,42.44,-2.887,-1900,-1700,-1500,,-2000 - -1000
S1249,M,Italy_Sardinia_EBA,MarcusNatureCommunications2020,Italy,Italy,39.867,9.233,-1800,-1700,-1600,,-2000 - -1000
S1250,M,Italy_Sardinia_EBA,MarcusNatureCommunications2020,Italy,Italy,39.867,9.233,-1800,-1700,-1600,,-2000 - -1000
S1252,M,Italy_Sardinia_EBA,MarcusNatureCommunications2020,Italy,Italy,39.867,9.233,-1800,-1700,-1600,,-2000 - -1000
S1253,M,Italy_Sardinia_EBA,MarcusNatureCommunications2020,Italy,Italy,39.867,9.233,-1800,-1700,-1600,,-2000 - -1000
kzb006.SG,F,Russia_Srubnaya_Alakul.SG,KrzewinskaScienceAdvances2018,Russia,Other region,54.07,55.544,-1868,-1696,-1618,(Ua-56446:3407±30),-2000 - -1000
ASH033,F,Israel_Ashkelon_LBA,FeldmanScienceAdvances2019,Israel,Other region,31.667,34.567,-1744,-1692,-1625,(MAMS-30691:3403±19),-2000 - -1000
RISE374.SG,M,Hungary_Maros_EBA.SG,AllentoftNature2015,Hungary,Southeastern Europe,46.22,20.199,-1870,-1690,-1549,(OxA-30989:3402±34),-2000 - -1000
I3997,M,Spain_EBA,OlaldeScience2019,Spain,Iberia,39.527,-0.51,-1872,-1689,-1544,(Beta-195318:3400±40),-2000 - -1000
kzb009.SG,F,Russia_Srubnaya_Alakul.SG,KrzewinskaScienceAdvances2018,Russia,Other region,54.07,55.544,-1864,-1689,-1616,(Ua-56449:3401±29),-2000 - -1000
I2163,M,Bulgaria_MLBA,MathiesonNature2018,Bulgaria,Southeastern Europe,42.133,25.496,-1866,-1688,-1614,(Beta-432796:3400±30),-2000 - -1000
I5516,M,Scotland_C_EBA,OlaldeNature2018,United Kingdom,Britain and Ireland,56.193,-4.058,-1870,-1688,-1547,(SUERC-2869:3400±35),-2000 - -1000
VAD001,M,Spain_EBA,OlaldeScience2019,Spain,Iberia,42.44,-2.887,-1870,-1688,-1547,(Ua-36345:3400±35),-2000 - -1000
COV20126.SG,M,Spain_BA.SG,GonzalesFortesProcRoyalSocB2019,Spain,Iberia,37.406,-4.416,-1861,-1681,-1615,(MAMS-28613:3395±26),-2000 - -1000
ALA014_d,M,Turkey_Alalakh_MLBA,SkourtaniontiCell2020,Turkey,Other region,36.238,36.385,-1742,-1678,-1620,(MAMS-33682:3392±23),-2000 - -1000
ATP9.SG,F,Spain_BA.SG,GuntherPNAS2015,Spain,Iberia,42.352,-3.518,-1863,-1676,-1547,(Beta-386395:3390±30),-2000 - -1000
ALA026,M,Turkey_Alalakh_MLBA,SkourtaniontiCell2020,Turkey,Other region,36.238,36.385,-1745,-1676,-1614,(MAMS-33692:3390±25),-2000 - -1000
ALA011,M,Turkey_Alalakh_MLBA,SkourtaniontiCell2020,Turkey,Other region,36.238,36.385,-1742,-1668,-1614,(MAMS-33680:3382±23),-2000 - -1000
I2464,M,England_C_EBA,OlaldeNature2018,United Kingdom,Britain and Ireland,51.15,-1.75,-1745,-1665,-1544,(NZA-28700:3379±30),-2000 - -1000
I4562,F,Spain_EBA,OlaldeScience2019,Spain,Iberia,41.292,1.064,-1740,-1663,-1613,(PSUAMS-3191:3375±20),-2000 - -1000
I11538_published,F,Kazakhstan_Chanchar_MBA_published,NarasimhanPattersonScience2019,Kazakhstan,Other region,50.669,57.719,-1740,-1663,-1613,(PSUAMS-5722:3375±20),-2000 - -1000
I6470,M,Spain_EBA,OlaldeScience2019,Spain,Other region,42.725,3.842,-1745,-1660,-1539,(Poz-49177:3375±35),-2000 - -1000
RISE247.SG,M,Hungary_MBA_Vatya.SG,AllentoftNature2015,Hungary,Southeastern Europe,47.327,18.962,-1741,-1659,-1543,(OxA-29769:3372±29),-2000 - -1000
AITI_98,M,Germany_Lech_EBA,MittnikScience2019,Germany,Central Europe,48.223,10.845,-1740,-1658,-1544,(MAMS-21592:3370±27),-2000 - -1000
I3487,M,Spain_EBA,OlaldeScience2019,Spain,Iberia,38.631,-0.862,-1738,-1655,-1545,(PSUAMS-2161:3365±20),-2000 - -1000
OTTM_151ind1_d,F,Germany_Lech_MBA,MittnikScience2019,Germany,Central Europe,48.225,10.85,-1744,-1655,-1534,(MAMS-21555:3370±38),-2000 - -1000
GBVPO.SG,F,France_LaClape_LN_EMBA_BellBeakerPossible.SG,SeguinOrlandoCurrBio2021,France,Other region,43.149,3.061,-1736,-1652,-1547,(UCAIMS-223210:3360±15),-2000 - -1000
I10940,M,Gibraltar_EBA,OlaldeScience2019,Gibraltar,Iberia,36.132,-5.344,-1900,-1650,-1400,,-2000 - -1000
I10941,M,Gibraltar_EBA,OlaldeScience2019,Gibraltar,Iberia,36.132,-5.344,-1900,-1650,-1400,,-2000 - -1000
QUIN234.SG,F,France_Occitanie_EMBA.SG,BrunelPNAS2020,France,Other region,43.296,1.962,-2100,-1650,-1200,,-2000 - -1000
QUIN58.SG,M,France_Occitanie_EMBA.SG,BrunelPNAS2020,France,Other region,43.296,1.962,-2100,-1650,-1200,,-2000 - -1000
RIX15.SG,M,France_GrandEst_EBA.SG,BrunelPNAS2020,France,Central Europe,47.744,7.397,-1700,-1650,-1600,,-2000 - -1000
RIX2.SG,M,France_GrandEst_EBA_o.SG,BrunelPNAS2020,France,Central Europe,47.744,7.397,-1700,-1650,-1600,,-2000 - -1000
VAD005,M,Spain_EBA,OlaldeScience2019,Spain,Iberia,42.44,-2.887,-1738,-1642,-1539,(Beta-479535:3360±30),-2000 - -1000
kzb001.SG,F,Russia_Srubnaya_Alakul.SG,KrzewinskaScienceAdvances2018,Russia,Other region,54.07,55.544,-1738,-1642,-1539,(Beta-451578:3360±30),-2000 - -1000
mur001.SG,F,Russia_Srubnaya_Alakul.SG,KrzewinskaScienceAdvances2018,Russia,Other region,52.583,56.847,-1738,-1642,-1539,(Beta-497470:3360±30),-2000 - -1000
Pir6.SG,F,France_Occitanie_MBA.SG,BrunelPNAS2020,France,Other region,43.252,3.22,-1743,-1634,-1518,(Erl-12275:3356±43),-2000 - -1000
rath3.SG,M,Ireland_EBA.SG,CassidyPNAS2016,Ireland,Britain and Ireland,55.292,-6.192,-1735,-1632,-1538,(UBA-8706:3354±28),-2000 - -1000
TU907_SX20,M,Switzerland_EBA_2,FurtwanglerNatureCommunications2020,Switzerland,Central Europe,47.45,9.292,-1733,-1626,-1542,(BE-8015:3351±20),-2000 - -1000
I3486,M,Spain_EBA,OlaldeScience2019,Spain,Iberia,38.631,-0.862,-1750,-1625,-1500,,-2000 - -1000
I3488,M,Spain_EBA,OlaldeScience2019,Spain,Iberia,38.631,-0.862,-1750,-1625,-1500,,-2000 - -1000
I7570,M,England_C_EBA,OlaldeNature2018,United Kingdom,Britain and Ireland,52.696,-0.34,-1734,-1619,-1533,(SUERC-74471:3347±30),-2000 - -1000
TV32032extra.SG,M,Portugal_MBA.SG,MartinianoPLoSGenetics2017,Portugal,Iberia,37.199,-8.588,-1800,-1600,-1400,,-2000 - -1000
TV3831.SG,M,Portugal_MBA.SG,MartinianoPLoSGenetics2017,Portugal,Iberia,37.199,-8.588,-1800,-1600,-1400,,-2000 - -1000
ValeOuro10207.SG,F,Portugal_MBA.SG,MartinianoPLoSGenetics2017,Portugal,Iberia,38.05,-8.1,-1800,-1600,-1400,,-2000 - -1000
RISE480.SG,F,Hungary_MBA_Vatya.SG,AllentoftNature2015,Hungary,Southeastern Europe,47.341,18.896,-1700,-1600,-1500,,-2000 - -1000
I4559,M,Spain_EBA,OlaldeScience2019,Spain,Iberia,41.292,1.064,-1700,-1600,-1500,,-2000 - -1000
I4560,F,Spain_EBA,OlaldeScience2019,Spain,Iberia,41.292,1.064,-1700,-1600,-1500,,-2000 - -1000
I4561,F,Spain_EBA,OlaldeScience2019,Spain,Iberia,41.292,1.064,-1700,-1600,-1500,,-2000 - -1000
I10106,M,Israel_MLBA,AgranatTamirCell2020,Israel,Other region,32.585,35.017,-1700,-1600,-1500,,-2000 - -1000
I10771,F,Israel_MLBA,AgranatTamirCell2020,Israel,Other region,32.585,35.017,-1650,-1600,-1550,,-2000 - -1000
ASH034,F,Israel_Ashkelon_LBA,FeldmanScienceAdvances2019,Israel,Other region,31.667,34.567,-1700,-1600,-1500,,-2000 - -1000
VLI053,F,Czech_Bohemia_Unetice_EBA,PapacScienceAdvances2021,Czech Republic,Central Europe,50.366,14.447,-1700,-1600,-1500,,-2000 - -1000
I10100,F,Israel_MLBA_o,AgranatTamirCell2020,Israel,Other region,32.585,35.017,-1725,-1595,-1533,(RTK-7899:3338±21),-2000 - -1000
MonteGato104.SG,M,Portugal_MBA.SG,MartinianoPLoSGenetics2017,Portugal,Iberia,37.945,-7.599,-1736,-1588,-1444,(Sac-2573:3260±50);(Beta-318379:3360±30),-2000 - -1000
RISE471.SG,M,Germany_BA.SG,AllentoftNature2015,Germany,Central Europe,48.17,10.814,-1729,-1588,-1517,(OxA-32104:3330±29),-2000 - -1000
OTTM_87_d,F,Germany_Lech_MBA,MittnikScience2019,Germany,Central Europe,48.225,10.85,-1728,-1585,-1508,(MAMS-21544:3324±34),-2000 - -1000
mur002.SG,M,Russia_Srubnaya_Alakul.SG,KrzewinskaScienceAdvances2018,Russia,Other region,52.583,56.847,-1681,-1580,-1508,(Beta-497471:3320±30),-2000 - -1000
I1836,M,Spain_EBA,OlaldeScience2019,Spain,Iberia,41.223,1.774,-1684,-1575,-1502,(Poz-83482:3310±35),-2000 - -1000
OTTM_142,F,Germany_Lech_MBA_possible.contam,MittnikScience2019,Germany,Central Europe,48.225,10.85,-1727,-1575,-1501,(MAMS-21554:3309±37),-2000 - -1000
I7573,F,England_C_EBA,OlaldeNature2018,United Kingdom,Britain and Ireland,52.311,0.386,-1623,-1571,-1506,(SUERC-44496:3306±27),-2000 - -1000
I4331,M,Croatia_MBA,MathiesonNature2018,Croatia,Southeastern Europe,43.194,17.344,-1617,-1571,-1516,(PSUAMS-2257:3305±20),-2000 - -1000
I4109,F,Italy_Sicily_MBA_o3,FernandesNatureEcologyEvolution2020,Italy,Italy,37.908,13.478,-1616,-1567,-1508,(PSUAMS-1949:3300±25),-2000 - -1000
ALA019,F,Turkey_Alalakh_MLBA_o,SkourtaniontiCell2020,Turkey,Other region,36.238,36.385,-1614,-1565,-1509,(MAMS-33687:3298±23),-2000 - -1000
ASH029,F,Israel_Ashkelon_LBA,FeldmanScienceAdvances2019,Israel,Other region,31.667,34.567,-1612,-1563,-1512,(MAMS-30689:3296±18),-2000 - -1000
I10359_published,M,Israel_MLBA_published,AgranatTamirCell2020,Israel,Other region,32.585,35.017,-1612,-1562,-1510,(PSUAMS-4852:3295±20),-2000 - -1000
OTTM_152,M,Germany_Lech_MBA_brother.OTTM_151ind1_possible.contam,MittnikScience2019,Germany,Central Europe,48.225,10.85,-1619,-1562,-1504,(MAMS-21557:3295±28),-2000 - -1000
I4332,F,Croatia_MBA,MathiesonNature2018,Croatia,Southeastern Europe,43.194,17.344,-1611,-1556,-1507,(PSUAMS-2258:3290±20),-2000 - -1000
OTTM_151ind2,F,Germany_Lech_MBA_possible.contam,MittnikScience2019,Germany,Central Europe,48.225,10.85,-1616,-1555,-1503,(MAMS-21556:3288±27),-2000 - -1000
I2200,F,Israel_MLBA_o,AgranatTamirCell2020,Israel,Other region,32.585,35.017,-1600,-1550,-1500,,-2000 - -1000
I4525,M,Israel_MLBA,AgranatTamirCell2020,Israel,Other region,32.585,35.017,-1600,-1550,-1500,,-2000 - -1000
I10097,F,Israel_MLBA,AgranatTamirCell2020,Israel,Other region,32.585,35.017,-1600,-1550,-1500,,-2000 - -1000
I10099,F,Israel_MLBA,AgranatTamirCell2020,Israel,Other region,32.585,35.017,-1600,-1550,-1500,,-2000 - -1000
I10101,M,Israel_MLBA,AgranatTamirCell2020,Israel,Other region,32.585,35.017,-1600,-1550,-1500,,-2000 - -1000
I10768,M,Israel_MLBA,AgranatTamirCell2020,Israel,Other region,32.585,35.017,-1600,-1550,-1500,,-2000 - -1000
I10263_published,F,Israel_MLBA_published,AgranatTamirCell2020,Israel,Other region,32.585,35.017,-1600,-1550,-1500,,-2000 - -1000
ALA016,F,Turkey_Alalakh_MLBA,SkourtaniontiCell2020,Turkey,Other region,36.238,36.385,-1612,-1546,-1503,(MAMS-33684:3284±24),-2000 - -1000
I2471,F,Spain_EBA,OlaldeScience2019,Spain,Iberia,42.57,-2.62,-1617,-1544,-1461,(Beta-299311:3280±30),-2000 - -1000
I3125,M,Italy_Sicily_MBA_o2,FernandesNatureEcologyEvolution2020,Italy,Italy,37.908,13.478,-1611,-1530,-1500,(PSUAMS-4318:3275±20),-2000 - -1000
I7569,F,England_C_EBA,OlaldeNature2018,United Kingdom,Britain and Ireland,52.696,-0.34,-1613,-1527,-1453,(SUERC-74472:3266±30),-2000 - -1000
I0233,M,Russia_Srubnaya_Scythian_Sarmatian_possible,NarasimhanPattersonScience2019,Russia,Other region,48.1,54.44,-1850,-1525,-1200,,-2000 - -1000
I0423,M,Russia_Srubnaya,MathiesonNature2015,Russia,Other region,52.54,50.5,-1850,-1525,-1200,,-2000 - -1000
I0232,M,Russia_Srubnaya,NarasimhanPattersonScience2019,Russia,Other region,48.1,54.44,-1850,-1525,-1200,,-2000 - -1000
I0359,F,Russia_Srubnaya,NarasimhanPattersonScience2019,Russia,Other region,53.03,50.39,-1850,-1525,-1200,,-2000 - -1000
I0361,M,Russia_Srubnaya,NarasimhanPattersonScience2019,Russia,Other region,53.03,50.39,-1850,-1525,-1200,,-2000 - -1000
I0422,F,Russia_Srubnaya,NarasimhanPattersonScience2019,Russia,Other region,52.54,50.5,-1850,-1525,-1200,,-2000 - -1000
ALA017,F,Turkey_Alalakh_MLBA,SkourtaniontiCell2020,Turkey,Other region,36.238,36.385,-1610,-1522,-1454,(MAMS-33685:3264±23),-2000 - -1000
I1977,F,Spain_EBA,OlaldeScience2019,Spain,Iberia,42.57,-2.62,-1611,-1520,-1448,(Beta-299312:3260±30),-2000 - -1000
I1840,M,Spain_EBA,OlaldeScience2019,Spain,Iberia,42.57,-2.62,-1611,-1520,-1448,(Beta-299302:3260±30),-2000 - -1000
ALA030,F,Turkey_Alalakh_MLBA,SkourtaniontiCell2020,Turkey,Other region,36.238,36.385,-1609,-1514,-1447,(MAMS-33695:3256±25),-2000 - -1000
I10266,M,Israel_MLBA,AgranatTamirCell2020,Israel,Other region,32.585,35.017,-1663,-1505,-1402,(RTK-6765:3240±55),-2000 - -1000
I3490,F,Spain_EBA,OlaldeScience2019,Spain,Iberia,41.741,-3.874,-1850,-1500,-1150,,-2000 - -1000
I3491,F,Spain_EBA,OlaldeScience2019,Spain,Iberia,41.657,-4.67,-1850,-1500,-1150,,-2000 - -1000
I8045,F,Portugal_MBA,OlaldeScience2019,Portugal,Iberia,38.199,-8.71,-1700,-1500,-1300,,-2000 - -1000
I3492,M,Spain_EBA,OlaldeScience2019,Spain,Iberia,40.859,-5.352,-1850,-1500,-1150,,-2000 - -1000
I10770,M,Israel_MLBA,AgranatTamirCell2020,Israel,Other region,32.585,35.017,-1550,-1500,-1450,,-2000 - -1000
OTTM_156,M,Germany_Lech_MBA,MittnikScience2019,Germany,Central Europe,48.225,10.85,-1606,-1499,-1433,(MAMS-21559:3241±28),-2000 - -1000
I16161,F,Italy_Sardinia_MBA,FernandesNatureEcologyEvolution2020,Italy,Italy,40.627,8.323,-1531,-1480,-1436,(PSUAMS-6681:3230±25),-2000 - -1000
I2639,F,England_MBA,OlaldeNature2018,United Kingdom,Britain and Ireland,51.168,-1.773,-1530,-1476,-1433,(NZA-32497:3225±25),-2000 - -1000
I2472,M,Spain_MBA,OlaldeScience2019,Spain,Iberia,42.57,-2.62,-1530,-1475,-1424,(Beta-299309:3220±30),-2000 - -1000
I8136,F,Spain_EBA,OlaldeScience2019,Spain,Iberia,37.726,-2.514,-1531,-1474,-1421,(Ua-39408:3216±33),-2000 - -1000
I4519,M,Israel_MLBA,AgranatTamirCell2020,Israel,Other region,32.585,35.017,-1514,-1473,-1435,(OS-139223:3220±20),-2000 - -1000
I2198,M,Israel_MLBA,AgranatTamirCell2020,Israel,Other region,32.585,35.017,-1504,-1469,-1431,(RTK-7898:3207±20),-2000 - -1000
RISE523.SG,F,Russia_Mezhovskaya.SG,AllentoftNature2015,Russia,Other region,53.043,57.066,-1530,-1462,-1401,(OxA-31447:3192±37),-2000 - -1000
I10365_published,M,Italy_Sardinia_MBA_published_o,FernandesNatureEcologyEvolution2020,Italy,Italy,39.867,9.233,-1663,-1456,-1230,(Beta-37705:3190±80),-2000 - -1000
I7568,F,England_MBA,OlaldeNature2018,United Kingdom,Britain and Ireland,52.34,0.03,-1600,-1450,-1300,,-2000 - -1000
esp005.SG,M,Spain_BA.SG,ValdioseraPNAS2018,Spain,Iberia,42.323,-2.412,-1600,-1450,-1300,,-2000 - -1000
I1656,F,Armenia_MBA,LazaridisNature2016,Armenia,Other region,40.377,43.938,-1501,-1444,-1400,(OxA-31674:3168±27),-2000 - -1000
ALA020,F,Turkey_Alalakh_MLBA,SkourtaniontiCell2020,Turkey,Other region,36.238,36.385,-1501,-1443,-1326,(MAMS-33688:3167±29),-2000 - -1000
I7572,M,England_MBA,OlaldeNature2018,United Kingdom,Britain and Ireland,52.34,0.03,-1505,-1435,-1305,(SUERC-28365:3160±40),-2000 - -1000
ALA002,M,Turkey_Alalakh_MLBA,SkourtaniontiCell2020,Turkey,Other region,36.238,36.385,-1496,-1434,-1328,(MAMS-33676:3158±22),-2000 - -1000
ALA018,M,Turkey_Alalakh_MLBA,SkourtaniontiCell2020,Turkey,Other region,36.238,36.385,-1497,-1431,-1323,(MAMS-33686:3154±26),-2000 - -1000
I2195,M,Israel_MLBA,AgranatTamirCell2020,Israel,Other region,32.585,35.017,-1530,-1430,-1282,(RTK-6766:3160±55),-2000 - -1000
RISE47.SG,M,Denmark_BA.SG,AllentoftNature2015,Denmark,Other region,56.97,9.552,-1496,-1430,-1322,(OxA-28258:3153±26),-2000 - -1000
ALA001_d,M,Turkey_Alalakh_MLBA,SkourtaniontiCell2020,Turkey,Other region,36.238,36.385,-1495,-1428,-1322,(MAMS-33675:3151±24),-2000 - -1000
I4518,M,Israel_MLBA,AgranatTamirCell2020,Israel,Other region,32.585,35.017,-1550,-1425,-1300,,-2000 - -1000
I2573,F,Scotland_MBA,OlaldeNature2018,United Kingdom,Britain and Ireland,55.98,-2.896,-1499,-1419,-1301,(OxA-16486:3144±37),-2000 - -1000
I2190,M,Israel_MLBA,AgranatTamirCell2020,Israel,Other region,32.585,35.017,-1495,-1412,-1302,(Poz-83433:3135±30),-2000 - -1000
I16170_published,M,Italy_Sardinia_MBA_published,FernandesNatureEcologyEvolution2020,Italy,Italy,40.627,8.323,-1490,-1402,-1301,(PSUAMS-6696:3125±25),-2000 - -1000
ALA039,F,Turkey_Alalakh_MLBA,SkourtaniontiCell2020,Turkey,Other region,36.238,36.385,-1490,-1402,-1301,(MAMS-33700:3125±24),-2000 - -1000
I8571,M,Spain_LBA_published,OlaldeScience2019,Spain,Iberia,40.139,0.105,-1800,-1400,-1000,,-2000 - -1000
I2458,F,England_MBA_highEEF,OlaldeNature2018,United Kingdom,Britain and Ireland,51.168,-1.773,-1493,-1394,-1287,(SUERC-49182:3122±34),-2000 - -1000
RISE210.SG,F,Sweden_BA.SG,AllentoftNature2015,Sweden,Other region,55.997,14.104,-1434,-1370,-1285,(OxA-29654:3105±28),-2000 - -1000
I2655,M,Scotland_MBA,OlaldeNature2018,United Kingdom,Britain and Ireland,58.23,-6.935,-1443,-1364,-1267,(SUERC-9172:3105±35),-2000 - -1000
I7640,M,England_MBA,OlaldeNature2018,United Kingdom,Britain and Ireland,52.178,0.123,-1432,-1356,-1277,(SUERC-28349:3100±30),-2000 - -1000
I9123,F,Greece_Crete_Armenoi,LazaridisNature2017,Greece,Other region,35.45,24.167,-1370,-1355,-1340,,-2000 - -1000
I7571,M,England_MBA,OlaldeNature2018,United Kingdom,Britain and Ireland,52.34,0.03,-1489,-1354,-1235,(SUERC-28364:3100±40),-2000 - -1000
I3832,F,Israel_MLBA,AgranatTamirCell2020,Israel,Other region,32.7,35.2,-1450,-1350,-1250,,-2000 - -1000
Turlojiske5,M,Lithuania_BA,MittnikNatureCommunications2018,Lithuania,Other region,54.362,23.333,-2100,-1350,-600,,-2000 - -1000
I3493,F,Spain_MBA,OlaldeScience2019,Spain,Iberia,40.859,-5.352,-1421,-1346,-1280,(PSUAMS-2072:3090±25),-2000 - -1000
I9033,F,Greece_BA_Mycenaean_Pylos,LazaridisNature2017,Greece,Other region,36.917,21.7,-1417,-1343,-1277,(DEM-2903:3084±24),-2000 - -1000
I2654,F,Scotland_MBA,OlaldeNature2018,United Kingdom,Britain and Ireland,55.98,-2.896,-1418,-1339,-1260,(SUERC-75917:3074±29),-2000 - -1000
I9006,F,Greece_BA_Mycenaean,LazaridisNature2017,Greece,Other region,37.966,23.495,-1411,-1338,-1260,(DEM-2905:3067±25),-2000 - -1000
I2574_published,F,Wales_MBA_published,OlaldeNature2018,United Kingdom,Britain and Ireland,53.33,-3.78,-1416,-1331,-1223,(SUERC-62072:3065±36),-2000 - -1000
SUA001_d,M,Italy_Sardinia_BA_Nuragic,MarcusNatureCommunications2020,Italy,Italy,39.87,9.236,-1409,-1330,-1229,(MAMS-28654:3060±28),-2000 - -1000
I2470_published,M,Spain_MBA_published,OlaldeScience2019,Spain,Iberia,42.57,-2.62,-1410,-1328,-1227,(Beta-299307:3060±30),-2000 - -1000
I2051,M,Russia_Caucasus_LBA_Dolmen,WangNatureCommunications2019,Russia,Western Pontic Steppe,44.583,38.167,-1450,-1325,-1200,,-2000 - -1000
I7574,F,England_MBA,OlaldeNature2018,United Kingdom,Britain and Ireland,52.178,0.123,-1408,-1321,-1224,(SUERC-38250:3055±30),-2000 - -1000
I7627,F,England_MBA,OlaldeNature2018,United Kingdom,Britain and Ireland,52.122,-0.511,-1410,-1319,-1220,(SUERC-25538:3055±35),-2000 - -1000
DA35.SG,F,Armenia_LBA_LchashenMetsamor.SG,DamgaardNature2018,Armenia,Other region,40.52,44.931,-1419,-1310,-1133,(UBA-33655:3050±42),-2000 - -1000
I9010,F,Greece_BA_Mycenaean,LazaridisNature2017,Greece,Other region,37.501,23.451,-1400,-1300,-1200,,-2000 - -1000
I9041,M,Greece_BA_Mycenaean,LazaridisNature2017,Greece,Other region,37.501,23.451,-1400,-1300,-1200,,-2000 - -1000
I12208,F,Spain_MBA,OlaldeScience2019,Spain,Iberia,41.458,-5.287,-1400,-1300,-1200,,-2000 - -1000
I12209,M,Spain_MBA,OlaldeScience2019,Spain,Iberia,41.458,-5.287,-1400,-1300,-1200,,-2000 - -1000
RISE423.SG,M,Armenia_MBA.SG,AllentoftNature2015,Armenia,Other region,40.14,45.26,-1407,-1296,-1204,(UBA-27944:3038±32),-2000 - -1000
I7626,F,England_MBA,OlaldeNature2018,United Kingdom,Britain and Ireland,52.122,-0.511,-1398,-1277,-1129,(SUERC-25533:3025±35),-2000 - -1000
RISE175.SG,M,Sweden_BA.SG,AllentoftNature2015,Sweden,Other region,55.397,13.6,-1393,-1277,-1131,(OxA-28998:3025±30),-2000 - -1000
I10552,F,Italy_Sardinia_LBA,FernandesNatureEcologyEvolution2020,Italy,Italy,39.683,9.433,-1385,-1275,-1210,(PSUAMS-4875:3025±20),-2000 - -1000
ORC004,M,Italy_Sardinia_BA_Nuragic,MarcusNatureCommunications2020,Italy,Italy,39.667,9.426,-1384,-1267,-1133,(MAMS-38283:3020±23),-2000 - -1000
I2653,M,Scotland_MBA,OlaldeNature2018,United Kingdom,Britain and Ireland,55.98,-2.896,-1386,-1266,-1131,(SUERC-75916:3019±26),-2000 - -1000
I3878,F,Italy_Sicily_LBA,FernandesNatureEcologyEvolution2020,Italy,Italy,37.68,12.789,-1381,-1259,-1133,(PSUAMS-3995:3015±20),-2000 - -1000
ASH2-3,F,Israel_Ashkelon_IA1,FeldmanScienceAdvances2019,Israel,Other region,31.667,34.567,-1380,-1256,-1131,(MAMS-31617:3013±21),-2000 - -1000
DA31.SG,M,Armenia_LBA_LchashenMetsamor.SG,DamgaardNature2018,Armenia,Other region,40.52,44.931,-1400,-1250,-1100,,-2000 - -1000
ASH067,M,Israel_Ashkelon_IA1,FeldmanScienceAdvances2019,Israel,Other region,31.667,34.567,-1381,-1250,-1128,(MAMS-33792:3009±25),-2000 - -1000
I20749,F,Hungary_LBA_Halva,HarneyCheronetGenomeResearch2021,Hungary,Southeastern Europe,47.886,21.502,-1700,-1250,-800,,-2000 - -1000
I20751,F,Hungary_LBA,HarneyCheronetGenomeResearch2021,Hungary,Southeastern Europe,47.209,20.263,-1500,-1250,-1000,,-2000 - -1000
WEZ15.SG,M,Germany_Tollense_BA.SG,WegmannCurBio2020,Germany,Central Europe,53.74,13.31,-1300,-1250,-1200,,-2000 - -1000
WEZ24.SG,M,Germany_Tollense_BA.SG,WegmannCurBio2020,Germany,Central Europe,53.74,13.31,-1300,-1250,-1200,,-2000 - -1000
WEZ35.SG,M,Germany_Tollense_BA.SG,WegmannCurBio2020,Germany,Central Europe,53.74,13.31,-1300,-1250,-1200,,-2000 - -1000
WEZ39.SG,M,Germany_Tollense_BA.SG,WegmannCurBio2020,Germany,Central Europe,53.74,13.31,-1300,-1250,-1200,,-2000 - -1000
WEZ40.SG,M,Germany_Tollense_BA.SG,WegmannCurBio2020,Germany,Central Europe,53.74,13.31,-1300,-1250,-1200,,-2000 - -1000
WEZ51.SG,M,Germany_Tollense_BA.SG,WegmannCurBio2020,Germany,Central Europe,53.74,13.31,-1300,-1250,-1200,,-2000 - -1000
WEZ53.SG,M,Germany_Tollense_BA.SG,WegmannCurBio2020,Germany,Central Europe,53.74,13.31,-1300,-1250,-1200,,-2000 - -1000
WEZ54.SG,M,Germany_Tollense_BA.SG,WegmannCurBio2020,Germany,Central Europe,53.74,13.31,-1300,-1250,-1200,,-2000 - -1000
WEZ56.SG,M,Germany_Tollense_BA_o2.SG,WegmannCurBio2020,Germany,Central Europe,53.74,13.31,-1300,-1250,-1200,,-2000 - -1000
WEZ57.SG,M,Germany_Tollense_BA.SG,WegmannCurBio2020,Germany,Central Europe,53.74,13.31,-1300,-1250,-1200,,-2000 - -1000
WEZ58.SG,M,Germany_Tollense_BA.SG,WegmannCurBio2020,Germany,Central Europe,53.74,13.31,-1300,-1250,-1200,,-2000 - -1000
WEZ59.SG,M,Germany_Tollense_BA.SG,WegmannCurBio2020,Germany,Central Europe,53.74,13.31,-1300,-1250,-1200,,-2000 - -1000
WEZ61.SG,F,Germany_Tollense_BA.SG,WegmannCurBio2020,Germany,Central Europe,53.74,13.31,-1300,-1250,-1200,,-2000 - -1000
WEZ64.SG,M,Germany_Tollense_BA.SG,WegmannCurBio2020,Germany,Central Europe,53.74,13.31,-1300,-1250,-1200,,-2000 - -1000
WEZ71.SG,M,Germany_Tollense_BA.SG,WegmannCurBio2020,Germany,Central Europe,53.74,13.31,-1300,-1250,-1200,,-2000 - -1000
WEZ83.SG,M,Germany_Tollense_BA.SG,WegmannCurBio2020,Germany,Central Europe,53.74,13.31,-1300,-1250,-1200,,-2000 - -1000
I7577,M,England_MBA,OlaldeNature2018,United Kingdom,Britain and Ireland,52.122,-0.511,-1385,-1245,-1123,(SUERC-25499:3005±35),-2000 - -1000
I10372,F,Italy_Sicily_LBA,FernandesNatureEcologyEvolution2020,Italy,Italy,37.68,12.789,-1377,-1244,-1129,(PSUAMS-5891:3005±20),-2000 - -1000
ASH066,M,Israel_Ashkelon_IA1,FeldmanScienceAdvances2019,Israel,Other region,31.667,34.567,-1374,-1235,-1127,(MAMS-33789:2998±23),-2000 - -1000
ORC003,M,Italy_Sardinia_BA_Nuragic,MarcusNatureCommunications2020,Italy,Italy,39.667,9.426,-1373,-1232,-1126,(MAMS-38282:2996±24),-2000 - -1000
ORC007,M,Italy_Sardinia_BA_Nuragic,MarcusNatureCommunications2020,Italy,Italy,39.667,9.426,-1371,-1226,-1125,(MAMS-38286:2992±23),-2000 - -1000
I2062,M,Israel_MLBA,VanDenBrink2017,Israel,Other region,32.661,35.234,-1382,-1221,-1057,(Poz-83506:2990±35),-2000 - -1000
ASH068,F,Israel_Ashkelon_IA1_o,FeldmanScienceAdvances2019,Israel,Other region,31.667,34.567,-1369,-1221,-1123,(MAMS-33790:2989±24),-2000 - -1000
ORC001,F,Italy_Sardinia_BA_Nuragic,MarcusNatureCommunications2020,Italy,Italy,39.667,9.426,-1367,-1218,-1122,(MAMS-38280:2987±23),-2000 - -1000
I10502_published,M,Italy_Sardinia_LBA_published,FernandesNatureEcologyEvolution2020,Italy,Italy,39.851,9.377,-1368,-1205,-1116,(PSUAMS-6688:2980±25),-2000 - -1000
ORC005,F,Italy_Sardinia_BA_Nuragic,MarcusNatureCommunications2020,Italy,Italy,39.667,9.426,-1260,-1195,-1124,(MAMS-38284:2974±17),-2000 - -1000
MJ-31.SG,M,Ukraine_Cimmerians_o1.SG,JarveCurrentBiology2019,Ukraine,Western Pontic Steppe,46.967,32,-1364,-1187,-1054,(Poz-:2970±30),-2000 - -1000
s19_V14_2.SG,M,Estonia_BA.SG,SaagCurrentBiology2019,Estonia,Other region,59.497,25.511,-1270,-1180,-1054,(SUERC-44064:2966±29),-2000 - -1000
SUA006,F,Italy_Sardinia_BA_Nuragic,MarcusNatureCommunications2020,Italy,Italy,39.87,9.236,-1262,-1178,-1058,(MAMS-39539:2965±21),-2000 - -1000
I10554,F,Italy_Sardinia_LBA,FernandesNatureEcologyEvolution2020,Italy,Italy,39.683,9.433,-1259,-1173,-1057,(PSUAMS-4877:2960±20),-2000 - -1000
ORC006,M,Italy_Sardinia_BA_Nuragic,MarcusNatureCommunications2020,Italy,Italy,39.667,9.426,-1261,-1173,-1055,(MAMS-38285:2961±23),-2000 - -1000
SUA003,M,Italy_Sardinia_BA_Nuragic,MarcusNatureCommunications2020,Italy,Italy,39.87,9.236,-1258,-1165,-1053,(MAMS-28656:2953±27),-2000 - -1000
I10553,M,Italy_Sardinia_LBA,FernandesNatureEcologyEvolution2020,Italy,Italy,39.683,9.433,-1254,-1164,-1054,(PSUAMS-4876:2950±20),-2000 - -1000
I7575,M,England_MBA,OlaldeNature2018,United Kingdom,Britain and Ireland,52.122,-0.511,-1263,-1160,-1018,(SUERC-25498:2950±35),-2000 - -1000
I8570_published,M,Spain_LBA_published,OlaldeScience2019,Spain,Iberia,40.139,0.105,-1300,-1150,-1000,,-2000 - -1000
I10371,F,Italy_Sicily_LBA,FernandesNatureEcologyEvolution2020,Italy,Italy,37.68,12.789,-1400,-1150,-900,,-2000 - -1000
ASH087,M,Israel_Ashkelon_IA2,FeldmanScienceAdvances2019,Israel,Other region,31.667,34.567,-1200,-1150,-1100,,-2000 - -1000
ASH135,F,Israel_Ashkelon_IA2,FeldmanScienceAdvances2019,Israel,Other region,31.667,34.567,-1200,-1150,-1100,,-2000 - -1000
ASH008,M,Israel_Ashkelon_IA2,FeldmanScienceAdvances2019,Israel,Other region,31.667,34.567,-1257,-1149,-1018,(MAMS-30688:2941±31),-2000 - -1000
I3741,F,Italy_Sardinia_LBA,FernandesNatureEcologyEvolution2020,Italy,Italy,39.683,9.433,-1219,-1144,-1019,(PSUAMS-2118:2935±25),-2000 - -1000
I7580,F,England_MBA_lowEEF,OlaldeNature2018,United Kingdom,Britain and Ireland,52.122,-0.511,-1255,-1140,-1015,(SUERC-25537:2935±35),-2000 - -1000
I7578,F,England_MBA,OlaldeNature2018,United Kingdom,Britain and Ireland,52.122,-0.511,-1254,-1131,-1013,(SUERC-25497:2930±35),-2000 - -1000
s19_X10_1.SG,M,Estonia_BA.SG,SaagCurrentBiology2019,Estonia,Other region,59.505,25.528,-1215,-1124,-1016,(SUERC-80026:2926±28),-2000 - -1000
s19_V9_2.SG,M,Estonia_BA.SG,SaagCurrentBiology2019,Estonia,Other region,59.44,25.135,-1216,-1121,-1014,(Hela-2365:2924±32),-2000 - -1000
ORC009,F,Italy_Sardinia_BA_Nuragic,MarcusNatureCommunications2020,Italy,Italy,39.667,9.426,-1209,-1108,-1016,(MAMS-38288:2917±24),-2000 - -1000
I20748,F,Hungary_LBA_EIA_dup.I11683,HarneyCheronetGenomeResearch2021,Hungary,Southeastern Europe,47.815,20.684,-1700,-1100,-500,,-2000 - -1000
RISE408.SG,M,Armenia_LBA.SG,AllentoftNature2015,Armenia,Other region,40.15,45.86,-1211,-1096,-1008,(UBA-27939:2908±32),-2000 - -1000
I2327,M,Iran_IA_HajjiFiruz,NarasimhanPattersonScience2019,Iran,Other region,36.994,45.474,-1200,-1095,-1014,(PSUAMS-4413:2910±20),-2000 - -1000
I7576,M,England_LBA,OlaldeNature2018,United Kingdom,Britain and Ireland,52.122,-0.511,-1209,-1085,-1004,(SUERC-26285:2900±30),-2000 - -1000
Turlojiske1932,F,Lithuania_BA,MittnikNatureCommunications2018,Lithuania,Other region,54.362,23.333,-1255,-1083,-922,(OxA-5931:2895±55),-2000 - -1000
s19_X15_2.SG,M,Estonia_BA.SG,SaagCurrentBiology2019,Estonia,Other region,58.219,26.113,-1207,-1083,-1005,(SUERC-80016:2899±28),-2000 - -1000
I7628,M,England_LBA,OlaldeNature2018,United Kingdom,Britain and Ireland,52.122,-0.511,-1210,-1080,-939,(SUERC-25541:2895±35),-2000 - -1000
I7949,M,Czech_BA_Veterov_1,NarasimhanPattersonScience2019,Czech Republic,Central Europe,50.548,13.776,-1191,-1071,-1004,(PSUAMS-6927:2890±20),-2000 - -1000
I0099_published,M,Germany_LBA_Halberstadt_published,MathiesonNature2015,Germany,Central Europe,51.896,11.047,-1201,-1071,-938,(MAMS-21484:2889±30),-2000 - -1000
ORC008,M,Italy_Sardinia_BA_Nuragic,MarcusNatureCommunications2020,Italy,Italy,39.667,9.426,-1198,-1071,-987,(MAMS-38287:2890±24),-2000 - -1000
RISE412.SG,F,Armenia_LBA.SG,AllentoftNature2015,Armenia,Other region,40.417,45.2,-1200,-1066,-934,(UBA-27940:2885±31),-2000 - -1000
RISE396.SG,F,Armenia_LBA.SG,AllentoftNature2015,Armenia,Other region,39.2,46.4,-1196,-1056,-931,(OxA-31001:2879±31),-2000 - -1000
RISE524.SG,M,Russia_Mezhovskaya.SG,AllentoftNature2015,Russia,Other region,53.043,57.066,-1300,-1050,-800,,-2000 - -1000
RISE525.SG,M,Russia_Mezhovskaya.SG,AllentoftNature2015,Russia,Other region,53.043,57.066,-1300,-1050,-800,,-2000 - -1000
I3642,M,Italy_Sardinia_LBA,FernandesNatureEcologyEvolution2020,Italy,Italy,40.547,8.322,-1119,-1040,-935,(PSUAMS-2387:2870±20),-2000 - -1000
I4517,M,Israel_IA,AgranatTamirCell2020,Israel,Other region,32.585,35.017,-1107,-1001,-921,(PSUAMS-2166:2845±25),-2000 - -1000
I5383,F,England_LBA_lowEEF,OlaldeNature2018,United Kingdom,Britain and Ireland,54.155,-2.472,-1090,-995,-900,,-1000 - 0
RISE407.SG,F,Armenia_LBA.SG,AllentoftNature2015,Armenia,Other region,40.15,45.86,-1117,-981,-853,(UBA-27938:2827±40),-1000 - 0
I3876,M,Italy_Sicily_LBA,FernandesNatureEcologyEvolution2020,Italy,Italy,37.68,12.789,-1105,-976,-901,(PSUAMS-1986:2825±30),-1000 - 0
I10364,M,Italy_Sardinia_LBA,FernandesNatureEcologyEvolution2020,Italy,Italy,40.55,8.31,-1150,-975,-800,,-1000 - 0
s19_0LS11_1.SG,M,Estonia_BA.SG,SaagCurrentBiology2019,Estonia,Other region,59.44,25.135,-1104,-966,-845,(Hela-2361:2815±33),-1000 - 0
RISE397.SG,M,Armenia_LBA.SG,AllentoftNature2015,Armenia,Other region,39.2,46.4,-1047,-959,-846,(OxA-31002:2807±31),-1000 - 0
s19_X11_1.SG,M,Estonia_BA.SG,SaagCurrentBiology2019,Estonia,Other region,59.399,27.014,-1044,-957,-855,(SUERC-80010:2805±26),-1000 - 0
MA2197_final.SG,F,Turkey_Hellenistic_WestMediterranean_possible.SG,DamgaardScience2018,Turkey,Other region,39.346,33.788,-1300,-950,-600,,-1000 - 0
MA2198_final.SG,F,Turkey_Hellenistic_EastMediterranean_possible.SG,DamgaardScience2018,Turkey,Other region,39.346,33.788,-1300,-950,-600,,-1000 - 0
I2201,M,Israel_IA_o,AgranatTamirCell2020,Israel,Other region,33.26,35.58,-1011,-941,-835,(Poz-83471:2790±30),-1000 - 0
cim359.SG,F,Moldova_Cimmerian.SG,KrzewinskaScienceAdvances2018,Moldova,Western Pontic Steppe,47.375,29.091,-1008,-926,-832,(Poz-91086:2780±35),-1000 - 0
BR2.SG,M,Hungary_LBA_Kyjatice.SG,GambaNatureCommunications2014,Hungary,Southeastern Europe,47.725,20.086,-986,-910,-833,(OxA-27859:2769±24),-1000 - 0
IR1.SG,M,Hungary_IA_Prescythian.SG,GambaNatureCommunications2014,Hungary,Southeastern Europe,47.82,19.95,-982,-902,-830,(OxA-27860:2763±26),-1000 - 0
MJ-12.SG,F,Ukraine_Cimmerians.SG,JarveCurrentBiology2019,Ukraine,Southeastern Europe,45.32,28.412,-988,-898,-828,(Poz-:2760±30),-1000 - 0
I3130,F,Scotland_LBA,OlaldeNature2018,United Kingdom,Britain and Ireland,57.72,-3.388,-983,-895,-826,(SUERC-68713:2758±29),-1000 - 0
I2861,F,Scotland_LBA,OlaldeNature2018,United Kingdom,Britain and Ireland,57.721,-3.388,-981,-893,-825,(SUERC-68716:2757±29),-1000 - 0
Turlojiske3,M,Lithuania_BA,MittnikNatureCommunications2018,Lithuania,Other region,54.362,23.333,-1013,-888,-796,(Vs-1188:2736±60),-1000 - 0
R1.SG,F,Italy_IA_Republic_o.SG,AntonioGaoMootsScience2019,Italy,Italy,42.88,13.894,-960,-882,-832,(UCIAMS-198573:2755±15),-1000 - 0
F38.SG,M,Iran_Hasanlu_IA.SG,BroushakiScience2016,Iran,Other region,37.005,45.459,-971,-880,-829,(MAMS-22352:2753±21),-1000 - 0
NIED.SG,F,France_GrandEst_LBA.SG,BrunelPNAS2020,France,Central Europe,47.985,7.399,-950,-875,-800,,-1000 - 0
I2469_published,F,Spain_LBA_published,OlaldeScience2019,Spain,Iberia,42.57,-2.62,-971,-874,-812,(Beta-299308:2740±30),-1000 - 0
I2860,M,Scotland_LBA,OlaldeNature2018,United Kingdom,Britain and Ireland,57.721,-3.388,-966,-872,-812,(SUERC-68715:2738±29),-1000 - 0
cim358.SG,M,Moldova_Cimmerian.SG,KrzewinskaScienceAdvances2018,Moldova,Western Pontic Steppe,46.411,29.49,-970,-870,-807,(Poz-91085:2730±35),-1000 - 0
Turlojiske1,M,Lithuania_BA,MittnikNatureCommunications2018,Lithuania,Other region,54.362,23.333,-928,-869,-809,(Poz-66904:2730±30),-1000 - 0
s19_X08_1.SG,M,Estonia_BA.SG,SaagCurrentBiology2019,Estonia,Other region,59.505,25.528,-924,-869,-815,(SUERC-80021:2733±26),-1000 - 0
s19_X17_2.SG,M,Estonia_BA.SG,SaagCurrentBiology2019,Estonia,Other region,59.438,24.885,-926,-869,-812,(SUERC-80020:2732±28),-1000 - 0
I3315_published,M,Spain_Menorca_LBA,FernandesNatureEcologyEvolution2020,Spain,Other region,39.999,3.891,-902,-864,-813,(PSUAMS-3717:2715±20),-1000 - 0
I2859,M,Scotland_LBA,OlaldeNature2018,United Kingdom,Britain and Ireland,57.72,-3.388,-911,-862,-808,(SUERC-68714:2714±29),-1000 - 0
cim357.SG,M,Moldova_Cimmerian.SG,KrzewinskaScienceAdvances2018,Moldova,Western Pontic Steppe,46.411,29.49,-916,-859,-804,(Poz-91084:2705±35),-1000 - 0
R1015.SG,F,Italy_IA_Republic.SG,AntonioGaoMootsScience2019,Italy,Italy,42.017,12.1,-900,-850,-800,,-1000 - 0
s19_X20_1.SG,M,Estonia_BA.SG,SaagCurrentBiology2019,Estonia,Other region,59.431,24.909,-898,-826,-799,(SUERC-80018:2677±26),-1000 - 0
DA111.SG,M,Czech_IA_Hallstatt.SG,DamgaardNature2018,Czech Republic,Central Europe,50.51,14.05,-907,-804,-590,(UBA-31219:2630±48),-1000 - 0
VIL011,M,Italy_Sardinia_IA_Punic_1,MarcusNatureCommunications2020,Italy,Italy,39.618,8.958,-815,-804,-792,,-1000 - 0
R1016.SG,M,Italy_IA_Republic.SG,AntonioGaoMootsScience2019,Italy,Italy,41.752,12.429,-900,-800,-700,,-1000 - 0
VIL010,F,Italy_Sardinia_IA_Punic_1,MarcusNatureCommunications2020,Italy,Italy,39.618,8.958,-802,-793,-778,,-1000 - 0
I3313,F,Croatia_EIA_mother.I26742,MathiesonNature2018,Croatia,Southeastern Europe,43.894,15.977,-801,-781,-596,(PSUAMS-1831:2570±20),-1000 - 0
Kivutkalns42,F,Latvia_BA,MittnikNatureCommunications2018,Latvia,Other region,56.852,24.272,-806,-778,-569,(Hela-3740:2573±30),-1000 - 0
SFI-55.SG,M,Lebanon_IA2.SG,HaberAJHG2020,Lebanon,Other region,33.897,35.509,-1000,-770,-539,,-1000 - 0
SFI-56.SG,F,Lebanon_IA2.SG,HaberAJHG2020,Lebanon,Other region,33.897,35.509,-1000,-770,-539,,-1000 - 0
MSR002,M,Italy_Sardinia_IA_Punic_2,MarcusNatureCommunications2020,Italy,Italy,39.184,8.493,-794,-767,-569,,-1000 - 0
NOR2B6.SG,F,France_GrandEst_IA1.SG,BrunelPNAS2020,France,Central Europe,48.445,7.671,-800,-750,-700,,-1000 - 0
NOR3-15.SG,F,France_GrandEst_IA1.SG,BrunelPNAS2020,France,Central Europe,48.445,7.671,-800,-750,-700,,-1000 - 0
Kivutkalns25,M,Latvia_BA,MittnikNatureCommunications2018,Latvia,Other region,56.852,24.272,-797,-677,-547,(Hela-3738:2545±30),-1000 - 0
Kivutkalns153,M,Latvia_BA,MittnikNatureCommunications2018,Latvia,Other region,56.852,24.272,-795,-675,-547,(Hela-3744:2542±29),-1000 - 0
Kivutkalns209,M,Latvia_BA,MittnikNatureCommunications2018,Latvia,Other region,56.852,24.272,-801,-673,-541,(Hela-3741:2497±30);(Hela-3742:2556±30),-1000 - 0
VIL006,F,Italy_Sardinia_IA_Punic_1,MarcusNatureCommunications2020,Italy,Italy,39.618,8.958,-786,-669,-549,,-1000 - 0
R1021.SG,M,Italy_IA_Republic.SG,AntonioGaoMootsScience2019,Italy,Italy,41.643,12.913,-700,-650,-600,,-1000 - 0
R473.SG,F,Italy_IA_Republic.SG,AntonioGaoMootsScience2019,Italy,Italy,42.089,11.766,-700,-650,-600,,-1000 - 0
R474.SG,M,Italy_IA_Republic.SG,AntonioGaoMootsScience2019,Italy,Italy,42.089,11.766,-700,-650,-600,,-1000 - 0
R475.SG,F,Italy_IA_Republic_oEasternMediterranean_o.SG,AntonioGaoMootsScience2019,Italy,Italy,42.089,11.766,-700,-650,-600,,-1000 - 0
R850.SG,M,Italy_IA_Republic_oEasternMediterranean.SG,AntonioGaoMootsScience2019,Italy,Italy,41.603,12.509,-800,-650,-500,,-1000 - 0
R851.SG,M,Italy_IA_Republic.SG,AntonioGaoMootsScience2019,Italy,Italy,41.603,12.509,-800,-650,-500,,-1000 - 0
s19_0LS10_1.SG,M,Estonia_IA.SG,SaagCurrentBiology2019,Estonia,Other region,59.497,26.548,-798,-647,-520,(UBA-26114:2530±41),-1000 - 0
RISE276.SG,M,Denmark_LBA.SG,AllentoftNature2015,Denmark,Other region,55.914,11.565,-788,-641,-546,(OxA-30485:2525±25),-1000 - 0
MJ-42.SG,M,Russia_EasternScythian_SouthernUrals.SG,JarveCurrentBiology2019,Russia,Other region,53.019,61.974,-791,-640,-524,(Poz-:2520±35),-1000 - 0
scy010.SG,F,Ukraine_Scythian.SG,KrzewinskaScienceAdvances2018,Ukraine,Western Pontic Steppe,46.323,29.47,-787,-639,-544,(Beta-451571:2520±30),-1000 - 0
I16163,F,Italy_Sardinia_IA_2,FernandesNatureEcologyEvolution2020,Italy,Italy,40.627,8.323,-755,-639,-422,(PSUAMS-6682:2465±20),-1000 - 0
Kivutkalns207,F,Latvia_BA,MittnikNatureCommunications2018,Latvia,Other region,56.852,24.272,-785,-636,-541,(Hela-3743:2511±30),-1000 - 0
I12171_published,F,Spain_IA_Tartessian_published,OlaldeScience2019,Spain,Iberia,37.518,-5.978,-777,-635,-546,(PSUAMS-9549:2520±20),-1000 - 0
I12641,M,Spain_IA,OlaldeScience2019,Spain,Iberia,41.537,2.133,-785,-635,-540,(Beta-449093:2510±30),-1000 - 0
MJ-14.SG,M,Ukraine_IA_WesternScythian_o1.SG,JarveCurrentBiology2019,Ukraine,Western Pontic Steppe,49.405,30.847,-776,-634,-518,(Poz-:2500±30),-1000 - 0
JK2911,M,Egypt_ThirdIntermediatePeriod,ScheunemannNatureCommunications2017,Egypt,Other region,29.9,31.2,-776,-633,-544,(MAMS-23617:2513±24),-1000 - 0
MJ-08.SG,F,Ukraine_LateSrubnaya.SG,JarveCurrentBiology2019,Ukraine,Western Pontic Steppe,49.326,35.37,-773,-633,-485,(Poz-:2490±30),-1000 - 0
BSB001,M,Kazakhstan_Sarmatian_IA,KrauseGnecchiRusconeSciAdv2021,Kazakhstan,Other region,48.24,58.94,-772,-633,-522,,-1000 - 0
I5769,F,Bulgaria_IA,MathiesonNature2018,Bulgaria,Southeastern Europe,43.161,25.883,-768,-632,-541,(PSUAMS-4402:2490±20),-1000 - 0
s19_X14_1.SG,M,Estonia_BA.SG,SaagCurrentBiology2019,Estonia,Other region,59.471,25.097,-770,-631,-429,(Hela-2061:2481±30),-1000 - 0
MX265,M,Germany_SouthernGermany_Singen_IA,FurtwanglerNatureCommunications2020,Germany,Central Europe,47.767,8.872,-755,-629,-420,(BE-9205:2464±23),-1000 - 0
DA195.SG,F,Hungary_IA_Scythian.SG,DamgaardNature2018,Hungary,Southeastern Europe,46.344,20.163,-770,-626,-422,(UBA-33597:2479±35),-1000 - 0
s19_V10_2.SG,M,Estonia_IA.SG,SaagCurrentBiology2019,Estonia,Other region,59.497,26.548,-773,-625,-421,(UBA-26115:2484±40),-1000 - 0
scy009.SG,M,Ukraine_Scythian.SG,KrzewinskaScienceAdvances2018,Ukraine,Western Pontic Steppe,46.323,29.47,-764,-623,-421,(Beta-451570:2470±30),-1000 - 0
Kivutkalns215,F,Latvia_BA,MittnikNatureCommunications2018,Latvia,Other region,56.852,24.272,-755,-615,-417,(Hela-3745:2462±27),-1000 - 0
MJ-33.SG,M,Ukraine_IA_WesternScythian.SG,JarveCurrentBiology2019,Ukraine,Western Pontic Steppe,49.405,30.847,-755,-605,-415,(Poz-:2460±30),-1000 - 0
I8209,M,Spain_Greek_oLocal,OlaldeScience2019,Spain,Iberia,42.133,3.108,-750,-600,-416,(PSUAMS-8221:2455±20),-1000 - 0
I12561,M,Spain_IA_Tartessian,OlaldeScience2019,Spain,Iberia,37.518,-5.978,-700,-600,-500,,-1000 - 0
I12640,M,Spain_IA,OlaldeScience2019,Spain,Iberia,41.537,2.133,-700,-600,-500,,-1000 - 0
I4556,F,Spain_IA,OlaldeScience2019,Spain,Iberia,41.371,1.774,-700,-600,-500,,-1000 - 0
MJ-16.SG,M,Ukraine_IA_WesternScythian.SG,JarveCurrentBiology2019,Ukraine,Western Pontic Steppe,49.405,30.847,-752,-585,-414,(Poz-:2455±30),-1000 - 0
I3322,F,Spain_IA,OlaldeScience2019,Spain,Iberia,40.507,0.431,-600,-550,-500,,-1000 - 0
MSR003,F,Italy_Sardinia_IA_Punic_2,MarcusNatureCommunications2020,Italy,Italy,39.184,8.493,-800,-550,-300,,-1000 - 0
NOR3-6.SG,F,France_GrandEst_IA1.SG,BrunelPNAS2020,France,Central Europe,48.445,7.671,-650,-550,-450,,-1000 - 0
NOR4.SG,F,France_GrandEst_IA1.SG,BrunelPNAS2020,France,Central Europe,48.445,7.671,-650,-550,-450,,-1000 - 0
I8215,F,Spain_Greek_oAegean,OlaldeScience2019,Spain,Iberia,42.133,3.108,-745,-534,-415,(PSUAMS-8174:2445±15),-1000 - 0
MJ-35.SG,M,Ukraine_IA_WesternScythian.SG,JarveCurrentBiology2019,Ukraine,Western Pontic Steppe,50.207,35.286,-749,-534,-407,(Poz-:2440±30),-1000 - 0
DA112.SG,F,Czech_IA_Hallstatt.SG,DamgaardNature2018,Czech Republic,Central Europe,50.51,14.05,-751,-527,-402,(UBA-31220:2430±40),-1000 - 0
MJ-13.SG,F,Ukraine_IA_WesternScythian_o1.SG,JarveCurrentBiology2019,Ukraine,Western Pontic Steppe,50.207,35.286,-748,-513,-404,(Poz-:2430±30),-1000 - 0
s19_VII4_1.SG,M,Estonia_IA.SG,SaagCurrentBiology2019,Estonia,Other region,59.531,25.866,-748,-512,-401,(Poz-98210:2425±35),-1000 - 0
SFI-43.SG,F,Lebanon_IA3_o1_1d.rel.SFI-44.SG,HaberAJHG2020,Lebanon,Other region,33.896,35.508,-747,-506,-403,(UBA-41180:2426±30),-1000 - 0
DA202.SG,F,Kazakhstan_Sarmatian.SG,DamgaardNature2018,Kazakhstan,Other region,46.04,53.442,-768,-504,-234,(UBA-33608:2384±71),-1000 - 0
BES1248.SG,M,France_Occitanie_IA2.SG,BrunelPNAS2020,France,Other region,43.361,3.427,-600,-500,-400,,-1000 - 0
Jeb8.SG,F,France_GrandEst_IA1.SG,BrunelPNAS2020,France,Central Europe,48.009,7.384,-600,-500,-400,,-1000 - 0
MJ-41.SG,F,Russia_EarlySarmatian_SouthernUrals.SG,JarveCurrentBiology2019,Russia,Other region,53.089,58.66,-747,-497,-399,(Poz-:2415±35),-1000 - 0
Kivutkalns222,M,Latvia_BA,MittnikNatureCommunications2018,Latvia,Other region,56.852,24.272,-744,-495,-403,(Hela-3736:2423±26),-1000 - 0
DA191.SG,F,Hungary_IA_Scythian.SG,DamgaardNature2018,Hungary,Southeastern Europe,47.559,20.708,-747,-493,-396,(UBA-33595:2409±37),-1000 - 0
DA198.SG,M,Hungary_IA_Scythian_o.SG,DamgaardNature2018,Hungary,Southeastern Europe,46.344,20.163,-735,-468,-391,(UBA-33598:2388±36),-1000 - 0
Kivutkalns19,M,Latvia_BA,MittnikNatureCommunications2018,Latvia,Other region,56.852,24.272,-717,-466,-400,(Hela-3746:2403±24),-1000 - 0
s19_V16_1.SG,M,Estonia_BA.SG,SaagCurrentBiology2019,Estonia,Other region,59.431,24.901,-722,-466,-398,(UBA-24124:2399±27),-1000 - 0
MJ-56.SG,F,Russia_EarlySarmatian_SouthernUrals.SG,JarveCurrentBiology2019,Russia,Other region,51.991,58.039,-729,-466,-396,(Poz-:2395±30),-1000 - 0
I12879,F,Spain_IA,OlaldeScience2019,Spain,Iberia,41.332,1.594,-722,-461,-394,(Beta-495156:2390±30),-1000 - 0
MJ-47.SG,F,Ukraine_IA_WesternScythian.SG,JarveCurrentBiology2019,Ukraine,Western Pontic Steppe,47.433,34.267,-722,-461,-394,(Poz-:2390±30),-1000 - 0
Kivutkalns164,M,Latvia_BA,MittnikNatureCommunications2018,Latvia,Other region,56.852,24.272,-717,-457,-393,(Hela-3739:2385±30),-1000 - 0
DA197.SG,M,Hungary_IA_Scythian.SG,DamgaardNature2018,Hungary,Southeastern Europe,46.344,20.163,-729,-457,-388,(UBA-33600:2378±35),-1000 - 0
VIL007,M,Italy_Sardinia_IA_Punic_1,MarcusNatureCommunications2020,Italy,Italy,39.618,8.958,-537,-453,-403,,-1000 - 0
SFI-42.SG,M,Lebanon_IA3.SG,HaberAJHG2020,Lebanon,Other region,33.896,35.508,-713,-453,-395,(UBA-40972:2384±27),-1000 - 0
I8344,M,Spain_Greek_oLocal,OlaldeScience2019,Spain,Iberia,42.133,3.108,-500,-450,-400,,-1000 - 0
I12877,M,Spain_IA,OlaldeScience2019,Spain,Iberia,41.362,1.669,-550,-450,-350,,-1000 - 0
VIL009,F,Italy_Sardinia_IA_Punic_1,MarcusNatureCommunications2020,Italy,Italy,39.618,8.958,-700,-450,-200,,-1000 - 0
PECH5.SG,M,France_Occitanie_IA2.SG,BrunelPNAS2020,France,Other region,43.046,2.956,-600,-450,-300,,-1000 - 0
PECH8.SG,M,France_Occitanie_IA2.SG,BrunelPNAS2020,France,Other region,43.046,2.956,-600,-450,-300,,-1000 - 0
CLK001,M,Kazakhstan_Sarmatian_IA,KrauseGnecchiRusconeSciAdv2021,Kazakhstan,Other region,51.44,64.05,-600,-450,-300,,-1000 - 0
SFI-34.SG,M,Lebanon_IA3.SG,HaberAJHG2020,Lebanon,Other region,33.896,35.508,-540,-435,-330,,-1000 - 0
SFI-35.SG,M,Lebanon_IA3.SG,HaberAJHG2020,Lebanon,Other region,33.896,35.508,-540,-435,-330,,-1000 - 0
SFI-36.SG,F,Lebanon_IA3.SG,HaberAJHG2020,Lebanon,Other region,33.896,35.508,-540,-435,-330,,-1000 - 0
SFI-39.SG,M,Lebanon_IA3.SG,HaberAJHG2020,Lebanon,Other region,33.896,35.508,-540,-435,-330,,-1000 - 0
SFI-45.SG,M,Lebanon_IA3.SG,HaberAJHG2020,Lebanon,Other region,33.896,35.508,-540,-435,-330,,-1000 - 0
SFI-47.SG,M,Lebanon_IA3.SG,HaberAJHG2020,Lebanon,Other region,33.896,35.508,-540,-435,-330,,-1000 - 0
SFI-50.SG,F,Lebanon_IA3.SG,HaberAJHG2020,Lebanon,Other region,33.896,35.508,-540,-435,-330,,-1000 - 0
SFI-44.SG,M,Lebanon_IA3_o2.SG,HaberAJHG2020,Lebanon,Other region,33.896,35.508,-539,-434,-330,,-1000 - 0
I8341,M,Spain_Greek_oLocal,OlaldeScience2019,Spain,Iberia,42.133,3.108,-500,-425,-350,,-1000 - 0
I8210,M,Spain_Greek_oLocal,OlaldeScience2019,Spain,Iberia,42.133,3.108,-500,-425,-350,,-1000 - 0
I8212,M,Spain_Greek_oLocal,OlaldeScience2019,Spain,Iberia,42.133,3.108,-500,-425,-350,,-1000 - 0
I8214,F,Spain_Greek_oLocal,OlaldeScience2019,Spain,Iberia,42.133,3.108,-500,-425,-350,,-1000 - 0
PT2.SG,F,France_Occitanie_IA2.SG,BrunelPNAS2020,France,Other region,43.844,4.032,-500,-425,-350,,-1000 - 0
VIL004,F,Italy_Sardinia_IA_Punic_2,MarcusNatureCommunications2020,Italy,Italy,39.618,8.958,-513,-416,-393,,-1000 - 0
I12410,M,Spain_IA,OlaldeScience2019,Spain,Iberia,41.362,1.669,-537,-407,-379,(Beta-495153:2350±30),-1000 - 0
I12878,F,Spain_IA,OlaldeScience2019,Spain,Iberia,41.362,1.669,-535,-401,-237,(Beta-495155:2340±30),-1000 - 0
R435.SG,M,Italy_IA_Republic.SG,AntonioGaoMootsScience2019,Italy,Italy,41.795,12.779,-600,-400,-200,,-1000 - 0
AIG001,M,Kazakhstan_Sarmatian_IA,KrauseGnecchiRusconeSciAdv2021,Kazakhstan,Other region,43.7,51.33,-500,-400,-300,,-1000 - 0
AIG002,M,Kazakhstan_Sarmatian_IA,KrauseGnecchiRusconeSciAdv2021,Kazakhstan,Other region,43.7,51.33,-500,-400,-300,,-1000 - 0
AIG006,M,Kazakhstan_Sarmatian_IA,KrauseGnecchiRusconeSciAdv2021,Kazakhstan,Other region,43.7,51.33,-500,-400,-300,,-1000 - 0
SBL001,F,Kazakhstan_Sarmatian_IA_o2,KrauseGnecchiRusconeSciAdv2021,Kazakhstan,Other region,48.24,58.94,-600,-400,-200,,-1000 - 0
SGZ002,F,Kazakhstan_Sarmatian_IA,KrauseGnecchiRusconeSciAdv2021,Kazakhstan,Other region,49.24,54.45,-500,-400,-300,,-1000 - 0
s19_X04_1.SG,M,Estonia_IA.SG,SaagCurrentBiology2019,Estonia,Other region,58.334,22.02,-464,-396,-234,(SUERC-80015:2331±26),-1000 - 0
DA194.SG,F,Hungary_IA_Scythian.SG,DamgaardNature2018,Hungary,Southeastern Europe,46.344,20.163,-513,-391,-209,(UBA-33596:2322±36),-1000 - 0
LS-13.SG,M,Russia_EarlySarmatian_SouthernUrals.SG,JarveCurrentBiology2019,Russia,Other region,52.469,55.776,-511,-390,-209,(Poz-:2320±35),-1000 - 0
MJ-43.SG,F,Russia_EarlySarmatian_SouthernUrals.SG,JarveCurrentBiology2019,Russia,Other region,52.753,58.668,-411,-385,-210,(Poz-:2310±30),-1000 - 0
Kivutkalns194,M,Latvia_BA,MittnikNatureCommunications2018,Latvia,Other region,56.852,24.272,-404,-377,-210,(Hela-3737:2298±28),-1000 - 0
I3757,F,Spain_IA_Celt_o,OlaldeScience2019,Spain,Iberia,42.565,-2.586,-400,-350,-300,,-1000 - 0
DA134.SG,M,Russia_Sarmatian.SG,DamgaardNature2018,Russia,Western Pontic Steppe,47.293,39.546,-800,-350,100,,-1000 - 0
DA139.SG,F,Russia_Sarmatian.SG,DamgaardNature2018,Russia,Western Pontic Steppe,47.293,39.546,-800,-350,100,,-1000 - 0
DA141.SG,M,Russia_Sarmatian.SG,DamgaardNature2018,Russia,Western Pontic Steppe,47.284,39.533,-800,-350,100,,-1000 - 0
DA143.SG,F,Russia_Sarmatian.SG,DamgaardNature2018,Russia,Western Pontic Steppe,47.292,39.543,-800,-350,100,,-1000 - 0
DA144.SG,M,Russia_Sarmatian.SG,DamgaardNature2018,Russia,Western Pontic Steppe,47.293,39.546,-800,-350,100,,-1000 - 0
DA145.SG,M,Russia_Sarmatian.SG,DamgaardNature2018,Russia,Western Pontic Steppe,47.282,39.541,-800,-350,100,,-1000 - 0
DA26.SG,F,Kazakhstan_Sarmatian.SG,DamgaardNature2018,Kazakhstan,Other region,52.181,64.539,-800,-350,100,,-1000 - 0
DA136.SG,M,Russia_Sarmatian.SG,DamgaardNature2018,Russia,Western Pontic Steppe,47.284,39.533,-800,-350,100,,-1000 - 0
BSB002,F,Kazakhstan_Sarmatian_IA,KrauseGnecchiRusconeSciAdv2021,Kazakhstan,Other region,48.24,58.94,-500,-350,-200,,-1000 - 0
BSB004,M,Kazakhstan_Sarmatian_IA_o3,KrauseGnecchiRusconeSciAdv2021,Kazakhstan,Other region,48.24,58.94,-500,-350,-200,,-1000 - 0
KBU001,F,Kazakhstan_Sarmatian_IA,KrauseGnecchiRusconeSciAdv2021,Kazakhstan,Other region,48.24,58.94,-500,-350,-200,,-1000 - 0
KBU002,F,Kazakhstan_Sarmatian_IA,KrauseGnecchiRusconeSciAdv2021,Kazakhstan,Other region,48.24,58.94,-500,-350,-200,,-1000 - 0
KBU003,M,Kazakhstan_Sarmatian_IA,KrauseGnecchiRusconeSciAdv2021,Kazakhstan,Other region,48.24,58.94,-500,-350,-200,,-1000 - 0
KSK002,F,Kazakhstan_Sarmatian_IA_o1,KrauseGnecchiRusconeSciAdv2021,Kazakhstan,Other region,48.24,58.94,-500,-350,-200,,-1000 - 0
COL11.SG,F,France_GrandEst_IA2.SG,BrunelPNAS2020,France,Central Europe,48.079,7.359,-360,-340,-320,,-1000 - 0
COL153A.SG,F,France_GrandEst_IA2.SG,BrunelPNAS2020,France,Central Europe,48.079,7.359,-360,-340,-320,,-1000 - 0
COL153i.SG,F,France_GrandEst_IA2.SG,BrunelPNAS2020,France,Central Europe,48.079,7.359,-360,-340,-320,,-1000 - 0
I0574,F,Russia_IA_EarlySarmatian,UnterlanderNatureCommunications2017,Russia,Other region,51.991,53.87,-400,-300,-200,,-1000 - 0
I0575,M,Russia_IA_EarlySarmatian,UnterlanderNatureCommunications2017,Russia,Other region,51.991,53.87,-400,-300,-200,,-1000 - 0
R437.SG,M,Italy_IA_Republic_oEasternMediterranean.SG,AntonioGaoMootsScience2019,Italy,Italy,41.795,12.779,-400,-300,-200,,-1000 - 0
PEY163.SG,M,France_Occitanie_IA2.SG,BrunelPNAS2020,France,Other region,43.311,3.482,-400,-300,-200,,-1000 - 0
PEY53.SG,F,France_Occitanie_IA2.SG,BrunelPNAS2020,France,Other region,43.311,3.482,-400,-300,-200,,-1000 - 0
I3324,M,Spain_IA_o,OlaldeScience2019,Spain,Iberia,42.007,3.079,-356,-291,-171,(PSUAMS-2159:2190±20),-1000 - 0
I3759,M,Spain_IA_Celt,OlaldeScience2019,Spain,Iberia,42.565,-2.586,-359,-285,-173,(PSUAMS-2078:2195±25),-1000 - 0
scy305.SG,M,Moldova_Glinoe_Scythian.SG,KrzewinskaScienceAdvances2018,Moldova,Western Pontic Steppe,46.668,29.8,-394,-283,-207,(Poz-91118:2265±30),-1000 - 0
MJ-40.SG,M,Russia_EasternScythian_SouthernUrals_o.SG,JarveCurrentBiology2019,Russia,Other region,52.533,58.49,-394,-283,-207,(Poz-:2265±30),-1000 - 0
MJ-46.SG,F,Ukraine_IA_WesternScythian.SG,JarveCurrentBiology2019,Ukraine,Western Pontic Steppe,47.433,34.267,-366,-281,-169,(Poz-:2195±30),-1000 - 0
scy300.SG,F,Moldova_Glinoe_Scythian.SG,KrzewinskaScienceAdvances2018,Moldova,Western Pontic Steppe,46.668,29.8,-392,-280,-206,(Poz-91091:2260±30),-1000 - 0
MS10614.SG,F,Ibiza_Punic.SG,ZallouaScientificReports2018,Spain,Other region,38.981,1.301,-368,-280,-164,(Beta-:2190±30),-1000 - 0
scy304.SG,M,Moldova_Glinoe_Scythian.SG,KrzewinskaScienceAdvances2018,Moldova,Western Pontic Steppe,46.668,29.8,-366,-278,-152,(Poz-91116:2185±30),-1000 - 0
MJ-15.SG,M,Ukraine_IA_WesternScythian_Cimmerians_o2_dup.MJ-32.SG,JarveCurrentBiology2019,Ukraine,Western Pontic Steppe,49.967,35.776,-391,-278,-205,(Poz-:2255±30),-1000 - 0
MJ-32.SG,M,Ukraine_IA_WesternScythian_Cimmerians_o2.SG,JarveCurrentBiology2019,Ukraine,Western Pontic Steppe,49.972,35.393,-391,-278,-205,(Poz-:2255±30),-1000 - 0
MJ-44.SG,F,Russia_MiddleSarmatian_SouthernUrals.SG,JarveCurrentBiology2019,Russia,Other region,53.859,55.449,-366,-278,-152,(Poz-:2185±30),-1000 - 0
I0247,M,Russia_IA_Scythian_questionable,MathiesonNature2015,Russia,Other region,52.43,51.16,-383,-277,-179,(Beta-392493:2220±30),-1000 - 0
I3323,M,Spain_IA,OlaldeScience2019,Spain,Iberia,42.007,3.079,-371,-277,-199,(PSUAMS-2158:2215±20),-1000 - 0
I3758,F,Spain_IA_Celt,OlaldeScience2019,Spain,Iberia,42.565,-2.586,-371,-277,-199,(PSUAMS-3466:2215±20),-1000 - 0
scy311.SG,F,Moldova_Glinoe_Scythian.SG,KrzewinskaScienceAdvances2018,Moldova,Western Pontic Steppe,46.668,29.8,-389,-277,-198,(Poz-91119:2235±35),-1000 - 0
s19_V11_1.SG,F,Estonia_IA.SG,SaagCurrentBiology2019,Estonia,Other region,58.405,22.007,-384,-277,-178,(Poz-98256:2220±35),-1000 - 0
scy301.SG,M,Moldova_Glinoe_Scythian.SG,KrzewinskaScienceAdvances2018,Moldova,Western Pontic Steppe,46.668,29.8,-388,-276,-202,(Poz-91092:2240±30),-1000 - 0
scy303.SG,F,Moldova_Glinoe_Scythian_o2.SG,KrzewinskaScienceAdvances2018,Moldova,Western Pontic Steppe,46.668,29.8,-385,-276,-198,(Poz-91115:2225±30),-1000 - 0
MJ-34.SG,M,Ukraine_IA_WesternScythian.SG,JarveCurrentBiology2019,Ukraine,Western Pontic Steppe,49.865,35.278,-385,-276,-198,(Poz-:2225±30),-1000 - 0
MJ-39.SG,M,Russia_EarlySarmatian_SouthernUrals.SG,JarveCurrentBiology2019,Russia,Other region,51.978,57.844,-386,-276,-199,(Poz-:2230±30),-1000 - 0
ORC002,M,Italy_Sardinia_IA_Punic_2,MarcusNatureCommunications2020,Italy,Italy,39.667,9.426,-390,-276,-207,(MAMS-38281:2255±22),-1000 - 0
scy192.SG,F,Moldova_Glinoe_Scythian.SG,KrzewinskaScienceAdvances2018,Moldova,Western Pontic Steppe,46.668,29.8,-400,-275,-150,,-1000 - 0
scy193.SG,M,Moldova_Glinoe_Scythian_o1.SG,KrzewinskaScienceAdvances2018,Moldova,Western Pontic Steppe,46.668,29.8,-400,-275,-150,,-1000 - 0
scy197.SG,M,Moldova_Glinoe_Scythian.SG,KrzewinskaScienceAdvances2018,Moldova,Western Pontic Steppe,46.668,29.8,-400,-275,-150,,-1000 - 0
I8208,M,Spain_Hellenistic_oAegean,OlaldeScience2019,Spain,Iberia,42.133,3.108,-374,-274,-200,(PSUAMS-4277:2220±20),-1000 - 0
I10366,F,Italy_Sardinia_IA_1,FernandesNatureEcologyEvolution2020,Italy,Italy,39.81,8.84,-387,-273,-207,(PSUAMS-4874:2250±20),-1000 - 0
AIG003,F,Kazakhstan_Sarmatian_IA,KrauseGnecchiRusconeSciAdv2021,Kazakhstan,Other region,43.7,51.33,-384,-273,-203,,-1000 - 0
SGZ001,F,Kazakhstan_Sarmatian_IA,KrauseGnecchiRusconeSciAdv2021,Kazakhstan,Other region,49.24,54.45,-372,-273,-200,,-1000 - 0
Pr10.SG,M,Russia_EarlySarmatian.SG,VeeramahPNAS2018,Russia,Other region,51.763,55.127,-400,-250,-100,,-1000 - 0
Pr4.SG,M,Russia_EarlySarmatian.SG,VeeramahPNAS2018,Russia,Other region,51.763,55.127,-400,-250,-100,,-1000 - 0
I20752,F,Hungary_IA_LaTene,HarneyCheronetGenomeResearch2021,Hungary,Southeastern Europe,47.209,20.263,-500,-250,-1,,-1000 - 0
ATT26.SG,F,France_HautsDeFrance_IA2.SG,BrunelPNAS2020,France,Central Europe,49.413,3.048,-400,-250,-100,,-1000 - 0
ERS1164.SG,F,France_GrandEst_IA2.SG,BrunelPNAS2020,France,Central Europe,48.424,7.663,-400,-250,-100,,-1000 - 0
ERS86.SG,F,France_GrandEst_IA2.SG,BrunelPNAS2020,France,Central Europe,48.424,7.663,-400,-250,-100,,-1000 - 0
ERS88.SG,F,France_GrandEst_IA2.SG,BrunelPNAS2020,France,Central Europe,48.424,7.663,-400,-250,-100,,-1000 - 0
I3326,M,Spain_IA_o,OlaldeScience2019,Spain,Iberia,42.007,3.079,-250,-225,-200,,-1000 - 0
I3327,M,Spain_IA,OlaldeScience2019,Spain,Iberia,42.007,3.079,-250,-225,-200,,-1000 - 0
BFM265.SG,F,France_HautsDeFrance_IA2.SG,BrunelPNAS2020,France,Central Europe,49.39,3.392,-300,-225,-150,,-1000 - 0
I8203,F,Spain_Hellenistic_oLocal,OlaldeScience2019,Spain,Iberia,42.133,3.108,-300,-200,-100,,-1000 - 0
I8205,M,Spain_Hellenistic_oAegean,OlaldeScience2019,Spain,Iberia,42.133,3.108,-300,-200,-100,,-1000 - 0
I3320_published,M,Spain_IA_published,OlaldeScience2019,Spain,Iberia,40.138,-0.07,-300,-200,-100,,-1000 - 0
I3321_published,M,Spain_IA_published,OlaldeScience2019,Spain,Iberia,40.138,-0.07,-300,-200,-100,,-1000 - 0
scy011.SG,F,Ukraine_Scythian.SG,KrzewinskaScienceAdvances2018,Ukraine,Western Pontic Steppe,48.983,30.178,-354,-199,-56,(Beta-451572:2160±30),-1000 - 0
I0789.SG,F,England_IA.SG,SchiffelsNatureCommunications2016,United Kingdom,Britain and Ireland,52.099,0.277,-354,-191,-53,(SUERC-14246:2155±35),-1000 - 0
SFI-5.SG,M,Lebanon_Hellenistic.SG,HaberAJHG2020,Lebanon,Other region,33.897,35.512,-351,-186,-55,(UBA-40973:2152±29),-1000 - 0
SFI-12.SG,M,Lebanon_Hellenistic.SG,HaberAJHG2020,Lebanon,Other region,33.897,35.512,-346,-161,-53,(UBA-41184:2137±25),-1000 - 0
I8206,M,Spain_Hellenistic_oLocal,OlaldeScience2019,Spain,Iberia,42.133,3.108,-339,-151,-56,(PSUAMS-8173:2130±15),-1000 - 0
I20767,M,Hungary_IA_Scythian,HarneyCheronetGenomeResearch2021,Hungary,Southeastern Europe,47.982,21.06,-400,-150,100,,-1000 - 0
I20766,M,Hungary_IA_Scythian,HarneyCheronetGenomeResearch2021,Hungary,Southeastern Europe,47.982,21.06,-400,-150,100,,-1000 - 0
s19_V12_1.SG,M,Estonia_IA.SG,SaagCurrentBiology2019,Estonia,Other region,58.405,22.007,-348,-142,-44,(Poz-98257:2125±35),-1000 - 0
SFI-20.SG,F,Lebanon_Hellenistic.SG,HaberAJHG2020,Lebanon,Other region,33.897,35.512,-173,-91,6,(UBA-40969:2080±30),-1000 - 0
M1489.SG,F,England_IA_o.SG,MartinianoNatureCommunications2016,United Kingdom,Britain and Ireland,53.726,-0.53,-210,-85,40,,-1000 - 0
TU905_SX18,F,Switzerland_EBA_2,FurtwanglerNatureCommunications2020,Switzerland,Central Europe,47.45,9.292,-170,-82,14,(BE-8016:2071±33),-1000 - 0
SFI-15.SG,M,Lebanon_ERoman.SG,HaberAJHG2020,Lebanon,Other region,33.897,35.512,-168,-78,17,(UBA-40967:2067±33),-1000 - 0
MJ-38.SG,M,Russia_Sarmatian.SG,JarveCurrentBiology2019,Russia,Western Pontic Steppe,43.89,43.221,-161,-67,17,(Poz-:2060±30),-1000 - 0
SFI-11.SG,M,Lebanon_ERoman.SG,HaberAJHG2020,Lebanon,Other region,33.897,35.512,-149,-30,60,(UBA-41183:2040±30),-1000 - 0
I0156.SG,M,England_IA_ERoman.SG,SchiffelsNatureCommunications2016,United Kingdom,Britain and Ireland,52.08,0.18,-148,-27,60,(OxA-29573:2039±27),-1000 - 0
I0160.SG,M,England_IA.SG,SchiffelsNatureCommunications2016,United Kingdom,Britain and Ireland,52.08,0.18,-164,-19,115,(Wk-12599:2029±49),-1000 - 0
SFI-24.SG,F,Lebanon_ERoman.SG,HaberAJHG2020,Lebanon,Other region,33.897,35.511,-50,2,106,(UBA-41185:2010±26),0 - 1000
I10866,F,Spain_Roman_oMixed,OlaldeScience2019,Spain,Iberia,42.133,3.108,-42,3,60,(PSUAMS-5281:2005±15),0 - 1000
s19_VII15_1.SG,M,Russia_IA_Ingria.SG,SaagCurrentBiology2019,Russia,Other region,59.464,28.778,-41,39,119,(Poz-103328:1980±30),0 - 1000
VK582.SG,M,Denmark_IA.SG,MargaryanWillerslevNature2020,Denmark,Other region,56.05,9.94,1,50,100,,0 - 1000
R42.SG,F,Italy_Imperial_o4.SG,AntonioGaoMootsScience2019,Italy,Italy,41.748,12.259,26,88,125,(UCIAMS-198587:1940±15),0 - 1000
R111.SG,M,Italy_Imperial_o2.SG,AntonioGaoMootsScience2019,Italy,Italy,41.918,12.491,1,100,200,,0 - 1000
R113.SG,M,Italy_Imperial.SG,AntonioGaoMootsScience2019,Italy,Italy,41.918,12.491,1,100,200,,0 - 1000
R114.SG,F,Italy_Imperial.SG,AntonioGaoMootsScience2019,Italy,Italy,41.918,12.491,1,100,200,,0 - 1000
R115.SG,M,Italy_Imperial.SG,AntonioGaoMootsScience2019,Italy,Italy,41.918,12.491,1,100,200,,0 - 1000
R116.SG,M,Italy_Imperial_oCentralEuropean.SG,AntonioGaoMootsScience2019,Italy,Italy,41.918,12.491,1,100,200,,0 - 1000
R131.SG,M,Italy_Imperial.SG,AntonioGaoMootsScience2019,Italy,Italy,41.918,12.491,1,100,200,,0 - 1000
R436.SG,F,Italy_Imperial.SG,AntonioGaoMootsScience2019,Italy,Italy,41.795,12.779,1,100,200,,0 - 1000
R75.SG,F,Italy_Imperial.SG,AntonioGaoMootsScience2019,Italy,Italy,41.921,12.489,1,100,200,,0 - 1000
R76.SG,M,Italy_Imperial.SG,AntonioGaoMootsScience2019,Italy,Italy,41.921,12.489,1,100,200,,0 - 1000
R78.SG,F,Italy_Imperial.SG,AntonioGaoMootsScience2019,Italy,Italy,41.921,12.489,1,100,200,,0 - 1000
R81.SG,M,Italy_Imperial.SG,AntonioGaoMootsScience2019,Italy,Italy,41.921,12.489,1,100,200,,0 - 1000
VK532.SG,M,Denmark_IA.SG,MargaryanWillerslevNature2020,Denmark,Other region,55.655,12.245,1,100,200,,0 - 1000
R80.SG,F,Italy_Imperial_o1.SG,AntonioGaoMootsScience2019,Italy,Italy,41.921,12.489,27,105,205,(UCIAMS-213628:1925±25),0 - 1000
chy001.SG,F,Russia_LateSarmatian.SG,KrzewinskaScienceAdvances2018,Russia,Other region,51.067,55.067,28,118,209,(Ua-56442:1918±28),0 - 1000
R1547.SG,M,Italy_Imperial_o4.SG,AntonioGaoMootsScience2019,Italy,Italy,42.066,12.587,-27,136,300,,0 - 1000
R1548.SG,M,Italy_Imperial.SG,AntonioGaoMootsScience2019,Italy,Italy,42.066,12.587,-27,136,300,,0 - 1000
R1549.SG,M,Italy_Imperial.SG,AntonioGaoMootsScience2019,Italy,Italy,42.066,12.587,-27,136,300,,0 - 1000
R1550.SG,M,Italy_Imperial_o4.SG,AntonioGaoMootsScience2019,Italy,Italy,42.066,12.587,-27,136,300,,0 - 1000
R835.SG,M,Italy_Imperial.SG,AntonioGaoMootsScience2019,Italy,Italy,43.312,13.651,-27,136,300,,0 - 1000
R836.SG,F,Italy_Imperial.SG,AntonioGaoMootsScience2019,Italy,Italy,43.312,13.651,-27,136,300,,0 - 1000
s19_VIII7_1.SG,F,Russia_IA_Ingria.SG,SaagCurrentBiology2019,Russia,Other region,59.464,28.778,75,138,200,,0 - 1000
s19_VIII8_1.SG,M,Russia_IA_Ingria.SG,SaagCurrentBiology2019,Russia,Other region,59.464,28.778,75,138,200,,0 - 1000
s19_VIII9_1.SG,F,Russia_IA_Ingria.SG,SaagCurrentBiology2019,Russia,Other region,59.464,28.778,75,138,200,,0 - 1000
SFI-33.SG,F,Lebanon_ERoman.SG,HaberAJHG2020,Lebanon,Other region,33.897,35.511,31,149,234,(UBA-41186:1896±37),0 - 1000
I8474,F,Spain_Roman_oLocal,OlaldeScience2019,Spain,Iberia,42.133,3.108,100,150,200,,0 - 1000
I8475,F,Spain_Roman_oMixed,OlaldeScience2019,Spain,Iberia,42.133,3.108,100,150,200,,0 - 1000
I10865,M,Spain_Roman,OlaldeScience2019,Spain,Iberia,42.133,3.108,100,150,200,,0 - 1000
I8338,F,Spain_Roman_oAegean,OlaldeScience2019,Spain,Iberia,42.133,3.108,79,151,211,(PSUAMS-8222:1900±20),0 - 1000
R39.SG,F,Italy_Imperial.SG,AntonioGaoMootsScience2019,Italy,Italy,41.748,12.259,83,152,209,(UCIAMS-198887:1900±15),0 - 1000
R1551.SG,M,Italy_Imperial_o3.SG,AntonioGaoMootsScience2019,Italy,Italy,42.066,12.587,76,155,218,(UCIAMS-213637:1895±25),0 - 1000
I8216,M,Spain_Roman_oMixed,OlaldeScience2019,Spain,Iberia,42.133,3.108,81,156,213,(PSUAMS-4212:1895±20),0 - 1000
AIG005,M,Kazakhstan_Sarmatian_IA_o4,KrauseGnecchiRusconeSciAdv2021,Kazakhstan,Other region,43.7,51.33,82,161,219,,0 - 1000
chy002.SG,M,Russia_LateSarmatian.SG,KrzewinskaScienceAdvances2018,Russia,Other region,51.067,55.067,81,165,235,(Beta-451575:1880±30),0 - 1000
R123.SG,M,Italy_Imperial.SG,AntonioGaoMootsScience2019,Italy,Italy,41.685,13.15,124,170,217,(UCIAMS-198889:1875±15),0 - 1000
I8339,F,Spain_Roman_oLocal,OlaldeScience2019,Spain,Iberia,42.133,3.108,125,173,221,(PSUAMS-8175:1870±15),0 - 1000
AMC005,F,Italy_Sardinia_Roman,MarcusNatureCommunications2020,Italy,Italy,40.567,8.348,100,175,250,,0 - 1000
AMC001,F,Italy_Sardinia_Roman_o,MarcusNatureCommunications2020,Italy,Italy,40.567,8.348,126,178,232,(MAMS-39519:1863±22),0 - 1000
s19_VIII5_2.SG,F,Russia_IA_Ingria.SG,SaagCurrentBiology2019,Russia,Other region,59.468,28.804,75,188,300,,0 - 1000
tem002.SG,M,Russia_LateSarmatian.SG,KrzewinskaScienceAdvances2018,Russia,Other region,52.985,58.124,122,190,301,(Ua-56443:1850±28),0 - 1000
3DT16.SG,M,England_IA_Roman.SG,MartinianoNatureCommunications2016,United Kingdom,Britain and Ireland,53.958,-1.08,50,200,350,,0 - 1000
3DT26.SG,M,England_IA_Roman_oMiddleEast.SG,MartinianoNatureCommunications2016,United Kingdom,Britain and Ireland,53.958,-1.08,50,200,350,,0 - 1000
6DT18.SG,M,England_IA_Roman.SG,MartinianoNatureCommunications2016,United Kingdom,Britain and Ireland,53.958,-1.08,50,200,350,,0 - 1000
6DT21.SG,M,England_IA_Roman.SG,MartinianoNatureCommunications2016,United Kingdom,Britain and Ireland,53.958,-1.08,50,200,350,,0 - 1000
6DT22.SG,M,England_IA_Roman.SG,MartinianoNatureCommunications2016,United Kingdom,Britain and Ireland,53.958,-1.08,50,200,350,,0 - 1000
6DT23.SG,M,England_IA_Roman.SG,MartinianoNatureCommunications2016,United Kingdom,Britain and Ireland,53.958,-1.08,50,200,350,,0 - 1000
6DT3.SG,M,England_IA_Roman.SG,MartinianoNatureCommunications2016,United Kingdom,Britain and Ireland,53.958,-1.08,50,200,350,,0 - 1000
I8202,M,Spain_Roman_oLocal,OlaldeScience2019,Spain,Iberia,42.133,3.108,100,200,300,,0 - 1000
R125.SG,F,Italy_Imperial.SG,AntonioGaoMootsScience2019,Italy,Italy,41.685,13.15,1,200,400,,0 - 1000
R128.SG,M,Italy_Imperial.SG,AntonioGaoMootsScience2019,Italy,Italy,41.685,13.15,1,200,400,,0 - 1000
R1543.SG,M,Italy_Imperial.SG,AntonioGaoMootsScience2019,Italy,Italy,42.196,12.325,1,200,400,,0 - 1000
R1544.SG,F,Italy_Imperial.SG,AntonioGaoMootsScience2019,Italy,Italy,42.196,12.325,1,200,400,,0 - 1000
R1545.SG,M,Italy_Imperial.SG,AntonioGaoMootsScience2019,Italy,Italy,42.196,12.325,1,200,400,,0 - 1000
R37.SG,F,Italy_Imperial_oCentralEuropean.SG,AntonioGaoMootsScience2019,Italy,Italy,41.748,12.259,1,200,400,,0 - 1000
R38.SG,F,Italy_Imperial.SG,AntonioGaoMootsScience2019,Italy,Italy,41.748,12.259,1,200,400,,0 - 1000
R40.SG,F,Italy_Imperial.SG,AntonioGaoMootsScience2019,Italy,Italy,41.748,12.259,1,200,400,,0 - 1000
R41.SG,F,Italy_Imperial.SG,AntonioGaoMootsScience2019,Italy,Italy,41.748,12.259,1,200,400,,0 - 1000
R43.SG,F,Italy_Imperial.SG,AntonioGaoMootsScience2019,Italy,Italy,41.748,12.259,1,200,400,,0 - 1000
R44.SG,M,Italy_Imperial.SG,AntonioGaoMootsScience2019,Italy,Italy,41.748,12.259,1,200,400,,0 - 1000
R45.SG,F,Italy_Imperial_o1.SG,AntonioGaoMootsScience2019,Italy,Italy,41.748,12.259,1,200,400,,0 - 1000
R49.SG,F,Italy_Imperial.SG,AntonioGaoMootsScience2019,Italy,Italy,41.844,12.549,1,200,400,,0 - 1000
R51.SG,F,Italy_Imperial.SG,AntonioGaoMootsScience2019,Italy,Italy,41.844,12.549,1,200,400,,0 - 1000
R66.SG,M,Italy_Imperial.SG,AntonioGaoMootsScience2019,Italy,Italy,41.834,12.469,100,200,300,,0 - 1000
R67.SG,F,Italy_Imperial_o5.SG,AntonioGaoMootsScience2019,Italy,Italy,41.834,12.469,100,200,300,,0 - 1000
R68.SG,M,Italy_Imperial_o3.SG,AntonioGaoMootsScience2019,Italy,Italy,41.834,12.469,100,200,300,,0 - 1000
R69.SG,F,Italy_Imperial.SG,AntonioGaoMootsScience2019,Italy,Italy,41.834,12.469,100,200,300,,0 - 1000
R70.SG,M,Italy_Imperial_o4.SG,AntonioGaoMootsScience2019,Italy,Italy,41.834,12.469,100,200,300,,0 - 1000
R71.SG,F,Italy_Imperial.SG,AntonioGaoMootsScience2019,Italy,Italy,41.834,12.469,100,200,300,,0 - 1000
R72.SG,F,Italy_Imperial.SG,AntonioGaoMootsScience2019,Italy,Italy,41.834,12.469,100,200,300,,0 - 1000
R73.SG,F,Italy_Imperial.SG,AntonioGaoMootsScience2019,Italy,Italy,41.834,12.469,100,200,300,,0 - 1000
AMC014,M,Italy_Sardinia_Roman,MarcusNatureCommunications2020,Italy,Italy,40.567,8.348,126,212,307,(MAMS-39522:1837±26),0 - 1000
tem001.SG,F,Russia_LateSarmatian.SG,KrzewinskaScienceAdvances2018,Russia,Other region,52.985,58.124,129,224,322,(Ua-56453:1825±28),0 - 1000
R50.SG,M,Italy_Imperial.SG,AntonioGaoMootsScience2019,Italy,Italy,41.844,12.549,211,238,318,(UCIAMS-198888:1810±15),0 - 1000
tem003.SG,M,Russia_LateSarmatian.SG,KrzewinskaScienceAdvances2018,Russia,Other region,52.985,58.124,131,241,336,(Beta-451576:1810±30),0 - 1000
R132.SG,M,Italy_Imperial_oAfrica.SG,AntonioGaoMootsScience2019,Italy,Italy,41.889,12.501,214,291,338,(UCIAMS-213630:1790±25),0 - 1000
R47.SG,M,Italy_Imperial.SG,AntonioGaoMootsScience2019,Italy,Italy,41.844,12.549,241,297,338,(UCIAMS-198588:1765±15),0 - 1000
R126.SG,F,Italy_Imperial.SG,AntonioGaoMootsScience2019,Italy,Italy,41.685,13.15,243,299,348,(UCIAMS-198589:1755±15),0 - 1000
I4055_published,M,Spain_Roman_published,OlaldeScience2019,Spain,Iberia,37.178,-3.609,200,300,400,,0 - 1000
I3982,F,Spain_Roman,OlaldeScience2019,Spain,Iberia,37.178,-3.609,200,300,400,,0 - 1000
FN2.SG,M,Germany_Roman.SG,VeeramahPNAS2018,Germany,Central Europe,48.141,11.41,275,300,325,,0 - 1000
VK521.SG,M,Denmark_IA.SG,MargaryanWillerslevNature2020,Denmark,Other region,55.636,12.241,200,300,400,,0 - 1000
VK579.SG,M,Sweden_IA_1.SG,MargaryanWillerslevNature2020,Sweden,Other region,56.505,16.429,200,300,400,,0 - 1000
QED-7.SG,F,Lebanon_Roman.SG,HaberAJHG2018,Lebanon,Other region,34.052,35.776,246,328,404,,0 - 1000
MJ-37.SG,F,Ukraine_Chernyakhiv.SG,JarveCurrentBiology2019,Ukraine,Western Pontic Steppe,49.867,34,248,332,405,(Poz-:1730±30),0 - 1000
QED-2.SG,M,Lebanon_Roman.SG,HaberAJHG2018,Lebanon,Other region,34.052,35.776,250,349,416,,0 - 1000
I6490,F,Spain_Roman_oLocal,OlaldeScience2019,Spain,Iberia,41.274,1.178,200,350,500,,0 - 1000
DA119.SG,M,Slovakia_Poprad.SG,DamgaardNature2018,Slovakia,Southeastern Europe,49.078,20.317,200,350,500,,0 - 1000
DA171.SG,M,Lithuania_Late_Antiquity.SG,DamgaardNature2018,Lithuania,Other region,55.744,24.228,50,350,650,,0 - 1000
Ker1.SG,M,Crimea_Pantikapaion.SG,VeeramahPNAS2018,Crimea,Western Pontic Steppe,45.351,36.468,256,357,412,,0 - 1000
VK203.SG,M,Scotland_Viking.SG,MargaryanWillerslevNature2020,United Kingdom,Britain and Ireland,59.133,-3.319,54,361,668,,0 - 1000
I12223,M,Italy_Sardinia_LA_published,FernandesNatureEcologyEvolution2020,Italy,Italy,39.181,9.158,258,364,415,(PSUAMS-5427:1700±25),0 - 1000
HUN001,M,Hungary_Hun_Elite_IA,KrauseGnecchiRusconeSciAdv2021,Hungary,Southeastern Europe,47.5,19.04,262,392,428,,0 - 1000
VK213.SG,F,Denmark_IA.SG,MargaryanWillerslevNature2020,Denmark,Other region,55.73,12.12,261,395,529,(AAR-23142:1666±25),0 - 1000
R130.SG,M,Italy_LA.SG,AntonioGaoMootsScience2019,Italy,Italy,41.889,12.501,300,400,500,,0 - 1000
R133.SG,F,Italy_LA.SG,AntonioGaoMootsScience2019,Italy,Italy,41.889,12.501,300,400,500,,0 - 1000
R134.SG,F,Italy_LA.SG,AntonioGaoMootsScience2019,Italy,Italy,41.889,12.501,300,400,500,,0 - 1000
R136.SG,M,Italy_LA.SG,AntonioGaoMootsScience2019,Italy,Italy,41.889,12.501,300,400,500,,0 - 1000
R137.SG,F,Italy_LA.SG,AntonioGaoMootsScience2019,Italy,Italy,41.889,12.501,300,400,500,,0 - 1000
VK522.SG,F,Sweden_IA_2.SG,MargaryanWillerslevNature2020,Sweden,Other region,56.535,16.605,300,400,500,,0 - 1000
I3983,M,Spain_Roman,OlaldeScience2019,Spain,Iberia,37.178,-3.609,262,405,532,(PSUAMS-2081:1660±25),0 - 1000
KRY001,M,Kazakhstan_Hun_Elite_LIA,KrauseGnecchiRusconeSciAdv2021,Kazakhstan,Other region,50.47,57.06,266,406,421,,0 - 1000
MJ-19.SG,F,Ukraine_Chernyakhiv.SG,JarveCurrentBiology2019,Ukraine,Western Pontic Steppe,48.803,30.509,262,410,535,(Poz-:1655±30),0 - 1000
R31.SG,M,Italy_LA_oCentralEuropean_o3CentralEuropean.SG,AntonioGaoMootsScience2019,Italy,Italy,41.906,12.474,263,410,533,(UCIAMS-213627:1655±25),0 - 1000
AED513.SG,F,Germany_EarlyMedieval_o3.SG,VeeramahPNAS2018,Germany,Central Europe,48.296,11.903,265,416,534,,0 - 1000
Alh2.SG,F,Germany_EarlyMedieval.SG,VeeramahPNAS2018,Germany,Central Europe,48.58,12.2,261,417,538,,0 - 1000
QED-12.SG,F,Lebanon_Roman.SG,HaberAJHG2018,Lebanon,Other region,34.052,35.776,200,425,650,,0 - 1000
AEHIb.SG,F,Germany_EarlyMedieval_o1.SG,VeeramahPNAS2018,Germany,Central Europe,48.909,12.201,382,426,535,,0 - 1000
AED125b.SG,F,Germany_EarlyMedieval.SG,VeeramahPNAS2018,Germany,Central Europe,48.296,11.903,383,431,536,,0 - 1000
STR328c.SG,F,Germany_EarlyMedieval_o2.SG,VeeramahPNAS2018,Germany,Central Europe,48.89,12.57,404,431,536,,0 - 1000
DA27.SG,M,Kazakhstan_Nomad_Hun_Sarmatian.SG,DamgaardNature2018,Kazakhstan,Other region,52.837,62.894,266,432,538,(UBA-31149:1641±33),0 - 1000
Alh1.SG,M,Germany_EarlyMedieval.SG,VeeramahPNAS2018,Germany,Central Europe,48.58,12.2,250,450,650,,0 - 1000
Alh3a.SG,F,Germany_EarlyMedieval.SG,VeeramahPNAS2018,Germany,Central Europe,48.58,12.2,405,450,536,,0 - 1000
STR535.SG,F,Germany_EarlyMedieval_o1.SG,VeeramahPNAS2018,Germany,Central Europe,48.89,12.57,409,467,536,,0 - 1000
NW54.SG,F,Germany_EarlyMedieval_o1.SG,VeeramahPNAS2018,Germany,Central Europe,48.98,12.14,409,468,537,,0 - 1000
I0773.SG,F,England_EarlyMedieval_Saxon.SG,SchiffelsNatureCommunications2016,United Kingdom,Britain and Ireland,52.261,0.069,406,470,542,(Beta-397732:1620±30),0 - 1000
Alh10.SG,M,Germany_EarlyMedieval.SG,VeeramahPNAS2018,Germany,Central Europe,48.58,12.2,413,471,537,,0 - 1000
BIM33.SG,F,Germany_EarlyMedieval.SG,VeeramahPNAS2018,Germany,Central Europe,49.01,12.15,414,472,537,,0 - 1000
STR228.SG,F,Germany_EarlyMedieval_o3.SG,VeeramahPNAS2018,Germany,Central Europe,48.89,12.57,418,477,538,,0 - 1000
I0774.SG,F,England_EarlyMedieval_Saxon.SG,SchiffelsNatureCommunications2016,United Kingdom,Britain and Ireland,52.261,0.069,417,480,544,(Beta-397733:1600±30),0 - 1000
AED1108.SG,F,Germany_EarlyMedieval_o2.SG,VeeramahPNAS2018,Germany,Central Europe,48.296,11.903,421,480,538,,0 - 1000
I3576,M,Spain_Visigoth_Granada,OlaldeScience2019,Spain,Iberia,37.324,-4.006,421,482,541,(PSUAMS-2117:1595±25),0 - 1000
NW255a.SG,F,Germany_EarlyMedieval.SG,VeeramahPNAS2018,Germany,Central Europe,48.98,12.14,422,482,540,,0 - 1000
SZ27,M,Hungary_Langobard_o2,AmorimNatureCommunications2018,Hungary,Southeastern Europe,46.283,17.85,419,482,542,,0 - 1000
I0777.SG,F,England_EarlyMedieval_Saxon.SG,SchiffelsNatureCommunications2016,United Kingdom,Britain and Ireland,52.261,0.069,418,484,547,(Beta-397734:1590±30),0 - 1000
SZ13,M,Hungary_Langobard_son.SZ24_father.SZ7_brother.SZ22,AmorimNatureCommunications2018,Hungary,Southeastern Europe,46.283,17.85,424,487,550,,0 - 1000
SZ19,F,Hungary_Langobard_o1,AmorimNatureCommunications2018,Hungary,Southeastern Europe,46.283,17.85,431,491,562,,0 - 1000
AED106.SG,M,Germany_EarlyMedieval.SG,VeeramahPNAS2018,Germany,Central Europe,48.296,11.903,480,495,510,,0 - 1000
AED204.SG,F,Germany_EarlyMedieval.SG,VeeramahPNAS2018,Germany,Central Europe,48.296,11.903,480,495,510,,0 - 1000
AED249.SG,M,Germany_EarlyMedieval_o3.SG,VeeramahPNAS2018,Germany,Central Europe,48.296,11.903,480,495,510,,0 - 1000
AED92b.SG,M,Germany_EarlyMedieval.SG,VeeramahPNAS2018,Germany,Central Europe,48.296,11.903,480,495,510,,0 - 1000
STR241.SG,M,Germany_EarlyMedieval.SG,VeeramahPNAS2018,Germany,Central Europe,48.89,12.57,480,495,510,,0 - 1000
STR316b.SG,M,Germany_EarlyMedieval.SG,VeeramahPNAS2018,Germany,Central Europe,48.89,12.57,480,495,510,,0 - 1000
STR393b.SG,M,Germany_EarlyMedieval.SG,VeeramahPNAS2018,Germany,Central Europe,48.89,12.57,460,495,530,,0 - 1000
STR486.SG,M,Germany_EarlyMedieval.SG,VeeramahPNAS2018,Germany,Central Europe,48.89,12.57,460,495,530,,0 - 1000
I0769.SG,F,England_EarlyMedieval_Saxon.SG,SchiffelsNatureCommunications2016,United Kingdom,Britain and Ireland,52.261,0.069,427,497,573,(Beta-397731:1560±30),0 - 1000
I3981,M,Spain_Roman,OlaldeScience2019,Spain,Iberia,37.178,-3.609,400,500,600,,0 - 1000
I3574,F,Spain_Visigoth_Granada,OlaldeScience2019,Spain,Iberia,37.324,-4.006,400,500,600,,0 - 1000
I3575,M,Spain_Visigoth_Granada,OlaldeScience2019,Spain,Iberia,37.324,-4.006,400,500,600,,0 - 1000
I3577,F,Spain_Visigoth_Granada,OlaldeScience2019,Spain,Iberia,37.324,-4.006,400,500,600,,0 - 1000
I3578,F,Spain_Visigoth_Granada,OlaldeScience2019,Spain,Iberia,37.324,-4.006,400,500,600,,0 - 1000
I3579,M,Spain_Visigoth_Granada,OlaldeScience2019,Spain,Iberia,37.324,-4.006,400,500,600,,0 - 1000
I3581,F,Spain_Visigoth_Granada,OlaldeScience2019,Spain,Iberia,37.324,-4.006,400,500,600,,0 - 1000
I3582,M,Spain_Visigoth_Granada,OlaldeScience2019,Spain,Iberia,37.324,-4.006,400,500,600,,0 - 1000
I3583_published,M,Spain_Visigoth_Granada_published,OlaldeScience2019,Spain,Iberia,37.324,-4.006,400,500,600,,0 - 1000
R105.SG,M,Italy_LA_oCentralEuropean_o1CentralEuropean.SG,AntonioGaoMootsScience2019,Italy,Italy,41.895,12.476,400,500,600,,0 - 1000
R106.SG,F,Italy_LA_oCentralEuropean_o2CentralEuropean.SG,AntonioGaoMootsScience2019,Italy,Italy,41.895,12.476,400,500,600,,0 - 1000
R107.SG,M,Italy_LA.SG,AntonioGaoMootsScience2019,Italy,Italy,41.895,12.476,400,500,600,,0 - 1000
R108.SG,M,Italy_LA_oCentralEuropean_o1CentralEuropean.SG,AntonioGaoMootsScience2019,Italy,Italy,41.895,12.476,400,500,600,,0 - 1000
R109.SG,F,Italy_LA_oCentralEuropean_o1CentralEuropean.SG,AntonioGaoMootsScience2019,Italy,Italy,41.895,12.476,400,500,600,,0 - 1000
R110.SG,M,Italy_LA_oCentralEuropean_o1CentralEuropean.SG,AntonioGaoMootsScience2019,Italy,Italy,41.895,12.476,400,500,600,,0 - 1000
R117.SG,M,Italy_LA.SG,AntonioGaoMootsScience2019,Italy,Italy,41.755,12.295,400,500,600,,0 - 1000
R118.SG,M,Italy_LA.SG,AntonioGaoMootsScience2019,Italy,Italy,41.755,12.295,400,500,600,,0 - 1000
R120.SG,M,Italy_LA.SG,AntonioGaoMootsScience2019,Italy,Italy,41.755,12.295,400,500,600,,0 - 1000
R121.SG,F,Italy_LA.SG,AntonioGaoMootsScience2019,Italy,Italy,41.755,12.295,400,500,600,,0 - 1000
R122.SG,F,Italy_LA.SG,AntonioGaoMootsScience2019,Italy,Italy,41.755,12.295,400,500,600,,0 - 1000
R30.SG,M,Italy_LA.SG,AntonioGaoMootsScience2019,Italy,Italy,41.906,12.474,300,500,700,,0 - 1000
R32.SG,M,Italy_LA.SG,AntonioGaoMootsScience2019,Italy,Italy,41.906,12.474,300,500,700,,0 - 1000
R33.SG,M,Italy_LA_oCentralEuropean_o1CentralEuropean.SG,AntonioGaoMootsScience2019,Italy,Italy,41.906,12.474,300,500,700,,0 - 1000
R34.SG,M,Italy_LA.SG,AntonioGaoMootsScience2019,Italy,Italy,41.906,12.474,300,500,700,,0 - 1000
R35.SG,F,Italy_LA.SG,AntonioGaoMootsScience2019,Italy,Italy,41.886,12.49,400,500,600,,0 - 1000
R36.SG,M,Italy_LA.SG,AntonioGaoMootsScience2019,Italy,Italy,41.886,12.49,400,500,600,,0 - 1000
VK201.SG,M,Scotland_Viking_o.SG,MargaryanWillerslevNature2020,United Kingdom,Britain and Ireland,59.134,-3.323,404,500,596,,0 - 1000
VK390.SG,M,Norway_IA.SG,MargaryanWillerslevNature2020,Norway,Other region,59.22,9.59,400,500,600,,0 - 1000
VK391.SG,F,Norway_IA.SG,MargaryanWillerslevNature2020,Norway,Other region,59.22,9.59,400,500,600,,0 - 1000
VK523.SG,F,Norway_IA.SG,MargaryanWillerslevNature2020,Norway,Other region,63.83,9.7,1,500,1000,,0 - 1000
AED1135b.SG,F,Germany_EarlyMedieval_o3.SG,VeeramahPNAS2018,Germany,Central Europe,48.296,11.903,480,505,530,,0 - 1000
AED432b.SG,F,Germany_EarlyMedieval.SG,VeeramahPNAS2018,Germany,Central Europe,48.296,11.903,480,505,530,,0 - 1000
STR220c.SG,F,Germany_EarlyMedieval.SG,VeeramahPNAS2018,Germany,Central Europe,48.89,12.57,480,505,530,,0 - 1000
SZ12,M,Hungary_Langobard,AmorimNatureCommunications2018,Hungary,Southeastern Europe,46.283,17.85,412,508,604,,0 - 1000
SZ14,M,Hungary_Langobard,AmorimNatureCommunications2018,Hungary,Southeastern Europe,46.283,17.85,412,508,604,,0 - 1000
SZ16,M,Hungary_Langobard,AmorimNatureCommunications2018,Hungary,Southeastern Europe,46.283,17.85,412,508,604,,0 - 1000
SZ18,M,Hungary_Langobard_o2,AmorimNatureCommunications2018,Hungary,Southeastern Europe,46.283,17.85,412,508,604,,0 - 1000
SZ23,M,Hungary_Langobard,AmorimNatureCommunications2018,Hungary,Southeastern Europe,46.283,17.85,412,508,604,,0 - 1000
SZ25,F,Hungary_Langobard,AmorimNatureCommunications2018,Hungary,Southeastern Europe,46.283,17.85,412,508,604,,0 - 1000
SZ28,F,Hungary_Langobard_o2,AmorimNatureCommunications2018,Hungary,Southeastern Europe,46.283,17.85,412,508,604,,0 - 1000
SZ30,F,Hungary_Langobard,AmorimNatureCommunications2018,Hungary,Southeastern Europe,46.283,17.85,412,508,604,,0 - 1000
SZ31,F,Hungary_Langobard_o1,AmorimNatureCommunications2018,Hungary,Southeastern Europe,46.283,17.85,412,508,604,,0 - 1000
SZ32,F,Hungary_Langobard_o1,AmorimNatureCommunications2018,Hungary,Southeastern Europe,46.283,17.85,412,508,604,,0 - 1000
SZ38,F,Hungary_Langobard,AmorimNatureCommunications2018,Hungary,Southeastern Europe,46.283,17.85,412,508,604,,0 - 1000
SZ40,F,Hungary_Langobard_o1,AmorimNatureCommunications2018,Hungary,Southeastern Europe,46.283,17.85,412,508,604,,0 - 1000
SZ41,F,Hungary_Langobard,AmorimNatureCommunications2018,Hungary,Southeastern Europe,46.283,17.85,412,508,604,,0 - 1000
SZ42,M,Hungary_Langobard,AmorimNatureCommunications2018,Hungary,Southeastern Europe,46.283,17.85,412,508,604,,0 - 1000
SZ6,M,Hungary_Langobard_o2_brother.SZ14_brother.SZ8,AmorimNatureCommunications2018,Hungary,Southeastern Europe,46.283,17.85,412,508,604,,0 - 1000
SZ9,F,Hungary_Langobard,AmorimNatureCommunications2018,Hungary,Southeastern Europe,46.283,17.85,412,508,604,,0 - 1000
SZ11.SG,M,Hungary_Langobard.SG,AmorimNatureCommunications2018,Hungary,Southeastern Europe,46.283,17.85,412,508,604,,0 - 1000
SZ15.SG,M,Hungary_Langobard.SG,AmorimNatureCommunications2018,Hungary,Southeastern Europe,46.283,17.85,412,508,604,,0 - 1000
SZ2.SG,M,Hungary_Langobard.SG,AmorimNatureCommunications2018,Hungary,Southeastern Europe,46.283,17.85,412,508,604,,0 - 1000
SZ36.SG,M,Hungary_Langobard_o1.SG,AmorimNatureCommunications2018,Hungary,Southeastern Europe,46.283,17.85,412,508,604,,0 - 1000
SZ3.SG,M,Hungary_Langobard.SG,AmorimNatureCommunications2018,Hungary,Southeastern Europe,46.283,17.85,412,508,604,,0 - 1000
SZ45.SG,M,Hungary_Langobard_o2.SG,AmorimNatureCommunications2018,Hungary,Southeastern Europe,46.283,17.85,412,508,604,,0 - 1000
SZ4.SG,M,Hungary_Langobard.SG,AmorimNatureCommunications2018,Hungary,Southeastern Europe,46.283,17.85,412,508,604,,0 - 1000
SZ5.SG,M,Hungary_Langobard.SG,AmorimNatureCommunications2018,Hungary,Southeastern Europe,46.283,17.85,412,508,604,,0 - 1000
AED1119.SG,F,Germany_EarlyMedieval.SG,VeeramahPNAS2018,Germany,Central Europe,48.296,11.903,510,520,530,,0 - 1000
STR266b.SG,F,Germany_EarlyMedieval.SG,VeeramahPNAS2018,Germany,Central Europe,48.89,12.57,510,520,530,,0 - 1000
STR300b.SG,F,Germany_EarlyMedieval_o1.SG,VeeramahPNAS2018,Germany,Central Europe,48.89,12.57,510,520,530,,0 - 1000
STR310.SG,F,Germany_EarlyMedieval_o1.SG,VeeramahPNAS2018,Germany,Central Europe,48.89,12.57,510,520,530,,0 - 1000
STR355c.SG,F,Germany_EarlyMedieval.SG,VeeramahPNAS2018,Germany,Central Europe,48.89,12.57,510,520,530,,0 - 1000
STR360c.SG,F,Germany_EarlyMedieval_o4.SG,VeeramahPNAS2018,Germany,Central Europe,48.89,12.57,510,520,530,,0 - 1000
STR480.SG,F,Germany_EarlyMedieval.SG,VeeramahPNAS2018,Germany,Central Europe,48.89,12.57,510,520,530,,0 - 1000
SZ37,M,Hungary_Langobard_o1,AmorimNatureCommunications2018,Hungary,Southeastern Europe,46.283,17.85,434,538,593,,0 - 1000
STR248b.SG,F,Germany_EarlyMedieval_o3.SG,VeeramahPNAS2018,Germany,Central Europe,48.89,12.57,530,545,560,,0 - 1000
Vim2b.SG,M,Serbia_Medieval_Gepidian.SG,VeeramahPNAS2018,Serbia,Southeastern Europe,44.73,21.23,525,550,575,,0 - 1000
JK1968,F,Finland_Levanluhta,LamnidisNatureCommunications2018,Finland,Other region,62.949,22.41,300,550,800,,0 - 1000
JK1970,F,Finland_Levanluhta,LamnidisNatureCommunications2018,Finland,Other region,62.949,22.41,300,550,800,,0 - 1000
JK2065,F,Finland_Levanluhta_B,LamnidisNatureCommunications2018,Finland,Other region,62.949,22.41,300,550,800,,0 - 1000
QED-4.SG,F,Lebanon_Roman.SG,HaberAJHG2018,Lebanon,Other region,34.052,35.776,434,556,641,,0 - 1000
RISE174.SG,M,Sweden_IA.SG,AllentoftNature2015,Sweden,Other region,55.545,13.098,434,557,638,(UBA-28275:1521±38),0 - 1000
SZ43.SG,M,Hungary_Langobard_o1.SG,AmorimNatureCommunications2018,Hungary,Southeastern Europe,46.283,17.85,438,563,633,,0 - 1000
I3980,F,Spain_Roman,OlaldeScience2019,Spain,Iberia,37.178,-3.609,482,565,602,(PSUAMS-2110:1520±20),0 - 1000
DA237.SG,F,Finland_Saami_IA.SG,SikoraNature2019,Finland,Other region,62.9,22.4,436,570,643,(UBA-32346:1508±38),0 - 1000
STR502b.SG,F,Germany_EarlyMedieval_o1.SG,VeeramahPNAS2018,Germany,Central Europe,48.89,12.57,547,584,639,,0 - 1000
AV1,F,Hungary_Avar_5,AmorimNatureCommunications2018,Hungary,Southeastern Europe,46.283,17.85,549,588,640,,0 - 1000
BIM37b.SG,M,Germany_EarlyMedieval.SG,VeeramahPNAS2018,Germany,Central Europe,49.01,12.15,580,600,620,,0 - 1000
I12031,M,Spain_Girona_Visigoth,OlaldeScience2019,Spain,Iberia,42.017,2.815,500,600,700,,0 - 1000
I12032_published,M,Spain_Girona_Visigoth_published,OlaldeScience2019,Spain,Iberia,42.017,2.815,500,600,700,,0 - 1000
I12033_published,M,Spain_Girona_Visigoth_published,OlaldeScience2019,Spain,Iberia,42.017,2.815,500,600,700,,0 - 1000
I12034,F,Spain_Girona_Visigoth,OlaldeScience2019,Spain,Iberia,42.017,2.815,500,600,700,,0 - 1000
I12163,F,Spain_Girona_Visigoth,OlaldeScience2019,Spain,Iberia,42.017,2.815,500,600,700,,0 - 1000
I12162,M,Spain_Girona_Visigoth,OlaldeScience2019,Spain,Iberia,42.017,2.815,500,600,700,,0 - 1000
CL121,M,Italy_North_EarlyMedieval_Langobards_3,AmorimNatureCommunications2018,Italy,Italy,45.079,7.578,580,605,630,,0 - 1000
CL146,M,Italy_North_EarlyMedieval_Langobards_1,AmorimNatureCommunications2018,Italy,Italy,45.079,7.578,580,605,630,,0 - 1000
CL23,M,Italy_North_EarlyMedieval_Langobards_2,AmorimNatureCommunications2018,Italy,Italy,45.079,7.578,580,605,630,,0 - 1000
CL25,F,Italy_North_EarlyMedieval_Langobards_3,AmorimNatureCommunications2018,Italy,Italy,45.079,7.578,580,605,630,,0 - 1000
CL30,M,Italy_North_EarlyMedieval_Langobards_3,AmorimNatureCommunications2018,Italy,Italy,45.079,7.578,580,605,630,,0 - 1000
CL36,F,Italy_North_EarlyMedieval_Langobards_2,AmorimNatureCommunications2018,Italy,Italy,45.079,7.578,580,605,630,,0 - 1000
CL38,M,Italy_North_EarlyMedieval_Langobards_3,AmorimNatureCommunications2018,Italy,Italy,45.079,7.578,580,605,630,,0 - 1000
CL47,F,Italy_North_EarlyMedieval_Langobards_2,AmorimNatureCommunications2018,Italy,Italy,45.079,7.578,580,605,630,,0 - 1000
CL57,M,Italy_North_EarlyMedieval_Langobards_2,AmorimNatureCommunications2018,Italy,Italy,45.079,7.578,580,605,630,,0 - 1000
CL63,M,Italy_North_EarlyMedieval_Langobards_2,AmorimNatureCommunications2018,Italy,Italy,45.079,7.578,580,605,630,,0 - 1000
CL87,F,Italy_North_EarlyMedieval_Langobards_1_mother.CL83_mother.CL84_daughter.CL102,AmorimNatureCommunications2018,Italy,Italy,45.079,7.578,580,605,630,,0 - 1000
CL93,M,Italy_North_EarlyMedieval_Langobards_1,AmorimNatureCommunications2018,Italy,Italy,45.079,7.578,580,605,630,,0 - 1000
CL94,M,Italy_North_EarlyMedieval_Langobards_2,AmorimNatureCommunications2018,Italy,Italy,45.079,7.578,580,605,630,,0 - 1000
NIEcap1,M,Germany_EarlyMedieval_Alemanic_brother.NIEcap3_father.NIEcap6_son.NIEcap9,SullivanScienceAdvances2018,Germany,Central Europe,48.541,10.233,580,605,630,,0 - 1000
NIEcap12a,M,Germany_EarlyMedieval_Alemanic_Byzantine,SullivanScienceAdvances2018,Germany,Central Europe,48.541,10.233,580,605,630,,0 - 1000
NIEcap3c,M,Germany_EarlyMedieval_Alemanic_Byzantine_dup.NIEcap3a,SullivanScienceAdvances2018,Germany,Central Europe,48.541,10.233,580,605,630,,0 - 1000
NIEcap3b,M,Germany_EarlyMedieval_Alemanic_Byzantine,SullivanScienceAdvances2018,Germany,Central Europe,48.541,10.233,580,605,630,,0 - 1000
NIEcap12c,M,Germany_EarlyMedieval_Alemanic_Byzantine,SullivanScienceAdvances2018,Germany,Central Europe,48.541,10.233,580,605,630,,0 - 1000
R104.SG,M,Italy_LA_oSardiniaLike.SG,AntonioGaoMootsScience2019,Italy,Italy,41.895,12.476,602,634,658,(UCIAMS-213629:1410±25),0 - 1000
I3775,M,Spain_Visigoth_Barcelona,OlaldeScience2019,Spain,Iberia,41.981,2.31,600,650,700,,0 - 1000
I3776,F,Spain_Visigoth_Barcelona,OlaldeScience2019,Spain,Iberia,41.981,2.31,600,650,700,,0 - 1000
I3777,F,Spain_Visigoth_Barcelona,OlaldeScience2019,Spain,Iberia,41.981,2.31,600,650,700,,0 - 1000
I3866,M,Spain_Visigoth_Barcelona,OlaldeScience2019,Spain,Iberia,41.981,2.31,600,650,700,,0 - 1000
DA146.SG,F,Russia_Alan.SG,DamgaardNature2018,Russia,Western Pontic Steppe,42.862,44.185,450,650,850,,0 - 1000
DA160.SG,F,Russia_Alan.SG,DamgaardNature2018,Russia,Western Pontic Steppe,42.862,44.185,450,650,850,,0 - 1000
DA161.SG,M,Russia_Alan_o.SG,DamgaardNature2018,Russia,Western Pontic Steppe,42.826,44.116,450,650,850,,0 - 1000
DA162.SG,M,Russia_Alan.SG,DamgaardNature2018,Russia,Western Pontic Steppe,43.217,44.538,450,650,850,,0 - 1000
I12220_published,M,Italy_Sardinia_LA_published,FernandesNatureEcologyEvolution2020,Italy,Italy,39.181,9.158,574,658,773,(PSUAMS-5283:1465±15);(PSUAMS-6158:1275±20),0 - 1000
I8343,M,Spain_Roman_oMixed,OlaldeScience2019,Spain,Iberia,42.133,3.108,648,660,674,(PSUAMS-8223:1355±15),0 - 1000
DA190.SG,M,Russia_SaltovoMayaki.SG,DamgaardNature2018,Russia,Western Pontic Steppe,50.476,36.983,610,668,773,(UBA-31237:1351±32),0 - 1000
VK506.SG,M,Estonia_EarlyViking.SG,MargaryanWillerslevNature2020,Estonia,Other region,58.17,22.25,653,701,773,(Hela-191:1320±30),0 - 1000
I0159.SG,F,England_EarlyMedieval_Saxon.SG,SchiffelsNatureCommunications2016,United Kingdom,Britain and Ireland,52.08,0.18,644,711,821,(OxA-X-2565-12:1320±45),0 - 1000
VK296.SG,M,Denmark_EarlyViking.SG,MargaryanWillerslevNature2020,Denmark,Other region,55.15,11.87,660,720,780,,0 - 1000
RISE569.SG,F,Czech_EarlySlav_dup.I4137.SG,AllentoftNature2015,Czech Republic,Central Europe,50.19,14.158,661,721,773,(Poz-84461:1300±30),0 - 1000
I0157.SG,F,England_EarlyMedieval_Saxon.SG,SchiffelsNatureCommunications2016,United Kingdom,Britain and Ireland,52.08,0.18,667,723,773,(OxA-29574:1288±25),0 - 1000
I3585,M,Spain_Visigoth_Granada,OlaldeScience2019,Spain,Iberia,36.957,-4.12,675,736,875,(PSUAMS-2074:1250±25),0 - 1000
VK483.SG,M,Estonia_EarlyViking.SG,MargaryanWillerslevNature2020,Estonia,Other region,58.17,22.25,674,742,877,(Beta-509632:1250±30),0 - 1000
RISE568.SG,F,Czech_EarlySlav.SG,AllentoftNature2015,Czech Republic,Central Europe,50.19,14.158,600,750,900,,0 - 1000
NO3423.SG,M,England_EarlyMedieval_Saxon.SG,MartinianoNatureCommunications2016,United Kingdom,Britain and Ireland,53.633,-1.175,600,750,900,,0 - 1000
VK297.SG,M,Denmark_EarlyViking.SG,MargaryanWillerslevNature2020,Denmark,Other region,55.15,11.87,670,750,830,,0 - 1000
VK379.SG,M,Sweden_EarlyViking.SG,MargaryanWillerslevNature2020,Sweden,Other region,57.35,17.076,700,750,800,,0 - 1000
VK382.SG,M,Sweden_EarlyViking.SG,MargaryanWillerslevNature2020,Sweden,Other region,57.35,17.076,700,750,800,,0 - 1000
VK480.SG,M,Estonia_EarlyViking.SG,MargaryanWillerslevNature2020,Estonia,Other region,58.17,22.25,700,750,800,,0 - 1000
VK481.SG,M,Estonia_EarlyViking.SG,MargaryanWillerslevNature2020,Estonia,Other region,58.17,22.25,700,750,800,,0 - 1000
VK482.SG,M,Estonia_EarlyViking.SG,MargaryanWillerslevNature2020,Estonia,Other region,58.17,22.25,700,750,800,,0 - 1000
VK484.SG,M,Estonia_EarlyViking.SG,MargaryanWillerslevNature2020,Estonia,Other region,58.17,22.25,700,750,800,,0 - 1000
VK486.SG,M,Estonia_EarlyViking.SG,MargaryanWillerslevNature2020,Estonia,Other region,58.17,22.25,700,750,800,,0 - 1000
VK487.SG,M,Estonia_EarlyViking.SG,MargaryanWillerslevNature2020,Estonia,Other region,58.17,22.25,700,750,800,,0 - 1000
VK488.SG,M,Estonia_EarlyViking.SG,MargaryanWillerslevNature2020,Estonia,Other region,58.17,22.25,700,750,800,,0 - 1000
VK489.SG,M,Estonia_EarlyViking.SG,MargaryanWillerslevNature2020,Estonia,Other region,58.17,22.25,700,750,800,,0 - 1000
VK491.SG,M,Estonia_EarlyViking.SG,MargaryanWillerslevNature2020,Estonia,Other region,58.17,22.25,700,750,800,,0 - 1000
VK492.SG,M,Estonia_EarlyViking.SG,MargaryanWillerslevNature2020,Estonia,Other region,58.17,22.25,700,750,800,,0 - 1000
VK493.SG,M,Estonia_EarlyViking.SG,MargaryanWillerslevNature2020,Estonia,Other region,58.17,22.25,700,750,800,,0 - 1000
VK495.SG,M,Estonia_EarlyViking.SG,MargaryanWillerslevNature2020,Estonia,Other region,58.17,22.25,700,750,800,,0 - 1000
VK496.SG,M,Estonia_EarlyViking.SG,MargaryanWillerslevNature2020,Estonia,Other region,58.17,22.25,700,750,800,,0 - 1000
VK498.SG,M,Estonia_EarlyViking.SG,MargaryanWillerslevNature2020,Estonia,Other region,58.17,22.25,700,750,800,,0 - 1000
VK504.SG,M,Estonia_EarlyViking.SG,MargaryanWillerslevNature2020,Estonia,Other region,58.17,22.25,700,750,800,,0 - 1000
VK505.SG,M,Estonia_EarlyViking.SG,MargaryanWillerslevNature2020,Estonia,Other region,58.17,22.25,700,750,800,,0 - 1000
VK508.SG,M,Estonia_EarlyViking.SG,MargaryanWillerslevNature2020,Estonia,Other region,58.17,22.25,700,750,800,,0 - 1000
VK509.SG,M,Estonia_EarlyViking.SG,MargaryanWillerslevNature2020,Estonia,Other region,58.17,22.25,700,750,800,,0 - 1000
VK510.SG,M,Estonia_EarlyViking.SG,MargaryanWillerslevNature2020,Estonia,Other region,58.17,22.25,700,750,800,,0 - 1000
VK511.SG,M,Estonia_EarlyViking.SG,MargaryanWillerslevNature2020,Estonia,Other region,58.17,22.25,700,750,800,,0 - 1000
VK512.SG,M,Estonia_EarlyViking.SG,MargaryanWillerslevNature2020,Estonia,Other region,58.17,22.25,700,750,800,,0 - 1000
VK549.SG,M,Estonia_EarlyViking.SG,MargaryanWillerslevNature2020,Estonia,Other region,58.17,22.25,700,750,800,,0 - 1000
VK550.SG,M,Estonia_EarlyViking.SG,MargaryanWillerslevNature2020,Estonia,Other region,58.17,22.25,700,750,800,,0 - 1000
VK551.SG,M,Estonia_EarlyViking.SG,MargaryanWillerslevNature2020,Estonia,Other region,58.17,22.25,700,750,800,,0 - 1000
VK552.SG,M,Estonia_EarlyViking.SG,MargaryanWillerslevNature2020,Estonia,Other region,58.17,22.25,700,750,800,,0 - 1000
VK553.SG,M,Estonia_EarlyViking.SG,MargaryanWillerslevNature2020,Estonia,Other region,58.17,22.25,700,750,800,,0 - 1000
VK555.SG,M,Estonia_EarlyViking.SG,MargaryanWillerslevNature2020,Estonia,Other region,58.17,22.25,700,750,800,,0 - 1000
VK329.SG,M,Denmark_Viking.SG,MargaryanWillerslevNature2020,Denmark,Other region,55.33,8.76,678,764,877,(AAR-20112:1244±27),0 - 1000
VK301.SG,M,Denmark_Viking.SG,MargaryanWillerslevNature2020,Denmark,Other region,55.43,10.61,515,765,1015,,0 - 1000
VK545.SG,M,Ireland_Viking.SG,MargaryanWillerslevNature2020,Ireland,Britain and Ireland,53.34,-6.27,665,765,865,,0 - 1000
I7672,M,Spain_Carolingian,OlaldeScience2019,Spain,Iberia,41.981,2.31,785,798,810,,0 - 1000
I7673,F,Spain_Carolingian,OlaldeScience2019,Spain,Iberia,41.981,2.31,785,798,810,,0 - 1000
I7675,M,Spain_Carolingian,OlaldeScience2019,Spain,Iberia,41.981,2.31,785,798,810,,0 - 1000
I7676,F,Spain_Carolingian,OlaldeScience2019,Spain,Iberia,41.981,2.31,785,798,810,,0 - 1000
VK319.SG,F,Denmark_Viking.SG,MargaryanWillerslevNature2020,Denmark,Other region,55.43,10.61,700,800,900,,0 - 1000
I0161.SG,F,England_EarlyMedieval_Saxon.SG,SchiffelsNatureCommunications2016,United Kingdom,Britain and Ireland,52.08,0.18,686,804,882,(OxA-29572:1230±25),0 - 1000
VK325.SG,F,Denmark_Viking.SG,MargaryanWillerslevNature2020,Denmark,Other region,55.33,8.76,692,812,884,(AAR-20098:1223±25),0 - 1000
VK350.SG,F,Sweden_Viking.SG,MargaryanWillerslevNature2020,Sweden,Other region,56.732,16.722,677,820,970,(LuSNo-10562:1210±45),0 - 1000
VK507.SG,M,Estonia_EarlyViking.SG,MargaryanWillerslevNature2020,Estonia,Other region,58.17,22.25,706,833,946,(Beta-509634:1200±30),0 - 1000
VK554.SG,M,Estonia_EarlyViking.SG,MargaryanWillerslevNature2020,Estonia,Other region,58.17,22.25,706,833,949,(Ua-50746:1199±32),0 - 1000
VK208.SG,F,Scotland_Viking.SG,MargaryanWillerslevNature2020,United Kingdom,Britain and Ireland,59.133,-3.319,650,838,1026,,0 - 1000
VK349.SG,M,Sweden_Viking.SG,MargaryanWillerslevNature2020,Sweden,Other region,56.459,16.431,690,841,976,(LuSNo-10557:1190±45),0 - 1000
COR002,M,Italy_Sardinia_EarlyMedieval_o,MarcusNatureCommunications2020,Italy,Italy,40.519,8.789,775,846,942,(MAMS-38279:1182±21),0 - 1000
VK328.SG,F,Denmark_Viking.SG,MargaryanWillerslevNature2020,Denmark,Other region,55.33,8.76,775,846,948,(AAR-20111:1182±25),0 - 1000
VK215.SG,M,Denmark_Viking.SG,MargaryanWillerslevNature2020,Denmark,Other region,55.73,12.12,800,850,900,,0 - 1000
VK289.SG,M,Denmark_Viking.SG,MargaryanWillerslevNature2020,Denmark,Other region,54.8,10.69,800,850,900,,0 - 1000
VK291.SG,M,Denmark_Viking.SG,MargaryanWillerslevNature2020,Denmark,Other region,54.8,10.69,800,850,900,,0 - 1000
VK392.SG,F,Norway_Viking.SG,MargaryanWillerslevNature2020,Norway,Other region,59.58,7.92,700,850,1000,,0 - 1000
VK417.SG,F,Norway_Viking.SG,MargaryanWillerslevNature2020,Norway,Other region,60.36,10.57,600,850,1100,,0 - 1000
VK543.SG,M,Ireland_Viking.SG,MargaryanWillerslevNature2020,Ireland,Britain and Ireland,53.51,-10.13,800,850,900,,0 - 1000
VK544.SG,F,Ireland_Viking.SG,MargaryanWillerslevNature2020,Ireland,Britain and Ireland,53.39,-6.3,800,850,900,,0 - 1000
VK546.SG,M,Ireland_Viking.SG,MargaryanWillerslevNature2020,Ireland,Britain and Ireland,53.34,-6.3,800,850,900,,0 - 1000
VK548.SG,F,Norway_Viking.SG,MargaryanWillerslevNature2020,Norway,Other region,63.44,11.22,800,850,900,,0 - 1000
VK65.SG,F,Denmark_EarlyViking.SG,MargaryanWillerslevNature2020,Denmark,Other region,55.87,12.08,700,850,1000,,0 - 1000
VK69.SG,F,Denmark_EarlyViking.SG,MargaryanWillerslevNature2020,Denmark,Other region,55.87,12.08,700,850,1000,,0 - 1000
VK70.SG,M,Denmark_EarlyViking.SG,MargaryanWillerslevNature2020,Denmark,Other region,55.87,12.08,700,850,1000,,0 - 1000
VK71.SG,M,Denmark_EarlyViking.SG,MargaryanWillerslevNature2020,Denmark,Other region,55.87,12.08,700,850,1000,,0 - 1000
R1283.SG,M,Italy_Medieval_EarlyModern.SG,AntonioGaoMootsScience2019,Italy,Italy,41.896,12.472,775,852,953,(UCIAMS-213633:1175±25),0 - 1000
VK355.SG,M,Sweden_Viking.SG,MargaryanWillerslevNature2020,Sweden,Other region,56.285,16.409,706,852,988,(LuSNo-10546:1180±45),0 - 1000
VK442.SG,F,Sweden_Viking.SG,MargaryanWillerslevNature2020,Sweden,Other region,56.415,16.433,706,852,988,(LuSNo-10536:1180±45),0 - 1000
VK444.SG,M,Sweden_Viking.SG,MargaryanWillerslevNature2020,Sweden,Other region,56.415,16.433,706,852,988,(LuSNo-10553:1180±45),0 - 1000
VK336.SG,M,Sweden_Viking.SG,MargaryanWillerslevNature2020,Sweden,Other region,56.806,16.73,707,858,990,(LuSNo-10559:1175±45),0 - 1000
VK358.SG,F,Sweden_Viking.SG,MargaryanWillerslevNature2020,Sweden,Other region,56.806,16.73,706,858,991,(LuSNo-10567:1175±50),0 - 1000
VK332.SG,M,Sweden_Viking.SG,MargaryanWillerslevNature2020,Sweden,Other region,56.415,16.433,709,865,990,(LuSNo-10564:1170±45),0 - 1000
VK247.SG,F,Denmark_Viking.SG,MargaryanWillerslevNature2020,Denmark,Other region,55.6,11.95,850,875,900,,0 - 1000
VK294.SG,F,Denmark_Viking.SG,MargaryanWillerslevNature2020,Denmark,Other region,55.56,11.25,850,875,900,,0 - 1000
VK300.SG,F,Denmark_Viking.SG,MargaryanWillerslevNature2020,Denmark,Other region,55.95,10.2,850,875,900,,0 - 1000
VK312.SG,F,Denmark_Viking.SG,MargaryanWillerslevNature2020,Denmark,Other region,55.05,10.53,850,875,900,,0 - 1000
VK313.SG,M,Denmark_Viking.SG,MargaryanWillerslevNature2020,Denmark,Other region,55.05,10.53,850,875,900,,0 - 1000
VK314.SG,F,Denmark_Viking.SG,MargaryanWillerslevNature2020,Denmark,Other region,55.05,10.53,850,875,900,,0 - 1000
VK315.SG,M,Denmark_Viking.SG,MargaryanWillerslevNature2020,Denmark,Other region,55.56,11.25,850,875,900,,0 - 1000
VK340.SG,F,Denmark_Viking.SG,MargaryanWillerslevNature2020,Denmark,Other region,55.95,10.2,850,875,900,,0 - 1000
VK369.SG,M,Denmark_Viking.SG,MargaryanWillerslevNature2020,Denmark,Other region,55.56,11.25,850,875,900,,0 - 1000
VK383.SG,F,Denmark_Viking.SG,MargaryanWillerslevNature2020,Denmark,Other region,55.95,10.2,850,875,900,,0 - 1000
VK384.SG,M,Denmark_Viking.SG,MargaryanWillerslevNature2020,Denmark,Other region,55.95,10.2,850,875,900,,0 - 1000
VK385.SG,F,Denmark_Viking.SG,MargaryanWillerslevNature2020,Denmark,Other region,55.6,11.95,850,875,900,,0 - 1000
VK84.SG,F,Denmark_Viking.SG,MargaryanWillerslevNature2020,Denmark,Other region,55.95,10.2,850,875,900,,0 - 1000
VK87.SG,M,Denmark_Viking.SG,MargaryanWillerslevNature2020,Denmark,Other region,55.95,10.2,850,875,900,,0 - 1000
VK90.SG,F,Denmark_Viking.SG,MargaryanWillerslevNature2020,Denmark,Other region,55.6,11.95,850,875,900,,0 - 1000
VK92.SG,F,Denmark_Viking.SG,MargaryanWillerslevNature2020,Denmark,Other region,55.6,11.95,850,875,900,,0 - 1000
VK371.SG,F,Denmark_Viking.SG,MargaryanWillerslevNature2020,Denmark,Other region,55.5,10.33,780,885,990,,0 - 1000
VK337.SG,M,Sweden_Viking.SG,MargaryanWillerslevNature2020,Sweden,Other region,56.478,16.576,708,886,993,(LuSNo-10270:1155±50),0 - 1000
DA243.SG,M,Russia_Alan.SG,DamgaardNature2018,Russia,Western Pontic Steppe,43.959,42.587,450,900,1350,,0 - 1000
VK170.SG,M,IsleOfMan_Viking.SG,MargaryanWillerslevNature2020,Isle of Man,Britain and Ireland,54.08,-4.68,800,900,1000,,0 - 1000
VK221.SG,M,Russia_Viking.SG,MargaryanWillerslevNature2020,Russia,Other region,60,32.3,800,900,1000,,0 - 1000
VK298.SG,F,Denmark_Viking.SG,MargaryanWillerslevNature2020,Denmark,Other region,55.85,10.64,800,900,1000,,0 - 1000
VK415.SG,F,Norway_Viking.SG,MargaryanWillerslevNature2020,Norway,Other region,60.29,10.63,700,900,1100,,0 - 1000
VK420.SG,M,Norway_Viking.SG,MargaryanWillerslevNature2020,Norway,Other region,60.8,11.1,700,900,1100,,0 - 1000
VK448.SG,F,Norway_Viking.SG,MargaryanWillerslevNature2020,Norway,Other region,60.8,10.87,700,900,1100,,0 - 1000
R59.SG,M,Italy_Medieval_EarlyModern.SG,AntonioGaoMootsScience2019,Italy,Italy,41.688,13.086,820,905,990,,0 - 1000
R60.SG,F,Italy_Medieval_EarlyModern.SG,AntonioGaoMootsScience2019,Italy,Italy,41.688,13.086,820,905,990,,0 - 1000
VK333.SG,M,Sweden_Viking.SG,MargaryanWillerslevNature2020,Sweden,Other region,56.577,16.46,775,907,1012,(LuSNo-10267:1140±50),0 - 1000
I10895,M,Spain_Medieval,OlaldeScience2019,Spain,Iberia,42.051,2.867,776,923,991,(Beta-448953:1140±30),0 - 1000
VK205.SG,M,Scotland_Viking_o.SG,MargaryanWillerslevNature2020,United Kingdom,Britain and Ireland,58.93,-2.75,890,930,970,,0 - 1000
VK326.SG,M,Denmark_Viking.SG,MargaryanWillerslevNature2020,Denmark,Other region,55.33,8.76,776,930,991,(AAR-20100:1133±25),0 - 1000
vik_stg026.SG,F,Sweden_Viking.SG,KrzewinskaCurrentBiology2018,Sweden,Other region,59.617,17.724,776,935,1018,(Ua-22722:1115±35),0 - 1000
VK143.SG,M,England_Viking.SG,MargaryanWillerslevNature2020,United Kingdom,Britain and Ireland,51.76,-1.26,880,940,1000,,0 - 1000
VK144.SG,M,England_Viking.SG,MargaryanWillerslevNature2020,United Kingdom,Britain and Ireland,51.76,-1.26,880,940,1000,,0 - 1000
VK145.SG,M,England_Viking.SG,MargaryanWillerslevNature2020,United Kingdom,Britain and Ireland,51.76,-1.26,880,940,1000,,0 - 1000
VK146.SG,M,England_Viking.SG,MargaryanWillerslevNature2020,United Kingdom,Britain and Ireland,51.76,-1.26,880,940,1000,,0 - 1000
VK147.SG,M,England_Viking.SG,MargaryanWillerslevNature2020,United Kingdom,Britain and Ireland,51.76,-1.26,880,940,1000,,0 - 1000
VK148.SG,M,England_Viking.SG,MargaryanWillerslevNature2020,United Kingdom,Britain and Ireland,51.76,-1.26,880,940,1000,,0 - 1000
VK150.SG,M,England_Viking_o.SG,MargaryanWillerslevNature2020,United Kingdom,Britain and Ireland,51.76,-1.26,880,940,1000,,0 - 1000
VK151.SG,M,England_Viking.SG,MargaryanWillerslevNature2020,United Kingdom,Britain and Ireland,51.76,-1.26,880,940,1000,,0 - 1000
VK165.SG,M,England_Viking.SG,MargaryanWillerslevNature2020,United Kingdom,Britain and Ireland,51.76,-1.26,880,940,1000,,0 - 1000
VK166.SG,M,England_Viking.SG,MargaryanWillerslevNature2020,United Kingdom,Britain and Ireland,51.76,-1.26,880,940,1000,,0 - 1000
VK167.SG,M,England_Viking.SG,MargaryanWillerslevNature2020,United Kingdom,Britain and Ireland,51.76,-1.26,880,940,1000,,0 - 1000
VK168.SG,M,England_Viking.SG,MargaryanWillerslevNature2020,United Kingdom,Britain and Ireland,51.76,-1.26,880,940,1000,,0 - 1000
VK172.SG,M,England_Viking.SG,MargaryanWillerslevNature2020,United Kingdom,Britain and Ireland,51.76,-1.26,880,940,1000,,0 - 1000
VK173.SG,M,England_Viking.SG,MargaryanWillerslevNature2020,United Kingdom,Britain and Ireland,51.76,-1.26,880,940,1000,,0 - 1000
VK174.SG,M,England_Viking.SG,MargaryanWillerslevNature2020,United Kingdom,Britain and Ireland,51.76,-1.26,880,940,1000,,0 - 1000
VK175.SG,M,England_Viking.SG,MargaryanWillerslevNature2020,United Kingdom,Britain and Ireland,51.76,-1.26,880,940,1000,,0 - 1000
VK176.SG,M,England_Viking.SG,MargaryanWillerslevNature2020,United Kingdom,Britain and Ireland,51.76,-1.26,880,940,1000,,0 - 1000
VK177.SG,M,England_Viking.SG,MargaryanWillerslevNature2020,United Kingdom,Britain and Ireland,51.76,-1.26,880,940,1000,,0 - 1000
VK178.SG,M,England_Viking_o.SG,MargaryanWillerslevNature2020,United Kingdom,Britain and Ireland,51.76,-1.26,880,940,1000,,0 - 1000
I10851_published,F,Spain_Medieval_published,OlaldeScience2019,Spain,Iberia,42.051,2.867,888,948,1017,(Beta-458691:1100±30),0 - 1000
DA142.SG,M,Russia_Medieval_Nomad.SG,DamgaardNature2018,Russia,Western Pontic Steppe,47.282,39.541,600,950,1300,,0 - 1000
I7427_published,M,Spain_Islamic_oAfrica_published,OlaldeScience2019,Spain,Iberia,37.183,-3.592,900,950,1000,,0 - 1000
I12221_published,M,Italy_Sardinia_EarlyMedieval_published,FernandesNatureEcologyEvolution2020,Italy,Italy,39.181,9.158,893,950,993,(PSUAMS-6157:1100±20),0 - 1000
VK134.SG,M,Denmark_Viking_o2.SG,MargaryanWillerslevNature2020,Denmark,Other region,55.5,10.33,800,950,1100,,0 - 1000
VK138.SG,M,Denmark_Viking.SG,MargaryanWillerslevNature2020,Denmark,Other region,55.5,10.33,800,950,1100,,0 - 1000
VK139.SG,M,Denmark_Viking.SG,MargaryanWillerslevNature2020,Denmark,Other region,55.5,10.33,800,950,1100,,0 - 1000
VK141.SG,F,Denmark_Viking.SG,MargaryanWillerslevNature2020,Denmark,Other region,55.5,10.33,900,950,1000,,0 - 1000
VK202.SG,M,Scotland_Viking.SG,MargaryanWillerslevNature2020,United Kingdom,Britain and Ireland,59.134,-3.323,900,950,1000,,0 - 1000
VK204.SG,M,Scotland_Viking.SG,MargaryanWillerslevNature2020,United Kingdom,Britain and Ireland,58.93,-2.75,900,950,1000,,0 - 1000
VK265.SG,F,Sweden_Viking.SG,MargaryanWillerslevNature2020,Sweden,Other region,57.18,13.93,800,950,1100,,0 - 1000
VK266.SG,F,Sweden_Viking.SG,MargaryanWillerslevNature2020,Sweden,Other region,57.18,13.93,800,950,1100,,0 - 1000
VK267.SG,M,Sweden_Viking.SG,MargaryanWillerslevNature2020,Sweden,Other region,57.18,13.93,800,950,1100,,0 - 1000
VK268.SG,M,Sweden_Viking.SG,MargaryanWillerslevNature2020,Sweden,Other region,57.18,13.93,800,950,1100,,0 - 1000
VK269.SG,M,Sweden_Viking.SG,MargaryanWillerslevNature2020,Sweden,Other region,57.18,13.93,800,950,1100,,0 - 1000
VK270.SG,F,Sweden_Viking.SG,MargaryanWillerslevNature2020,Sweden,Other region,57.18,13.93,800,950,1100,,0 - 1000
VK274.SG,M,Denmark_Viking.SG,MargaryanWillerslevNature2020,Denmark,Other region,54.85,10.78,900,950,1000,,0 - 1000
VK275.SG,M,Denmark_Viking.SG,MargaryanWillerslevNature2020,Denmark,Other region,54.85,10.78,900,950,1000,,0 - 1000
VK276.SG,F,Denmark_Viking.SG,MargaryanWillerslevNature2020,Denmark,Other region,54.85,10.78,900,950,1000,,0 - 1000
VK278.SG,F,Denmark_Viking.SG,MargaryanWillerslevNature2020,Denmark,Other region,55.5,10.33,800,950,1100,,0 - 1000
VK279.SG,M,Denmark_Viking.SG,MargaryanWillerslevNature2020,Denmark,Other region,55.5,10.33,900,950,1000,,0 - 1000
VK280.SG,M,Denmark_Viking.SG,MargaryanWillerslevNature2020,Denmark,Other region,55.5,10.33,800,950,1100,,0 - 1000
VK281.SG,M,Denmark_Viking.SG,MargaryanWillerslevNature2020,Denmark,Other region,55.13,11.95,900,950,1000,,0 - 1000
VK282.SG,M,Denmark_Viking.SG,MargaryanWillerslevNature2020,Denmark,Other region,54.96,10.83,900,950,1000,,0 - 1000
VK284.SG,F,Denmark_Viking.SG,MargaryanWillerslevNature2020,Denmark,Other region,55.65,12.14,800,950,1100,,0 - 1000
VK285.SG,F,Denmark_Viking.SG,MargaryanWillerslevNature2020,Denmark,Other region,54.85,10.78,900,950,1000,,0 - 1000
VK286.SG,M,Denmark_Viking.SG,MargaryanWillerslevNature2020,Denmark,Other region,54.87,10.72,900,950,1000,,0 - 1000
VK287.SG,M,Denmark_Viking.SG,MargaryanWillerslevNature2020,Denmark,Other region,54.85,10.78,900,950,1000,,0 - 1000
VK288.SG,F,Denmark_Viking.SG,MargaryanWillerslevNature2020,Denmark,Other region,54.87,10.72,900,950,1000,,0 - 1000
VK290.SG,M,Denmark_Viking.SG,MargaryanWillerslevNature2020,Denmark,Other region,54.89,10.74,900,950,1000,,0 - 1000
VK292.SG,M,Denmark_Viking.SG,MargaryanWillerslevNature2020,Denmark,Other region,54.87,10.72,900,950,1000,,0 - 1000
VK295.SG,M,Denmark_Viking.SG,MargaryanWillerslevNature2020,Denmark,Other region,55.51,10.45,800,950,1100,,0 - 1000
VK316.SG,M,Denmark_Viking.SG,MargaryanWillerslevNature2020,Denmark,Other region,55.51,10.45,800,950,1100,,0 - 1000
VK317.SG,M,Denmark_Viking_o1.SG,MargaryanWillerslevNature2020,Denmark,Other region,54.85,10.78,900,950,1000,,0 - 1000
VK320.SG,M,Denmark_Viking.SG,MargaryanWillerslevNature2020,Denmark,Other region,54.87,10.72,900,950,1000,,0 - 1000
VK323.SG,M,Denmark_Viking.SG,MargaryanWillerslevNature2020,Denmark,Other region,55.33,8.76,800,950,1100,,0 - 1000
VK335.SG,M,Sweden_Viking.SG,MargaryanWillerslevNature2020,Sweden,Other region,56.728,16.719,800,950,1100,,0 - 1000
VK338.SG,M,Denmark_Viking.SG,MargaryanWillerslevNature2020,Denmark,Other region,54.87,10.72,900,950,1000,,0 - 1000
VK342.SG,M,Sweden_Viking.SG,MargaryanWillerslevNature2020,Sweden,Other region,56.444,16.566,800,950,1100,,0 - 1000
VK343.SG,M,Sweden_Viking.SG,MargaryanWillerslevNature2020,Sweden,Other region,56.552,16.621,800,950,1100,,0 - 1000
VK344.SG,M,Sweden_Viking.SG,MargaryanWillerslevNature2020,Sweden,Other region,56.327,16.407,800,950,1100,,0 - 1000
VK345.SG,M,Sweden_Viking.SG,MargaryanWillerslevNature2020,Sweden,Other region,56.732,16.722,800,950,1100,,0 - 1000
VK346.SG,M,Sweden_Viking.SG,MargaryanWillerslevNature2020,Sweden,Other region,56.728,16.719,800,950,1100,,0 - 1000
VK348.SG,M,Sweden_Viking.SG,MargaryanWillerslevNature2020,Sweden,Other region,56.879,16.721,800,950,1100,,0 - 1000
VK352.SG,M,Sweden_Viking.SG,MargaryanWillerslevNature2020,Sweden,Other region,56.721,16.712,800,950,1100,,0 - 1000
VK361.SG,F,Denmark_Viking.SG,MargaryanWillerslevNature2020,Denmark,Other region,54.87,10.72,900,950,1000,,0 - 1000
VK362.SG,M,Denmark_Viking.SG,MargaryanWillerslevNature2020,Denmark,Other region,54.87,10.72,900,950,1000,,0 - 1000
VK363.SG,M,Denmark_Viking.SG,MargaryanWillerslevNature2020,Denmark,Other region,54.87,10.72,900,950,1000,,0 - 1000
VK364.SG,F,Denmark_Viking.SG,MargaryanWillerslevNature2020,Denmark,Other region,54.87,10.72,900,950,1000,,0 - 1000
VK365.SG,M,Denmark_Viking.SG,MargaryanWillerslevNature2020,Denmark,Other region,54.87,10.72,900,950,1000,,0 - 1000
VK366.SG,F,Denmark_Viking.SG,MargaryanWillerslevNature2020,Denmark,Other region,54.87,10.72,900,950,1000,,0 - 1000
VK367.SG,M,Denmark_Viking.SG,MargaryanWillerslevNature2020,Denmark,Other region,54.87,10.72,900,950,1000,,0 - 1000
VK368.SG,F,Denmark_Viking.SG,MargaryanWillerslevNature2020,Denmark,Other region,54.87,10.72,900,950,1000,,0 - 1000
VK370.SG,F,Denmark_Viking.SG,MargaryanWillerslevNature2020,Denmark,Other region,55.5,10.33,800,950,1100,,0 - 1000
VK372.SG,F,Denmark_Viking.SG,MargaryanWillerslevNature2020,Denmark,Other region,55.5,10.33,800,950,1100,,0 - 1000
VK373.SG,M,Denmark_Viking.SG,MargaryanWillerslevNature2020,Denmark,Other region,55.5,10.33,800,950,1100,,0 - 1000
VK380.SG,M,Sweden_Viking.SG,MargaryanWillerslevNature2020,Sweden,Other region,57.343,17.021,800,950,1100,,0 - 1000
VK386.SG,M,Norway_Viking.SG,MargaryanWillerslevNature2020,Norway,Other region,62.09,9.05,800,950,1100,,0 - 1000
VK389.SG,M,Norway_Viking.SG,MargaryanWillerslevNature2020,Norway,Other region,59.22,9.61,900,950,1000,,0 - 1000
VK393.SG,F,Norway_Viking.SG,MargaryanWillerslevNature2020,Norway,Other region,60.84,11,900,950,1000,,0 - 1000
VK394.SG,M,Norway_Viking.SG,MargaryanWillerslevNature2020,Norway,Other region,61.15,11.34,900,950,1000,,0 - 1000
VK422.SG,M,Norway_Viking.SG,MargaryanWillerslevNature2020,Norway,Other region,61.15,11.34,900,950,1000,,0 - 1000
VK443.SG,M,Sweden_Viking.SG,MargaryanWillerslevNature2020,Sweden,Other region,57.343,17.021,800,950,1100,,0 - 1000
VK445.SG,M,Denmark_Viking.SG,MargaryanWillerslevNature2020,Denmark,Other region,55.62,11.97,800,950,1100,,0 - 1000
VK446.SG,M,Denmark_Viking.SG,MargaryanWillerslevNature2020,Denmark,Other region,55.5,10.33,800,950,1100,,0 - 1000
VK516.SG,M,Norway_Viking.SG,MargaryanWillerslevNature2020,Norway,Other region,63.7,9.75,900,950,1000,,0 - 1000
VK533.SG,M,Sweden_Viking_o2.SG,MargaryanWillerslevNature2020,Sweden,Other region,56.806,16.73,800,950,1100,,0 - 1000
VK94.SG,F,Denmark_Viking.SG,MargaryanWillerslevNature2020,Denmark,Other region,55.62,11.97,800,950,1100,,0 - 1000
vik_grt035.SG,M,Sweden_Viking.SG,KrzewinskaCurrentBiology2018,Sweden,Other region,59.617,17.724,886,962,1028,(Ua-22732:1080±40),0 - 1000
VK232.SG,M,Sweden_Viking.SG,MargaryanWillerslevNature2020,Sweden,Other region,57.63,18.28,900,975,1050,,0 - 1000
VK251.SG,M,Sweden_Viking.SG,MargaryanWillerslevNature2020,Sweden,Other region,57.63,18.28,900,975,1050,,0 - 1000
VK428.SG,F,Sweden_Viking.SG,MargaryanWillerslevNature2020,Sweden,Other region,57.34,18.19,900,975,1050,,0 - 1000
VK429.SG,F,Sweden_Viking.SG,MargaryanWillerslevNature2020,Sweden,Other region,57.34,18.19,900,975,1050,,0 - 1000
VK430.SG,M,Sweden_Viking.SG,MargaryanWillerslevNature2020,Sweden,Other region,57.34,18.19,900,975,1050,,0 - 1000
VK431.SG,M,Sweden_Viking.SG,MargaryanWillerslevNature2020,Sweden,Other region,57.34,18.19,900,975,1050,,0 - 1000
VK432.SG,F,Sweden_Viking.SG,MargaryanWillerslevNature2020,Sweden,Other region,57.34,18.19,900,975,1050,,0 - 1000
VK433.SG,F,Sweden_Viking.SG,MargaryanWillerslevNature2020,Sweden,Other region,57.34,18.19,900,975,1050,,0 - 1000
VK434.SG,F,Sweden_Viking.SG,MargaryanWillerslevNature2020,Sweden,Other region,57.34,18.19,900,975,1050,,0 - 1000
VK435.SG,F,Sweden_Viking.SG,MargaryanWillerslevNature2020,Sweden,Other region,57.34,18.19,900,975,1050,,0 - 1000
VK438.SG,M,Sweden_Viking.SG,MargaryanWillerslevNature2020,Sweden,Other region,57.34,18.19,900,975,1050,,0 - 1000
VK439.SG,F,Sweden_Viking.SG,MargaryanWillerslevNature2020,Sweden,Other region,57.34,18.19,900,975,1050,,0 - 1000
VK440.SG,F,Sweden_Viking.SG,MargaryanWillerslevNature2020,Sweden,Other region,57.34,18.19,900,975,1050,,0 - 1000
VK441.SG,F,Sweden_Viking.SG,MargaryanWillerslevNature2020,Sweden,Other region,57.34,18.19,900,975,1050,,0 - 1000
VK450.SG,F,Sweden_Viking.SG,MargaryanWillerslevNature2020,Sweden,Other region,57.63,18.28,900,975,1050,,0 - 1000
VK452.SG,M,Sweden_Viking.SG,MargaryanWillerslevNature2020,Sweden,Other region,57.63,18.28,900,975,1050,,0 - 1000
VK453.SG,M,Sweden_Viking.SG,MargaryanWillerslevNature2020,Sweden,Other region,57.63,18.28,900,975,1050,,0 - 1000
VK454.SG,F,Sweden_Viking.SG,MargaryanWillerslevNature2020,Sweden,Other region,57.63,18.28,900,975,1050,,0 - 1000
VK455.SG,F,Sweden_Viking.SG,MargaryanWillerslevNature2020,Sweden,Other region,57.34,18.19,900,975,1050,,0 - 1000
VK456.SG,F,Sweden_Viking.SG,MargaryanWillerslevNature2020,Sweden,Other region,57.34,18.19,900,975,1050,,0 - 1000
VK457.SG,F,Sweden_Viking.SG,MargaryanWillerslevNature2020,Sweden,Other region,57.34,18.19,900,975,1050,,0 - 1000
VK458.SG,F,Sweden_Viking.SG,MargaryanWillerslevNature2020,Sweden,Other region,57.34,18.19,900,975,1050,,0 - 1000
VK459.SG,F,Sweden_Viking.SG,MargaryanWillerslevNature2020,Sweden,Other region,57.34,18.19,900,975,1050,,0 - 1000
VK460.SG,F,Sweden_Viking.SG,MargaryanWillerslevNature2020,Sweden,Other region,57.34,18.19,900,975,1050,,0 - 1000
VK461.SG,M,Sweden_Viking.SG,MargaryanWillerslevNature2020,Sweden,Other region,57.34,18.19,900,975,1050,,0 - 1000
VK462.SG,F,Sweden_Viking.SG,MargaryanWillerslevNature2020,Sweden,Other region,57.34,18.19,900,975,1050,,0 - 1000
VK463.SG,M,Sweden_Viking.SG,MargaryanWillerslevNature2020,Sweden,Other region,57.34,18.19,900,975,1050,,0 - 1000
VK464.SG,F,Sweden_Viking.SG,MargaryanWillerslevNature2020,Sweden,Other region,57.34,18.19,900,975,1050,,0 - 1000
VK468.SG,M,Sweden_Viking.SG,MargaryanWillerslevNature2020,Sweden,Other region,57.63,18.28,900,975,1050,,0 - 1000
VK469.SG,M,Sweden_Viking.SG,MargaryanWillerslevNature2020,Sweden,Other region,57.63,18.28,900,975,1050,,0 - 1000
VK471.SG,M,Sweden_Viking.SG,MargaryanWillerslevNature2020,Sweden,Other region,57.63,18.28,900,975,1050,,0 - 1000
VK472.SG,F,Sweden_Viking.SG,MargaryanWillerslevNature2020,Sweden,Other region,57.63,18.28,900,975,1050,,0 - 1000
VK473.SG,M,Sweden_Viking.SG,MargaryanWillerslevNature2020,Sweden,Other region,57.63,18.28,900,975,1050,,0 - 1000
VK474.SG,M,Sweden_Viking.SG,MargaryanWillerslevNature2020,Sweden,Other region,57.63,18.28,900,975,1050,,0 - 1000
VK475.SG,M,Sweden_Viking.SG,MargaryanWillerslevNature2020,Sweden,Other region,57.63,18.28,900,975,1050,,0 - 1000
VK476.SG,F,Sweden_Viking.SG,MargaryanWillerslevNature2020,Sweden,Other region,57.63,18.28,900,975,1050,,0 - 1000
VK477.SG,F,Sweden_Viking.SG,MargaryanWillerslevNature2020,Sweden,Other region,57.63,18.28,900,975,1050,,0 - 1000
VK478.SG,F,Sweden_Viking.SG,MargaryanWillerslevNature2020,Sweden,Other region,57.63,18.28,900,975,1050,,0 - 1000
VK479.SG,M,Sweden_Viking.SG,MargaryanWillerslevNature2020,Sweden,Other region,57.63,18.28,900,975,1050,,0 - 1000
VK48.SG,M,Sweden_Viking.SG,MargaryanWillerslevNature2020,Sweden,Other region,57.63,18.28,900,975,1050,,0 - 1000
VK50.SG,M,Sweden_Viking.SG,MargaryanWillerslevNature2020,Sweden,Other region,57.63,18.28,900,975,1050,,0 - 1000
VK51.SG,M,Sweden_Viking.SG,MargaryanWillerslevNature2020,Sweden,Other region,57.63,18.28,900,975,1050,,0 - 1000
VK53.SG,M,Sweden_Viking.SG,MargaryanWillerslevNature2020,Sweden,Other region,57.63,18.28,900,975,1050,,0 - 1000
VK56.SG,F,Sweden_Viking.SG,MargaryanWillerslevNature2020,Sweden,Other region,57.34,18.19,900,975,1050,,0 - 1000
VK57.SG,M,Sweden_Viking.SG,MargaryanWillerslevNature2020,Sweden,Other region,57.34,18.19,900,975,1050,,0 - 1000
VK58.SG,F,Sweden_Viking.SG,MargaryanWillerslevNature2020,Sweden,Other region,57.34,18.19,900,975,1050,,0 - 1000
VK60.SG,M,Sweden_Viking.SG,MargaryanWillerslevNature2020,Sweden,Other region,57.34,18.19,900,975,1050,,0 - 1000
VK63.SG,F,Sweden_Viking.SG,MargaryanWillerslevNature2020,Sweden,Other region,57.34,18.19,900,975,1050,,0 - 1000
VK64.SG,M,Sweden_Viking.SG,MargaryanWillerslevNature2020,Sweden,Other region,57.34,18.19,900,975,1050,,0 - 1000
VK327.SG,M,Denmark_Viking.SG,MargaryanWillerslevNature2020,Denmark,Other region,55.33,8.76,894,981,1024,(AAR-20104:1070±27),0 - 1000
R63.SG,M,Italy_Medieval_EarlyModern_oCentralEuropean.SG,AntonioGaoMootsScience2019,Italy,Italy,41.688,13.086,970,990,1010,,0 - 1000
vik_84001.SG,M,Sweden_Viking.SG,KrzewinskaCurrentBiology2018,Sweden,Other region,59.617,17.724,895,997,1031,(Ua-22712:1055±30),0 - 1000
VK256.SG,M,England_Viking.SG,MargaryanWillerslevNature2020,United Kingdom,Britain and Ireland,50.67,-2.47,970,998,1025,,0 - 1000
VK257.SG,M,England_Viking.SG,MargaryanWillerslevNature2020,United Kingdom,Britain and Ireland,50.67,-2.47,970,998,1025,,0 - 1000
VK258.SG,M,England_Viking.SG,MargaryanWillerslevNature2020,United Kingdom,Britain and Ireland,50.67,-2.47,970,998,1025,,0 - 1000
VK259.SG,M,England_Viking.SG,MargaryanWillerslevNature2020,United Kingdom,Britain and Ireland,50.67,-2.47,970,998,1025,,0 - 1000
VK260.SG,M,England_Viking.SG,MargaryanWillerslevNature2020,United Kingdom,Britain and Ireland,50.67,-2.47,970,998,1025,,0 - 1000
VK261.SG,M,England_Viking.SG,MargaryanWillerslevNature2020,United Kingdom,Britain and Ireland,50.67,-2.47,970,998,1025,,0 - 1000
VK262.SG,M,England_Viking.SG,MargaryanWillerslevNature2020,United Kingdom,Britain and Ireland,50.67,-2.47,970,998,1025,,0 - 1000
VK263.SG,M,England_Viking.SG,MargaryanWillerslevNature2020,United Kingdom,Britain and Ireland,50.67,-2.47,970,998,1025,,0 - 1000
VK264.SG,M,England_Viking.SG,MargaryanWillerslevNature2020,United Kingdom,Britain and Ireland,50.67,-2.47,970,998,1025,,0 - 1000
VK449.SG,M,England_Viking.SG,MargaryanWillerslevNature2020,United Kingdom,Britain and Ireland,50.67,-2.47,970,998,1025,,0 - 1000
I7500,M,Spain_Islamic_Emirate,OlaldeScience2019,Spain,Iberia,36.7,-3.483,900,1000,1100,,0 - 1000
I10892,F,Spain_Medieval,OlaldeScience2019,Spain,Iberia,42.051,2.867,750,1000,1250,,0 - 1000
VK108.SG,F,Sweden_Viking.SG,MargaryanWillerslevNature2020,Sweden,Other region,55.54,13.05,800,1000,1200,,0 - 1000
VK154.SG,F,Poland_Viking.SG,MargaryanWillerslevNature2020,Poland,Central Europe,52.7,18.9,900,1000,1100,,0 - 1000
VK156.SG,M,Poland_Viking.SG,MargaryanWillerslevNature2020,Poland,Central Europe,52.7,18.9,900,1000,1100,,0 - 1000
VK157.SG,M,Poland_Viking.SG,MargaryanWillerslevNature2020,Poland,Central Europe,52.7,18.9,900,1000,1100,,0 - 1000
VK158.SG,F,Russia_Viking.SG,MargaryanWillerslevNature2020,Russia,Other region,57.81,28.34,900,1000,1100,,0 - 1000
VK159.SG,M,Russia_Viking.SG,MargaryanWillerslevNature2020,Russia,Other region,57.81,28.34,900,1000,1100,,0 - 1000
VK217.SG,M,Sweden_Viking.SG,MargaryanWillerslevNature2020,Sweden,Other region,55.54,13.05,800,1000,1200,,0 - 1000
VK219.SG,M,Russia_Viking.SG,MargaryanWillerslevNature2020,Russia,Other region,60,32.3,900,1000,1100,,0 - 1000
VK223.SG,M,Russia_Viking.SG,MargaryanWillerslevNature2020,Russia,Other region,54.78,31.87,900,1000,1100,,0 - 1000
VK224.SG,M,Russia_Viking.SG,MargaryanWillerslevNature2020,Russia,Other region,54.78,31.87,900,1000,1100,,0 - 1000
VK254.SG,F,Russia_Viking.SG,MargaryanWillerslevNature2020,Russia,Other region,54.78,31.87,900,1000,1100,,0 - 1000
VK255.SG,F,Russia_Viking.SG,MargaryanWillerslevNature2020,Russia,Other region,54.78,31.87,900,1000,1100,,0 - 1000
VK272.SG,F,Russia_Viking.SG,MargaryanWillerslevNature2020,Russia,Other region,54.78,31.87,900,1000,1100,,0 - 1000
VK273.SG,M,Russia_Viking.SG,MargaryanWillerslevNature2020,Russia,Other region,54.78,31.87,900,1000,1100,,0 - 1000
VK387.SG,F,Norway_Viking.SG,MargaryanWillerslevNature2020,Norway,Other region,60.31,10.43,900,1000,1100,,0 - 1000
VK414.SG,M,Norway_Viking.SG,MargaryanWillerslevNature2020,Norway,Other region,61.88,8.4,900,1000,1100,,0 - 1000
VK466.SG,M,Russia_Viking_o.SG,MargaryanWillerslevNature2020,Russia,Other region,54.78,31.87,900,1000,1100,,0 - 1000
VK494.SG,M,Poland_Viking.SG,MargaryanWillerslevNature2020,Poland,Central Europe,50.68,21.75,900,1000,1100,,0 - 1000
VK171.SG,F,England_Viking.SG,MargaryanWillerslevNature2020,United Kingdom,Britain and Ireland,53.3,-4.22,892,1003,1148,(Beta-150715:1030±40);(OxA-33786:1055±40),1000 - 2000
VK354.SG,M,Sweden_Viking.SG,MargaryanWillerslevNature2020,Sweden,Other region,56.444,16.566,893,1008,1153,(LuSNo-10540:1035±45),1000 - 2000
I12516,F,Spain_Islamic,OlaldeScience2019,Spain,Iberia,40.47,0.476,900,1011,1147,(Beta-372984:1030±30),1000 - 2000
R1285.SG,M,Italy_Medieval_EarlyModern.SG,AntonioGaoMootsScience2019,Italy,Italy,41.896,12.472,978,1013,1118,(UCIAMS-213634:1025±25),1000 - 2000
VK322.SG,F,Denmark_Viking.SG,MargaryanWillerslevNature2020,Denmark,Other region,55.33,8.76,978,1013,1119,(AAR-20096:1024±25),1000 - 2000
VK324.SG,M,Denmark_Viking.SG,MargaryanWillerslevNature2020,Denmark,Other region,55.33,8.76,978,1013,1118,(AAR-20086:1025±25),1000 - 2000
vik_stg021.SG,F,Sweden_Viking.SG,KrzewinskaCurrentBiology2018,Sweden,Other region,59.617,17.724,900,1020,1154,(Ua-22728:1020±35),1000 - 2000
VK207.SG,F,Scotland_Viking.SG,MargaryanWillerslevNature2020,United Kingdom,Britain and Ireland,59.133,-3.319,880,1020,1160,,1000 - 2000
I10852_published,F,Spain_Medieval_published,OlaldeScience2019,Spain,Iberia,42.051,2.867,992,1026,1152,(Beta-458692:1010±30),1000 - 2000
VK212.SG,M,Poland_Viking.SG,MargaryanWillerslevNature2020,Poland,Central Europe,52.88,14.2,992,1026,1152,(Poz-75117:1010±30),1000 - 2000
VK330.SG,F,Denmark_Viking.SG,MargaryanWillerslevNature2020,Denmark,Other region,55.33,8.76,994,1033,1152,(AAR-20103:1002±28),1000 - 2000
VK334.SG,F,Sweden_Viking.SG,MargaryanWillerslevNature2020,Sweden,Other region,56.806,16.73,901,1043,1161,(LuSNo-10552:1005±45),1000 - 2000
VK353.SG,F,Sweden_Viking.SG,MargaryanWillerslevNature2020,Sweden,Other region,56.415,16.433,901,1043,1161,(LuSNo-10539:1005±45),1000 - 2000
I7497,F,Spain_Islamic_Zira,OlaldeScience2019,Spain,Iberia,37.807,-2.543,1000,1050,1100,,1000 - 2000
I7499,F,Spain_Islamic_Zira,OlaldeScience2019,Spain,Iberia,37.807,-2.543,1000,1050,1100,,1000 - 2000
I7498,M,Spain_Islamic_Zira,OlaldeScience2019,Spain,Iberia,37.807,-2.543,1000,1050,1100,,1000 - 2000
vik_84005.SG,M,Sweden_Viking.SG,KrzewinskaCurrentBiology2018,Sweden,Other region,59.617,17.724,900,1050,1200,,1000 - 2000
vik_97002.SG,M,Sweden_Viking.SG,KrzewinskaCurrentBiology2018,Sweden,Other region,59.617,17.724,900,1050,1200,,1000 - 2000
vik_97026.SG,M,Sweden_Viking.SG,KrzewinskaCurrentBiology2018,Sweden,Other region,59.617,17.724,900,1050,1200,,1000 - 2000
vik_97029.SG,M,Sweden_Viking.SG,KrzewinskaCurrentBiology2018,Sweden,Other region,59.617,17.724,900,1050,1200,,1000 - 2000
vik_gtm021.SG,F,Sweden_Viking.SG,KrzewinskaCurrentBiology2018,Sweden,Other region,59.617,17.724,900,1050,1200,,1000 - 2000
vik_gtm127.SG,F,Sweden_Viking.SG,KrzewinskaCurrentBiology2018,Sweden,Other region,59.617,17.724,900,1050,1200,,1000 - 2000
vik_KAL006.SG,F,Sweden_Viking_o1.SG,KrzewinskaCurrentBiology2018,Sweden,Other region,59.617,17.724,900,1050,1200,,1000 - 2000
vik_kal009.SG,F,Sweden_Viking_o1.SG,KrzewinskaCurrentBiology2018,Sweden,Other region,59.617,17.724,900,1050,1200,,1000 - 2000
vik_kls001.SG,M,Sweden_Viking.SG,KrzewinskaCurrentBiology2018,Sweden,Other region,59.617,17.724,900,1050,1200,,1000 - 2000
vik_nuf002.SG,M,Sweden_Viking.SG,KrzewinskaCurrentBiology2018,Sweden,Other region,59.617,17.724,900,1050,1200,,1000 - 2000
vik_stg020.SG,F,Sweden_Viking_o1.SG,KrzewinskaCurrentBiology2018,Sweden,Other region,59.617,17.724,900,1050,1200,,1000 - 2000
vik_urm045.SG,M,Sweden_Viking.SG,KrzewinskaCurrentBiology2018,Sweden,Other region,59.617,17.724,900,1050,1200,,1000 - 2000
VK14.SG,M,Russia_Viking.SG,MargaryanWillerslevNature2020,Russia,Other region,60,32.3,900,1050,1200,,1000 - 2000
VK15.SG,F,Russia_Viking.SG,MargaryanWillerslevNature2020,Russia,Other region,60,32.3,900,1050,1200,,1000 - 2000
VK16.SG,M,Russia_Viking.SG,MargaryanWillerslevNature2020,Russia,Other region,60,32.3,900,1050,1200,,1000 - 2000
VK17.SG,M,Russia_Viking.SG,MargaryanWillerslevNature2020,Russia,Other region,60,32.3,900,1050,1200,,1000 - 2000
VK18.SG,M,Russia_Viking_o.SG,MargaryanWillerslevNature2020,Russia,Other region,60,32.3,900,1050,1200,,1000 - 2000
VK19.SG,F,Russia_Viking.SG,MargaryanWillerslevNature2020,Russia,Other region,60,32.3,900,1050,1200,,1000 - 2000
VK20.SG,M,Russia_Viking.SG,MargaryanWillerslevNature2020,Russia,Other region,60,32.3,1000,1050,1100,,1000 - 2000
VK218.SG,M,Russia_Viking.SG,MargaryanWillerslevNature2020,Russia,Other region,60,32.3,900,1050,1200,,1000 - 2000
VK21.SG,F,Russia_Viking_o.SG,MargaryanWillerslevNature2020,Russia,Other region,60,32.3,900,1050,1200,,1000 - 2000
VK220.SG,M,Russia_Viking.SG,MargaryanWillerslevNature2020,Russia,Other region,60,32.3,900,1050,1200,,1000 - 2000
VK22.SG,M,Russia_Viking.SG,MargaryanWillerslevNature2020,Russia,Other region,60,32.3,900,1050,1200,,1000 - 2000
VK23.SG,M,Russia_Viking.SG,MargaryanWillerslevNature2020,Russia,Other region,60,32.3,900,1050,1200,,1000 - 2000
VK24.SG,M,Faroes_Viking.SG,MargaryanWillerslevNature2020,Faroes,Other region,61.6,-6.955,1000,1050,1100,,1000 - 2000
VK29.SG,M,Sweden_Viking.SG,MargaryanWillerslevNature2020,Sweden,Other region,58.38,13.65,900,1050,1200,,1000 - 2000
VK303.SG,F,Sweden_Viking.SG,MargaryanWillerslevNature2020,Sweden,Other region,58.38,13.65,900,1050,1200,,1000 - 2000
VK306.SG,M,Sweden_Viking.SG,MargaryanWillerslevNature2020,Sweden,Other region,58.38,13.65,900,1050,1200,,1000 - 2000
VK308.SG,M,Sweden_Viking.SG,MargaryanWillerslevNature2020,Sweden,Other region,58.38,13.65,900,1050,1200,,1000 - 2000
VK309.SG,M,Sweden_Viking.SG,MargaryanWillerslevNature2020,Sweden,Other region,58.38,13.65,900,1050,1200,,1000 - 2000
VK30.SG,M,Sweden_Viking.SG,MargaryanWillerslevNature2020,Sweden,Other region,58.38,13.65,900,1050,1200,,1000 - 2000
VK31.SG,M,Sweden_Viking.SG,MargaryanWillerslevNature2020,Sweden,Other region,58.38,13.65,900,1050,1200,,1000 - 2000
VK34.SG,M,Sweden_Viking.SG,MargaryanWillerslevNature2020,Sweden,Other region,58.38,13.65,900,1050,1200,,1000 - 2000
VK35.SG,M,Sweden_Viking.SG,MargaryanWillerslevNature2020,Sweden,Other region,58.38,13.65,900,1050,1200,,1000 - 2000
VK395.SG,M,Sweden_Viking.SG,MargaryanWillerslevNature2020,Sweden,Other region,58.38,13.65,900,1050,1200,,1000 - 2000
VK396.SG,M,Sweden_Viking.SG,MargaryanWillerslevNature2020,Sweden,Other region,58.38,13.65,900,1050,1200,,1000 - 2000
VK397.SG,M,Sweden_Viking.SG,MargaryanWillerslevNature2020,Sweden,Other region,58.38,13.65,900,1050,1200,,1000 - 2000
VK398.SG,M,Sweden_Viking.SG,MargaryanWillerslevNature2020,Sweden,Other region,58.38,13.65,900,1050,1200,,1000 - 2000
VK399.SG,M,Sweden_Viking.SG,MargaryanWillerslevNature2020,Sweden,Other region,58.38,13.65,900,1050,1200,,1000 - 2000
VK39.SG,M,Sweden_Viking.SG,MargaryanWillerslevNature2020,Sweden,Other region,58.38,13.65,900,1050,1200,,1000 - 2000
VK400.SG,M,Sweden_Viking.SG,MargaryanWillerslevNature2020,Sweden,Other region,58.38,13.65,900,1050,1200,,1000 - 2000
VK401.SG,M,Sweden_Viking.SG,MargaryanWillerslevNature2020,Sweden,Other region,58.38,13.65,900,1050,1200,,1000 - 2000
VK402.SG,F,Sweden_Viking.SG,MargaryanWillerslevNature2020,Sweden,Other region,58.38,13.65,900,1050,1200,,1000 - 2000
VK403.SG,M,Sweden_Viking.SG,MargaryanWillerslevNature2020,Sweden,Other region,58.38,13.65,900,1050,1200,,1000 - 2000
VK404.SG,M,Sweden_Viking.SG,MargaryanWillerslevNature2020,Sweden,Other region,58.38,13.65,900,1050,1200,,1000 - 2000
VK405.SG,M,Sweden_Viking.SG,MargaryanWillerslevNature2020,Sweden,Other region,58.38,13.65,900,1050,1200,,1000 - 2000
VK406.SG,M,Sweden_Viking.SG,MargaryanWillerslevNature2020,Sweden,Other region,58.38,13.65,900,1050,1200,,1000 - 2000
VK407.SG,M,Sweden_Viking.SG,MargaryanWillerslevNature2020,Sweden,Other region,58.38,13.65,900,1050,1200,,1000 - 2000
VK408.SG,M,Russia_Viking.SG,MargaryanWillerslevNature2020,Russia,Other region,60,32.3,900,1050,1200,,1000 - 2000
VK409.SG,M,Russia_Viking.SG,MargaryanWillerslevNature2020,Russia,Other region,60,32.3,900,1050,1200,,1000 - 2000
VK40.SG,M,Sweden_Viking.SG,MargaryanWillerslevNature2020,Sweden,Other region,58.38,13.65,900,1050,1200,,1000 - 2000
VK424.SG,M,Sweden_Viking.SG,MargaryanWillerslevNature2020,Sweden,Other region,58.38,13.65,900,1050,1200,,1000 - 2000
VK425.SG,M,Sweden_Viking.SG,MargaryanWillerslevNature2020,Sweden,Other region,58.38,13.65,900,1050,1200,,1000 - 2000
VK426.SG,M,Sweden_Viking.SG,MargaryanWillerslevNature2020,Sweden,Other region,58.38,13.65,900,1050,1200,,1000 - 2000
VK427.SG,M,Sweden_Viking.SG,MargaryanWillerslevNature2020,Sweden,Other region,58.38,13.65,900,1050,1200,,1000 - 2000
VK42.SG,M,Sweden_Viking.SG,MargaryanWillerslevNature2020,Sweden,Other region,58.38,13.65,900,1050,1200,,1000 - 2000
VK527.SG,F,Sweden_Viking.SG,MargaryanWillerslevNature2020,Sweden,Other region,59.86,17.65,1000,1050,1100,,1000 - 2000
VK539.SG,M,Ukraine_Viking.SG,MargaryanWillerslevNature2020,Ukraine,Western Pontic Steppe,51.37,31.18,900,1050,1200,,1000 - 2000
VK542.SG,M,Ukraine_Viking_o.SG,MargaryanWillerslevNature2020,Ukraine,Western Pontic Steppe,51.49,31.31,1000,1050,1100,,1000 - 2000
VK357.SG,M,Sweden_Viking.SG,MargaryanWillerslevNature2020,Sweden,Other region,56.415,16.433,899,1060,1167,(LuSNo-10271:1000±50),1000 - 2000
I10853_published,M,Spain_Medieval_published,OlaldeScience2019,Spain,Iberia,42.051,2.867,994,1082,1155,(Beta-448950:990±30),1000 - 2000
vik_grt036.SG,M,Sweden_Viking.SG,KrzewinskaCurrentBiology2018,Sweden,Other region,59.617,17.724,995,1087,1156,(Ua-22734:985±35),1000 - 2000
vik_urm035.SG,M,Sweden_Viking.SG,KrzewinskaCurrentBiology2018,Sweden,Other region,59.617,17.724,996,1093,1159,(Ua-22733:975±35),1000 - 2000
vik_urm161.SG,M,Sweden_Viking.SG,KrzewinskaCurrentBiology2018,Sweden,Other region,59.617,17.724,997,1097,1162,(Ua-22741:965±35),1000 - 2000
I12514,M,Spain_Islamic,OlaldeScience2019,Spain,Iberia,39.933,-0.2,1026,1099,1158,(Beta-459794:960±30),1000 - 2000
DA164.SG,F,Russia_Alan.SG,DamgaardNature2018,Russia,Western Pontic Steppe,43.328,44.178,850,1100,1350,,1000 - 2000
R58.SG,M,Italy_Medieval_EarlyModern.SG,AntonioGaoMootsScience2019,Italy,Italy,41.688,13.086,700,1100,1500,,1000 - 2000
VK160.SG,M,Russia_Viking_o.SG,MargaryanWillerslevNature2020,Russia,Other region,58.78,36.16,900,1100,1300,,1000 - 2000
VK410.SG,M,Russia_Viking.SG,MargaryanWillerslevNature2020,Russia,Other region,60,32.3,1000,1100,1200,,1000 - 2000
SI-53.SG,M,Lebanon_Medieval_o4.SG,HaberAJHG2018,Lebanon,Other region,33.561,35.398,1029,1101,1160,,1000 - 2000
DA23.SG,M,Kazakhstan_Kipchak2.SG,DamgaardNature2018,Kazakhstan,Other region,52.693,62.647,1037,1104,1203,(UBA-31146:920±25),1000 - 2000
R64.SG,M,Italy_Medieval_EarlyModern.SG,AntonioGaoMootsScience2019,Italy,Italy,41.688,13.086,1070,1110,1150,,1000 - 2000
R65.SG,F,Italy_Medieval_EarlyModern.SG,AntonioGaoMootsScience2019,Italy,Italy,41.688,13.086,1070,1110,1150,,1000 - 2000
I10897_published,F,Spain_Medieval_published,OlaldeScience2019,Spain,Iberia,42.051,2.867,1041,1126,1214,(Beta-477258:910±30),1000 - 2000
SI-38.SG,M,Lebanon_Medieval.SG,HaberAJHG2018,Lebanon,Other region,33.561,35.398,1000,1150,1300,,1000 - 2000
SI-40.SG,M,Lebanon_Medieval_o5.SG,HaberAJHG2018,Lebanon,Other region,33.561,35.398,1000,1150,1300,,1000 - 2000
SI-44.SG,M,Lebanon_Medieval_o3.SG,HaberAJHG2018,Lebanon,Other region,33.561,35.398,1000,1150,1300,,1000 - 2000
SI-47.SG,M,Lebanon_Medieval_o2.SG,HaberAJHG2018,Lebanon,Other region,33.561,35.398,1000,1150,1300,,1000 - 2000
VK210.SG,M,Poland_Medieval_1.SG,MargaryanWillerslevNature2020,Poland,Central Europe,50.04,19.9,1000,1150,1300,,1000 - 2000
VK211.SG,M,Poland_Medieval_2.SG,MargaryanWillerslevNature2020,Poland,Central Europe,52.88,14.2,1000,1150,1300,,1000 - 2000
VK536.SG,F,Italy_Medieval.SG,MargaryanWillerslevNature2020,Italy,Italy,41.34,15.26,1000,1150,1300,,1000 - 2000
VK537.SG,F,Italy_Medieval_o2.SG,MargaryanWillerslevNature2020,Italy,Italy,41.34,15.26,1000,1150,1300,,1000 - 2000
VK538.SG,M,Italy_Medieval_o1.SG,MargaryanWillerslevNature2020,Italy,Italy,41.34,15.26,1000,1150,1300,,1000 - 2000
Sunghir6.SG,M,Russia_Sunghir_Medieval.SG,SikoraScience2017,Russia,Other region,56.176,40.502,1041,1153,1218,(OxA-31755:884±23);(OxA-X-2653-36:925±29),1000 - 2000
vik_urm160.SG,M,Sweden_Viking.SG,KrzewinskaCurrentBiology2018,Sweden,Other region,59.617,17.724,1040,1169,1225,(Ua-22740:885±35),1000 - 2000
VK534.SG,M,Italy_Medieval.SG,MargaryanWillerslevNature2020,Italy,Italy,41.42,15.58,1049,1191,1267,(LTL-14331:860±35),1000 - 2000
I7457,M,Spain_Islamic_Almohade,OlaldeScience2019,Spain,Iberia,37.001,-3.993,1100,1200,1300,,1000 - 2000
I12515,M,Spain_Islamic,OlaldeScience2019,Spain,Iberia,39.933,-0.2,1100,1200,1300,,1000 - 2000
I12649,M,Spain_Islamic,OlaldeScience2019,Spain,Iberia,39.47,-0.377,1100,1200,1300,,1000 - 2000
I12647,F,Spain_Islamic,OlaldeScience2019,Spain,Iberia,39.47,-0.377,1100,1200,1300,,1000 - 2000
I12645,F,Spain_Islamic,OlaldeScience2019,Spain,Iberia,39.47,-0.377,1100,1200,1300,,1000 - 2000
I12644,M,Spain_Islamic,OlaldeScience2019,Spain,Iberia,39.47,-0.377,1100,1200,1300,,1000 - 2000
VK113.SG,F,Norway_Medieval_o.SG,MargaryanWillerslevNature2020,Norway,Other region,63.43,10.39,1100,1200,1300,,1000 - 2000
VK114.SG,F,Norway_Medieval.SG,MargaryanWillerslevNature2020,Norway,Other region,63.43,10.39,1100,1200,1300,,1000 - 2000
VK117.SG,M,Norway_Medieval.SG,MargaryanWillerslevNature2020,Norway,Other region,63.43,10.39,1100,1200,1300,,1000 - 2000
VK118.SG,F,Norway_Medieval.SG,MargaryanWillerslevNature2020,Norway,Other region,63.43,10.39,1100,1200,1300,,1000 - 2000
VK124.SG,F,Norway_Medieval.SG,MargaryanWillerslevNature2020,Norway,Other region,63.43,10.39,1100,1200,1300,,1000 - 2000
s19_0LS03_1.SG,M,Estonia_Medieval.SG,SaagCurrentBiology2019,Estonia,Other region,59.383,27.364,1180,1210,1240,,1000 - 2000
s19_IIg_1.SG,M,Estonia_Medieval.SG,SaagCurrentBiology2019,Estonia,Other region,59.449,26.714,1180,1210,1240,,1000 - 2000
R62.SG,F,Italy_Medieval_EarlyModern_oCentralEuropean.SG,AntonioGaoMootsScience2019,Italy,Italy,41.688,13.086,1130,1215,1300,,1000 - 2000
SI-42.SG,M,Lebanon_Medieval.SG,HaberAJHG2018,Lebanon,Other region,33.561,35.398,1055,1232,1281,,1000 - 2000
SI-41.SG,M,Lebanon_Medieval_o1.SG,HaberAJHG2018,Lebanon,Other region,33.561,35.398,1182,1241,1272,,1000 - 2000
DA199.SG,F,Hungary_Medieval.SG,DamgaardNature2018,Hungary,Southeastern Europe,47.557,21.015,1218,1247,1279,(UBA-33601:788±30),1000 - 2000
SI-39.SG,M,Lebanon_Medieval_o2.SG,HaberAJHG2018,Lebanon,Other region,33.561,35.398,1182,1249,1285,,1000 - 2000
VK541.SG,M,Ukraine_Medieval.SG,MargaryanWillerslevNature2020,Ukraine,Western Pontic Steppe,50.74,25.32,1200,1250,1300,,1000 - 2000
VK535.SG,M,Italy_Medieval.SG,MargaryanWillerslevNature2020,Italy,Italy,41.42,15.58,1216,1251,1287,(LTL-14332:775±35),1000 - 2000
SI-45.SG,M,Lebanon_Medieval.SG,HaberAJHG2018,Lebanon,Other region,33.561,35.398,1224,1254,1278,,1000 - 2000
s19_IIa_1.SG,M,Estonia_Medieval.SG,SaagCurrentBiology2019,Estonia,Other region,58.503,22.742,1230,1265,1300,,1000 - 2000
SNN004,M,Italy_Sardinia_Medieval,MarcusNatureCommunications2020,Italy,Italy,40.727,8.558,1234,1276,1295,(MAMS-39537:737±19),1000 - 2000
R1290.SG,F,Italy_Medieval_EarlyModern.SG,AntonioGaoMootsScience2019,Italy,Italy,41.896,12.472,1300,1347,1399,(UCIAMS-213636:615±25),1000 - 2000
SNN001,M,Italy_Sardinia_Medieval,MarcusNatureCommunications2020,Italy,Italy,40.727,8.558,1302,1347,1396,(MAMS-39534:615±17),1000 - 2000
s19_IIIt_1.SG,F,Estonia_Medieval.SG,SaagCurrentBiology2019,Estonia,Other region,57.86,26.589,1250,1350,1450,,1000 - 2000
SNN002,M,Italy_Sardinia_Medieval,MarcusNatureCommunications2020,Italy,Italy,40.727,8.558,1299,1354,1395,(MAMS-39535:627±19),1000 - 2000
R52.SG,M,Italy_Medieval_EarlyModern.SG,AntonioGaoMootsScience2019,Italy,Italy,41.688,13.086,1280,1355,1430,,1000 - 2000
R53.SG,M,Italy_Medieval_EarlyModern.SG,AntonioGaoMootsScience2019,Italy,Italy,41.688,13.086,1280,1355,1430,,1000 - 2000
R54.SG,M,Italy_Medieval_EarlyModern.SG,AntonioGaoMootsScience2019,Italy,Italy,41.688,13.086,1280,1355,1430,,1000 - 2000
R55.SG,M,Italy_Medieval_EarlyModern_oCentralEuropean.SG,AntonioGaoMootsScience2019,Italy,Italy,41.688,13.086,1280,1355,1430,,1000 - 2000
R56.SG,F,Italy_Medieval_EarlyModern.SG,AntonioGaoMootsScience2019,Italy,Italy,41.688,13.086,1280,1355,1430,,1000 - 2000
R57.SG,F,Italy_Medieval_EarlyModern.SG,AntonioGaoMootsScience2019,Italy,Italy,41.688,13.086,1280,1355,1430,,1000 - 2000
R61.SG,M,Italy_Medieval_EarlyModern_oCentralEuropean.SG,AntonioGaoMootsScience2019,Italy,Italy,41.688,13.086,1280,1355,1430,,1000 - 2000
s19_IIf_1.SG,M,Estonia_Medieval.SG,SaagCurrentBiology2019,Estonia,Other region,58.059,26.496,1360,1375,1390,,1000 - 2000
I8145,M,Spain_NazariPeriod_LateMuslim,OlaldeScience2019,Spain,Iberia,37.146,-3.591,1300,1400,1500,,1000 - 2000
I8146,F,Spain_NazariPeriod_LateMuslim,OlaldeScience2019,Spain,Iberia,37.146,-3.591,1300,1400,1500,,1000 - 2000
R1287.SG,M,Italy_Medieval_EarlyModern.SG,AntonioGaoMootsScience2019,Italy,Italy,41.896,12.472,1350,1425,1500,,1000 - 2000
R1288.SG,F,Italy_Medieval_EarlyModern_oCentralEuropean.SG,AntonioGaoMootsScience2019,Italy,Italy,41.896,12.472,1350,1425,1500,,1000 - 2000
R1289.SG,F,Italy_Medieval_EarlyModern_oCentralEuropean.SG,AntonioGaoMootsScience2019,Italy,Italy,41.896,12.472,1350,1425,1500,,1000 - 2000
R1286.SG,M,Italy_Medieval_EarlyModern_oCentralEuropean.SG,AntonioGaoMootsScience2019,Italy,Italy,41.896,12.472,1409,1430,1448,(UCIAMS-213635:485±25),1000 - 2000
R1219.SG,M,Italy_Medieval_EarlyModern_oCentralEuropean.SG,AntonioGaoMootsScience2019,Italy,Italy,41.896,12.472,1421,1441,1468,(UCIAMS-213632:455±25),1000 - 2000
SNN003,F,Italy_Sardinia_Medieval,MarcusNatureCommunications2020,Italy,Italy,40.727,8.558,1440,1462,1610,(MAMS-39536:411±19),1000 - 2000
R1220.SG,M,Italy_Medieval_EarlyModern_oCentralEuropean.SG,AntonioGaoMootsScience2019,Italy,Italy,41.896,12.472,1480,1485,1490,,1000 - 2000
R1221.SG,M,Italy_Medieval_EarlyModern_oCentralEuropean.SG,AntonioGaoMootsScience2019,Italy,Italy,41.896,12.472,1480,1485,1490,,1000 - 2000
R1224.SG,M,Italy_Medieval_EarlyModern_oCentralEuropean.SG,AntonioGaoMootsScience2019,Italy,Italy,41.896,12.472,1480,1485,1490,,1000 - 2000
I3808,F,Spain_NazariPeriod_Muslim,OlaldeScience2019,Spain,Iberia,36.951,-3.547,1500,1550,1600,,1000 - 2000
I3810,F,Spain_NazariPeriod_Muslim_African,OlaldeScience2019,Spain,Iberia,36.951,-3.547,1500,1550,1600,,1000 - 2000
I3809_published,M,Spain_NazariPeriod_Muslim_published,OlaldeScience2019,Spain,Iberia,36.951,-3.547,1500,1550,1600,,1000 - 2000
I7423_published,M,Spain_NazariPeriod_Muslim_o_published,OlaldeScience2019,Spain,Iberia,36.951,-3.547,1500,1550,1600,,1000 - 2000
I7424,F,Spain_NazariPeriod_Muslim,OlaldeScience2019,Spain,Iberia,36.951,-3.547,1500,1550,1600,,1000 - 2000
I7425,F,Spain_NazariPeriod_Muslim,OlaldeScience2019,Spain,Iberia,36.951,-3.547,1500,1550,1600,,1000 - 2000
I1955,F,Iran_GanjDareh_Historic,LazaridisNature2016,Iran,Other region,34.45,48.116,1480,1562,1639,(Beta-432801:330±30),1000 - 2000
s19_ILS01_1.SG,M,Estonia_Medieval.SG,SaagCurrentBiology2019,Estonia,Other region,58.248,26.763,1500,1562,1625,,1000 - 2000
MA2195_final.SG,F,Turkey_OttomanPeriod_Tajik_Turkic_possible.SG,DamgaardScience2018,Turkey,Other region,39.346,33.788,1200,1575,1950,,1000 - 2000
MA2196_final.SG,F,Turkey_OttomanPeriod_Turkish_Caucasian_possible.SG,DamgaardScience2018,Turkey,Other region,39.346,33.788,1200,1575,1950,,1000 - 2000
s19_IVLS09KT_1.SG,M,Estonia_Medieval.SG,SaagCurrentBiology2019,Estonia,Other region,58.304,26.948,1570,1585,1600,,1000 - 2000
VK237.SG,M,Faroes_EarlyModern.SG,MargaryanWillerslevNature2020,Faroes,Other region,61.85,-6.8,1500,1600,1700,,1000 - 2000
VK238.SG,M,Faroes_EarlyModern.SG,MargaryanWillerslevNature2020,Faroes,Other region,61.85,-6.8,1500,1600,1700,,1000 - 2000
VK240.SG,F,Faroes_EarlyModern.SG,MargaryanWillerslevNature2020,Faroes,Other region,61.85,-6.8,1500,1600,1700,,1000 - 2000
VK241.SG,F,Faroes_EarlyModern.SG,MargaryanWillerslevNature2020,Faroes,Other region,61.85,-6.8,1500,1600,1700,,1000 - 2000
VK242.SG,M,Faroes_EarlyModern.SG,MargaryanWillerslevNature2020,Faroes,Other region,61.85,-6.8,1500,1600,1700,,1000 - 2000
VK244.SG,M,Faroes_EarlyModern.SG,MargaryanWillerslevNature2020,Faroes,Other region,61.85,-6.8,1500,1600,1700,,1000 - 2000
VK245.SG,M,Faroes_EarlyModern_o1.SG,MargaryanWillerslevNature2020,Faroes,Other region,61.85,-6.8,1500,1600,1700,,1000 - 2000
VK248.SG,M,Faroes_EarlyModern.SG,MargaryanWillerslevNature2020,Faroes,Other region,61.85,-6.8,1500,1600,1700,,1000 - 2000
VK25.SG,M,Faroes_EarlyModern.SG,MargaryanWillerslevNature2020,Faroes,Other region,61.85,-6.8,1500,1600,1700,,1000 - 2000
VK27.SG,M,Faroes_EarlyModern.SG,MargaryanWillerslevNature2020,Faroes,Other region,61.85,-6.8,1500,1600,1700,,1000 - 2000
VK44.SG,M,Faroes_EarlyModern_o2.SG,MargaryanWillerslevNature2020,Faroes,Other region,61.85,-6.8,1500,1600,1700,,1000 - 2000
VK46.SG,M,Faroes_EarlyModern.SG,MargaryanWillerslevNature2020,Faroes,Other region,61.85,-6.8,1500,1600,1700,,1000 - 2000
R969.SG,M,Italy_Medieval_EarlyModern.SG,AntonioGaoMootsScience2019,Italy,Italy,41.956,12.754,1600,1650,1700,,1000 - 2000
R970.SG,M,Italy_Medieval_EarlyModern_o.SG,AntonioGaoMootsScience2019,Italy,Italy,41.956,12.754,1600,1650,1700,,1000 - 2000
R973.SG,F,Italy_Medieval_EarlyModern.SG,AntonioGaoMootsScience2019,Italy,Italy,41.956,12.754,1600,1650,1700,,1000 - 2000
