Sample_ID,search_x,search_y,search_z,field_x_mds2_retro_low,field_x_mds2_retro_default,field_x_mds2_retro_high,field_x_pca5_retro_low,field_x_pca5_retro_default,field_x_pca5_retro_high,field_y_mds2_retro_low,field_y_mds2_retro_default,field_y_mds2_retro_high,field_y_pca5_retro_low,field_y_pca5_retro_default,field_y_pca5_retro_high,field_z_mds2_retro_low,field_z_mds2_retro_default,field_z_mds2_retro_high,field_z_pca5_retro_low,field_z_pca5_retro_default,field_z_pca5_retro_high,ov_x_mds2_retro_low,ov_x_mds2_retro_default,ov_x_mds2_retro_high,ov_x_pca5_retro_low,ov_x_pca5_retro_default,ov_x_pca5_retro_high,ov_y_mds2_retro_low,ov_y_mds2_retro_default,ov_y_mds2_retro_high,ov_y_pca5_retro_low,ov_y_pca5_retro_default,ov_y_pca5_retro_high,ov_dist_mds2_retro_low,ov_dist_mds2_retro_default,ov_dist_mds2_retro_high,ov_dist_pca5_retro_low,ov_dist_pca5_retro_default,ov_dist_pca5_retro_high,ov_dist_se_mds2_retro_low,ov_dist_se_mds2_retro_default,ov_dist_se_mds2_retro_high,ov_dist_se_pca5_retro_low,ov_dist_se_pca5_retro_default,ov_dist_se_pca5_retro_high,ov_dist_sd_mds2_retro_low,ov_dist_sd_mds2_retro_default,ov_dist_sd_mds2_retro_high,ov_dist_sd_pca5_retro_low,ov_dist_sd_pca5_retro_default,ov_dist_sd_pca5_retro_high,ov_angle_deg_mds2_retro_low,ov_angle_deg_mds2_retro_default,ov_angle_deg_mds2_retro_high,ov_angle_deg_pca5_retro_low,ov_angle_deg_pca5_retro_default,ov_angle_deg_pca5_retro_high
I4630,5250,3785,-7253,4299,4413,4919,4219,4343,4761,3730,3762,3798,3880,3830,3814,-7634,-7503,-7395,-7634,-7503,-7395,-951,-837,-331,-1031,-907,-489,-54,-22,13,95,45,29,952,837,331,1035,908,489,20,35,57,17,39,73,101,178,287,86,197,368,266,268,272,275,272,273
WC1.SG,7614,2101,-7252,7687,7657,7639,7701,7671,7649,2114,2112,2118,2064,2068,2074,-7633,-7502,-7394,-7633,-7502,-7394,72,42,24,86,56,34,13,11,17,-36,-32,-26,74,44,30,94,65,44,3,4,0,4,4,3,19,23,0,20,20,16,79,75,55,113,120,127
Falkenstein,4249,2772,-7193,3517,3451,3433,4717,5071,4717,3184,3194,3152,2606,2382,2578,-7574,-7443,-7335,-7574,-7443,-7335,-731,-797,-815,468,822,468,412,422,380,-165,-389,-193,839,902,899,496,910,506,12,6,27,7,6,95,62,32,137,36,30,476,299,297,295,109,115,112
SF9.SG,4801,3824,-7194,4643,4931,5013,4805,5157,5161,3582,3628,3734,3194,2954,3292,-7575,-7444,-7336,-7575,-7444,-7336,-157,130,212,4,356,360,-242,-196,-90,-630,-870,-532,288,235,231,630,940,643,64,71,49,83,92,113,322,357,246,416,464,565,212,146,112,179,157,145
Chan.SG,2935,2338,-7131,5383,5381,5357,5457,5447,4547,2378,2372,2370,2342,2322,2352,-7512,-7381,-7273,-7512,-7381,-7273,2448,2446,2422,2522,2512,1612,39,33,31,3,-16,13,2448,2446,2422,2522,2512,1612,3,4,4,4,4,234,18,20,23,23,21,1172,89,89,89,89,90,89
R15.SG,4615,2102,-7127,3335,3389,3777,3347,3447,4451,3160,3086,2774,3182,3092,2350,-7508,-7377,-7269,-7508,-7377,-7269,-1279,-1225,-837,-1267,-1167,-163,1058,984,672,1080,990,248,1660,1572,1074,1665,1531,297,3,39,113,4,62,93,18,198,567,22,310,467,309,308,308,310,310,326
PER503.SG,3570,2566,-7092,3345,3479,3739,3343,3363,3413,3170,3048,2888,3170,3114,2954,-7473,-7342,-7234,-7473,-7342,-7234,-224,-90,169,-226,-206,-156,604,482,322,604,548,388,644,490,364,645,585,418,5,29,50,3,19,40,28,146,254,18,96,204,339,349,27,339,339,338
I5436,5317,2474,-7115,5325,5335,5337,5287,5311,5319,2484,2482,2486,2486,2484,2484,-7496,-7365,-7257,-7496,-7365,-7257,7,17,19,-30,-6,1,9,7,11,11,9,9,12,19,23,32,11,9,2,2,2,5,2,2,11,11,12,28,11,11,39,66,59,291,328,11
I4607,5317,2474,-6933,5317,5317,5321,5289,5289,5291,2468,2470,2474,2468,2466,2468,-7314,-7183,-7075,-7314,-7183,-7075,0,0,3,-28,-28,-26,-6,-4,0,-6,-8,-6,6,4,3,28,29,26,0,0,1,1,2,0,1,4,8,9,13,0,180,180,94,257,253,256
SF12.SG,4801,3824,-6936,4937,5041,4999,4967,5005,4973,3766,3770,3788,3714,3818,3836,-7317,-7186,-7078,-7317,-7186,-7078,136,240,198,166,204,172,-58,-54,-36,-110,-6,11,148,246,202,199,204,173,24,18,16,62,17,18,121,94,82,311,85,94,113,102,100,123,91,86
SF11.SG,4801,3824,-6960,5657,5889,5961,5617,5789,5943,3238,3158,3122,3234,3170,3092,-7341,-7210,-7102,-7341,-7210,-7102,856,1088,1160,816,988,1142,-586,-666,-702,-590,-654,-732,1038,1276,1356,1007,1185,1357,87,78,68,100,93,69,439,390,344,503,467,349,124,121,121,125,123,122
I5401,5293,2472,-6856,5291,5285,5287,5293,5291,5293,2466,2464,2466,2468,2468,2468,-7237,-7106,-6998,-7237,-7106,-6998,-2,-8,-6,0,-2,0,-5,-7,-5,-3,-3,-3,6,11,8,3,4,3,1,4,3,1,0,1,9,21,16,8,0,8,199,225,226,181,208,181
BAJ001_BAJ001.A0101,6762,1227,-6913,6673,6687,6693,6797,6787,6779,1478,1424,1400,1322,1310,1286,-7294,-7163,-7055,-7294,-7163,-7055,-88,-74,-68,35,25,17,251,197,173,95,83,59,266,210,186,101,87,61,46,46,49,2,3,4,232,234,249,14,16,21,340,339,338,20,17,16
I5876,6028,3146,-6903,4731,4783,4747,4699,4835,4881,3870,3882,3890,3858,3870,3888,-7284,-7153,-7045,-7284,-7153,-7045,-1296,-1244,-1280,-1328,-1192,-1146,724,736,744,712,724,742,1485,1446,1481,1507,1395,1366,44,29,15,26,12,8,220,147,78,130,61,42,299,300,300,298,301,302
M96.SG,5317,2474,-6870,5335,5347,5349,5317,5331,5335,2488,2494,2498,2468,2468,2468,-7251,-7120,-7012,-7251,-7120,-7012,17,29,31,0,13,17,13,19,23,-6,-6,-6,22,35,39,6,15,19,2,3,4,0,1,1,12,19,20,1,9,9,52,56,53,180,114,109
SBj.SG,4828,3884,-6831,4979,5005,4965,5035,4979,4921,3798,3816,3832,3726,3836,3856,-7212,-7081,-6973,-7212,-7081,-6973,151,177,137,207,151,93,-86,-68,-52,-158,-48,-28,174,190,147,261,159,97,17,17,19,66,19,19,89,89,98,334,98,99,119,110,110,127,107,106
I4655_published,5317,2474,-6797,5289,5289,5291,5363,5349,5283,2450,2464,2466,2678,2794,3028,-7178,-7047,-6939,-7178,-7047,-6939,-28,-28,-26,45,31,-34,-24,-10,-8,203,319,553,37,29,27,208,321,554,4,3,2,41,72,98,20,15,13,205,364,491,229,249,252,12,5,356
I4916,5293,2472,-6760,5287,5285,5287,5287,5287,5295,2464,2464,2466,2466,2466,2466,-7141,-7010,-6902,-7141,-7010,-6902,-6,-8,-6,-6,-6,1,-7,-7,-5,-5,-5,-5,9,11,8,8,8,6,3,4,3,3,3,3,19,21,16,16,16,18,217,225,226,226,226,162
I4870,5275,2457,-6749,5195,5193,5219,5189,5205,5221,2426,2434,2456,2422,2436,2452,-7130,-6999,-6891,-7130,-6999,-6891,-80,-82,-56,-86,-70,-54,-30,-22,0,-34,-20,-4,85,85,56,92,73,54,2,1,5,2,5,5,11,8,27,14,25,27,248,254,269,247,253,264
I1699,6761,1409,-6754,6703,6693,6715,6743,6743,6741,1368,1382,1364,1388,1378,1374,-7135,-7004,-6896,-7135,-7004,-6896,-57,-67,-45,-17,-17,-19,-41,-27,-45,-21,-31,-35,71,73,64,27,35,40,28,32,27,4,2,1,143,161,135,24,14,7,234,248,225,220,210,209
I0867,6694,1363,-6766,6615,6585,6573,6705,6699,6691,1502,1526,1534,1370,1370,1374,-7147,-7016,-6908,-7147,-7016,-6908,-78,-108,-120,11,5,-2,138,162,170,6,6,10,159,196,209,13,8,11,49,58,64,7,5,4,248,293,321,36,25,21,330,326,324,57,35,344
I5411,5317,2474,-6653,5323,5323,5335,5299,5293,5303,2484,2472,2476,2500,2486,2486,-7034,-6903,-6795,-7034,-6903,-6795,5,5,17,-18,-24,-14,9,-2,1,25,11,11,11,6,18,31,26,18,2,1,3,2,2,2,11,6,18,14,11,11,31,111,84,324,295,309
BDB001,4465,3134,-6690,4237,4593,4671,4929,4875,4937,2742,2592,2670,2458,2520,2518,-7071,-6940,-6832,-7071,-6940,-6832,-227,128,206,464,410,472,-391,-541,-463,-675,-613,-615,452,556,507,819,738,776,50,53,73,47,57,56,253,265,365,236,289,283,210,166,155,145,146,142
cth728.SG,6316,1921,-6595,6649,6565,6455,6221,6217,6199,1442,1584,1762,1804,1856,1896,-6976,-6845,-6737,-6976,-6845,-6737,333,249,139,-94,-98,-116,-479,-337,-159,-117,-65,-25,583,419,211,150,118,119,60,67,57,14,10,8,300,335,287,74,51,42,145,143,138,218,236,257
cth747.SG,6316,1921,-6549,6653,6547,6425,6501,6495,6485,1462,1640,1850,1932,1940,1950,-6930,-6799,-6691,-6930,-6799,-6691,337,231,109,185,179,169,-459,-281,-71,10,18,28,569,364,130,185,180,171,58,64,41,27,24,18,291,323,209,137,122,90,143,140,123,86,84,80
I4877,5275,2457,-6529,5225,5239,5245,5237,5241,5247,2460,2468,2468,2466,2466,2468,-6910,-6779,-6671,-6910,-6779,-6671,-50,-36,-30,-38,-34,-28,3,11,11,9,9,11,50,37,32,39,35,30,5,1,0,2,0,1,25,9,4,14,3,5,273,287,290,283,284,291
CCH285.SG,6316,1921,-6500,6331,6277,6183,6143,6103,6163,1792,1850,1986,1878,1904,1896,-6881,-6750,-6642,-6881,-6750,-6642,15,-38,-132,-172,-212,-152,-129,-71,64,-43,-17,-25,130,81,147,177,213,154,52,48,33,59,64,55,263,242,165,298,322,278,173,208,295,255,265,260
CCH294.SG,6316,1921,-6555,6633,6579,6461,6379,6367,6359,1490,1562,1726,1852,1872,1902,-6936,-6805,-6697,-6936,-6805,-6697,317,263,145,63,51,43,-431,-359,-195,-69,-49,-19,535,445,243,93,71,47,61,65,65,9,5,4,306,328,327,45,28,22,143,143,143,137,133,114
CCH311.SG,6316,1921,-6485,6485,6439,6391,6265,6269,6271,1732,1810,1866,1862,1888,1906,-6866,-6735,-6627,-6866,-6735,-6627,169,123,75,-50,-46,-44,-189,-111,-55,-59,-33,-15,254,166,93,77,57,47,60,58,49,11,8,6,301,290,248,56,43,32,138,132,126,220,234,250
pch034.SG,6316,1921,-6512,6457,6421,6359,6501,6463,6455,1750,1792,1888,1890,1910,1924,-6893,-6762,-6654,-6893,-6762,-6654,141,105,43,185,147,139,-171,-129,-33,-31,-11,2,222,166,54,188,147,139,60,54,45,14,7,7,300,272,229,73,37,38,140,140,127,99,94,88
I4874,5275,2457,-6542,5247,5269,5293,5251,5281,5293,2466,2468,2468,2466,2468,2468,-6923,-6792,-6684,-6923,-6792,-6684,-28,-6,17,-24,5,17,9,11,11,9,11,11,29,12,21,25,12,21,1,1,1,1,1,1,6,8,9,7,6,9,287,331,58,290,28,58
I4550,5250,3785,-6550,5271,5295,5313,5291,5303,5341,2514,2516,2514,2518,2518,2516,-6931,-6800,-6692,-6931,-6800,-6692,20,44,62,40,52,90,-1270,-1268,-1270,-1266,-1266,-1268,1270,1269,1272,1267,1267,1271,2,1,2,0,0,1,13,9,13,0,1,9,179,177,177,178,177,175
Tep002.SG,6440,2021,-6534,6653,6557,6395,6321,6311,6307,1460,1620,1880,1898,1936,1972,-6915,-6784,-6676,-6915,-6784,-6676,212,116,-45,-119,-129,-133,-560,-400,-140,-122,-84,-48,599,417,147,170,154,141,52,59,31,7,6,4,262,298,155,37,32,24,159,163,197,224,236,249
I0211,5650,4528,-6499,5717,5705,5683,5643,5667,5673,4500,4500,4508,4474,4506,4516,-6880,-6749,-6641,-6880,-6749,-6641,67,55,33,-6,17,23,-28,-28,-20,-54,-22,-12,73,62,39,54,28,26,11,11,8,9,7,5,56,56,41,49,37,27,112,116,121,186,141,117
I0061,5650,4528,-6498,5751,5731,5715,5653,5669,5679,4534,4526,4530,4494,4510,4516,-6879,-6748,-6640,-6879,-6748,-6640,101,81,65,3,19,29,5,-2,1,-34,-18,-12,101,81,65,34,26,32,13,10,8,11,6,4,66,52,43,56,31,24,86,91,88,173,132,112
I4871,5275,2457,-6500,5279,5297,5293,5267,5269,5279,2460,2468,2472,2432,2442,2464,-6881,-6750,-6642,-6881,-6750,-6642,3,21,17,-8,-6,3,3,11,15,-24,-14,7,4,24,23,26,16,8,3,6,6,2,3,7,17,32,32,13,17,38,51,63,49,197,202,28
I4872,5275,2457,-6480,5285,5289,5297,5305,5309,5309,2458,2460,2480,2470,2478,2492,-6861,-6730,-6622,-6861,-6730,-6622,9,13,21,29,33,33,1,3,23,13,21,35,9,14,31,32,39,48,3,5,9,5,6,9,18,27,47,28,34,46,83,77,43,66,58,44
I5772,5275,2457,-6544,5299,5311,5309,5183,5275,5281,2456,2462,2472,2452,2430,2448,-6925,-6794,-6686,-6925,-6794,-6686,23,35,33,-92,0,5,0,5,15,-4,-26,-8,23,36,37,92,26,10,4,6,7,75,6,9,24,31,35,379,34,47,92,81,66,266,180,146
I4875,5275,2457,-6498,5235,5239,5261,5241,5247,5273,2464,2466,2468,2468,2468,2468,-6879,-6748,-6640,-6879,-6748,-6640,-40,-36,-14,-34,-28,-2,7,9,11,11,11,11,40,37,17,35,30,11,3,3,1,0,1,1,18,15,8,0,5,8,280,284,308,288,291,349
I4876,5275,2457,-6462,5223,5237,5257,5243,5249,5251,2450,2460,2466,2420,2422,2424,-6843,-6712,-6604,-6843,-6712,-6604,-52,-38,-18,-32,-26,-24,-6,3,9,-36,-34,-32,52,38,20,48,43,40,5,3,2,1,1,1,28,19,14,6,7,9,262,274,296,221,216,216
Tep003.SG,6440,2021,-6471,6679,6501,6457,6463,6441,6431,1514,1850,1944,1972,1994,2018,-6852,-6721,-6613,-6852,-6721,-6613,238,60,16,22,0,-9,-506,-170,-76,-48,-26,-2,560,181,78,53,26,9,52,39,5,6,4,4,261,198,29,34,24,23,154,160,167,154,177,253
I4881_published,5275,2457,-6420,5247,5271,5289,5281,5297,5293,2466,2468,2468,2468,2468,2468,-6801,-6670,-6562,-6801,-6670,-6562,-28,-4,13,5,21,17,9,11,11,11,11,11,29,11,17,12,24,21,1,2,2,2,3,1,6,11,10,11,15,9,287,339,51,28,63,58
KAR001.SG,5863,4473,-6359,5815,5829,5829,5769,5781,5785,4580,4554,4542,4460,4504,4498,-6740,-6609,-6501,-6740,-6609,-6501,-47,-33,-33,-93,-81,-77,107,81,69,-12,31,25,117,87,76,94,87,81,9,7,6,48,6,5,46,36,31,240,30,26,336,337,334,262,290,287
Rev5.SG,5261,1889,-6355,6249,6157,6093,6107,6049,5991,1938,2038,2090,1996,2050,2068,-6736,-6605,-6497,-6736,-6605,-6497,987,895,831,845,787,729,48,148,200,106,160,178,989,908,855,852,804,751,23,9,5,7,7,5,119,47,28,37,37,28,87,80,76,82,78,76
I4632,5250,3785,-6368,5203,5115,5197,5081,5137,5213,3332,3812,3832,3730,3800,3818,-6749,-6618,-6510,-6749,-6618,-6510,-47,-135,-53,-169,-113,-37,-452,27,47,-54,15,33,455,137,71,177,114,49,104,10,8,42,9,4,523,51,43,212,45,23,185,281,311,252,277,312
I5771,5275,2457,-6379,5195,5199,5197,5237,5241,5231,2418,2420,2424,2412,2416,2420,-6760,-6629,-6521,-6760,-6629,-6521,-80,-76,-78,-38,-34,-44,-38,-36,-32,-44,-40,-36,89,84,84,58,53,57,2,3,5,4,1,3,11,17,26,20,8,16,244,244,247,220,219,230
I1100,5972,2126,-6373,6107,6011,5961,6021,5941,5905,1990,2064,2096,2040,2084,2100,-6754,-6623,-6515,-6754,-6623,-6515,135,39,-10,49,-30,-66,-136,-62,-30,-86,-42,-26,192,73,31,99,51,71,20,11,4,11,10,14,101,59,21,59,54,73,135,147,198,150,215,248
I1102,5972,2126,-6336,6129,6037,5985,6161,6065,6013,2024,2090,2114,2018,2086,2110,-6717,-6586,-6478,-6717,-6586,-6478,157,65,13,189,93,41,-102,-36,-12,-108,-40,-16,187,75,18,218,102,44,15,10,4,13,9,7,79,54,23,68,47,35,122,118,131,119,113,111
I1099,5972,2126,-6354,6153,6061,6001,6141,6059,6019,2000,2070,2104,2016,2078,2106,-6735,-6604,-6496,-6735,-6604,-6496,181,89,29,169,87,47,-126,-56,-22,-110,-48,-20,221,105,37,202,100,51,17,12,5,15,12,7,86,60,29,78,62,36,124,122,126,122,118,112
I1103,5972,2126,-6386,6285,6145,6075,6323,6297,6265,1866,2046,2098,1954,2002,2044,-6767,-6636,-6528,-6767,-6636,-6528,313,173,103,351,325,293,-260,-80,-28,-172,-124,-82,407,191,107,391,348,305,62,16,9,7,8,14,314,81,49,39,42,72,129,114,105,116,110,105
I1101,5972,2126,-6335,6143,6057,6007,6119,6019,5985,2014,2084,2110,2004,2062,2094,-6716,-6585,-6477,-6716,-6585,-6477,171,85,35,147,47,13,-112,-42,-16,-122,-64,-32,205,95,39,191,80,35,14,11,6,14,9,4,73,58,32,70,47,23,123,116,114,129,143,156
I1096,5972,2126,-6322,6127,6041,5983,6097,6029,5989,2026,2090,2112,2058,2098,2116,-6703,-6572,-6464,-6703,-6572,-6464,155,69,11,125,57,17,-100,-36,-14,-68,-28,-10,185,78,18,143,64,20,17,12,4,13,10,4,85,64,24,69,52,21,122,117,140,118,116,119
I0736,5972,2126,-6342,6119,6041,5981,6135,6049,6003,2026,2090,2110,2018,2076,2104,-6723,-6592,-6484,-6723,-6592,-6484,147,69,9,163,77,31,-100,-36,-16,-108,-50,-22,178,78,18,196,92,38,16,12,5,15,12,5,84,60,28,76,64,28,124,117,149,123,122,125
I1097,5972,2126,-6336,6135,6037,5989,6137,6083,6033,2008,2074,2106,1976,2034,2066,-6717,-6586,-6478,-6717,-6586,-6478,163,65,17,165,111,61,-118,-52,-20,-150,-92,-60,201,83,26,223,144,86,12,7,4,8,7,3,60,37,20,41,38,17,125,128,138,132,129,134
I1098,5972,2126,-6324,6127,6037,5979,6197,6107,6057,2054,2110,2124,2016,2086,2112,-6705,-6574,-6466,-6705,-6574,-6466,155,65,7,225,135,85,-72,-16,-2,-110,-40,-14,171,67,8,251,141,86,17,9,3,10,12,6,85,47,16,54,62,34,114,103,106,116,106,99
Spiginas4,5096,3696,-6334,5257,5275,5289,5295,5303,5297,2468,2470,2472,2468,2470,2472,-6715,-6584,-6476,-6715,-6584,-6476,161,179,193,199,207,201,-1227,-1225,-1223,-1227,-1225,-1223,1238,1238,1239,1243,1243,1240,0,2,4,0,2,4,3,10,20,2,10,20,172,171,171,170,170,170
I1583.SG,5975,2127,-6313,6145,6055,6005,6133,6055,6003,2018,2090,2110,1992,2048,2070,-6694,-6563,-6455,-6694,-6563,-6455,170,80,30,158,80,28,-109,-37,-17,-135,-79,-57,202,88,35,208,112,63,17,10,5,12,11,3,88,51,27,61,57,16,122,114,119,130,134,153
Bar31.SG,5975,2127,-6304,6265,6193,6141,6137,6041,5995,1982,2064,2106,2060,2114,2118,-6685,-6554,-6446,-6685,-6554,-6446,290,218,166,162,66,20,-145,-63,-21,-67,-13,-9,324,227,167,175,67,22,10,8,6,13,7,4,54,44,34,65,39,20,116,106,97,112,101,113
I0744,5972,2126,-6311,6191,6105,6051,6173,6089,6041,1970,2044,2074,1998,2052,2080,-6692,-6561,-6453,-6692,-6561,-6453,219,133,79,201,117,69,-156,-82,-52,-128,-74,-46,269,156,95,239,139,83,15,12,5,13,12,5,75,61,26,66,62,25,125,121,123,122,122,123
I1581_published,5972,2126,-6289,6107,6017,5965,6081,5999,5953,2004,2062,2070,2014,2062,2068,-6670,-6539,-6431,-6670,-6539,-6431,135,45,-6,109,27,-18,-122,-64,-56,-112,-64,-58,182,78,56,156,69,61,10,5,1,10,4,1,50,26,8,51,24,7,132,144,186,135,156,197
I0745,5972,2126,-6293,6223,6135,6073,6131,6033,6021,1984,2080,2114,2090,2130,2160,-6674,-6543,-6435,-6674,-6543,-6435,251,163,101,159,61,49,-142,-46,-12,-36,3,33,289,170,102,163,61,60,34,10,5,13,7,4,172,52,29,68,35,23,119,105,96,102,86,55
Tep004.SG,6440,2021,-6285,6449,6407,6393,6405,6409,6393,1872,1950,1968,1966,1984,2016,-6666,-6535,-6427,-6666,-6535,-6427,8,-33,-47,-35,-31,-47,-148,-70,-52,-54,-36,-4,148,77,70,64,47,47,29,3,1,4,2,2,149,15,9,21,10,12,176,205,221,212,220,264
Chaudardes1_published_d,3845,2924,-6254,4929,4877,4833,4921,4981,4751,2524,2606,2666,2538,2480,2628,-6635,-6504,-6396,-6635,-6504,-6396,1084,1032,988,1076,1136,906,-399,-317,-257,-385,-443,-295,1155,1080,1021,1143,1220,953,58,63,72,61,48,100,293,317,362,307,242,502,110,107,104,109,111,108
I1580_published,5972,2126,-6264,6137,6049,6017,6089,6013,5981,2026,2084,2112,2056,2098,2118,-6645,-6514,-6406,-6645,-6514,-6406,165,77,45,117,41,9,-100,-42,-14,-70,-28,-8,193,88,47,137,50,12,17,10,5,15,7,2,89,52,26,78,35,13,121,118,107,120,124,130
Popovo2,5826,4555,-6219,5871,5761,5751,5651,5773,5779,4418,4450,4518,4016,4320,4524,-6600,-6469,-6361,-6600,-6469,-6361,45,-64,-74,-174,-52,-46,-136,-104,-36,-538,-234,-30,143,122,82,566,240,55,67,61,12,134,109,7,336,308,62,670,547,35,161,211,243,197,192,236
I5402,5293,2472,-6158,5329,5331,5333,5345,5329,5323,2468,2470,2494,2468,2470,2494,-6539,-6408,-6300,-6539,-6408,-6300,35,37,39,51,35,29,-3,-1,22,-3,-1,22,36,37,45,52,35,37,3,5,9,3,4,7,19,26,47,19,22,38,96,92,61,94,93,53
I1736,6186,3025,-6129,5895,6059,6125,5629,5923,6081,3372,3156,3074,3766,3380,3188,-6510,-6379,-6271,-6510,-6379,-6271,-290,-126,-60,-556,-262,-104,346,130,48,740,354,162,452,182,77,926,441,193,104,66,4,111,112,67,522,330,23,559,560,339,320,315,308,323,323,327
I0708,5972,2126,-6162,6179,6127,6105,6287,6245,6193,2084,2120,2124,2034,2076,2106,-6543,-6412,-6304,-6543,-6412,-6304,207,155,133,315,273,221,-42,-6,-2,-92,-50,-20,211,155,133,328,278,222,7,4,5,12,11,8,35,22,29,61,59,43,101,92,90,106,100,95
cth739.SG,6316,1921,-6162,6343,6329,6335,6407,6389,6367,1972,2004,1996,1754,1784,1810,-6543,-6412,-6304,-6543,-6412,-6304,27,13,19,91,73,51,50,82,74,-167,-137,-111,57,83,77,190,155,122,3,5,4,8,4,4,16,29,23,43,22,24,28,9,14,151,151,155
I1734,6186,3025,-6152,5913,6055,6135,5791,6023,6137,3306,3130,3054,3400,3170,3056,-6533,-6402,-6294,-6533,-6402,-6294,-272,-130,-50,-394,-162,-48,280,104,28,374,144,30,391,167,58,544,217,57,103,67,4,120,79,2,515,339,24,601,398,14,315,308,299,313,311,302
I0707,5972,2126,-6148,6075,6033,6029,6031,5989,5985,2066,2084,2110,2068,2080,2110,-6529,-6398,-6290,-6529,-6398,-6290,103,61,57,59,17,13,-60,-42,-16,-58,-46,-16,119,74,59,83,49,21,6,2,3,3,3,3,34,12,19,18,16,16,120,124,105,134,159,139
I5885_published,6028,3146,-6199,5675,6031,6099,5271,5937,6099,3486,3126,3062,3750,3160,3020,-6580,-6449,-6341,-6580,-6449,-6341,-352,3,71,-756,-90,71,340,-19,-83,604,14,-125,490,19,109,968,91,144,119,54,6,91,78,5,595,270,31,457,394,26,313,170,139,308,278,150
I0709,5972,2126,-6135,5993,5951,5941,6003,5985,5987,2106,2118,2118,2068,2098,2118,-6516,-6385,-6277,-6516,-6385,-6277,21,-20,-30,31,13,15,-20,-8,-8,-58,-28,-8,29,21,31,66,31,17,5,0,0,4,4,0,25,4,0,21,21,2,132,247,254,151,154,117
I4914_published,5293,2472,-6146,5317,5319,5311,5261,5285,5295,2468,2472,2496,2424,2450,2494,-6527,-6396,-6288,-6527,-6396,-6288,23,25,17,-32,-8,1,-3,0,24,-47,-21,22,24,25,30,57,23,22,4,5,7,4,5,6,22,26,36,20,29,32,99,89,36,213,200,4
I4915,5293,2472,-6130,5339,5327,5329,5307,5233,5221,2468,2472,2500,2622,3354,3618,-6511,-6380,-6272,-6511,-6380,-6272,45,33,35,13,-60,-72,-3,0,28,150,882,1146,46,33,45,150,884,1148,4,6,9,83,119,80,21,31,45,415,599,403,94,89,51,5,356,356
CMS001_merged,2719,1992,-6102,5321,5295,5287,5441,5499,3525,2360,2374,2410,2388,2428,2176,-6483,-6352,-6244,-6483,-6352,-6244,2602,2576,2568,2722,2780,806,367,381,417,395,435,183,2627,2604,2601,2750,2813,826,8,10,11,13,12,252,43,51,55,66,62,1262,81,81,80,81,81,77
I1579_published,5971,2126,-6106,5963,5943,5941,5985,5953,5941,2104,2114,2118,2064,2068,2070,-6487,-6356,-6248,-6487,-6356,-6248,-8,-28,-30,13,-18,-30,-21,-11,-7,-61,-57,-55,23,30,31,63,60,63,3,1,0,3,0,2,17,9,0,19,1,13,200,247,255,167,197,208
Bar8.SG,5975,2127,-6120,6073,6029,6005,6023,6007,5999,2152,2168,2168,2120,2142,2158,-6501,-6370,-6262,-6501,-6370,-6262,98,54,30,48,32,24,24,40,40,-7,14,30,101,68,51,49,35,39,5,2,3,6,5,3,25,14,15,33,26,18,75,53,36,98,65,38
I4917,5293,2472,-6074,5337,5303,5279,5303,5347,5321,2630,2900,3208,2486,2528,2692,-6455,-6324,-6216,-6455,-6324,-6216,43,9,-14,9,53,27,158,428,736,14,56,220,164,428,736,17,77,221,82,117,121,6,10,78,410,585,609,34,51,390,15,1,358,35,43,7
I1585_published,5971,2126,-6070,6027,5993,5975,6017,5993,5981,2112,2118,2124,2114,2118,2118,-6451,-6320,-6212,-6451,-6320,-6212,55,21,3,45,21,9,-13,-7,-1,-11,-7,-7,57,23,4,47,23,12,7,3,1,5,1,0,39,16,8,27,9,3,103,109,114,104,109,128
Loschbour_published.DG,4061,2972,-6077,4881,4613,4257,4975,4695,4131,2682,2786,2912,2532,2714,2940,-6458,-6327,-6219,-6458,-6327,-6219,819,551,195,913,633,69,-290,-186,-60,-440,-258,-32,869,582,204,1014,684,76,51,79,79,38,86,63,259,397,395,193,430,319,109,108,107,115,112,114
I4882,5275,2457,-6064,5315,5313,5303,5283,5285,5271,2474,2496,2586,2658,2632,2626,-6445,-6314,-6206,-6445,-6314,-6206,39,37,27,7,9,-4,17,39,129,201,175,169,43,54,132,201,175,169,5,9,46,91,81,66,25,46,232,456,407,330,66,44,12,2,3,358
I5407,5273,2459,-6073,5299,5315,5295,5255,5251,5261,2480,2506,2616,2456,2492,2620,-6454,-6323,-6215,-6454,-6323,-6215,26,42,22,-17,-21,-11,21,47,157,-2,33,161,33,63,158,18,39,161,7,14,63,6,12,64,39,72,316,32,64,324,50,41,7,261,326,355
I4666_published,5273,2459,-6043,5769,5761,5739,5839,5827,5799,2218,2226,2232,2212,2216,2218,-6424,-6293,-6185,-6424,-6293,-6185,496,488,466,566,554,526,-240,-232,-226,-246,-242,-240,551,540,518,617,604,578,4,5,5,4,3,5,23,29,27,20,19,25,115,115,115,113,113,114
R2.SG,4615,2102,-6031,5985,5989,5975,5919,5875,5805,2162,2170,2190,2106,2090,2068,-6412,-6281,-6173,-6412,-6281,-6173,1370,1374,1360,1304,1260,1190,60,68,88,4,-11,-33,1371,1376,1363,1304,1260,1190,3,1,4,8,12,4,17,9,22,40,62,22,87,87,86,89,90,91
I5233,5271,2463,-6023,5331,5319,5309,5299,5291,5279,2486,2598,2778,2480,2560,2656,-6404,-6273,-6165,-6404,-6273,-6165,60,48,38,28,20,8,22,134,314,16,96,192,64,143,317,32,98,192,8,64,93,6,46,64,40,322,467,33,234,320,69,19,6,59,11,2
I4665,5273,2459,-6022,5987,5949,5949,5547,5283,4993,2118,2118,2122,1966,1916,1950,-6403,-6272,-6164,-6403,-6272,-6164,714,676,676,274,10,-279,-340,-340,-336,-492,-542,-508,791,757,755,563,542,580,4,3,2,16,11,9,22,16,13,81,58,47,115,116,116,150,178,208
I4596,5250,3785,-6024,5217,5237,5235,5343,5369,5311,3768,3768,3768,2480,2576,3144,-6405,-6274,-6166,-6405,-6274,-6166,-33,-13,-15,92,118,60,-16,-16,-16,-1304,-1208,-640,36,21,22,1307,1214,643,5,2,3,4,50,122,25,11,16,20,250,612,243,218,222,175,174,174
I4432,5250,3785,-5994,5213,5213,5217,5193,5227,5241,3768,3768,3766,3768,3768,3768,-6375,-6244,-6136,-6375,-6244,-6136,-37,-37,-33,-57,-23,-9,-16,-16,-18,-16,-16,-16,40,40,37,59,28,18,4,4,4,1,3,0,21,21,21,8,19,0,245,245,240,253,234,208
I0725,5979,2123,-6012,6089,6043,6007,6313,6285,6253,2128,2158,2174,2002,2064,2032,-6393,-6262,-6154,-6393,-6262,-6154,110,64,28,334,306,274,4,34,50,-121,-59,-91,110,72,57,355,311,288,15,7,6,34,30,26,79,37,33,171,151,130,87,61,28,109,100,108
I0726,5979,2123,-5946,6001,5977,5867,5827,5623,5401,2106,2138,2152,2068,2074,2080,-6327,-6196,-6088,-6327,-6196,-6088,22,-1,-111,-151,-355,-577,-17,14,28,-55,-49,-43,27,14,115,161,359,579,13,5,56,62,101,123,65,29,281,310,507,617,128,352,284,250,262,265
I0727_published,5979,2123,-5992,5993,5979,5961,5793,5853,5887,2142,2166,2178,2116,2162,2146,-6373,-6242,-6134,-6373,-6242,-6134,14,0,-17,-185,-125,-91,18,42,54,-7,38,22,23,42,57,186,131,94,8,4,9,32,15,35,40,24,47,164,75,175,36,0,341,267,287,283
I0724_published,5979,2123,-5974,5835,5691,5639,6023,5975,5919,2104,2154,2174,2156,2166,2172,-6355,-6224,-6116,-6355,-6224,-6116,-143,-287,-339,44,-3,-59,-19,30,50,32,42,48,145,289,343,54,42,77,18,83,87,7,11,15,90,419,436,37,56,77,262,276,278,53,354,309
I0746,5972,2126,-5988,6023,5991,5985,6009,5991,5985,2118,2118,2132,2118,2118,2122,-6369,-6238,-6130,-6369,-6238,-6130,51,19,13,37,19,13,-8,-8,5,-8,-8,-4,52,21,14,38,21,14,4,0,2,4,0,2,23,0,11,23,0,11,99,112,67,102,112,107
I4351,7377,2275,-5956,7005,7275,7339,7339,7371,7385,2058,2168,2222,2172,2214,2244,-6337,-6206,-6098,-6337,-6206,-6098,-371,-101,-37,-37,-5,8,-216,-106,-52,-102,-60,-30,430,147,64,109,61,31,17,10,4,7,4,4,87,51,21,35,20,23,239,223,215,200,185,165
I2323,7377,2275,-5942,6975,7281,7339,7367,7389,7391,2068,2190,2230,2192,2222,2254,-6323,-6192,-6084,-6323,-6192,-6084,-401,-95,-37,-9,12,14,-206,-84,-44,-82,-52,-20,451,127,58,83,54,25,21,12,4,5,4,3,106,62,21,29,22,19,242,228,220,186,167,145
I4241,7377,2275,-5947,6871,7219,7331,7321,7351,7347,2052,2178,2236,2158,2206,2230,-6328,-6197,-6089,-6328,-6197,-6089,-505,-157,-45,-55,-25,-29,-222,-96,-38,-116,-68,-44,552,185,60,129,73,53,16,25,4,7,5,3,84,125,24,35,25,17,246,238,229,205,200,213
I0706,5605,2364,-5940,5779,5777,5757,5837,5809,5763,2220,2238,2258,2218,2218,2222,-6321,-6190,-6082,-6321,-6190,-6082,174,172,152,232,204,158,-144,-126,-106,-146,-146,-142,226,213,185,274,251,212,5,4,5,2,4,4,25,21,27,11,22,21,129,126,124,122,125,131
I0704_published,5605,2364,-5950,5941,5945,5917,5959,5927,5875,2118,2122,2116,2098,2100,2086,-6331,-6200,-6092,-6331,-6200,-6092,336,340,312,354,322,270,-246,-242,-248,-266,-264,-278,416,417,398,443,416,387,0,0,7,4,6,7,0,4,35,24,32,37,126,125,128,126,129,135
I5232,5271,2463,-5950,5481,5431,5263,5503,5381,5213,2262,2298,2324,2276,2296,2324,-6331,-6200,-6092,-6331,-6200,-6092,210,160,-7,232,110,-57,-201,-165,-139,-187,-167,-139,290,230,139,298,200,150,7,10,11,13,16,14,35,53,59,67,83,70,133,135,183,128,146,202
I1298_published,5429,2353,-5933,5981,5961,5923,5943,5941,5933,2158,2166,2178,2118,2118,2116,-6314,-6183,-6075,-6314,-6183,-6075,552,532,494,514,512,504,-194,-186,-174,-234,-234,-236,585,564,524,565,563,557,2,9,14,1,0,5,11,49,74,9,0,28,109,109,109,114,114,115
I5427,5432,1597,-5940,5977,5961,5953,5951,5933,5923,2106,2108,2108,2086,2088,2094,-6321,-6190,-6082,-6321,-6190,-6082,545,529,521,519,501,491,508,510,510,488,490,496,745,735,729,713,701,698,6,5,4,6,7,7,30,27,23,32,35,36,46,46,45,46,45,44
I0723_published,5979,2123,-5907,5945,5945,5945,5943,5969,5977,2118,2120,2126,2120,2146,2158,-6288,-6157,-6049,-6288,-6157,-6049,-33,-33,-33,-35,-9,-1,-5,-3,2,-3,22,34,34,34,34,36,24,34,1,1,2,0,0,2,6,5,12,1,4,12,261,264,274,264,336,356
I4873,5275,2457,-5911,5277,5291,5301,5263,5267,5267,2542,2608,2770,2510,2626,2920,-6292,-6161,-6053,-6292,-6161,-6053,1,15,25,-12,-8,-8,85,151,313,53,169,463,85,151,314,54,169,463,47,45,67,11,46,92,235,227,336,56,230,463,1,6,4,347,357,358
I3948,4858,2299,-5920,5939,5941,5821,5899,5893,5719,2116,2118,2110,2074,2076,2070,-6301,-6170,-6062,-6301,-6170,-6062,1081,1083,963,1041,1035,861,-182,-180,-188,-224,-222,-228,1096,1098,981,1065,1059,891,1,0,46,4,5,49,7,0,234,21,27,248,99,99,101,102,102,104
I3947,4858,2299,-5877,5753,5749,5349,5941,5865,5069,2092,2102,2152,2118,2090,2096,-6258,-6127,-6019,-6258,-6127,-6019,895,891,491,1083,1007,211,-206,-196,-146,-180,-208,-202,919,912,512,1098,1028,292,4,3,64,0,12,71,23,16,321,0,64,355,103,102,106,99,101,133
LaBrana1_published.SG,3071,2328,-5852,5289,5311,5213,5291,5291,5277,2488,2612,2674,2456,2548,2662,-6233,-6102,-5994,-6233,-6102,-5994,2218,2240,2142,2220,2220,2206,159,283,345,127,219,333,2224,2258,2170,2224,2231,2231,10,14,85,7,10,8,51,72,426,38,50,42,85,82,80,86,84,81
I3433,4858,2299,-5853,5757,5663,5051,5727,5131,4783,2084,2110,2162,2044,2048,2088,-6234,-6103,-5995,-6234,-6103,-5995,899,805,193,869,273,-74,-214,-188,-136,-254,-250,-210,924,827,236,906,371,223,5,36,68,44,70,30,26,184,342,222,352,152,103,103,125,106,132,199
I0676,5262,2159,-5817,5981,5967,5947,5921,5889,5565,2106,2110,2112,2068,2064,2064,-6198,-6067,-5959,-6198,-6067,-5959,719,705,685,659,627,303,-52,-48,-46,-90,-94,-94,721,707,687,665,634,318,3,5,3,4,4,6,19,25,16,24,24,30,94,93,93,97,98,107
I4878,5275,2457,-5842,5281,5275,5217,5311,5287,5293,2564,2650,2784,2510,2642,2826,-6223,-6092,-5984,-6223,-6092,-5984,5,0,-58,35,11,17,107,193,327,53,185,369,107,193,332,64,185,369,46,43,91,10,47,67,231,219,457,53,235,339,3,359,349,34,3,2
I4349,7377,2275,-5806,7321,7373,7391,7441,7441,7441,2194,2244,2268,2228,2254,2268,-6187,-6056,-5948,-6187,-6056,-5948,-55,-3,14,64,64,64,-80,-30,-6,-46,-20,-6,98,31,15,79,67,64,12,5,0,1,1,0,62,25,0,8,9,0,214,187,115,126,107,96
I0013,4615,3947,-5751,5855,5547,5331,6085,6065,5763,3216,3610,3822,3036,3058,3248,-6132,-6001,-5893,-6132,-6001,-5893,1240,932,716,1470,1450,1148,-730,-336,-124,-910,-888,-698,1440,991,727,1729,1701,1344,78,91,74,4,5,134,390,456,374,21,28,674,120,109,99,121,121,121
R3.SG,4615,2102,-5762,5987,5985,5915,5761,5745,5383,2164,2178,2196,2072,2094,2140,-6143,-6012,-5904,-6143,-6012,-5904,1372,1370,1300,1146,1130,768,62,76,94,-29,-7,38,1373,1372,1303,1146,1130,769,2,3,14,5,2,100,14,15,73,25,14,504,87,86,85,91,90,87
I0015,4615,3947,-5749,5955,5667,5071,6083,5957,5431,3146,3420,3778,3074,3152,3482,-6130,-5999,-5891,-6130,-5999,-5891,1340,1052,456,1468,1342,816,-800,-526,-168,-872,-794,-464,1561,1177,486,1708,1560,939,62,117,131,4,92,165,310,589,655,22,460,829,120,116,110,120,120,119
R8.SG,4615,2102,-5754,5985,5945,5853,5945,5851,5343,2180,2200,2202,2122,2114,2136,-6135,-6004,-5896,-6135,-6004,-5896,1370,1330,1238,1330,1236,728,78,98,100,20,12,34,1372,1334,1242,1330,1236,729,3,10,12,2,50,106,15,51,60,14,253,531,86,85,85,89,89,87
I2373_d,5103,2729,-5767,5577,5355,5249,5861,5789,5723,2210,2264,2334,2200,2204,2218,-6148,-6017,-5909,-6148,-6017,-5909,474,252,146,758,686,620,-518,-464,-394,-528,-524,-510,702,528,420,924,864,803,28,45,51,19,23,26,142,227,259,99,116,132,137,151,159,124,127,129
I1878_published,4991,2605,-5745,5805,5573,4957,5803,5781,5779,2180,2200,2300,2150,2158,2190,-6126,-5995,-5887,-6126,-5995,-5887,814,582,-33,812,790,788,-424,-404,-304,-454,-446,-414,918,709,306,931,908,890,5,40,35,12,2,6,26,202,179,60,13,31,117,124,186,119,119,117
I3498,5002,2509,-5729,5907,5655,4919,5965,5945,5833,2082,2100,2164,2020,2020,2028,-6110,-5979,-5871,-6110,-5979,-5871,905,653,-82,963,943,831,-426,-408,-344,-488,-488,-480,1001,771,354,1080,1062,960,4,41,47,4,2,30,22,208,236,22,13,151,115,122,193,116,117,120
I0014,4615,3947,-5728,5939,5303,5009,5949,5449,5015,3134,3698,3848,3148,3644,3820,-6109,-5978,-5870,-6109,-5978,-5870,1324,688,394,1334,834,400,-812,-248,-98,-798,-302,-126,1554,732,406,1555,887,420,35,116,105,69,113,107,176,581,525,347,567,539,121,109,104,120,109,107
I4551,5250,3785,-5720,5277,5257,5255,5255,5247,5231,3844,3850,3858,3864,3868,3868,-6101,-5970,-5862,-6101,-5970,-5862,26,6,4,4,-3,-19,59,65,73,79,83,83,65,65,73,79,83,85,3,3,2,1,1,21,19,18,13,9,6,105,24,6,3,3,357,347
Latvia_HG2.SG,5250,3785,-5706,5247,5251,5255,5243,5231,5237,3784,3780,3772,3542,3778,3770,-6087,-5956,-5848,-6087,-5956,-5848,-3,0,4,-7,-19,-13,0,-4,-12,-242,-6,-14,3,4,13,242,20,19,3,3,3,94,3,2,18,18,16,472,18,12,259,168,158,181,250,221
KRD005,6664,1883,-5713,6329,6357,6509,6607,6653,6679,2010,2032,1962,1944,1950,1934,-6094,-5963,-5855,-6094,-5963,-5855,-334,-306,-154,-56,-10,15,127,149,79,61,67,51,357,340,173,83,68,53,8,25,33,8,5,4,43,128,168,41,28,21,290,296,297,317,351,16
I1507,5154,2820,-5706,5247,5189,5185,5215,5245,5243,2694,2824,3070,2626,2876,3170,-6087,-5956,-5848,-6087,-5956,-5848,93,35,31,61,91,89,-126,3,249,-194,55,349,156,35,251,203,106,361,34,85,89,10,46,61,170,427,449,54,230,306,143,83,7,162,58,14
I5405,5273,2459,-5703,5945,5783,4957,5897,5673,4861,2114,2116,2190,2068,2076,2118,-6084,-5953,-5845,-6084,-5953,-5845,672,510,-315,624,400,-411,-344,-342,-268,-390,-382,-340,755,614,414,736,553,534,2,6,20,3,5,3,13,30,103,18,26,18,117,123,229,122,133,230
I2534,5547,2450,-5718,5303,5291,5253,5257,5251,5059,3884,3886,3894,3868,3868,3880,-6099,-5968,-5860,-6099,-5968,-5860,-244,-256,-294,-290,-296,-488,1433,1435,1443,1417,1417,1429,1454,1458,1473,1447,1448,1510,4,5,12,0,1,24,24,26,63,4,5,124,350,349,348,348,348,341
MTT001,7223,2691,-5682,7319,7341,7333,7291,7289,7275,2238,2288,2390,2232,2298,2448,-6063,-5932,-5824,-6063,-5932,-5824,96,118,110,68,66,52,-453,-403,-301,-459,-393,-243,463,420,320,464,398,248,4,4,10,4,5,9,20,23,50,22,28,46,168,163,159,171,170,167
I4595,5250,3785,-5684,5247,5249,5243,5267,5219,5209,3770,3768,3768,3312,3774,3768,-6065,-5934,-5826,-6065,-5934,-5826,-3,-1,-7,16,-31,-41,-14,-16,-16,-472,-10,-16,14,16,18,472,32,44,3,1,1,112,4,4,15,9,5,563,21,20,191,183,203,177,251,248
KRD001,6664,1883,-5683,6307,6497,6621,6413,6481,6547,1998,1990,1936,1998,1984,1962,-6064,-5933,-5825,-6064,-5933,-5825,-356,-166,-42,-250,-182,-116,115,107,53,115,101,79,374,197,68,275,208,140,63,34,28,9,9,7,315,171,142,47,49,36,287,302,321,294,299,304
R10.SG,4615,2102,-5676,5899,5717,4889,5881,5303,4905,2184,2182,2308,2110,2108,2232,-6057,-5926,-5818,-6057,-5926,-5818,1284,1102,274,1266,688,290,82,80,206,8,6,130,1287,1105,343,1266,688,318,18,48,6,45,116,42,93,241,30,229,584,212,86,85,53,89,89,65
I0017.SG,4615,3947,-5686,5965,5153,4747,5955,5457,4711,3148,3786,3968,3224,3560,3938,-6067,-5936,-5828,-6067,-5936,-5828,1350,538,132,1340,842,96,-798,-160,21,-722,-386,-8,1569,562,134,1523,927,97,36,118,48,72,147,69,180,591,243,362,738,345,120,106,80,118,114,95
KRD004,6664,1883,-5674,6113,6157,6497,6303,6365,6465,2016,2028,1968,1954,1954,1928,-6055,-5924,-5816,-6055,-5924,-5816,-550,-506,-166,-360,-298,-198,133,145,85,71,71,45,566,526,186,367,306,203,68,75,50,7,6,7,344,375,250,37,34,38,283,286,297,281,283,282
I0679_d,5607,2235,-5665,6503,6579,6617,6277,6241,6205,1978,1962,1950,2288,2312,2318,-6046,-5915,-5807,-6046,-5915,-5807,896,972,1010,670,634,598,-256,-272,-284,53,77,83,932,1010,1050,672,639,604,9,10,6,5,5,6,45,50,32,25,27,32,105,105,105,85,83,82
I2532,5640,2635,-5659,5935,4957,4841,5919,5067,4821,2120,2152,2316,2104,2106,2216,-6040,-5909,-5801,-6040,-5909,-5801,295,-682,-798,279,-572,-818,-514,-482,-318,-530,-528,-418,593,835,859,599,779,919,1,43,7,1,45,28,5,216,38,7,228,142,150,234,248,152,227,242
I2529_published,5617,2246,-5663,5973,5911,5827,5981,5915,5819,2196,2208,2220,2218,2218,2220,-6044,-5913,-5805,-6044,-5913,-5805,356,294,210,364,298,202,-50,-38,-26,-28,-28,-26,359,296,211,365,299,203,5,11,10,4,9,10,26,59,52,20,47,53,98,97,97,94,95,97
I4971,5125,2774,-5648,5111,5129,4945,5261,5293,5253,2584,2750,2878,2640,2826,3056,-6029,-5898,-5790,-6029,-5898,-5790,-13,4,-179,136,168,128,-189,-23,104,-133,52,282,190,24,207,191,176,309,109,104,137,11,16,42,548,524,689,59,81,212,184,168,300,134,72,24
I4918,5200,2440,-5629,5853,5789,5699,5673,5531,5335,2236,2260,2294,2222,2236,2262,-6010,-5879,-5771,-6010,-5879,-5771,653,589,499,473,331,135,-203,-179,-145,-217,-203,-177,684,616,520,521,389,223,21,23,29,48,47,37,108,116,148,241,238,186,107,106,106,114,121,142
MotalaAA,4615,3947,-5651,5671,5205,4767,5221,5217,5041,3486,3840,3972,3910,3914,3904,-6032,-5901,-5793,-6032,-5901,-5793,1056,590,152,606,602,426,-460,-106,25,-36,-32,-42,1152,600,154,607,603,428,95,94,53,5,5,49,477,471,269,29,25,248,113,100,80,93,93,95
I1880,4984,2580,-5671,5873,5357,5027,5911,5769,5443,2112,2176,2252,2102,2098,2164,-6052,-5921,-5813,-6052,-5921,-5813,888,372,42,926,784,458,-467,-403,-327,-477,-481,-415,1004,549,330,1042,921,619,21,66,62,6,27,64,106,331,314,34,139,324,117,137,172,117,121,132
KRD003,6664,1883,-5647,6083,6169,6489,6583,6651,6679,2028,2042,1960,1898,1888,1868,-6028,-5897,-5789,-6028,-5897,-5789,-580,-494,-174,-80,-12,15,145,159,77,15,5,-14,598,519,190,81,13,21,65,68,53,13,5,0,327,344,265,66,27,2,284,287,293,280,294,132
I0012,4615,3947,-5650,5363,4985,4767,5865,5069,4603,3750,3900,3914,3214,3750,3922,-6031,-5900,-5792,-6031,-5900,-5792,748,370,152,1250,454,-11,-196,-46,-32,-732,-196,-24,774,373,156,1449,495,27,74,61,50,80,125,0,371,307,253,400,626,1,104,97,102,120,113,204
I1508,5189,2757,-5640,5983,5551,4731,5957,5887,5597,2068,2086,2200,2070,2074,2126,-6021,-5890,-5782,-6021,-5890,-5782,794,362,-457,768,698,408,-688,-670,-556,-686,-682,-630,1051,762,720,1030,976,751,2,21,23,3,9,40,14,106,117,19,45,201,130,151,219,131,134,147
I5071,4845,2271,-5634,5771,4949,4891,5745,5701,4951,2132,2250,2356,2104,2168,2322,-6015,-5884,-5776,-6015,-5884,-5776,926,104,46,900,856,106,-139,-21,84,-167,-103,50,936,106,96,915,862,117,7,68,7,2,49,34,39,341,35,11,247,173,98,101,28,100,96,64
I1877_all,4991,2605,-5623,5935,5129,4779,5909,4887,4833,2080,2142,2278,2088,2128,2234,-6004,-5873,-5765,-6004,-5873,-5765,944,138,-211,918,-103,-157,-524,-462,-326,-516,-476,-370,1080,483,389,1053,487,402,6,54,22,4,37,22,32,274,110,22,189,112,119,163,212,119,192,203
I2794,5106,2730,-5599,5549,4881,4851,5275,4683,4665,2124,2238,2362,2074,2162,2236,-5980,-5849,-5741,-5980,-5849,-5741,442,-225,-255,168,-423,-441,-606,-492,-368,-656,-568,-494,750,541,447,677,708,662,30,34,20,20,14,24,150,174,103,100,70,120,143,204,214,165,216,221
I0011,4615,3947,-5624,5599,4931,4689,5923,5023,4701,3448,3914,3964,3180,3744,3928,-6005,-5874,-5766,-6005,-5874,-5766,984,316,74,1308,408,86,-498,-32,17,-766,-202,-18,1103,318,76,1516,456,88,123,82,35,81,136,64,616,410,178,406,683,322,116,95,77,120,116,102
I0174,4991,2605,-5598,5117,4763,4877,4713,4775,4891,2150,2288,2408,2150,2272,2374,-5979,-5848,-5740,-5979,-5848,-5740,126,-227,-113,-277,-215,-99,-454,-316,-196,-454,-332,-230,472,390,227,532,396,251,44,21,12,17,20,10,221,107,62,85,102,52,164,215,209,211,212,203
I3879,5627,2462,-5607,5423,5169,4821,5593,5381,5039,2182,2248,2360,2070,2168,2274,-5988,-5857,-5749,-5988,-5857,-5749,-203,-457,-805,-33,-245,-587,-280,-214,-102,-392,-294,-188,346,505,812,393,383,617,45,41,30,46,43,41,225,207,151,230,216,207,216,244,262,184,219,252
I0700,5627,2462,-5542,5611,5601,5583,5433,5451,5497,2408,2506,2592,2412,2512,2604,-5923,-5792,-5684,-5923,-5792,-5684,-15,-25,-43,-193,-175,-129,-54,43,129,-50,49,141,56,50,136,200,182,192,9,7,16,16,12,10,48,39,82,82,61,51,196,329,341,255,285,317
I1109,5627,2462,-5580,5753,5595,5425,5365,5123,5007,2228,2278,2354,2234,2322,2436,-5961,-5830,-5722,-5961,-5830,-5722,126,-31,-201,-261,-503,-619,-234,-184,-108,-228,-140,-26,266,187,229,347,523,620,13,30,36,37,26,9,68,150,184,187,133,45,151,189,241,228,254,267
I1113,5627,2462,-5577,5599,5551,5531,5571,5519,5603,2354,2428,2522,2334,2426,2498,-5958,-5827,-5719,-5958,-5827,-5719,-27,-75,-95,-55,-107,-23,-108,-34,59,-128,-36,35,111,83,113,139,113,43,8,7,11,8,16,12,44,35,59,41,82,62,194,245,301,203,251,326
I1295,5627,2462,-5605,5693,5643,5611,5099,5117,5253,2284,2338,2396,2240,2364,2464,-5986,-5855,-5747,-5986,-5855,-5747,66,16,-15,-527,-509,-373,-178,-124,-66,-222,-98,1,190,125,68,572,519,373,8,10,11,9,15,25,42,51,56,46,75,127,159,172,193,247,259,270
I1296_published,5627,2462,-5601,5679,5585,5495,5609,5611,5703,2284,2332,2410,2280,2350,2436,-5982,-5851,-5743,-5982,-5851,-5743,52,-41,-131,-17,-15,76,-178,-130,-52,-182,-112,-26,185,136,141,183,113,80,8,15,22,11,11,7,40,78,114,57,59,38,163,197,248,185,188,109
I1297,5627,2462,-5620,5665,5579,5547,5571,5409,5271,2298,2346,2418,2284,2418,2532,-6001,-5870,-5762,-6001,-5870,-5762,38,-47,-79,-55,-217,-355,-164,-116,-44,-178,-44,69,168,125,91,186,222,362,8,11,11,28,46,54,40,58,59,142,234,271,166,202,241,197,258,281
I2216_published,5627,2462,-5579,5859,5735,5659,5391,5213,5017,2212,2230,2274,2224,2312,2414,-5960,-5829,-5721,-5960,-5829,-5721,232,108,32,-235,-413,-609,-250,-232,-188,-238,-150,-48,341,256,190,335,440,611,10,15,20,34,30,14,50,79,103,173,154,72,137,155,170,224,250,265
KRD006,6664,1883,-5591,6517,6611,6663,6617,6699,6701,1952,1956,1928,1922,1880,1870,-5972,-5841,-5733,-5972,-5841,-5733,-146,-52,0,-46,35,37,69,73,45,39,-2,-12,161,90,45,60,35,39,57,29,23,23,7,6,285,148,115,118,36,31,295,324,359,310,94,108
BOT005,4418,3134,-5589,4987,4957,4485,4179,4129,4251,2862,3150,3146,2986,3104,3202,-5970,-5839,-5731,-5970,-5839,-5731,569,539,67,-238,-288,-166,-271,16,12,-147,-29,68,630,539,68,280,290,180,47,57,87,30,23,41,236,288,437,151,116,206,115,88,79,238,264,292
I0124,6845,4136,-5599,5755,6355,6663,6101,6777,6793,4478,4312,4230,4380,4132,4118,-5980,-5849,-5741,-5980,-5849,-5741,-1089,-489,-181,-743,-67,-51,341,175,93,243,-4,-18,1141,520,204,782,67,54,20,116,87,104,4,1,101,583,436,522,22,7,287,289,297,288,266,250
I1876,4991,2605,-5600,5735,5115,4911,5305,4839,4917,2132,2246,2368,2178,2308,2412,-5981,-5850,-5742,-5981,-5850,-5742,744,124,-79,314,-151,-73,-472,-358,-236,-426,-296,-192,881,379,249,530,333,206,25,52,9,41,14,10,128,263,47,206,71,50,122,160,198,143,207,200
I5072,4845,2271,-5594,5129,4757,4877,4571,4481,4483,2138,2294,2422,2126,2166,2212,-5975,-5844,-5736,-5975,-5844,-5736,284,-87,32,-273,-363,-361,-133,22,150,-145,-105,-59,313,90,154,309,378,366,70,17,11,13,6,7,352,89,58,68,30,36,115,284,12,242,253,260
I3715,6175,3083,-5570,6159,6147,6145,6173,6165,6155,3102,3114,3116,3092,3104,3106,-5951,-5820,-5712,-5951,-5820,-5712,-15,-27,-29,-1,-9,-19,18,30,32,8,20,22,24,41,44,8,22,30,5,6,5,2,3,2,25,32,25,13,18,13,320,317,317,348,334,319
CBT018,6392,2221,-5555,6727,6725,6659,6525,6529,6527,1992,2008,2048,2144,2154,2156,-5936,-5805,-5697,-5936,-5805,-5697,335,333,267,133,137,135,-228,-212,-172,-76,-66,-64,406,395,318,154,153,150,8,6,9,8,8,7,44,34,46,42,43,36,124,122,122,119,115,115
I2521,5605,2364,-5550,5877,5341,4975,5969,5843,5483,2168,2242,2372,2192,2214,2304,-5931,-5800,-5692,-5931,-5800,-5692,272,-263,-629,364,238,-121,-196,-122,7,-172,-150,-60,335,290,629,403,281,135,14,42,7,6,14,30,74,213,39,33,71,154,125,245,270,115,122,243
R9.SG,4615,2102,-5526,5885,5497,5095,4859,4889,4959,2186,2228,2374,2152,2284,2386,-5907,-5776,-5668,-5907,-5776,-5668,1270,882,480,244,274,344,84,126,272,50,182,284,1273,891,552,249,329,446,17,75,46,87,20,18,87,377,232,437,104,92,86,81,60,78,56,50
I4434,5250,3785,-5482,5251,5245,5241,5211,5239,5245,3772,3772,3770,3802,3806,3818,-5863,-5732,-5624,-5863,-5732,-5624,0,-5,-9,-39,-11,-5,-12,-12,-14,17,21,33,12,13,17,42,24,33,3,1,0,4,3,2,16,7,3,21,16,11,175,201,211,294,332,351
I0633,5089,2471,-5481,5311,4947,4977,5535,4969,5019,2166,2338,2448,2166,2318,2432,-5862,-5731,-5623,-5862,-5731,-5623,221,-142,-112,445,-120,-70,-304,-132,-22,-304,-152,-38,376,194,114,540,194,80,52,32,9,59,12,10,260,164,46,296,60,50,143,226,258,124,218,241
I3712_published,6175,3083,-5421,6157,6151,6139,6185,6161,6145,3082,3084,3072,3130,3122,3116,-5802,-5671,-5563,-5802,-5671,-5563,-17,-23,-35,10,-13,-29,-1,0,-11,46,38,32,17,23,37,47,41,44,5,5,3,4,3,2,28,26,15,20,19,10,265,271,252,12,340,317
POT002,7500,2663,-5427,7337,7299,7357,7331,7325,7349,2404,2590,2648,2400,2544,2604,-5808,-5677,-5569,-5808,-5677,-5569,-163,-201,-143,-169,-175,-151,-259,-73,-15,-263,-119,-59,306,213,143,312,211,162,10,1,4,7,4,3,51,9,24,36,20,19,212,250,263,212,235,248
I5872_published,6175,3083,-5419,6173,6161,6175,6007,6057,6115,3112,3104,3094,3158,3116,3072,-5800,-5669,-5561,-5800,-5669,-5561,-1,-13,0,-167,-117,-59,28,20,10,74,32,-11,28,24,10,183,122,60,4,3,2,96,69,4,22,17,11,483,347,24,356,326,1,294,285,259
I2533,5425,2453,-5418,4783,4919,4967,4729,4885,4931,2282,2432,2560,2242,2402,2540,-5799,-5668,-5560,-5799,-5668,-5560,-642,-506,-458,-696,-540,-494,-171,-21,106,-211,-51,86,664,506,470,727,542,501,22,6,7,23,8,3,113,30,39,116,42,18,255,267,283,253,264,279
I4553,5250,3785,-5418,5251,5243,5241,5237,5235,5235,3768,3768,3768,3768,3768,3768,-5799,-5668,-5560,-5799,-5668,-5560,0,-7,-9,-13,-15,-15,-16,-16,-16,-16,-16,-16,16,18,18,21,22,22,2,1,0,2,2,2,10,5,0,11,14,14,176,203,208,218,222,222
I4552,5250,3785,-5406,5241,5239,5237,5241,5243,5241,3768,3766,3758,3768,3768,3768,-5787,-5656,-5548,-5787,-5656,-5548,-9,-11,-13,-9,-7,-9,-16,-18,-26,-16,-16,-16,18,21,29,18,18,18,0,2,4,0,1,0,0,12,21,0,5,0,208,210,206,208,203,208
I3537,5111,2797,-5414,5565,5073,5077,5685,5261,5103,2240,2394,2510,2148,2272,2440,-5795,-5664,-5556,-5795,-5664,-5556,454,-37,-33,574,150,-7,-556,-402,-286,-648,-524,-356,718,404,288,866,546,357,36,25,18,44,51,23,182,128,91,221,255,119,140,185,186,138,164,181
PEN003,4120,2303,-5429,4925,4925,4555,4257,4191,4143,2632,2806,2990,2384,2344,2328,-5810,-5679,-5571,-5810,-5679,-5571,805,805,435,137,71,23,329,503,687,81,41,25,870,949,813,159,82,34,9,12,19,30,11,7,45,64,95,151,55,36,67,58,32,59,60,43
PEN001_real1,4120,2303,-5421,4913,4897,4635,4325,4245,4243,2588,2778,2922,2334,2198,2184,-5802,-5671,-5563,-5802,-5671,-5563,793,777,515,205,125,123,285,475,619,31,-104,-118,843,911,805,208,163,171,8,9,27,21,3,1,41,45,135,108,17,8,70,58,39,81,129,133
I5870,6175,3083,-5422,6139,6127,6119,6175,6165,6159,3104,3106,3102,3130,3124,3116,-5803,-5672,-5564,-5803,-5672,-5564,-35,-47,-55,0,-9,-15,20,22,18,46,40,32,41,52,58,46,41,36,6,5,5,4,4,1,31,29,28,21,21,6,300,295,288,0,346,334
I2937_all,5432,1597,-5406,5581,4999,5005,5295,5013,5047,2170,2362,2484,2226,2388,2512,-5787,-5656,-5548,-5787,-5656,-5548,149,-432,-426,-136,-418,-384,572,764,886,628,790,914,592,878,984,643,894,992,13,11,11,17,7,10,65,57,58,87,38,50,14,330,334,347,332,337
PEN001_real2,4120,2303,-5403,5113,4979,4517,4179,3905,3823,2766,2998,3184,2598,2374,2376,-5784,-5653,-5545,-5784,-5653,-5545,993,859,397,59,-214,-296,463,695,881,295,71,73,1096,1105,966,301,225,305,12,16,30,64,37,34,60,84,154,324,187,174,65,51,24,11,288,283
I2380,5111,2797,-5403,4935,4997,5035,5011,5027,5069,2404,2554,2682,2360,2516,2626,-5784,-5653,-5545,-5784,-5653,-5545,-175,-113,-75,-99,-83,-41,-392,-242,-114,-436,-280,-170,430,268,137,448,293,175,15,15,11,23,15,11,78,76,56,117,78,57,204,205,213,192,196,193
I2382,5111,2797,-5377,4873,4909,4709,5351,4839,4479,2524,2696,2780,2382,2448,2498,-5758,-5627,-5519,-5758,-5627,-5519,-237,-201,-401,240,-271,-631,-272,-100,-16,-414,-348,-298,361,225,401,479,442,698,15,13,54,43,61,54,76,66,274,217,306,273,221,243,267,149,217,244
I4114,6028,3146,-5402,5711,5757,6029,4761,4813,6073,3342,3318,3140,3934,3894,3122,-5783,-5652,-5544,-5783,-5652,-5544,-316,-270,1,-1266,-1214,45,196,172,-5,788,748,-23,372,321,5,1492,1426,50,141,135,2,84,105,3,706,675,11,423,525,17,301,302,168,301,301,117
I1738,6147,3095,-5404,6039,6089,6085,6161,6151,6145,3144,3108,3112,3084,3084,3074,-5785,-5654,-5546,-5785,-5654,-5546,-107,-57,-61,14,4,-1,49,13,17,-10,-10,-20,118,59,64,17,11,20,69,5,4,2,2,2,347,27,23,13,13,12,294,283,285,126,158,185
CB13.SG,3641,2066,-5380,4913,4953,4807,3853,3561,3513,2504,2678,2710,1888,1828,1920,-5761,-5630,-5522,-5761,-5630,-5522,1272,1312,1166,212,-79,-127,438,612,644,-177,-237,-145,1346,1448,1332,277,250,193,9,9,56,34,22,7,46,48,281,170,112,39,71,64,61,129,198,221
I3716_published,6175,3083,-5400,6149,6137,6133,6125,6187,6183,3086,3086,3076,3130,3078,3072,-5781,-5650,-5542,-5781,-5650,-5542,-25,-37,-41,-49,12,8,2,2,-7,46,-5,-11,25,37,42,68,13,14,5,5,5,74,3,2,29,28,26,371,16,11,276,274,260,313,113,143
I2526,5584,2357,-5342,4925,4985,5005,5459,5053,5085,2390,2544,2624,2238,2462,2528,-5723,-5592,-5484,-5723,-5592,-5484,-658,-598,-578,-124,-530,-498,32,186,266,-119,104,170,659,626,636,172,540,526,6,7,16,30,9,12,30,38,83,150,45,61,272,287,294,226,281,288
I5957_published,6175,3083,-5333,6111,6115,6117,6171,6167,6171,3138,3132,3122,3098,3090,3076,-5714,-5583,-5475,-5714,-5583,-5475,-63,-59,-57,-3,-7,-3,54,48,38,14,6,-7,83,77,69,15,10,8,8,7,5,2,2,2,42,36,25,12,12,10,310,309,303,345,311,206
R18.SG,4565,2295,-5304,5647,5451,5247,4567,4609,4635,2290,2388,2548,2116,2152,2216,-5685,-5554,-5446,-5685,-5554,-5446,1081,885,681,1,43,69,-4,93,253,-178,-142,-78,1081,890,727,178,149,105,40,47,36,2,4,11,204,235,181,10,21,57,90,83,69,179,162,138
I5893_published,6028,3146,-5296,5007,6039,6041,5749,6025,6021,3796,3162,3162,3348,3170,3170,-5677,-5546,-5438,-5677,-5546,-5438,-1020,11,13,-278,-2,-6,650,16,16,202,24,24,1210,19,21,344,24,25,150,3,2,135,4,3,754,17,12,676,22,15,302,34,38,305,353,344
I4438,5250,3785,-5284,5241,5235,5239,5035,5229,5235,3818,3816,3808,3834,3792,3770,-5665,-5534,-5426,-5665,-5534,-5426,-9,-15,-11,-215,-21,-15,33,31,23,49,7,-14,34,34,25,220,22,20,0,2,2,56,4,3,0,14,14,281,20,16,344,334,334,282,289,225
I3717,6028,3146,-5294,6173,6181,6173,6133,6125,6135,3082,3074,3068,3098,3086,3074,-5675,-5544,-5436,-5675,-5544,-5436,145,153,145,105,97,107,-63,-71,-77,-47,-59,-71,158,169,164,115,114,128,7,5,5,7,6,4,35,28,29,39,32,22,113,115,118,114,121,123
BerryAuBac,3851,2923,-5283,3979,3689,3637,3787,3729,3633,3018,2774,2786,2798,2848,2904,-5664,-5533,-5425,-5664,-5533,-5425,128,-161,-213,-63,-121,-217,94,-149,-137,-125,-75,-19,159,219,253,140,142,218,47,43,37,35,8,10,237,218,189,179,44,52,53,227,237,206,238,264
R16.SG,4565,2295,-5251,5097,5149,5053,4971,4925,4625,2494,2612,2682,2560,2674,2704,-5632,-5501,-5393,-5632,-5501,-5393,531,583,487,405,359,59,199,317,387,265,379,409,567,664,622,484,522,413,23,24,31,11,28,40,116,122,155,58,141,201,69,61,51,56,43,8
I1732,6147,3095,-5265,6131,6133,6131,6123,6117,6097,3128,3118,3116,3126,3118,3118,-5646,-5515,-5407,-5646,-5515,-5407,-15,-13,-15,-23,-29,-49,33,23,21,31,23,23,37,27,26,39,37,55,6,3,2,5,4,2,30,17,14,27,20,12,334,329,323,322,308,295
I0409,3539,2204,-5256,4887,4529,4321,4365,4091,3533,2736,2816,2870,2288,2188,2068,-5637,-5506,-5398,-5637,-5506,-5398,1347,989,781,825,551,-6,532,612,666,84,-15,-135,1449,1164,1027,830,552,135,15,60,68,7,61,28,75,301,341,35,308,142,68,58,49,84,91,182
I3718,6028,3146,-5270,5231,6041,6043,5869,6111,6103,3648,3156,3158,3274,3124,3118,-5651,-5520,-5412,-5651,-5520,-5412,-796,13,15,-158,83,75,502,10,12,128,-21,-27,941,16,19,204,85,80,166,3,2,119,4,4,830,18,12,596,23,20,302,51,50,308,104,110
R6.SG,4615,2102,-5233,5001,4779,4315,3743,3587,3717,2748,2888,2982,2024,2050,2148,-5614,-5483,-5375,-5614,-5483,-5375,386,164,-299,-871,-1027,-897,646,786,880,-77,-51,46,753,803,930,874,1028,898,19,22,25,83,45,28,97,114,127,419,227,142,30,11,341,264,267,272
I5886_published,6028,3146,-5258,6175,6181,6183,6181,6169,6145,3080,3066,3054,3130,3120,3118,-5639,-5508,-5400,-5639,-5508,-5400,147,153,155,153,141,117,-65,-79,-91,-15,-25,-27,161,172,180,153,143,120,6,3,6,4,4,2,30,19,31,24,24,13,114,117,120,95,100,103
I1895_published,4966,2534,-5249,5009,5027,4971,5049,5115,5051,2598,2730,2800,2560,2678,2782,-5630,-5499,-5391,-5630,-5499,-5391,43,61,5,83,149,85,64,196,266,26,144,248,77,205,266,87,207,262,12,22,42,8,8,34,62,114,214,44,43,170,33,17,1,72,45,18
I1896,4966,2534,-5232,4991,5037,4937,4631,4585,4541,2514,2634,2724,2206,2236,2378,-5613,-5482,-5374,-5613,-5482,-5374,25,71,-28,-334,-380,-424,-19,100,190,-327,-297,-155,31,123,192,468,483,452,7,8,44,28,4,9,38,43,220,140,23,46,127,35,351,225,231,249
I0412,3539,2204,-5226,4841,4509,4347,4457,4489,4517,2732,2788,2742,2224,2252,2282,-5607,-5476,-5368,-5607,-5476,-5368,1301,969,807,917,949,977,528,584,538,20,48,78,1405,1132,970,918,951,981,24,62,105,7,7,6,121,310,525,37,39,31,67,58,56,88,87,85
R17.SG,4565,2295,-5253,5583,5519,5361,4421,4447,4463,2354,2436,2558,2194,2224,2290,-5634,-5503,-5395,-5634,-5503,-5395,1017,953,795,-144,-118,-102,59,141,263,-100,-70,-4,1019,964,838,175,137,102,18,20,20,2,3,4,94,104,103,13,18,24,86,81,71,235,239,267
XN167,4260,2852,-5232,4943,4987,5035,5085,5103,5119,2580,2664,2686,2430,2558,2612,-5613,-5482,-5374,-5613,-5482,-5374,683,727,775,825,843,859,-271,-187,-165,-421,-293,-239,735,750,792,926,892,891,8,9,9,32,8,7,40,47,48,164,43,38,111,104,102,117,109,105
I6133_published,6175,3083,-5308,6075,6143,6153,5757,5813,5909,3218,3132,3130,3416,3378,3314,-5689,-5558,-5450,-5689,-5558,-5450,-99,-31,-21,-417,-361,-265,134,48,46,332,294,230,167,58,51,534,466,351,66,12,10,143,136,119,333,61,51,716,681,595,323,326,335,308,309,310
UzOO77,5619,4564,-5235,6773,6773,5971,6137,6101,5783,4150,4066,4460,3760,3772,4338,-5616,-5485,-5377,-5616,-5485,-5377,1154,1154,352,518,482,164,-414,-498,-104,-804,-792,-226,1226,1257,367,956,927,279,50,4,107,148,157,118,251,23,538,744,788,590,109,113,106,147,148,143
Stuttgart_published.DG,4260,2852,-5242,5009,5051,5025,4547,4571,4563,2524,2650,2714,2162,2202,2304,-5623,-5492,-5384,-5623,-5492,-5384,749,791,765,287,311,303,-327,-201,-137,-689,-649,-547,817,816,777,747,720,625,5,8,41,6,13,28,28,43,207,34,66,144,113,104,100,157,154,151
R19.SG,4565,2295,-5213,5639,5381,4915,4487,4519,4521,2318,2504,2734,2172,2228,2306,-5594,-5463,-5355,-5594,-5463,-5355,1073,815,349,-78,-46,-44,23,209,439,-122,-66,11,1074,842,561,145,81,45,12,27,51,7,9,9,60,139,256,37,49,45,88,75,38,212,214,284
I2739_published,4991,2605,-5190,4987,5031,5031,4965,4973,4853,2556,2656,2702,2496,2640,2754,-5571,-5440,-5332,-5571,-5440,-5332,-3,40,40,-25,-17,-137,-48,51,97,-108,35,149,48,65,105,111,39,202,10,8,6,16,21,52,53,41,31,84,108,263,184,38,22,193,333,317
XN183,4260,2852,-5194,5579,5277,4777,5569,5295,4825,2354,2516,2816,2410,2594,2834,-5575,-5444,-5336,-5575,-5444,-5336,1319,1017,517,1309,1035,565,-497,-335,-35,-441,-257,-17,1409,1071,518,1381,1066,565,36,81,91,23,96,109,183,408,458,117,480,546,110,108,93,108,103,91
NE1.SG,5152,2810,-5211,5599,5447,5145,5133,5195,5193,2386,2522,2700,2544,2646,2716,-5592,-5461,-5353,-5592,-5461,-5353,447,295,-6,-18,43,41,-424,-288,-110,-266,-164,-94,616,412,110,267,170,103,9,32,50,14,10,8,49,161,252,74,51,41,133,134,183,183,165,156
I0413,3539,2204,-5192,4665,4251,3889,4171,3685,3489,2844,2754,2446,2150,2040,2068,-5573,-5442,-5334,-5573,-5442,-5334,1125,711,349,631,145,-50,640,550,242,-53,-163,-135,1295,899,425,634,219,144,27,88,97,50,62,9,139,440,485,252,314,48,60,52,55,94,138,200
I1887,4968,2533,-5184,5007,4927,4705,5463,5339,5165,2532,2682,2790,2304,2406,2514,-5565,-5434,-5326,-5565,-5434,-5326,39,-40,-262,495,371,197,0,149,257,-228,-126,-18,39,154,367,545,392,198,11,47,64,92,70,10,59,237,322,462,352,51,90,344,314,114,108,95
I0797,4436,3131,-5152,4945,4663,4621,4821,4713,4661,2596,2704,2754,2672,2878,2920,-5533,-5402,-5294,-5533,-5402,-5294,509,227,185,385,277,225,-534,-426,-376,-458,-252,-210,738,483,420,599,375,308,79,67,66,81,83,77,396,338,330,406,416,385,136,151,153,139,132,133
I0022,4260,2852,-5147,4989,4757,4659,4791,4679,4605,2586,2714,2778,2764,2946,3034,-5528,-5397,-5289,-5528,-5397,-5289,729,497,399,531,419,345,-265,-137,-73,-87,94,182,776,515,405,538,429,390,28,71,76,49,42,42,144,359,382,248,212,212,110,105,100,99,77,62
I0026,4260,2852,-5175,4995,5039,4999,4979,5009,5015,2582,2650,2710,2532,2620,2658,-5556,-5425,-5317,-5556,-5425,-5317,735,779,739,719,749,755,-269,-201,-141,-319,-231,-193,783,804,752,786,784,779,8,7,30,6,5,9,40,39,151,31,25,48,110,104,100,113,107,104
I0025,4260,2852,-5213,5023,5037,5011,5121,4915,4797,2572,2656,2732,2496,2628,2712,-5594,-5463,-5355,-5594,-5463,-5355,763,777,751,861,655,537,-279,-195,-119,-355,-223,-139,812,801,760,931,692,555,9,33,43,71,62,73,48,169,217,357,310,365,110,104,99,112,108,104
I2020,4393,3198,-5171,4889,4821,4699,4665,4393,4351,2584,2672,2780,2442,2524,2592,-5552,-5421,-5313,-5552,-5421,-5313,496,428,306,272,0,-41,-614,-526,-418,-756,-674,-606,790,678,518,804,674,607,51,53,56,77,32,24,255,269,282,389,160,123,141,140,143,160,179,183
I1550_published,4393,3198,-5148,5007,5047,5031,5029,5049,5015,2630,2700,2710,2536,2618,2676,-5529,-5398,-5290,-5529,-5398,-5290,614,654,638,636,656,622,-568,-498,-488,-662,-580,-522,837,822,804,918,876,812,12,10,13,15,13,25,62,52,66,77,66,126,132,127,127,136,131,129
I2016_published,4393,3198,-5176,4965,4779,4655,4993,5029,4969,2558,2668,2776,2170,2252,2288,-5557,-5426,-5318,-5557,-5426,-5318,572,386,262,600,636,576,-640,-530,-422,-1028,-946,-910,859,656,497,1191,1140,1077,61,59,61,77,75,78,308,296,308,386,378,390,138,143,148,149,146,147
I2017_published,4393,3198,-5196,5009,4935,4817,4927,4989,4741,2542,2638,2730,2528,2588,2846,-5577,-5446,-5338,-5577,-5446,-5338,616,542,424,534,596,348,-656,-560,-468,-670,-610,-352,900,780,632,857,853,495,37,42,49,93,156,122,185,210,247,469,780,611,136,135,137,141,135,135
I2021_published,4393,3198,-5144,4919,4729,4669,4837,4767,4625,2626,2714,2768,2692,2824,2938,-5525,-5394,-5286,-5525,-5394,-5286,526,336,276,444,374,232,-572,-484,-430,-506,-374,-260,777,589,511,673,529,349,60,56,53,84,82,66,302,280,269,424,413,334,137,145,147,138,134,138
I2026_published,4393,3198,-5202,4985,4915,4901,5177,5027,4799,2524,2646,2714,2430,2582,2744,-5583,-5452,-5344,-5583,-5452,-5344,592,522,508,784,634,406,-674,-552,-484,-768,-616,-454,897,760,702,1098,884,609,14,38,38,77,79,80,72,193,191,386,398,400,138,136,133,134,134,138
I2030_published,4393,3198,-5164,4991,4953,4777,5069,4961,4781,2550,2644,2746,2494,2628,2762,-5545,-5414,-5306,-5545,-5414,-5306,598,560,384,676,568,388,-648,-554,-452,-704,-570,-436,882,788,593,976,805,584,16,33,50,34,52,68,84,166,250,174,262,341,137,134,139,136,135,138
I2032_published,4393,3198,-5176,5005,5041,5015,5321,5107,5117,2576,2650,2698,2424,2538,2576,-5557,-5426,-5318,-5557,-5426,-5318,612,648,622,928,714,724,-622,-548,-500,-774,-660,-622,873,849,798,1209,973,955,16,12,21,70,10,12,84,64,105,354,54,60,135,130,128,129,132,130
I2036_published,4393,3198,-5205,4927,4943,4835,5231,5013,5017,2516,2628,2720,2434,2526,2582,-5586,-5455,-5347,-5586,-5455,-5347,534,550,442,838,620,624,-682,-570,-478,-764,-672,-616,866,792,651,1134,915,877,34,42,47,76,20,18,173,212,239,384,104,92,141,135,137,132,137,134
I2038_published,4393,3198,-5164,4805,4849,4987,4937,4983,4965,2684,2668,2738,2518,2630,2616,-5545,-5414,-5306,-5545,-5414,-5306,412,456,594,544,590,572,-514,-530,-460,-680,-568,-582,659,699,752,871,819,816,37,49,40,15,10,8,189,246,201,77,50,41,141,139,127,141,133,135
CHA001_merged,3483,2179,-5190,4569,4227,3853,4411,4119,3727,2864,2762,2388,2220,2190,2142,-5571,-5440,-5332,-5571,-5440,-5332,1086,744,370,928,636,244,684,582,208,40,10,-37,1283,945,424,928,636,246,25,82,100,4,78,80,129,410,503,24,392,400,57,51,60,87,89,98
XN188,4260,2852,-5173,4937,5045,5005,4783,4661,4561,2616,2718,2742,2576,2860,3014,-5554,-5423,-5315,-5554,-5423,-5315,677,785,745,523,401,301,-235,-133,-109,-275,8,162,716,796,753,591,401,342,10,13,43,49,49,36,53,65,218,246,248,180,109,99,98,117,88,61
CHA002_merged,3483,2179,-5193,4773,4517,4195,4191,3647,3557,2726,2832,2672,2160,2044,2096,-5574,-5443,-5335,-5574,-5443,-5335,1290,1034,712,708,164,74,546,652,492,-19,-135,-83,1401,1222,865,708,212,111,45,69,126,57,50,8,228,345,633,287,253,42,67,57,55,91,129,138
mur.SG,3055,1725,-5165,4941,4635,4567,3435,3487,3499,2742,2902,2866,1874,1998,2102,-5546,-5415,-5307,-5546,-5415,-5307,1886,1580,1512,380,432,444,1016,1176,1140,148,272,376,2142,1970,1894,408,511,582,37,50,70,32,34,25,188,254,353,164,170,125,61,53,52,68,57,49
Donkalnis7,5095,3700,-5158,4921,5093,5095,5203,5209,5217,3842,3810,3796,3794,3774,3768,-5539,-5408,-5300,-5539,-5408,-5300,-173,-1,0,108,114,122,141,109,95,93,73,67,224,109,95,142,135,139,23,19,19,3,4,4,115,97,96,18,21,21,309,358,0,49,57,60
I2384_published,5173,2815,-5166,4989,4827,4829,5117,5051,5073,2714,2804,2846,2574,2720,2760,-5547,-5416,-5308,-5547,-5416,-5308,-183,-345,-343,-55,-121,-99,-100,-10,31,-240,-94,-54,209,345,344,247,153,113,27,72,80,15,45,43,136,362,403,75,229,216,241,268,275,192,231,241
I3714,6175,3083,-5112,6099,6099,6099,6041,6041,6033,3110,3118,3134,3134,3144,3164,-5493,-5362,-5254,-5493,-5362,-5254,-75,-75,-75,-133,-133,-141,26,34,50,50,60,80,80,83,91,142,146,163,5,5,7,8,9,7,28,29,39,42,46,39,289,294,303,290,294,299
SMH004,4260,2852,-5147,5147,4937,4487,5359,5365,5195,2544,2696,2990,2426,2468,2526,-5528,-5397,-5289,-5528,-5397,-5289,887,677,227,1099,1105,935,-307,-155,138,-425,-383,-325,938,694,266,1178,1169,990,42,42,49,55,52,92,210,214,248,278,264,460,109,102,58,111,109,109
XN166,4260,2852,-5134,5013,5057,4953,5083,5147,5145,2622,2676,2734,2524,2556,2572,-5515,-5384,-5276,-5515,-5384,-5276,753,797,693,823,887,885,-229,-175,-117,-327,-295,-279,787,816,703,885,935,928,8,6,46,19,10,10,43,30,230,99,54,53,106,102,99,111,108,107
XN178,4260,2852,-5164,5057,4919,4665,4875,4681,4511,2550,2726,2834,2628,2830,2970,-5545,-5414,-5306,-5545,-5414,-5306,797,659,405,615,421,251,-301,-125,-17,-223,-21,118,852,671,405,654,421,277,6,60,72,36,43,26,33,303,364,180,215,133,110,100,92,109,92,64
XN205,4260,2852,-5168,5077,5015,4567,5609,5101,4501,2584,2732,2900,2364,2506,2662,-5549,-5418,-5310,-5549,-5418,-5310,817,755,307,1349,841,241,-267,-119,48,-487,-345,-189,859,764,310,1434,909,306,8,39,68,28,118,81,40,197,341,143,593,409,108,99,81,109,112,128
XN207,4260,2852,-5160,4953,5023,5075,4505,4535,4565,2674,2704,2718,2224,2278,2332,-5541,-5410,-5302,-5541,-5410,-5302,693,763,815,245,275,305,-177,-147,-133,-627,-573,-519,715,777,826,673,636,602,24,14,8,7,13,16,120,71,44,37,65,81,104,100,99,158,154,149
XN225,4260,2852,-5145,5073,4847,4519,5315,5215,5115,2594,2784,2898,2504,2610,2698,-5526,-5395,-5287,-5526,-5395,-5287,813,587,259,1055,955,855,-257,-67,46,-347,-241,-153,852,591,263,1110,985,868,7,69,65,48,47,67,39,348,326,242,239,335,107,96,79,108,104,100
XN164,4260,2852,-5124,5049,5075,4667,5097,4831,4409,2624,2704,2846,2602,2830,2982,-5505,-5374,-5266,-5505,-5374,-5266,789,815,407,837,571,149,-227,-147,-5,-249,-21,130,821,828,407,873,571,198,7,6,71,8,59,42,39,33,356,42,299,212,106,100,90,106,92,48
I0410,3539,2204,-5166,4517,4071,3737,3571,3551,3581,2836,2546,2250,1852,1984,2072,-5547,-5416,-5308,-5547,-5416,-5308,977,531,197,31,11,41,632,342,46,-351,-219,-131,1164,632,203,353,220,138,22,93,83,15,14,8,111,467,416,79,74,40,57,57,76,174,176,162
XN171,4260,2852,-5157,5013,5059,5065,5009,4657,4439,2626,2696,2718,2444,2542,2648,-5538,-5407,-5299,-5538,-5407,-5299,753,799,805,749,397,179,-225,-155,-133,-407,-309,-203,786,814,816,852,503,271,8,10,6,51,68,29,43,54,32,258,341,146,106,101,99,118,127,138
XN172,4260,2852,-5145,5049,5069,4837,5081,5059,4965,2646,2724,2804,2574,2698,2786,-5526,-5395,-5287,-5526,-5395,-5287,789,809,577,821,799,705,-205,-127,-47,-277,-153,-65,815,819,579,866,813,708,7,26,72,10,34,51,36,132,363,50,171,258,104,98,94,108,100,95
I2029_published,4393,3198,-5174,5027,5059,4735,5015,4865,4667,2560,2660,2818,2598,2786,2938,-5555,-5424,-5316,-5555,-5424,-5316,634,666,342,622,472,274,-638,-538,-380,-600,-412,-260,900,857,512,865,627,378,9,5,64,25,63,70,47,29,320,128,317,350,135,128,137,133,131,133
XN165,4260,2852,-5152,4973,5013,5041,5031,5037,5015,2626,2664,2690,2486,2598,2642,-5533,-5402,-5294,-5533,-5402,-5294,713,753,781,771,777,755,-225,-187,-161,-365,-253,-209,747,776,797,853,817,783,10,12,7,5,9,8,50,62,38,29,49,43,107,103,101,115,108,105
I5068,4805,2860,-5161,4913,4773,4797,5159,5089,4993,2590,2682,2714,2520,2592,2674,-5542,-5411,-5303,-5542,-5411,-5303,108,-31,-7,354,284,188,-269,-177,-145,-339,-267,-185,290,180,146,490,390,264,42,18,27,63,51,42,212,93,135,315,257,214,158,190,183,133,133,134
I5875,6028,3146,-5147,6075,6079,6073,6109,6091,6079,3128,3122,3136,3128,3126,3144,-5528,-5397,-5289,-5528,-5397,-5289,47,51,45,81,63,51,-17,-23,-9,-17,-19,-1,50,56,46,83,66,51,3,3,4,5,4,3,18,15,21,29,22,18,110,114,102,102,107,91
I1498,5189,2780,-5150,5161,5001,4577,5307,5005,4631,2626,2780,2836,2558,2826,3032,-5531,-5400,-5292,-5531,-5400,-5292,-28,-188,-612,117,-184,-558,-153,0,56,-221,46,252,156,188,614,251,189,612,19,70,87,32,67,82,96,352,437,163,336,413,190,270,275,152,284,294
XN168,4260,2852,-5141,5075,4945,4445,5129,5139,5115,2598,2732,2954,2522,2610,2662,-5522,-5391,-5283,-5522,-5391,-5283,815,685,185,869,879,855,-253,-119,102,-329,-241,-189,853,695,211,929,911,875,5,60,55,17,8,7,29,303,276,87,42,39,107,99,61,110,105,102
XN175,4260,2852,-5149,5015,5059,4795,5085,5117,5105,2610,2684,2808,2516,2602,2640,-5530,-5399,-5291,-5530,-5399,-5291,755,799,535,825,857,845,-241,-167,-43,-335,-249,-211,792,816,536,890,892,871,6,7,64,7,11,7,33,36,322,38,56,38,107,101,94,112,106,104
SCH016,4217,2920,-5146,5029,4943,4501,5163,4975,4697,2556,2694,2938,2556,2756,2934,-5527,-5396,-5288,-5527,-5396,-5288,812,726,284,946,758,480,-364,-226,17,-364,-164,13,890,761,285,1014,776,480,8,50,59,44,65,72,41,254,296,222,325,361,114,107,86,111,102,88
Canes.SG,3133,2366,-5153,5121,5211,5203,4921,5125,5259,3576,3646,3674,3496,3534,3576,-5534,-5403,-5295,-5534,-5403,-5295,1988,2078,2070,1788,1992,2126,1209,1279,1307,1129,1167,1209,2327,2440,2449,2115,2309,2446,94,4,4,127,92,6,473,24,23,638,464,34,58,58,57,57,59,60
XN169,4260,2852,-5125,4999,5061,5051,5029,4927,4455,2664,2698,2706,2634,2770,3014,-5506,-5375,-5267,-5506,-5375,-5267,739,801,791,769,667,195,-187,-153,-145,-217,-81,162,762,815,804,799,672,253,9,7,6,7,47,39,49,37,31,36,239,197,104,100,100,105,96,50
I5881_published,6028,3146,-5132,6059,6045,6055,5695,6025,6011,3160,3166,3172,3336,3132,3150,-5513,-5382,-5274,-5513,-5382,-5274,31,17,27,-332,-2,-16,14,20,26,190,-13,4,34,26,37,383,13,17,4,2,4,135,1,1,20,11,20,677,6,6,65,40,45,299,191,284
I1499,5142,2885,-5137,5099,4649,4399,5181,5149,5193,2746,2926,2884,2678,2784,2814,-5518,-5387,-5279,-5518,-5387,-5279,-42,-492,-742,39,7,51,-138,41,0,-206,-100,-70,145,494,742,210,101,87,10,73,70,12,36,10,54,368,353,62,183,53,197,274,269,169,175,144
I0054,4426,3173,-5108,5085,4907,4419,5025,4535,4335,2646,2780,2934,2658,2688,2754,-5489,-5358,-5250,-5489,-5358,-5250,659,481,-6,599,109,-90,-526,-392,-238,-514,-484,-418,843,620,238,789,496,428,10,49,46,42,34,18,50,248,230,210,174,91,128,129,181,130,167,192
I4440,5250,3785,-5104,5211,5225,5225,5215,5237,5247,3788,3762,3762,3766,3752,3760,-5485,-5354,-5246,-5485,-5354,-5246,-39,-25,-25,-35,-13,-3,3,-22,-22,-18,-32,-24,39,33,33,39,35,24,6,5,4,4,4,4,31,26,22,21,24,22,275,227,227,242,201,187
CHA003_merged,3483,2179,-5140,4569,4169,3633,3517,3563,3603,2880,2692,2254,1922,2046,2136,-5521,-5390,-5282,-5521,-5390,-5282,1086,686,150,34,80,120,700,512,74,-257,-133,-43,1292,856,167,259,155,127,36,104,66,22,7,4,184,520,333,114,37,23,57,53,63,172,148,109
R1014.SG,4597,2035,-5120,5039,4517,4353,4469,4553,4607,2788,2990,2840,2144,2116,2140,-5501,-5370,-5262,-5501,-5370,-5262,442,-79,-243,-127,-43,10,753,955,805,109,81,105,873,958,841,167,91,105,13,13,18,8,5,7,66,69,92,44,28,36,30,355,343,310,331,5
I0795,4436,3131,-5112,5031,4955,4467,5003,4917,4561,2628,2728,2908,2680,2802,2942,-5493,-5362,-5254,-5493,-5362,-5254,595,519,31,567,481,125,-502,-402,-222,-450,-328,-188,779,657,225,725,583,226,10,47,47,9,52,53,52,239,236,46,260,269,130,127,171,128,124,146
I0057_published,4393,3198,-5111,5053,5071,5095,5179,4669,4303,2680,2738,2750,2582,2738,2810,-5492,-5361,-5253,-5492,-5361,-5253,660,678,702,786,276,-89,-518,-460,-448,-616,-460,-388,839,820,833,999,537,398,10,28,5,59,69,20,51,143,26,297,345,100,128,124,122,128,148,192
I2199,3247,2262,-5144,4545,4159,3579,3747,3525,3539,2864,2616,2110,2000,2016,2092,-5525,-5394,-5286,-5525,-5394,-5286,1298,912,332,500,278,292,601,353,-152,-262,-246,-170,1430,978,365,564,371,338,27,93,9,69,5,7,137,465,49,348,27,37,65,68,114,117,131,120
I5892,6028,3146,-5126,5965,6083,6063,5983,6041,6035,3232,3156,3182,3204,3172,3188,-5507,-5376,-5268,-5507,-5376,-5268,-62,55,35,-44,13,7,86,10,36,58,26,42,106,56,50,73,29,42,91,3,4,65,3,5,455,15,23,329,17,28,323,79,44,322,26,9
atp005.SG,3210,2238,-5117,4887,4665,4955,3683,3459,3419,2760,2874,2818,2082,2080,2148,-5498,-5367,-5259,-5498,-5367,-5259,1677,1455,1745,473,249,209,521,635,579,-156,-158,-90,1756,1588,1839,498,295,228,43,63,57,69,10,10,216,316,285,346,51,54,72,66,71,108,122,113
I3535,5173,2815,-5107,5089,5079,4557,5055,4557,4333,2714,2774,2856,2690,2808,2830,-5488,-5357,-5249,-5488,-5357,-5249,-83,-93,-615,-117,-615,-839,-100,-40,41,-124,-6,15,130,101,616,171,615,839,11,46,89,54,64,45,55,233,448,274,322,229,219,246,273,223,269,271
XN180,4260,2852,-5132,5077,4967,4485,5513,4843,4291,2628,2764,2920,2420,2688,2748,-5513,-5382,-5274,-5513,-5382,-5274,817,707,225,1253,583,31,-223,-87,68,-431,-163,-103,847,712,235,1325,605,108,7,51,65,42,110,12,35,257,326,214,552,62,105,97,73,109,105,163
XN211,4260,2852,-5110,5247,4773,4367,5441,4615,4219,2578,2898,2952,2496,2662,2768,-5491,-5360,-5252,-5491,-5360,-5252,987,513,107,1181,355,-40,-273,46,100,-355,-189,-83,1024,515,146,1233,402,93,39,72,49,71,111,12,195,360,247,359,557,63,105,84,46,106,118,206
XN182,4260,2852,-5114,5239,4801,4423,5405,5407,5371,2514,2808,2968,2408,2412,2426,-5495,-5364,-5256,-5495,-5364,-5256,979,541,163,1145,1147,1111,-337,-43,116,-443,-439,-425,1035,542,200,1228,1228,1189,55,60,49,42,51,49,277,303,245,214,259,248,109,94,54,111,110,110
I1500,5139,2732,-5110,5053,4995,4929,5133,5003,4737,2708,2780,2810,2618,2742,2832,-5491,-5360,-5252,-5491,-5360,-5252,-85,-143,-209,-5,-135,-401,-24,47,77,-114,9,99,89,151,223,114,136,414,12,59,73,18,61,88,60,295,369,90,309,440,254,288,290,182,274,283
XN173,4260,2852,-5117,5039,5067,4665,4491,4519,4517,2636,2708,2840,2182,2250,2342,-5498,-5367,-5259,-5498,-5367,-5259,779,807,405,231,259,257,-215,-143,-11,-669,-601,-509,808,819,405,708,655,570,7,7,71,5,6,12,35,35,356,26,34,61,105,100,91,160,156,153
I1505,5154,2815,-5141,5021,4937,4893,5091,5157,5173,2692,2776,2830,2628,2684,2698,-5522,-5391,-5283,-5522,-5391,-5283,-132,-216,-260,-62,3,19,-122,-38,15,-186,-130,-116,180,220,261,196,130,118,31,67,77,10,6,5,155,338,387,50,32,28,227,259,273,198,178,170
I0048_published,4393,3198,-5080,5037,4597,4349,5155,4745,4471,2610,2872,2986,2506,2774,2850,-5461,-5330,-5222,-5461,-5330,-5222,644,204,-43,762,352,78,-588,-326,-212,-692,-424,-348,872,385,216,1030,551,357,9,60,16,33,53,33,47,304,80,169,269,169,132,147,191,132,140,167
LBR005,4077,2292,-5090,4281,4023,3915,3901,3785,3731,2872,2622,2676,2260,2318,2412,-5471,-5340,-5232,-5471,-5340,-5232,204,-53,-161,-175,-291,-345,579,329,383,-32,25,119,614,334,416,178,293,366,65,50,29,25,35,28,326,253,149,126,178,143,19,350,337,259,275,289
I1882,4990,2750,-5074,5017,5029,5087,4899,4631,4459,2656,2754,2744,2586,2650,2712,-5455,-5324,-5216,-5455,-5324,-5216,26,38,96,-91,-359,-531,-93,4,-5,-163,-99,-37,97,39,97,187,372,532,34,32,7,51,37,32,174,164,35,259,187,160,163,83,93,209,254,265
I2355,5111,2761,-5105,4891,4949,4903,5163,5209,5213,2752,2806,2852,2628,2680,2700,-5486,-5355,-5247,-5486,-5355,-5247,-219,-161,-207,52,98,102,-8,45,91,-132,-80,-60,219,167,226,142,127,119,60,63,69,10,9,8,304,318,348,54,46,44,267,285,293,158,129,120
I2375,5151,2828,-5114,4793,4891,4787,5143,5165,5135,2790,2802,2816,2672,2756,2798,-5495,-5364,-5256,-5495,-5364,-5256,-357,-259,-363,-7,14,-15,-37,-25,-11,-155,-71,-29,359,261,364,156,73,33,57,64,95,24,31,44,287,324,475,124,156,222,263,264,268,182,168,207
I2376,5151,2828,-5047,4791,4881,4881,5213,5207,5199,2814,2818,2846,2618,2682,2698,-5428,-5297,-5189,-5428,-5297,-5189,-359,-269,-269,62,56,48,-13,-9,18,-209,-145,-129,360,270,270,218,156,138,73,79,84,16,11,9,368,399,421,80,56,45,267,267,273,163,158,159
I2378,5141,2810,-5137,4935,5029,4933,4923,5047,5053,2716,2742,2816,2712,2748,2790,-5518,-5387,-5279,-5518,-5387,-5279,-205,-111,-207,-217,-93,-87,-94,-68,5,-98,-62,-20,225,130,207,238,112,89,47,44,67,46,37,46,239,221,336,232,189,230,245,238,271,245,236,256
I3536,4873,2752,-5149,4983,5011,5065,4705,4535,4489,2652,2666,2716,2762,2874,2916,-5530,-5399,-5291,-5530,-5399,-5291,110,138,192,-167,-337,-383,-99,-85,-35,10,122,164,148,162,195,168,359,417,10,24,10,33,26,12,52,123,50,168,134,61,132,121,100,273,289,293
I4186,5184,2774,-5088,4889,4727,4397,5247,5177,5113,2814,2816,2854,2610,2704,2772,-5469,-5338,-5230,-5469,-5338,-5230,-294,-456,-786,63,-6,-70,40,42,80,-163,-69,-1,297,458,790,175,70,70,75,95,86,41,61,64,375,479,434,208,305,320,277,275,275,158,185,268
I4187,5184,2774,-5071,5043,5041,5035,4711,4455,4331,2692,2716,2740,2564,2622,2660,-5452,-5321,-5213,-5452,-5321,-5213,-140,-142,-148,-472,-728,-852,-82,-58,-34,-210,-152,-114,162,154,152,517,744,860,14,30,28,49,33,7,71,150,144,247,165,39,239,247,257,246,258,262
I4188_published,5150,2812,-5088,4929,4707,4749,5241,5253,5249,2756,2864,2858,2600,2650,2678,-5469,-5338,-5230,-5469,-5338,-5230,-220,-442,-400,91,103,99,-56,51,45,-212,-162,-134,227,445,402,231,192,167,62,84,90,24,10,7,310,423,452,120,50,35,255,276,276,156,147,143
I4196,4990,2750,-5055,4969,4615,4455,5171,5125,5147,2658,2826,2896,2564,2646,2654,-5436,-5305,-5197,-5436,-5305,-5197,-21,-375,-535,180,134,156,-91,76,146,-185,-103,-95,93,382,554,259,170,183,35,59,51,37,19,10,176,295,258,188,99,54,192,281,285,135,127,121
I4199,5151,2828,-5126,4833,4869,4845,4615,4453,4205,2752,2798,2866,2678,2732,2734,-5507,-5376,-5268,-5507,-5376,-5268,-317,-281,-305,-535,-697,-945,-75,-29,38,-149,-95,-93,326,283,308,556,704,950,61,72,78,66,71,16,307,364,393,331,356,82,256,263,277,254,262,264
I2743,5066,2723,-5113,5047,5037,5045,5175,5229,5233,2680,2722,2770,2546,2568,2586,-5494,-5363,-5255,-5494,-5363,-5255,-18,-28,-20,109,163,167,-43,-1,46,-177,-155,-137,46,28,51,208,225,216,10,40,40,22,27,28,50,200,202,110,139,141,203,267,336,148,133,129
I2744,5066,2723,-5096,5051,4853,4577,5159,5197,5179,2704,2780,2812,2674,2728,2774,-5477,-5346,-5238,-5477,-5346,-5238,-14,-212,-488,93,131,113,-19,56,88,-49,4,50,24,220,496,105,131,124,41,71,78,8,6,4,208,357,393,43,30,23,217,284,280,117,87,65
I2745,5066,2723,-5080,5045,4729,4539,4869,4539,4637,2732,2792,2806,2782,2868,2860,-5461,-5330,-5222,-5461,-5330,-5222,-20,-336,-526,-196,-526,-428,8,68,82,58,144,136,22,343,533,205,546,449,51,73,67,70,79,78,259,369,339,353,396,391,293,281,278,286,285,287
I2357_all,5111,2761,-5064,4949,4983,5061,5105,5127,5119,2740,2760,2786,2672,2722,2746,-5445,-5314,-5206,-5445,-5314,-5206,-161,-127,-49,-5,16,8,-20,0,25,-88,-38,-14,162,127,55,88,42,17,57,60,41,14,6,3,286,300,208,72,33,18,262,269,297,183,156,149
SCH001,4217,2920,-5103,5581,4867,4419,5355,5223,5221,2376,2786,2988,2406,2562,2592,-5484,-5353,-5245,-5484,-5353,-5245,1364,650,202,1138,1006,1004,-544,-134,67,-514,-358,-328,1469,664,213,1249,1068,1056,37,99,52,100,56,14,189,496,264,502,284,71,111,101,71,114,109,108
SCH007,4217,2920,-5098,5425,4779,4375,5209,5129,5039,2480,2908,3020,2558,2686,2774,-5479,-5348,-5240,-5479,-5348,-5240,1208,562,158,992,912,822,-440,-12,99,-362,-234,-146,1286,562,187,1056,942,835,47,95,41,27,38,43,235,478,207,139,191,215,110,91,57,110,104,100
SCH009,4217,2920,-5102,5075,4789,4381,5159,5185,5167,2606,2828,2928,2546,2602,2628,-5483,-5352,-5244,-5483,-5352,-5244,858,572,164,942,968,950,-314,-92,7,-374,-318,-292,914,580,164,1014,1019,994,6,68,43,11,11,7,31,343,216,57,57,38,110,99,87,111,108,107
SCH010,4217,2920,-5093,5051,4767,4311,4753,4543,4427,2622,2820,2942,2364,2604,2692,-5474,-5343,-5235,-5474,-5343,-5235,834,550,94,536,326,210,-298,-100,21,-556,-316,-228,886,559,97,772,454,310,9,76,15,7,45,35,46,380,77,38,227,176,109,100,76,136,134,137
SCH014,4217,2920,-5102,5053,4901,4573,5091,4761,4441,2630,2764,2840,2588,2824,2912,-5483,-5352,-5244,-5483,-5352,-5244,836,684,356,874,544,224,-290,-156,-80,-332,-96,-8,885,702,365,935,553,224,8,64,75,31,63,40,44,320,375,157,319,204,109,102,102,110,100,92
I2037_published,4393,3198,-5082,5001,5061,5043,4585,4499,4475,2672,2710,2718,2250,2480,2596,-5463,-5332,-5224,-5463,-5332,-5224,608,668,650,192,106,82,-526,-488,-480,-948,-718,-602,804,828,808,967,726,608,13,13,9,14,28,17,66,67,48,70,142,85,130,126,126,168,171,172
SCH018,4217,2920,-5085,4953,5023,5057,5155,5173,5151,2688,2702,2718,2592,2654,2684,-5466,-5335,-5227,-5466,-5335,-5227,736,806,840,938,956,934,-232,-218,-202,-328,-266,-236,772,835,864,994,993,964,27,29,9,11,12,7,136,147,46,57,63,39,107,105,103,109,105,104
I5070,4797,2850,-5080,5075,4761,4385,4519,4469,4431,2652,2828,2898,2248,2418,2526,-5461,-5330,-5222,-5461,-5330,-5222,278,-35,-411,-277,-327,-365,-197,-21,48,-601,-431,-323,341,42,414,663,542,488,10,17,14,8,10,5,52,87,71,43,54,28,125,238,276,204,217,228
I5883,6028,3146,-5101,6091,6105,6095,6021,6015,6001,3106,3098,3116,3138,3146,3172,-5482,-5351,-5243,-5482,-5351,-5243,63,77,67,-6,-12,-26,-39,-47,-29,-7,0,26,74,90,73,10,12,37,6,6,4,1,1,3,32,33,24,6,6,15,122,121,113,221,271,314
I4628,5250,3785,-5081,5239,5239,5235,5237,5237,5233,3788,3772,3772,3812,3810,3820,-5462,-5331,-5223,-5462,-5331,-5223,-11,-11,-15,-13,-13,-17,3,-12,-12,27,25,35,11,16,19,30,28,39,2,1,3,2,2,3,11,9,17,11,11,19,287,221,230,334,332,334
I2008_published,4393,3198,-5121,5043,5049,5007,5119,5155,5131,2636,2710,2748,2568,2628,2670,-5502,-5371,-5263,-5502,-5371,-5263,650,656,614,726,762,738,-562,-488,-450,-630,-570,-528,860,818,762,962,952,908,10,25,34,11,18,9,53,128,172,57,90,48,130,126,126,130,126,125
I0046_published,4393,3198,-5085,5057,4899,4527,5067,5073,5129,2662,2778,2862,2626,2678,2658,-5466,-5335,-5227,-5466,-5335,-5227,664,506,134,674,680,736,-536,-420,-336,-572,-520,-540,854,658,362,884,856,913,10,56,53,30,42,14,52,280,267,153,212,72,128,129,158,130,127,126
I1496,5064,2722,-5088,4989,5043,5051,5043,5073,5071,2646,2726,2724,2652,2704,2720,-5469,-5338,-5230,-5469,-5338,-5230,-74,-20,-12,-20,9,7,-75,4,2,-69,-17,-1,106,21,12,72,19,7,34,27,4,11,4,3,170,138,23,57,22,16,224,282,281,196,152,101
Schw72-15.SG,4144,2852,-5072,4995,4657,4415,4903,4835,4461,2658,2824,2898,2722,2788,2824,-5453,-5322,-5214,-5453,-5322,-5214,851,513,271,759,691,317,-193,-27,46,-129,-63,-27,873,514,275,770,694,318,68,76,56,54,71,67,340,384,284,271,356,339,102,93,80,99,95,94
I0659_published,4393,3198,-5093,5033,5069,5027,4557,4551,4561,2672,2714,2736,2232,2346,2438,-5474,-5343,-5235,-5474,-5343,-5235,640,676,634,164,158,168,-526,-484,-462,-966,-852,-760,829,832,785,980,867,778,7,10,26,10,22,17,38,52,134,50,111,85,129,125,126,170,169,167
Schw432.SG,4144,2852,-5061,5045,4685,4369,4959,4835,4681,2636,2844,2934,2700,2804,2868,-5442,-5311,-5203,-5442,-5311,-5203,901,541,225,815,691,537,-215,-7,82,-151,-47,16,926,541,240,829,693,537,6,68,40,43,62,65,32,341,202,217,313,329,103,90,69,100,93,88
OBN006,4134,2819,-5069,4741,4475,4283,4397,4249,4191,2904,2862,2836,2636,2632,2626,-5450,-5319,-5211,-5450,-5319,-5211,607,341,149,263,115,57,85,43,17,-182,-186,-192,613,344,150,320,219,201,66,83,62,37,14,4,333,415,314,185,71,24,82,82,83,124,148,163
XN170,4260,2852,-5065,5071,5067,4815,5147,5143,5095,2698,2748,2784,2534,2572,2590,-5446,-5315,-5207,-5446,-5315,-5207,811,807,555,887,883,835,-153,-103,-67,-317,-279,-261,825,813,559,942,926,875,11,29,76,30,18,12,56,148,382,151,91,60,100,97,96,109,107,107
FUC003_merged,3193,2245,-5095,4623,4091,3581,3917,3555,3483,2864,2568,2296,2090,2060,2128,-5476,-5345,-5237,-5476,-5345,-5237,1430,898,388,724,362,290,619,323,51,-154,-184,-116,1558,954,391,740,407,313,51,126,80,87,37,11,256,634,402,437,185,56,66,70,82,102,117,111
Mor6.SG,4146,2859,-5051,4271,3711,3485,3915,3561,3443,2796,2272,2204,2140,2146,2194,-5432,-5301,-5193,-5432,-5301,-5193,125,-434,-660,-230,-584,-702,-62,-586,-654,-718,-712,-664,139,730,930,754,921,967,57,51,8,31,19,8,285,258,40,159,95,42,116,216,225,197,219,226
I1904,4991,2605,-5064,5023,5029,4741,5321,5167,5037,2652,2692,2802,2360,2432,2528,-5445,-5314,-5206,-5445,-5314,-5206,32,38,-249,330,176,46,47,87,197,-244,-172,-76,57,95,318,410,246,89,7,5,68,38,38,26,37,26,342,193,194,133,34,23,308,126,134,148
I5889_published,6028,3146,-4988,6125,6111,6089,6551,6379,6227,3082,3104,3150,3632,3408,3384,-5369,-5238,-5130,-5369,-5238,-5130,97,83,61,523,351,199,-63,-41,4,486,262,238,116,93,61,714,438,310,5,6,6,48,57,53,29,34,32,243,286,268,123,116,85,47,53,39
I2377,5151,2828,-5026,4615,4401,4341,4387,4205,4135,2956,2866,2838,2924,2800,2790,-5407,-5276,-5168,-5407,-5276,-5168,-535,-749,-809,-763,-945,-1015,128,38,10,96,-27,-37,550,750,809,769,946,1016,73,75,79,39,10,6,365,376,398,199,52,33,283,272,270,277,268,267
I0176,4992,2626,-5019,4923,5079,5087,5175,5167,5143,2786,2760,2752,2618,2662,2670,-5400,-5269,-5161,-5400,-5269,-5161,-68,87,95,183,175,151,159,133,125,-8,35,43,173,159,157,183,179,157,47,23,3,8,6,4,236,117,17,43,33,20,336,33,37,92,78,73
I5077,5003,2533,-5038,5049,4489,4361,5045,5033,4995,2658,2948,2884,2628,2684,2698,-5419,-5288,-5180,-5419,-5288,-5180,46,-513,-641,42,30,-7,125,415,351,95,151,165,133,660,731,104,154,165,10,56,34,10,7,5,54,282,174,50,39,25,20,308,298,24,11,357
LBR002,4077,2292,-5048,4171,3737,3537,3745,3601,3461,2702,2390,2292,2134,2204,2248,-5429,-5298,-5190,-5429,-5298,-5190,94,-339,-539,-331,-475,-615,409,97,0,-158,-88,-44,420,353,539,367,484,617,35,26,28,24,23,21,178,132,144,123,118,108,12,286,269,244,259,265
HBS002,4393,3199,-5014,4899,4651,4789,4501,4421,4345,2744,2800,2800,2440,2520,2658,-5395,-5264,-5156,-5395,-5264,-5156,506,258,396,108,28,-47,-454,-398,-398,-758,-678,-540,680,475,562,766,679,542,48,52,47,34,35,20,243,264,238,170,178,101,131,147,135,171,177,185
HBS004,4393,3199,-5017,5009,4971,4827,5079,5033,4863,2678,2714,2804,2590,2648,2746,-5398,-5267,-5159,-5398,-5267,-5159,616,578,434,686,640,470,-520,-484,-394,-608,-550,-452,807,754,587,917,844,653,9,33,60,10,28,57,47,166,300,54,141,289,130,129,132,131,130,133
HBS005,4393,3199,-5022,4957,4659,4447,4607,4459,4385,2736,2802,2834,2852,2854,2766,-5403,-5272,-5164,-5403,-5272,-5164,564,266,54,214,66,-7,-462,-396,-364,-346,-344,-432,730,478,368,407,351,432,50,55,44,64,45,37,251,275,220,321,227,189,129,146,171,148,169,180
HBS007,4393,3199,-5066,5047,5063,5021,5581,5193,5199,2674,2714,2734,2274,2552,2552,-5447,-5316,-5208,-5447,-5316,-5208,654,670,628,1188,800,806,-524,-484,-464,-924,-646,-646,839,827,781,1506,1029,1033,9,10,23,120,14,13,47,50,116,600,73,66,128,125,126,127,128,128
HBS008,4393,3199,-5043,4949,4719,4625,4737,4463,3955,2676,2784,2822,2310,2258,2074,-5424,-5293,-5185,-5424,-5293,-5185,556,326,232,344,70,-437,-522,-414,-376,-888,-940,-1124,763,527,442,953,943,1206,46,57,53,15,80,97,232,287,268,79,401,485,133,141,148,158,175,201
HBS009,4393,3199,-5042,4849,4607,4433,5185,5137,5089,2708,2832,2898,2606,2688,2722,-5423,-5292,-5184,-5423,-5292,-5184,456,214,40,792,744,696,-490,-366,-300,-592,-510,-476,670,424,303,989,902,844,71,63,43,30,29,42,358,319,218,154,149,212,137,149,172,126,124,124
I2379,5141,2810,-5039,5039,5017,4809,5131,5127,5063,2738,2794,2826,2662,2718,2762,-5420,-5289,-5181,-5420,-5289,-5181,-101,-123,-331,-9,-13,-77,-72,-16,15,-148,-92,-48,124,124,331,148,93,91,42,55,84,11,5,33,214,279,421,55,29,168,234,262,272,183,188,237
MDV248.SG,3886,2940,-4992,4797,4395,4333,4577,4443,4421,2730,3020,2848,2274,2546,2628,-5373,-5242,-5134,-5373,-5242,-5134,911,509,447,691,557,535,-210,79,-92,-666,-394,-312,935,515,456,959,682,619,80,29,30,16,19,20,403,149,154,83,97,101,102,81,101,133,125,120
I5069,4805,2860,-5010,5047,4939,4499,4669,4425,4329,2706,2764,2854,2854,2892,2832,-5391,-5260,-5152,-5391,-5260,-5152,242,134,-305,-135,-379,-475,-153,-95,-5,-5,32,-27,286,164,306,136,381,476,10,19,28,17,14,7,54,99,142,89,72,39,122,125,268,267,274,266
I4112_published,6028,3146,-4953,5967,5825,5779,6161,6131,6123,3246,3426,3532,3110,3148,3174,-5334,-5203,-5095,-5334,-5203,-5095,-60,-202,-248,133,103,95,100,280,386,-35,2,28,117,346,459,137,103,99,77,107,107,6,6,6,388,539,535,31,34,30,328,324,327,104,88,73
I5204,4797,2850,-5117,4981,4911,4923,5071,5053,5073,2584,2676,2736,2532,2616,2654,-5498,-5367,-5259,-5498,-5367,-5259,184,114,126,274,256,276,-265,-173,-113,-317,-233,-195,323,208,169,419,346,338,20,20,21,35,12,7,102,104,109,179,60,39,145,146,132,139,132,125
I5205_published,4797,2850,-4997,5075,4771,4345,5117,5031,5071,2696,2802,2900,2688,2764,2738,-5378,-5247,-5139,-5378,-5247,-5139,278,-25,-451,320,234,274,-153,-47,50,-161,-85,-111,317,54,454,358,249,296,9,25,19,11,14,12,47,128,96,57,73,61,118,208,276,116,110,112
I5206_published,4797,2850,-4990,5063,5059,5015,4933,4689,4391,2678,2736,2730,2732,2870,2960,-5371,-5240,-5132,-5371,-5240,-5132,266,262,218,136,-107,-405,-171,-113,-119,-117,20,110,316,285,248,180,109,420,16,7,6,14,26,18,83,38,34,70,134,92,122,113,118,130,280,285
I5207_published,4797,2850,-4998,5067,5029,4765,4615,4733,4785,2714,2734,2800,2326,2386,2448,-5379,-5248,-5140,-5379,-5248,-5140,270,232,-31,-181,-63,-11,-135,-115,-49,-523,-463,-401,302,259,59,554,468,402,8,11,30,11,8,10,41,56,153,59,44,54,116,116,212,199,187,181
I5208,4797,2850,-4891,4785,4759,4671,4803,4723,4677,2732,2782,2784,2712,2776,2796,-5272,-5141,-5033,-5272,-5141,-5033,-11,-37,-125,6,-73,-119,-117,-67,-65,-137,-73,-53,118,77,142,138,104,131,23,22,23,42,23,17,116,114,116,213,118,87,185,209,242,177,224,245
I10942,2937,1590,-4924,4157,3979,3967,3763,3769,3709,2626,2552,2656,2248,2366,2400,-5305,-5174,-5066,-5305,-5174,-5066,1220,1042,1030,826,832,772,1035,961,1065,657,775,809,1600,1418,1482,1056,1138,1119,104,118,104,83,82,82,520,594,522,417,411,413,49,47,44,51,47,43
I0100,4393,3198,-5000,5085,5075,5011,4977,4853,4331,2710,2742,2736,2768,2812,2878,-5381,-5250,-5142,-5381,-5250,-5142,692,682,618,584,460,-61,-488,-456,-462,-430,-386,-320,847,821,772,726,601,326,6,5,18,37,48,31,33,28,91,188,243,155,125,123,126,126,129,190
I3713_published,6175,3083,-4987,6147,6145,6131,6185,6173,6155,3112,3118,3164,3074,3090,3122,-5368,-5237,-5129,-5368,-5237,-5129,-27,-29,-43,10,-1,-19,28,34,80,-9,6,38,39,45,91,13,6,43,1,3,8,1,3,5,8,18,40,8,17,29,316,319,331,132,345,333
I0821_published,4393,3198,-5001,5067,5055,4977,5023,4601,4693,2706,2726,2740,2690,2848,2810,-5382,-5251,-5143,-5382,-5251,-5143,674,662,584,630,208,300,-492,-472,-458,-508,-350,-388,835,813,743,810,407,491,8,8,19,58,59,53,42,43,98,290,296,265,126,125,128,128,149,142
I0434,6778,3916,-4959,6957,6893,6851,6943,6887,6855,4062,4012,3968,4024,4000,3960,-5340,-5209,-5101,-5340,-5209,-5101,179,115,73,165,109,77,145,95,51,107,83,43,231,149,89,197,137,88,4,3,3,2,2,3,22,16,17,14,14,16,50,50,54,56,52,60
I1891,5005,2630,-4951,4863,4327,4261,5215,5205,5185,2810,2836,2836,2664,2674,2682,-5332,-5201,-5093,-5332,-5201,-5093,-141,-677,-743,210,200,180,180,206,206,34,44,52,229,708,771,213,205,187,59,42,37,7,4,4,297,210,185,36,20,24,321,286,285,80,77,73
I1893,4993,2605,-4938,4619,4309,4289,5285,5227,5219,2898,2930,2894,2342,2380,2378,-5319,-5188,-5080,-5319,-5188,-5080,-373,-683,-703,292,234,226,293,325,289,-262,-224,-226,475,757,761,392,324,320,63,4,6,60,29,27,315,21,31,303,147,139,308,295,292,131,133,135
KRD002,6664,1883,-4933,6611,6631,6647,6673,6671,6659,1998,1960,1922,1936,1918,1908,-5314,-5183,-5075,-5314,-5183,-5075,-52,-32,-16,9,7,-4,115,77,39,53,35,25,126,83,42,54,36,25,7,4,2,4,0,0,39,21,12,21,1,4,335,337,337,10,12,350
OBN005,4134,2819,-4935,4151,3991,3959,4113,4021,3933,2774,2710,2782,2636,2724,2798,-5316,-5185,-5077,-5316,-5185,-5077,17,-142,-174,-20,-112,-200,-44,-108,-36,-182,-94,-20,48,179,178,184,147,201,27,49,8,6,3,7,138,248,41,33,17,37,158,232,258,186,229,264
I4185,4993,2605,-4917,3725,3417,3727,4329,4295,4293,2326,2196,2488,2496,2582,2634,-5298,-5167,-5059,-5298,-5167,-5059,-1267,-1575,-1265,-663,-697,-699,-278,-408,-116,-108,-22,29,1298,1628,1271,672,698,700,79,9,87,4,19,40,397,49,435,24,96,201,257,255,264,260,268,272
I1890,5005,2630,-4930,4671,4333,4415,4601,4597,4753,2812,2966,2832,2830,2892,2874,-5311,-5180,-5072,-5311,-5180,-5072,-333,-671,-589,-403,-407,-251,182,336,202,200,262,244,380,751,623,450,484,350,57,26,57,64,61,62,288,132,285,323,309,314,298,296,288,296,302,314
PG2001,6909,2893,-4896,7089,7063,7021,7117,7001,6957,3634,3100,2970,3854,3072,3018,-5277,-5146,-5038,-5277,-5146,-5038,180,154,112,208,92,48,740,206,76,960,178,124,762,258,136,983,201,134,85,49,4,41,4,2,425,249,22,208,20,10,13,36,55,12,27,21
I4063,4579,1632,-4886,4967,5097,4641,4277,4201,4129,2830,2810,2830,2636,2714,2788,-5267,-5136,-5028,-5267,-5136,-5028,387,517,61,-302,-378,-450,1198,1178,1198,1004,1082,1156,1259,1287,1199,1048,1146,1240,5,3,4,9,9,8,26,15,23,48,45,41,17,23,2,343,340,338
I3719_published,6028,3146,-4871,5019,4775,4371,4491,4453,4503,2702,2832,3044,2406,2526,2368,-5252,-5121,-5013,-5252,-5121,-5013,-1008,-1252,-1656,-1536,-1574,-1524,-443,-313,-101,-739,-619,-777,1102,1291,1659,1705,1692,1711,4,42,22,2,4,21,21,211,111,13,22,106,246,255,266,244,248,242
I4062,4579,1632,-4864,4905,4667,4747,4917,4709,4531,2802,2816,2786,2754,2772,2792,-5245,-5114,-5006,-5245,-5114,-5006,325,87,167,337,129,-48,1170,1184,1154,1122,1140,1160,1214,1187,1166,1172,1147,1161,7,7,8,13,21,32,38,38,40,68,106,163,15,4,8,16,6,357
I4065,4579,1632,-4863,4459,4171,4187,4329,4155,4269,2844,2802,2808,2876,2874,2854,-5244,-5113,-5005,-5244,-5113,-5005,-120,-408,-392,-250,-424,-310,1212,1170,1176,1244,1242,1222,1218,1239,1239,1269,1312,1260,14,8,10,5,7,11,72,40,53,29,38,59,354,340,341,348,341,345
XN174,4260,2852,-4833,4509,4481,4657,5017,4691,4467,2828,2838,2762,2712,2820,2918,-5214,-5083,-4975,-5214,-5083,-4975,249,221,397,757,431,207,-23,-13,-89,-139,-31,66,250,221,407,769,432,217,75,71,71,28,67,57,375,358,357,144,339,287,95,93,102,100,94,72
LBR004,4077,2292,-4853,3551,3607,3963,3825,4017,4057,2252,2332,2514,2278,2360,2370,-5234,-5103,-4995,-5234,-5103,-4995,-525,-469,-113,-251,-59,-19,-40,39,221,-14,67,77,527,471,249,252,90,80,27,52,33,42,5,4,136,264,166,210,26,23,265,274,332,266,318,345
I0122,6778,3916,-4850,6793,6745,6713,6817,6775,6743,3994,3894,3902,4012,3948,3924,-5231,-5100,-4992,-5231,-5100,-4992,15,-32,-64,39,-2,-34,77,-22,-14,95,31,7,79,39,66,103,31,35,6,32,5,5,3,2,30,161,26,26,15,10,11,235,257,22,354,282
kol6-ALL_DATA.SG,4693,3003,-4822,4307,4239,4663,4441,4437,4763,2988,2816,2740,2830,2876,2808,-5203,-5072,-4964,-5203,-5072,-4964,-385,-453,-29,-251,-255,70,-15,-187,-263,-173,-127,-195,385,490,264,305,285,207,11,4,10,35,16,18,59,21,50,179,80,93,267,247,186,235,243,160
Veibri4,5280,4011,-4802,5687,5413,5323,5395,5285,5295,3580,3896,3990,3740,3900,3942,-5183,-5052,-4944,-5183,-5052,-4944,407,133,43,115,5,15,-430,-114,-20,-270,-110,-68,592,175,48,294,111,70,89,56,4,71,5,6,446,284,24,359,25,31,136,130,115,156,177,167
I4184,4964,2581,-4779,5017,4671,4383,4525,4289,4299,2716,2854,3008,2908,2938,2966,-5160,-5029,-4921,-5160,-5029,-4921,53,-292,-580,-438,-674,-664,134,272,426,326,356,384,144,400,720,547,763,768,4,68,34,57,24,5,24,341,174,289,123,27,21,312,306,306,297,300
LBR001,4077,2292,-4792,3571,3857,3961,3719,3797,3839,2290,2358,2382,2296,2392,2438,-5173,-5042,-4934,-5173,-5042,-4934,-505,-219,-115,-357,-279,-237,-2,65,89,3,99,145,505,229,146,357,297,279,27,33,21,7,14,25,137,168,108,39,73,125,269,286,307,270,289,301
I4441,5250,3785,-4775,5253,5237,5237,5259,5259,5271,3780,3798,3816,3776,3812,3844,-5156,-5025,-4917,-5156,-5025,-4917,2,-13,-13,8,8,20,-4,13,31,-8,27,59,5,18,34,12,28,63,2,4,3,4,4,5,14,20,18,23,20,27,147,315,337,133,18,19
I4064,4579,1632,-4760,4423,4501,4931,4317,4187,4133,2840,2822,2714,2668,2810,2864,-5141,-5010,-4902,-5141,-5010,-4902,-156,-78,351,-262,-392,-446,1208,1190,1082,1036,1178,1232,1218,1192,1138,1068,1241,1310,10,13,10,22,9,6,51,65,53,113,45,30,352,356,18,345,341,340
I1972,3247,2262,-4765,3547,3541,3643,3393,3355,3365,2222,2274,2330,2170,2218,2254,-5146,-5015,-4907,-5146,-5015,-4907,300,294,396,146,108,118,-40,11,67,-92,-44,-8,302,294,401,172,116,118,12,23,46,7,7,11,63,118,231,36,35,58,97,87,80,122,112,94
I0447_published,5110,2637,-4792,4583,4553,4707,4425,4257,4277,2810,2824,2814,2768,2794,2808,-5173,-5042,-4934,-5173,-5042,-4934,-526,-556,-402,-684,-852,-832,173,187,177,131,157,171,553,586,439,696,866,849,79,79,78,52,5,24,395,399,393,264,27,124,288,288,293,280,280,281
I0449,5110,2637,-4763,4659,4613,4847,4853,4983,5003,2868,2786,2782,2886,2880,2854,-5144,-5013,-4905,-5144,-5013,-4905,-450,-496,-262,-256,-126,-106,231,149,145,249,243,217,506,518,299,357,274,241,68,69,66,65,48,33,342,345,334,327,241,165,297,286,299,314,332,333
I2358,5111,2761,-4717,4605,4355,4417,4199,4183,4209,2842,2848,2870,2792,2790,2812,-5098,-4967,-4859,-5098,-4967,-4859,-505,-755,-693,-911,-927,-901,81,87,109,31,29,51,511,760,701,911,927,902,89,64,70,10,6,25,445,321,350,53,31,127,279,276,278,271,271,273
I2387,5106,2641,-4755,4817,4945,4833,4311,4303,4319,2828,2870,2920,2734,2604,2626,-5136,-5005,-4897,-5136,-5005,-4897,-289,-161,-273,-795,-803,-787,187,229,279,93,-36,-14,344,280,390,800,803,787,73,60,60,16,14,14,366,301,302,83,71,74,302,324,315,276,267,268
I2746,5171,2711,-4772,4401,4541,4653,5223,5189,5241,2850,2794,2756,2646,2656,2602,-5153,-5022,-4914,-5153,-5022,-4914,-769,-629,-517,52,18,70,138,82,44,-65,-55,-109,782,635,519,83,58,129,68,77,78,8,31,12,342,387,394,43,156,64,280,277,274,141,161,147
OBN002,4134,2819,-4764,3901,3889,4007,3993,3935,3943,2650,2534,2542,2762,2822,2812,-5145,-5014,-4906,-5145,-5014,-4906,-232,-244,-126,-140,-198,-190,-168,-284,-276,-56,3,-6,287,375,304,151,198,190,62,51,33,13,17,17,310,259,166,68,87,87,234,220,204,247,270,267
OBN010,4134,2819,-4748,3861,3929,4069,3849,3827,3915,2582,2550,2540,2586,2720,2758,-5129,-4998,-4890,-5129,-4998,-4890,-272,-204,-64,-284,-306,-218,-236,-268,-278,-232,-98,-60,361,337,286,367,322,227,65,48,20,60,46,16,325,241,100,303,231,80,229,217,193,230,252,254
I1670,7688,2127,-4724,7427,7625,7679,7525,7601,7641,2518,2248,2166,2416,2258,2204,-5105,-4974,-4866,-5105,-4974,-4866,-261,-63,-9,-163,-87,-47,390,120,38,288,130,76,470,136,39,331,157,90,13,12,5,9,6,3,67,61,25,47,31,18,326,332,346,330,326,328
GRG027,3840,2782,-4737,3509,3635,3857,3361,3325,3721,2260,2284,2512,2224,2272,2552,-5118,-4987,-4879,-5118,-4987,-4879,-330,-204,17,-478,-514,-118,-522,-498,-270,-558,-510,-230,618,538,270,735,724,258,6,19,38,6,12,58,34,98,191,30,63,290,212,202,176,220,225,207
I1900,4920,2697,-4729,4429,4259,4407,4275,4295,4319,2844,2914,2932,2844,2880,2916,-5110,-4979,-4871,-5110,-4979,-4871,-490,-660,-512,-644,-624,-600,147,217,235,147,183,219,512,695,564,661,651,639,51,6,38,5,3,6,258,31,193,28,15,30,286,288,294,282,286,290
LBR003,4077,2292,-4722,3597,3927,4007,3917,4043,4063,2372,2500,2468,2318,2342,2366,-5103,-4972,-4864,-5103,-4972,-4864,-479,-149,-69,-159,-33,-13,79,207,175,25,49,73,486,256,189,162,60,75,45,41,30,46,27,8,227,209,152,231,138,42,279,324,338,279,325,349
I4305,3985,2270,-4726,3693,3943,3999,3981,4025,4029,2330,2414,2376,2270,2270,2274,-5107,-4976,-4868,-5107,-4976,-4868,-291,-41,14,-3,40,44,60,144,106,0,0,4,297,150,107,3,40,44,39,26,17,5,4,3,195,130,87,26,22,16,281,343,7,276,89,84
I1662,7688,2127,-4714,7505,7633,7673,7675,7691,7691,2432,2206,2140,2172,2112,2090,-5095,-4964,-4856,-5095,-4964,-4856,-183,-55,-15,-13,2,2,304,78,12,44,-15,-37,355,96,19,46,15,37,20,9,5,8,4,5,102,49,25,41,21,25,329,325,310,343,169,175
GRG028,3840,2782,-4719,3593,3655,3855,3389,3579,3863,2264,2360,2582,2272,2450,2650,-5100,-4969,-4861,-5100,-4969,-4861,-246,-184,15,-450,-260,23,-518,-422,-200,-510,-332,-132,573,460,200,680,422,134,10,37,42,31,60,30,54,188,210,155,303,150,205,203,175,221,218,169
I1905_published,4968,2748,-4701,4273,4779,4833,4995,4751,4449,2834,2806,2824,2818,2884,2934,-5082,-4951,-4843,-5082,-4951,-4843,-694,-188,-134,27,-216,-518,86,58,76,70,136,186,700,197,154,75,256,551,44,62,53,43,62,39,221,312,269,215,311,195,277,287,299,21,302,289
TU916_SX30,4149,2829,-4697,4853,4127,4147,4915,4955,4783,2824,2842,2866,2796,2778,2794,-5078,-4947,-4839,-5078,-4947,-4839,704,-21,-1,766,806,634,-4,13,37,-32,-50,-34,704,25,37,766,807,635,86,4,3,70,55,75,430,22,16,353,276,377,90,300,356,92,93,93
ROS45.SG,4134,2823,-4694,4451,4209,4167,4127,4121,4159,2834,2824,2840,2724,2732,2724,-5075,-4944,-4836,-5075,-4944,-4836,317,75,33,-6,-12,25,11,1,17,-98,-90,-98,318,75,37,99,91,102,92,54,7,5,6,16,460,271,38,26,31,82,88,89,63,183,187,165
I4304,3985,2270,-4689,3829,3965,4003,4019,4037,4023,2370,2394,2374,2292,2314,2320,-5070,-4939,-4831,-5070,-4939,-4831,-155,-19,18,34,52,38,100,124,104,22,44,50,185,125,105,41,68,63,31,22,10,5,2,2,159,114,50,29,13,13,302,351,9,56,49,37
I4167,5002,2509,-4687,4297,4361,4617,4557,4273,4193,2886,2968,2862,2580,2872,2958,-5068,-4937,-4829,-5068,-4937,-4829,-704,-640,-384,-444,-728,-808,377,459,353,71,363,449,798,787,521,449,813,924,4,9,65,42,30,11,24,48,329,214,154,59,298,305,312,279,296,299
TU919_SX33,4149,2829,-4672,4871,4313,4441,4879,4307,4377,2764,2954,2968,2746,3018,3024,-5053,-4922,-4814,-5053,-4922,-4814,722,164,292,730,158,228,-64,125,139,-82,189,195,724,206,323,734,246,300,48,27,39,53,5,27,242,136,199,267,29,139,95,52,64,96,39,49
I2431,5673,2372,-4674,4573,5073,5163,5131,5133,5157,2726,2698,2736,2790,2744,2706,-5055,-4924,-4816,-5055,-4924,-4816,-1099,-599,-509,-541,-539,-515,353,325,363,417,371,333,1154,682,625,683,655,614,71,58,30,6,7,9,358,292,151,34,36,46,287,298,305,307,304,302
I4303,3985,2270,-4680,3657,3921,3981,3913,3949,3943,2356,2550,2592,2300,2320,2322,-5061,-4930,-4822,-5061,-4930,-4822,-327,-63,-3,-71,-35,-41,86,280,322,30,50,52,338,287,322,77,61,66,45,35,17,4,4,5,229,178,86,20,23,28,284,347,359,292,324,321
ROS82.SG,4134,2823,-4669,4419,5143,4943,5163,5169,4803,2820,2824,2848,2758,2724,2892,-5050,-4919,-4811,-5050,-4919,-4811,285,1009,809,1029,1035,669,-2,1,25,-64,-98,69,285,1009,810,1031,1040,673,90,6,67,5,5,72,450,33,338,26,26,361,90,89,88,93,95,84
GRG057,3840,2782,-4663,3597,3869,3957,4219,3995,3967,2316,2596,2738,2580,2790,2808,-5044,-4913,-4805,-5044,-4913,-4805,-242,29,117,379,155,127,-466,-186,-44,-202,7,25,525,188,125,429,155,129,31,41,7,72,10,4,158,209,35,360,51,23,207,171,110,118,87,78
OBN001,4134,2819,-4659,3669,3969,4049,3797,3729,3909,2724,2974,2986,2964,3062,3194,-5040,-4909,-4801,-5040,-4909,-4801,-464,-164,-84,-336,-404,-224,-94,155,167,145,243,375,474,226,187,366,472,437,17,33,48,11,16,20,88,165,241,59,81,102,258,313,333,293,300,329
TU915_SX29,4149,2829,-4657,4573,4183,4173,4157,4179,4363,2824,2844,2866,2880,2906,2832,-5038,-4907,-4799,-5038,-4907,-4799,424,34,24,8,30,214,-4,15,37,51,77,3,424,37,44,51,82,214,96,38,7,29,43,67,480,191,37,147,217,338,90,66,32,8,21,89
ROS102.SG,4134,2823,-4655,5139,5025,4761,5139,5037,4849,2910,2984,3000,2916,2992,3042,-5036,-4905,-4797,-5036,-4905,-4797,1005,891,627,1005,903,715,87,161,177,93,169,219,1009,906,652,1010,919,748,48,51,56,15,30,51,242,255,281,75,152,256,85,79,74,84,79,72
ROS78.SG,4134,2823,-4634,4465,4535,4553,4093,4033,4051,2826,2826,2840,2726,2782,2776,-5015,-4884,-4776,-5015,-4884,-4776,331,401,419,-40,-100,-82,3,3,17,-96,-40,-46,331,401,420,104,108,94,92,88,79,13,6,23,464,444,398,68,31,119,89,89,87,202,247,240
I4111,6028,3146,-4653,6011,5869,5707,6033,5993,5929,3244,3468,3696,3222,3334,3458,-5034,-4903,-4795,-5034,-4903,-4795,-16,-158,-320,5,-34,-98,98,322,550,76,188,312,99,359,637,76,191,327,41,89,102,46,61,76,208,445,513,230,306,384,350,333,329,3,349,342
Kivisaare3,5255,4013,-4649,5289,5285,5295,5247,5253,5263,3840,3864,3926,3782,3814,3830,-5030,-4899,-4791,-5030,-4899,-4791,34,30,40,-7,-1,8,-173,-149,-87,-231,-199,-183,176,152,96,231,199,183,5,6,7,4,4,6,28,31,37,21,20,30,168,168,154,181,180,177
GRG018,3840,2782,-4626,3697,3919,3965,4109,3955,3927,2484,2720,2782,2810,2910,2916,-5007,-4876,-4768,-5007,-4876,-4768,-142,79,125,269,115,87,-298,-62,0,27,127,133,330,100,125,270,172,159,50,37,7,60,5,4,250,186,38,303,28,21,205,128,90,84,42,33
I4168,5002,2509,-4624,4657,4401,4741,4303,4361,4585,2802,2906,2788,2902,2972,2858,-5005,-4874,-4766,-5005,-4874,-4766,-344,-600,-260,-698,-640,-416,293,397,279,393,463,349,452,719,381,801,790,543,65,51,67,23,32,71,327,259,339,117,164,357,310,303,317,299,305,309
I5078,5003,2533,-4632,4469,4377,4609,4385,4599,4783,3012,3050,2894,2852,2842,2748,-5013,-4882,-4774,-5013,-4882,-4774,-533,-625,-393,-617,-403,-219,479,517,361,319,309,215,717,811,534,695,508,307,50,7,70,46,54,45,252,38,354,232,273,229,311,309,312,297,307,314
GRG049,3840,2782,-4626,4151,4127,4167,3445,3829,3927,2806,2810,2838,2332,2674,2796,-5007,-4876,-4768,-5007,-4876,-4768,311,287,327,-394,-10,87,23,27,55,-450,-108,13,312,288,332,598,108,88,43,8,10,49,53,6,218,42,52,246,265,34,85,84,80,221,185,81
Donkalnis6,5095,3700,-4619,3803,4825,5077,5167,5131,5129,3280,3740,3794,3730,3764,3760,-5000,-4869,-4761,-5000,-4869,-4761,-1291,-269,-17,72,36,34,-420,39,93,29,63,59,1358,272,95,77,73,68,183,122,7,4,4,4,918,611,35,23,23,21,251,278,349,67,29,29
ANI159-ANI181,5761,2406,-4621,4991,5255,5477,4401,4439,4579,2584,2566,2504,2784,2620,2638,-5002,-4871,-4763,-5002,-4871,-4763,-769,-505,-283,-1359,-1321,-1181,178,160,98,378,214,232,789,529,299,1410,1338,1203,92,61,42,17,5,70,460,305,210,87,29,353,283,287,289,285,279,281
I0634,5089,2471,-4598,4351,4701,4997,4701,4705,5053,2940,2776,2534,2824,2810,2544,-4979,-4848,-4740,-4979,-4848,-4740,-738,-388,-92,-388,-384,-36,469,305,63,353,339,73,874,493,111,524,512,81,12,78,60,76,86,45,61,394,300,381,432,226,302,308,304,312,311,333
I0433,6778,3916,-4596,6619,6653,6693,6375,6417,6599,3648,3862,3874,3338,3380,3824,-4977,-4846,-4738,-4977,-4846,-4738,-158,-124,-84,-402,-360,-178,-268,-54,-42,-578,-536,-92,311,136,94,704,646,201,71,4,2,29,30,30,357,21,14,146,152,153,210,246,243,214,213,242
I2352,4920,2697,-4574,4607,4607,4763,4353,4549,4625,2856,2844,2768,2684,2640,2654,-4955,-4824,-4716,-4955,-4824,-4716,-312,-312,-156,-566,-370,-294,159,147,71,-12,-56,-42,351,345,172,567,375,298,58,58,56,38,38,32,293,291,283,193,194,160,296,295,294,268,261,261
I1899,4920,2697,-4534,4773,4785,4799,5135,5149,5167,2796,2746,2730,2584,2552,2532,-4915,-4784,-4676,-4915,-4784,-4676,-146,-134,-120,215,229,247,99,49,33,-112,-144,-164,177,143,125,242,271,297,54,52,53,8,13,13,274,261,269,42,67,67,303,289,285,117,122,123
I1901,4920,2697,-4622,4581,4755,4979,5169,5101,5031,2796,2758,2728,2582,2626,2684,-5003,-4872,-4764,-5003,-4872,-4764,-338,-164,59,249,181,111,99,61,31,-114,-70,-12,353,175,66,274,194,111,60,59,24,37,27,21,304,296,122,186,138,109,286,290,62,114,111,96
I1903,4991,2605,-4627,4503,4637,4795,4867,4853,4865,2824,2748,2708,2770,2748,2730,-5008,-4877,-4769,-5008,-4877,-4769,-487,-353,-195,-123,-137,-125,219,143,103,165,143,125,534,381,221,206,198,177,68,76,68,60,59,59,340,382,341,304,298,295,294,292,297,323,316,314
I1906,4968,2748,-4596,4603,4721,4843,4273,4461,4549,2782,2730,2704,2872,2804,2796,-4977,-4846,-4738,-4977,-4846,-4738,-364,-246,-124,-694,-506,-418,34,-17,-43,124,56,48,366,247,132,705,510,421,66,63,52,5,54,62,333,315,264,29,273,310,275,265,250,280,276,276
I1902_published,4925,2688,-4593,4421,4615,4787,5013,5029,5001,2896,2784,2718,2538,2530,2552,-4974,-4843,-4735,-4974,-4843,-4735,-503,-309,-137,88,104,76,207,95,29,-150,-158,-136,544,324,140,174,189,156,40,56,53,29,12,25,203,280,265,146,62,127,292,287,282,149,146,150
OBN011,4134,2819,-4597,4853,5013,4605,4153,4233,4239,2812,2824,2860,2738,2712,2748,-4978,-4847,-4739,-4978,-4847,-4739,719,879,471,19,99,105,-6,5,41,-80,-106,-70,719,879,473,83,145,126,90,50,73,10,6,5,450,254,367,51,31,29,90,89,85,166,137,123
OBN003,4134,2819,-4598,3827,4309,4737,3483,3541,3979,2856,3128,3338,2678,2706,2932,-4979,-4848,-4740,-4979,-4848,-4740,-306,175,603,-650,-592,-154,37,309,519,-140,-112,113,308,355,795,665,603,191,47,33,15,71,56,51,236,166,76,357,281,256,276,29,49,257,259,306
OBN008,4134,2819,-4595,3901,4081,4071,3901,4117,4135,2550,2364,2410,2696,2530,2526,-4976,-4845,-4737,-4976,-4845,-4737,-232,-52,-62,-232,-16,1,-268,-454,-408,-122,-288,-292,355,457,413,263,289,292,29,8,9,6,5,3,145,41,46,31,26,18,220,186,188,242,183,179
I1661,7688,2127,-4589,7617,7687,7691,7671,7691,7691,2264,2152,2124,2194,2144,2124,-4970,-4839,-4731,-4970,-4839,-4731,-71,-1,2,-17,2,2,136,24,-3,66,16,-3,154,24,4,69,17,4,23,4,2,7,3,2,115,21,10,38,15,10,332,357,137,345,9,137
ANI160,5761,2406,-4566,5333,5591,5653,5221,5605,5699,2430,2390,2374,2774,2458,2394,-4947,-4816,-4708,-4947,-4816,-4708,-427,-169,-107,-539,-155,-61,24,-15,-31,368,52,-11,427,169,111,652,163,62,81,11,6,89,55,3,405,55,31,446,275,16,273,264,253,304,288,259
OBN004,4134,2819,-4582,4135,4185,4239,4149,4137,4141,2830,2852,2888,2760,2788,2814,-4963,-4832,-4724,-4963,-4832,-4724,1,51,105,15,3,7,11,33,69,-58,-30,-4,11,61,125,60,31,8,5,7,6,4,4,2,25,37,32,24,21,12,6,57,56,165,173,123
FLR004,3567,2950,-4567,4057,4055,4065,3517,3865,3811,2796,2812,2828,2436,2756,2852,-4948,-4817,-4709,-4948,-4817,-4709,490,488,498,-49,298,244,-154,-138,-122,-514,-194,-98,514,507,513,516,356,263,5,8,7,36,41,7,29,40,35,182,208,39,107,105,103,185,123,111
I3708,5432,1597,-4525,5201,5227,5219,5089,5177,5351,2296,2160,2124,2000,1912,1742,-4906,-4775,-4667,-4906,-4775,-4667,-230,-204,-212,-342,-254,-80,698,562,526,402,314,144,736,599,568,529,405,165,103,96,112,98,93,67,518,484,563,490,468,338,341,340,338,319,321,330
Es97-1.SG,3739,3122,-4544,3989,4075,4245,3653,3705,3701,2584,2550,2658,2590,2726,2736,-4925,-4794,-4686,-4925,-4794,-4686,250,336,506,-85,-33,-37,-537,-571,-463,-531,-395,-385,593,663,686,538,397,387,48,59,61,58,50,56,244,295,308,290,250,282,155,149,132,189,184,185
kol2BE.SG,4693,3003,-4553,4755,5047,5011,4303,4771,4823,2676,2616,2660,2786,2694,2706,-4934,-4803,-4695,-4934,-4803,-4695,62,354,318,-389,78,130,-327,-387,-343,-217,-309,-297,333,525,468,446,319,324,17,12,15,10,9,10,85,61,77,51,48,52,169,137,137,240,165,156
I1131,5089,2471,-4525,4351,4629,5001,4443,4445,4881,2982,2860,2610,2810,2752,2410,-4906,-4775,-4667,-4906,-4775,-4667,-738,-460,-88,-646,-644,-208,511,389,139,339,281,-60,897,602,164,729,702,216,25,78,33,90,94,69,128,390,165,451,470,346,304,310,327,297,293,253
I2425,5677,2369,-4513,5063,5093,5033,4937,5393,5601,2646,2710,2748,2818,2472,2356,-4894,-4763,-4655,-4894,-4763,-4655,-614,-584,-644,-740,-284,-76,277,341,379,449,103,-12,673,676,747,865,302,77,43,17,70,73,90,7,216,89,352,369,452,36,294,300,300,301,289,260
I2056,6648,2850,-4514,7479,7717,7691,7031,6933,6891,2300,2174,2196,2510,2536,2562,-4895,-4764,-4656,-4895,-4764,-4656,831,1069,1043,383,285,243,-549,-675,-653,-339,-313,-287,997,1265,1231,512,424,377,79,7,7,5,6,3,398,35,39,28,32,19,123,122,122,131,137,139
I2181_published,5695,2373,-4514,6245,6199,6219,6145,6109,6043,2578,2692,2742,2672,2736,2786,-4895,-4764,-4656,-4895,-4764,-4656,550,504,524,450,414,348,205,319,369,299,363,413,587,597,641,541,551,540,6,7,10,16,9,10,34,35,51,82,47,51,69,57,54,56,48,40
GRG003,3840,2782,-4479,3851,3857,3877,3811,3635,3755,2646,2676,2718,2526,2572,2700,-4860,-4729,-4621,-4860,-4729,-4621,11,17,37,-28,-204,-84,-136,-106,-64,-256,-210,-82,136,107,74,257,293,118,52,49,39,78,68,55,263,245,199,391,341,275,175,170,149,186,224,225
GRG008,3840,2782,-4410,3913,3917,3965,4043,4001,3933,2678,2704,2764,2744,2774,2826,-4791,-4660,-4552,-4791,-4660,-4552,73,77,125,203,161,93,-104,-78,-18,-38,-8,43,127,109,126,206,161,103,40,35,11,67,62,39,201,177,55,339,314,198,144,135,98,100,92,64
GRG015,3840,2782,-4510,3791,3797,3855,3675,3653,3679,2502,2618,2718,2344,2452,2536,-4891,-4760,-4652,-4891,-4760,-4652,-48,-42,15,-164,-186,-160,-280,-164,-64,-438,-330,-246,284,169,65,468,379,293,50,46,33,39,38,34,252,234,165,199,193,171,189,194,166,200,209,213
GRG019,3840,2782,-4509,3863,3885,3901,3721,3747,3729,2624,2678,2716,2332,2404,2454,-4890,-4759,-4651,-4890,-4759,-4651,23,45,61,-118,-92,-110,-158,-104,-66,-450,-378,-328,159,113,90,465,389,346,49,43,39,29,26,25,245,218,196,145,131,128,171,156,137,194,193,198
GRG021,3840,2782,-4540,3883,3849,3821,3889,3799,3833,2670,2660,2688,2492,2546,2596,-4921,-4790,-4682,-4921,-4790,-4682,43,9,-18,49,-40,-6,-112,-122,-94,-290,-236,-186,120,122,96,294,239,186,50,50,53,54,52,50,252,252,265,272,260,254,158,175,191,170,189,182
GRG022,3840,2782,-4541,3823,3805,3813,3797,3849,3763,2526,2580,2644,2324,2372,2458,-4922,-4791,-4683,-4922,-4791,-4683,-16,-34,-26,-42,9,-76,-256,-202,-138,-458,-410,-324,256,205,140,460,410,333,48,46,48,22,13,41,243,230,242,113,69,208,183,189,190,185,178,193
GRG023,3840,2782,-4526,3793,3789,3771,3525,3561,3631,2392,2516,2612,2446,2572,2714,-4907,-4776,-4668,-4907,-4776,-4668,-46,-50,-68,-314,-278,-208,-390,-266,-170,-336,-210,-68,392,270,183,460,349,219,38,37,34,65,67,44,191,185,173,327,337,221,186,190,201,223,232,251
GRG025,3840,2782,-4459,3867,3809,3853,3677,3761,3783,2688,2712,2768,2552,2666,2714,-4840,-4709,-4601,-4840,-4709,-4601,27,-30,13,-162,-78,-56,-94,-70,-14,-230,-116,-68,98,76,19,281,140,88,48,50,37,75,58,49,243,251,186,378,290,247,163,203,136,215,214,219
GRG035,3840,2782,-4442,3889,3811,3797,4099,4097,4063,2620,2630,2684,2640,2666,2686,-4823,-4692,-4584,-4823,-4692,-4584,49,-28,-42,259,257,223,-162,-152,-98,-142,-116,-96,169,154,107,295,282,243,45,47,45,59,65,65,226,237,226,298,325,327,163,190,203,118,114,113
GRG041,3840,2782,-4378,3885,3821,3785,3735,3715,3691,2722,2698,2738,2348,2420,2494,-4759,-4628,-4520,-4759,-4628,-4520,45,-18,-54,-104,-124,-148,-60,-84,-44,-434,-362,-288,75,86,70,446,383,324,42,41,36,23,22,19,212,209,182,118,112,95,143,192,231,193,198,207
GRG043,3840,2782,-4469,3839,3789,3793,3723,3663,3669,2668,2702,2738,2682,2642,2552,-4850,-4719,-4611,-4850,-4719,-4611,0,-50,-46,-116,-176,-170,-114,-80,-44,-100,-140,-230,114,94,64,153,225,286,48,47,41,61,78,96,244,238,205,305,391,482,180,212,226,229,231,216
GRG047,3840,2782,-4557,3757,3801,3799,3495,3527,3597,2508,2600,2666,2352,2448,2532,-4938,-4807,-4699,-4938,-4807,-4699,-82,-38,-40,-344,-312,-242,-274,-182,-116,-430,-334,-250,286,186,123,551,457,348,55,47,47,51,54,51,278,237,239,256,270,256,196,191,199,218,223,224
GRG050,3840,2782,-4524,3779,3817,3893,3761,3833,3861,2526,2628,2690,2506,2590,2650,-4905,-4774,-4666,-4905,-4774,-4666,-60,-22,53,-78,-6,21,-256,-154,-92,-276,-192,-132,263,155,106,287,192,133,51,43,29,54,46,34,259,215,148,270,233,174,193,188,149,195,181,170
GRG052,3840,2782,-4546,3713,3769,3819,3553,3543,3541,2448,2574,2684,2360,2418,2466,-4927,-4796,-4688,-4927,-4796,-4688,-126,-70,-20,-286,-296,-298,-334,-208,-98,-422,-364,-316,357,219,100,510,469,434,55,50,41,51,50,52,278,253,207,257,251,263,200,198,191,214,219,223
GRG056,3840,2782,-4551,3805,3837,3845,3561,3643,3675,2594,2648,2712,2430,2564,2646,-4932,-4801,-4693,-4932,-4801,-4693,-34,-2,5,-278,-196,-164,-188,-134,-70,-352,-218,-136,191,134,70,449,293,213,54,48,42,66,62,57,274,244,210,333,314,289,190,181,175,218,222,230
I2430,5695,2373,-4496,5123,5071,5135,5113,5211,5489,2664,2746,2702,2692,2602,2394,-4877,-4746,-4638,-4877,-4746,-4638,-571,-623,-559,-581,-483,-205,291,373,329,319,229,21,641,726,649,663,535,206,17,28,85,7,30,25,88,143,428,38,151,126,297,300,300,298,295,275
I7197,4633,3002,-4495,4333,4713,5011,4543,4647,5135,2962,2818,2616,2926,2868,2542,-4876,-4745,-4637,-4876,-4745,-4637,-299,80,378,-89,14,502,-39,-183,-385,-75,-133,-459,302,200,540,117,134,681,9,31,7,27,40,6,45,155,36,136,203,33,262,156,135,229,173,132
FLR014,3567,2950,-4481,4053,4027,3947,3941,3871,3829,2812,2840,2856,2890,2914,2922,-4862,-4731,-4623,-4862,-4731,-4623,486,460,380,374,304,262,-138,-110,-94,-60,-36,-28,506,473,392,379,306,264,7,7,10,7,5,5,36,39,52,35,26,26,105,103,103,99,96,96
CHA004.A0102,3483,2179,-4477,3999,4035,4047,4147,4141,4139,2728,2722,2732,2570,2608,2622,-4858,-4727,-4619,-4858,-4727,-4619,516,552,564,664,658,656,548,542,552,390,428,442,753,774,789,770,785,791,4,4,4,2,2,1,21,21,20,14,13,6,43,45,45,59,56,55
FLR001,3567,2950,-4464,4017,4019,4001,3761,3831,3835,2782,2798,2810,2532,2664,2656,-4845,-4714,-4606,-4845,-4714,-4606,450,452,434,194,264,268,-168,-152,-140,-418,-286,-294,481,477,456,461,389,398,7,5,4,24,5,5,36,28,23,122,28,29,110,108,107,155,137,137
GRG016,3840,2782,-4460,3967,3927,3893,3937,3881,3853,2750,2776,2762,2806,2834,2840,-4841,-4710,-4602,-4841,-4710,-4602,127,87,53,97,41,13,-32,-6,-20,23,51,57,131,87,57,100,66,59,15,5,4,7,4,4,78,29,23,37,21,23,104,94,110,76,38,12
I0781,5494,2236,-4453,4823,5067,5101,5125,5239,5373,2706,2526,2494,2590,2492,2382,-4834,-4703,-4595,-4834,-4703,-4595,-670,-426,-392,-368,-254,-120,469,289,257,353,255,145,818,515,469,510,360,189,75,24,26,35,14,14,376,124,131,175,70,73,305,304,303,313,315,320
OBN009,4134,2819,-4441,4199,4247,4651,4241,4271,4555,2912,2964,2852,2908,2958,2880,-4822,-4691,-4583,-4822,-4691,-4583,65,113,517,107,137,421,93,145,33,89,139,61,113,184,518,139,195,425,8,8,71,5,6,62,41,41,356,29,34,313,35,37,86,50,44,81
I0166,4393,3198,-4457,4301,4355,4723,4355,4585,5065,2904,2942,2854,2998,2890,2568,-4838,-4707,-4599,-4838,-4707,-4599,-91,-37,330,-37,192,672,-294,-256,-344,-200,-308,-630,308,259,477,203,363,921,27,28,58,32,94,100,136,142,290,160,470,502,197,188,136,190,147,133
I2423,5695,2373,-4441,5007,4999,4979,5079,5127,5341,2666,2668,2674,2662,2622,2460,-4822,-4691,-4583,-4822,-4691,-4583,-687,-695,-715,-615,-567,-353,293,295,301,289,249,87,747,755,776,680,619,363,6,4,8,7,8,39,34,21,44,39,44,199,293,293,292,295,293,283
OBN007,4134,2819,-4422,4713,4537,4951,4143,4109,4309,2830,2920,2768,2870,2910,2840,-4803,-4672,-4564,-4803,-4672,-4564,579,403,817,9,-24,175,11,101,-50,51,91,21,579,415,818,51,94,176,73,55,39,3,4,54,366,276,199,18,21,270,88,75,93,10,344,83
FLR003,3567,2950,-4440,3985,3949,3931,3879,3799,3735,2770,2780,2770,2870,2904,2938,-4821,-4690,-4582,-4821,-4690,-4582,418,382,364,312,232,168,-180,-170,-180,-80,-46,-12,455,418,406,322,237,169,9,4,3,8,8,8,45,24,19,41,42,41,113,113,116,104,101,94
I4894,4639,3010,-4423,4493,4609,4993,4207,4343,4679,2886,2882,2724,2840,2832,2776,-4804,-4673,-4565,-4804,-4673,-4565,-145,-29,354,-431,-295,40,-124,-128,-286,-170,-178,-234,191,131,455,463,345,237,14,20,16,4,12,17,72,102,81,23,60,87,229,193,128,248,238,170
I1495,5064,2722,-4418,4421,4335,4461,5047,5057,5085,2856,2910,2918,2716,2710,2716,-4799,-4668,-4560,-4799,-4668,-4560,-642,-728,-602,-16,-6,21,134,188,196,-5,-11,-5,656,752,633,17,13,21,58,9,34,4,5,5,294,46,170,20,28,27,281,284,288,251,210,104
TU877_SX11,4111,2659,-4402,4023,4039,4025,4083,4081,4069,2616,2636,2622,2576,2596,2606,-4783,-4652,-4544,-4783,-4652,-4544,-87,-71,-85,-27,-29,-41,-42,-22,-36,-82,-62,-52,97,75,93,87,69,67,6,2,5,3,4,3,32,11,28,17,21,19,244,252,246,198,205,218
FLR013,3567,2950,-4406,4003,3991,3965,4023,4031,4031,2792,2804,2804,2706,2716,2730,-4787,-4656,-4548,-4787,-4656,-4548,436,424,398,456,464,464,-158,-146,-146,-244,-234,-220,464,449,424,517,520,514,8,4,5,6,3,4,40,23,28,34,19,23,109,108,110,118,116,115
I0785,5494,2236,-4405,5037,5155,5219,4579,5191,5317,2426,2300,2240,2892,2384,2248,-4786,-4655,-4547,-4786,-4655,-4547,-456,-338,-274,-914,-302,-176,189,63,3,655,147,11,494,344,274,1125,336,176,72,12,6,80,14,10,363,61,31,403,72,51,292,280,270,305,296,273
Klei10.SG,5327,2005,-4406,5195,5265,5323,5029,5213,5261,2062,2116,2064,2066,2006,1970,-4787,-4656,-4548,-4787,-4656,-4548,-131,-61,-3,-297,-113,-65,57,111,59,61,1,-34,143,127,59,303,113,74,28,10,6,83,7,6,140,50,33,417,38,30,293,331,356,281,270,242
Pal7.SG,5351,1932,-4390,5235,5313,5375,4697,4971,5015,2180,2166,2116,2798,2590,2546,-4771,-4640,-4532,-4771,-4640,-4532,-115,-37,24,-653,-379,-335,247,233,183,865,657,613,273,236,185,1084,759,699,12,9,5,57,21,22,62,47,27,286,108,111,335,350,7,322,330,331
FLR010,3567,2950,-4392,4031,3935,3823,3947,3899,3869,2836,2854,2840,2900,2906,2912,-4773,-4642,-4534,-4773,-4642,-4534,464,368,256,380,332,302,-114,-96,-110,-50,-44,-38,478,381,279,384,335,305,8,10,10,6,4,4,41,51,51,31,24,24,103,104,113,97,97,97
I4893,4639,3010,-4391,4429,4867,5001,4345,4775,4855,2920,2750,2710,2856,2620,2588,-4772,-4641,-4533,-4772,-4641,-4533,-209,228,362,-293,136,216,-90,-260,-300,-154,-390,-422,228,346,470,331,413,474,15,19,9,14,26,21,77,97,47,72,132,107,246,138,129,242,160,152
TU875_SX9,4111,2659,-4399,4109,4121,4105,4147,4147,4143,2684,2718,2722,2712,2742,2770,-4780,-4649,-4541,-4780,-4649,-4541,-1,10,-5,36,36,32,25,59,63,53,83,111,25,60,63,64,90,115,4,0,2,3,4,2,23,1,14,15,22,13,355,9,354,34,23,16
I2427,5677,2369,-4364,5041,5059,5433,5139,5219,5411,2578,2570,2338,2528,2462,2318,-4745,-4614,-4506,-4745,-4614,-4506,-636,-618,-244,-538,-458,-266,209,201,-30,159,93,-50,669,650,245,561,467,270,23,28,30,6,13,10,115,143,153,31,68,50,288,288,262,286,281,259
FLR007,3567,2950,-4375,3963,3901,3871,3873,3847,3817,2792,2784,2774,2452,2520,2530,-4756,-4625,-4517,-4756,-4625,-4517,396,334,304,306,280,250,-158,-166,-176,-498,-430,-420,427,373,352,585,513,489,7,5,5,12,7,5,37,29,28,63,38,29,111,116,120,148,146,149
FLR005,3567,2950,-4344,3997,3849,3759,3863,3791,3745,2846,2840,2842,2894,2900,2904,-4725,-4594,-4486,-4725,-4594,-4486,430,282,192,296,224,178,-104,-110,-108,-56,-50,-46,443,303,221,302,230,184,11,10,7,7,6,5,55,52,38,35,30,25,103,111,119,100,102,104
Pir4.SG,3769,2263,-4348,4089,4093,4065,3699,3775,3843,2720,2738,2736,2604,2390,2232,-4729,-4598,-4490,-4729,-4598,-4490,320,324,296,-69,6,74,457,475,473,341,127,-30,558,575,558,348,127,80,5,4,6,30,45,32,27,22,34,150,228,162,34,34,32,348,2,112
I2424,5695,2373,-4338,5159,5493,5587,5475,5701,5695,2578,2388,2318,2408,2348,2366,-4719,-4588,-4480,-4719,-4588,-4480,-535,-201,-107,-219,6,0,205,15,-54,35,-24,-6,573,201,120,222,25,6,51,53,2,90,5,2,259,267,12,453,25,14,291,274,243,279,164,173
BER001.SG,6049,4075,-4331,6243,6293,6197,5931,6005,6057,3460,3572,3846,3758,3822,3964,-4712,-4581,-4473,-4712,-4581,-4473,194,244,148,-117,-43,8,-615,-503,-229,-317,-253,-111,645,559,273,338,256,111,25,51,66,25,50,40,129,258,331,127,252,203,162,154,147,200,189,175
LON003,4255,1864,-4327,3995,3965,3917,3727,3661,3651,2808,2812,2796,2660,2728,2682,-4708,-4577,-4469,-4708,-4577,-4469,-259,-289,-337,-527,-593,-603,944,948,932,796,864,818,979,991,991,954,1048,1016,4,3,5,21,7,42,21,17,27,109,38,212,344,343,340,326,325,323
I2793_published,5106,2730,-4335,4255,4355,4737,5191,5243,5249,2894,2920,2926,2624,2598,2602,-4716,-4585,-4477,-4716,-4585,-4477,-851,-751,-369,84,136,142,163,189,195,-106,-132,-128,866,774,417,135,190,191,8,29,52,9,8,6,40,146,262,47,42,31,280,284,297,141,133,131
Spiginas1,5096,3696,-4296,5117,5075,5083,5145,5139,5141,3796,3762,3744,3762,3754,3748,-4677,-4546,-4438,-4677,-4546,-4438,21,-20,-12,49,43,45,100,66,48,66,58,52,102,69,49,82,72,69,6,70,79,5,4,9,32,351,396,26,24,49,12,342,345,36,36,41
N22.SG,4922,3314,-4306,5137,5193,5195,5125,5137,5139,3792,3750,3736,3754,3736,3726,-4687,-4556,-4448,-4687,-4556,-4448,215,271,273,203,215,217,477,435,421,439,421,411,524,513,502,484,473,465,5,14,15,6,9,14,29,71,78,32,46,70,24,31,32,24,27,27
N25.SG,4915,3313,-4265,4975,4969,4953,4269,4399,4463,2822,2856,2932,2808,2842,2866,-4646,-4515,-4407,-4646,-4515,-4407,60,54,38,-645,-515,-451,-491,-457,-381,-505,-471,-447,495,460,383,819,698,635,41,40,30,20,33,35,207,202,153,100,165,179,172,173,174,231,227,225
N27.SG,4915,3313,-4260,4925,4775,4793,4917,4981,5025,2916,2994,3024,2900,2908,2928,-4641,-4510,-4402,-4641,-4510,-4402,10,-139,-121,2,66,110,-397,-319,-289,-413,-405,-385,397,348,313,413,410,400,44,30,25,29,16,14,223,150,128,145,82,74,178,203,202,179,170,164
N36.SG,5121,3124,-4288,4885,4787,4823,5021,4975,4919,2972,3016,2992,2892,2928,2926,-4669,-4538,-4430,-4669,-4538,-4430,-235,-333,-297,-99,-145,-201,-151,-107,-131,-231,-195,-197,280,350,325,252,244,282,30,27,33,27,32,46,150,137,168,138,162,232,237,252,246,203,216,225
BUCH2.SG,3883,2808,-4284,3907,3877,3795,3957,3955,3939,2772,2746,2776,2794,2806,2822,-4665,-4534,-4426,-4665,-4534,-4426,23,-6,-88,73,71,55,-36,-62,-32,-14,-2,13,43,62,93,75,71,57,4,5,21,5,4,4,20,25,105,25,24,23,146,185,249,100,91,76
CRE20D.SG,3762,2258,-4297,4085,4055,4001,3833,3831,3805,2772,2796,2786,2662,2646,2638,-4678,-4547,-4439,-4678,-4547,-4439,323,293,239,71,69,43,513,537,527,403,387,379,607,612,579,410,394,382,4,5,7,6,4,6,20,29,38,30,24,31,32,28,24,10,10,6
VJ1001,6886,2907,-4274,6799,6787,6801,6809,6805,6847,2978,2986,2972,3022,3012,2988,-4655,-4524,-4416,-4655,-4524,-4416,-86,-98,-84,-76,-80,-38,71,79,65,115,105,81,112,126,106,138,132,90,5,5,3,5,6,7,28,25,18,27,34,35,309,308,307,326,322,334
I2394,4920,2697,-4288,4571,5001,5011,4689,4855,4849,2886,2706,2746,2218,2562,2546,-4669,-4538,-4430,-4669,-4538,-4430,-348,81,91,-230,-64,-70,189,9,49,-478,-134,-150,396,81,103,531,149,166,53,7,7,88,13,14,265,36,36,442,67,71,298,83,61,205,205,205
PRI001,3513,2616,-4286,4047,4029,3989,3731,3739,3731,2742,2740,2726,2714,2630,2500,-4667,-4536,-4428,-4667,-4536,-4428,534,516,476,218,226,218,125,123,109,97,13,-116,549,531,488,239,226,247,3,4,3,5,14,11,16,23,19,29,70,57,76,76,77,65,86,117
I4088,5246,2814,-4253,4829,4659,4763,5281,5143,5145,2928,2978,2930,2664,2692,2784,-4634,-4503,-4395,-4634,-4503,-4395,-416,-586,-482,35,-102,-100,113,163,115,-150,-122,-30,431,608,495,154,159,104,50,19,25,38,38,52,250,99,125,194,193,260,285,285,283,166,219,253
I2353,5111,2761,-4239,4679,4837,4907,4631,4807,4977,2872,2850,2800,2840,2768,2694,-4620,-4489,-4381,-4620,-4489,-4381,-431,-273,-203,-479,-303,-133,111,89,39,79,7,-66,445,287,207,485,303,149,72,62,50,66,61,40,360,310,254,331,306,202,284,288,280,279,271,243
I2354,5111,2761,-4206,4867,4857,4953,4771,4895,5065,2860,2832,2808,2856,2840,2794,-4587,-4456,-4348,-4587,-4456,-4348,-243,-253,-157,-339,-215,-45,99,71,47,95,79,33,262,263,164,352,229,56,48,46,43,68,65,44,241,231,215,341,329,224,292,285,286,285,290,306
I2395,5111,2761,-4296,4879,4715,4783,4927,4963,5007,2846,2896,2888,2878,2888,2886,-4677,-4546,-4438,-4677,-4546,-4438,-231,-395,-327,-183,-147,-103,85,135,127,117,127,125,246,417,351,217,194,162,56,50,52,18,12,12,283,250,264,90,64,60,290,288,291,302,310,320
I1907_published,4873,2752,-4237,4275,4473,4835,4099,4367,4725,2902,2916,2944,2862,2870,2768,-4618,-4487,-4379,-4618,-4487,-4379,-597,-399,-37,-773,-505,-147,150,164,192,110,118,16,616,432,195,781,519,148,23,39,31,25,62,36,115,199,156,127,311,184,284,292,348,278,283,276
N26.SG,5121,3124,-4236,4947,4831,4893,4839,4821,4843,2798,2860,2834,2788,2810,2818,-4617,-4486,-4378,-4617,-4486,-4378,-173,-289,-227,-281,-299,-277,-325,-263,-289,-335,-313,-305,369,392,368,438,434,413,16,19,10,16,15,15,82,95,54,83,75,79,208,227,218,220,223,222
I4437,5250,3785,-4216,5333,5361,5383,5227,5223,5221,3906,3834,3708,3806,3770,3744,-4597,-4466,-4358,-4597,-4466,-4358,82,110,132,-23,-27,-29,121,49,-76,21,-14,-40,147,121,153,31,30,49,27,26,38,4,4,4,137,131,194,20,24,24,34,65,119,312,241,215
I1634,7232,2543,-4202,6751,7097,7303,7441,7367,7305,2692,2560,2478,2518,2526,2536,-4583,-4452,-4344,-4583,-4452,-4344,-480,-134,71,209,135,73,148,16,-65,-25,-17,-7,503,135,96,210,136,73,25,47,28,7,8,6,129,237,144,39,43,30,287,277,132,96,97,95
Donkalnis1,5218,3724,-4212,5127,5165,5175,5425,5385,5345,3466,3506,3550,3466,3524,3592,-4593,-4462,-4354,-4593,-4462,-4354,-90,-52,-42,207,167,127,-257,-217,-173,-257,-199,-131,273,223,178,330,260,182,177,149,151,49,38,31,886,747,757,248,190,155,199,193,193,141,140,136
Kretuonas2,5335,3686,-4025,5409,5445,5415,5401,5393,5407,3760,3718,3678,3662,3670,3674,-4406,-4275,-4167,-4406,-4275,-4167,74,110,80,66,58,72,73,31,-8,-24,-16,-12,105,115,81,71,60,73,59,57,19,18,16,16,296,285,97,93,82,81,45,73,95,109,105,99
Kretuonas4,5335,3686,-3986,5465,5515,5479,5419,5425,5445,3728,3696,3650,3688,3686,3676,-4367,-4236,-4128,-4367,-4236,-4128,130,180,144,84,90,110,41,9,-36,1,0,-10,137,181,149,84,90,111,58,52,26,23,19,15,294,264,133,115,96,75,72,86,104,88,90,95
I11929,5152,2810,-4178,4607,4791,4927,5019,5449,5495,2926,2912,2856,2692,2506,2526,-4559,-4428,-4320,-4559,-4428,-4320,-544,-360,-224,-132,297,343,115,101,45,-118,-304,-284,556,374,229,177,425,445,44,33,34,19,14,22,220,167,170,98,73,110,281,285,281,228,135,129
I11933,5152,2810,-4209,4843,5021,5017,4481,4725,4793,2838,2802,2788,2860,2872,2858,-4590,-4459,-4351,-4590,-4459,-4351,-308,-130,-134,-670,-426,-358,27,-8,-22,49,61,47,309,130,136,672,430,361,61,16,15,48,17,13,309,83,76,243,89,69,275,266,260,274,278,277
PRI005,3513,2616,-4211,4503,4753,4779,4035,3725,3179,2890,3102,3132,2464,2354,2112,-4592,-4461,-4353,-4592,-4461,-4353,990,1240,1266,522,212,-333,273,485,515,-152,-262,-504,1027,1332,1367,544,337,604,67,45,28,20,28,40,338,225,144,102,143,202,74,68,67,106,140,213
PRI006,3513,2616,-4202,3949,3875,3691,3903,3763,3305,2614,2608,2800,2364,2350,2204,-4583,-4452,-4344,-4583,-4452,-4344,436,362,178,390,250,-207,-2,-8,183,-252,-266,-412,436,362,256,464,365,461,3,5,7,4,35,71,18,29,37,21,178,355,90,91,44,122,136,206
VLI004,4637,3037,-4160,4371,4753,4875,4481,4853,4935,2918,2956,2950,2932,2930,2912,-4541,-4410,-4302,-4541,-4410,-4302,-265,116,238,-155,216,298,-119,-81,-87,-105,-107,-125,290,142,254,187,241,323,16,26,23,23,22,15,81,133,116,117,110,78,245,124,110,235,116,112
NOE002,4201,1953,-4182,3929,3837,3735,3701,3859,4085,2728,2764,2836,2972,2658,2214,-4563,-4432,-4324,-4563,-4432,-4324,-271,-363,-465,-499,-341,-115,775,811,883,1019,705,261,821,889,998,1135,783,285,3,26,30,8,106,100,17,134,153,44,530,500,340,335,332,333,334,336
N31.SG,4915,3313,-4190,4347,4481,4677,5123,5119,5173,2876,2938,2988,2840,2852,2860,-4571,-4440,-4332,-4571,-4440,-4332,-567,-433,-237,208,204,258,-437,-375,-325,-473,-461,-453,716,573,402,517,504,521,27,36,33,28,28,26,139,182,169,141,141,133,232,229,216,156,156,150
Kretuonas1,5335,3686,-4156,5255,5341,5333,5195,5205,5247,3698,3656,3652,3742,3728,3700,-4537,-4406,-4298,-4537,-4406,-4298,-79,6,-1,-139,-129,-87,11,-30,-34,55,41,13,80,30,34,149,135,88,13,20,30,6,6,11,67,103,150,30,34,57,278,167,182,291,287,279
BERG157-7.SG,3703,2265,-4157,4203,4435,4651,4823,4933,4907,2848,2930,3010,2936,2948,2890,-4538,-4407,-4299,-4538,-4407,-4299,499,731,947,1119,1229,1203,582,664,744,670,682,624,767,988,1205,1305,1406,1356,6,59,46,45,18,28,30,299,231,227,90,141,40,47,51,59,60,62
I4436,5250,3785,-4157,5893,5949,5843,5733,5907,5819,3800,3852,3854,3926,3878,3822,-4538,-4407,-4299,-4538,-4407,-4299,642,698,592,482,656,568,15,67,69,141,93,37,643,702,596,503,663,570,53,43,54,46,45,67,266,216,272,234,225,335,88,84,83,73,81,86
I7550,2866,1640,-4087,4025,4151,4011,4129,4261,4313,2736,2828,2892,2750,2778,2840,-4468,-4337,-4229,-4468,-4337,-4229,1159,1285,1145,1263,1395,1447,1095,1187,1251,1109,1137,1199,1595,1750,1696,1681,1800,1879,55,72,52,32,49,55,279,361,261,160,247,275,46,47,42,48,50,50
I8134,2866,1640,-4053,3727,3611,3517,3575,3433,3235,2790,2672,2624,2384,2188,2022,-4434,-4303,-4195,-4434,-4303,-4195,861,745,651,709,567,369,1149,1031,983,743,547,381,1436,1272,1179,1027,788,531,26,96,120,110,131,129,134,482,600,553,658,649,36,35,33,43,45,44
I1631,7232,2543,-4146,6641,6971,7181,7355,7325,7271,2764,2632,2550,2550,2540,2550,-4527,-4396,-4288,-4527,-4396,-4288,-590,-260,-50,123,93,39,220,88,6,6,-3,6,630,275,51,123,93,39,32,61,50,31,7,3,161,307,252,158,36,17,290,288,277,86,91,80
I10293,4918,2512,-4117,4995,4997,4955,4939,4977,4959,2822,2786,2704,2770,2758,2652,-4498,-4367,-4259,-4498,-4367,-4259,77,79,37,21,59,41,310,274,192,258,246,140,319,285,195,259,253,146,20,12,21,24,15,18,101,63,107,124,78,94,14,16,11,4,13,16
SID005,4205,1948,-4134,3785,3709,3659,4257,4241,4241,2784,2816,2828,1738,1818,1818,-4515,-4384,-4276,-4515,-4384,-4276,-419,-495,-545,52,36,36,836,868,880,-209,-129,-129,935,999,1035,216,134,134,6,11,7,24,0,0,30,59,39,121,0,0,333,330,328,165,164,164
NOE001,4201,1953,-4142,4079,4029,3997,3935,4083,4535,2760,2764,2780,3012,2898,2462,-4523,-4392,-4284,-4523,-4392,-4284,-121,-171,-203,-265,-117,334,807,811,827,1059,945,509,816,829,852,1092,952,609,3,8,11,6,34,51,17,41,58,33,171,258,351,348,346,345,352,33
GRG032,3840,2782,-4167,3911,3819,3757,3953,3941,3893,2750,2774,2822,2786,2800,2832,-4548,-4417,-4309,-4548,-4417,-4309,71,-20,-82,113,101,53,-32,-8,39,3,17,49,78,22,91,113,102,72,4,20,20,4,5,4,22,100,102,20,29,20,114,248,295,88,80,46
I7042,5002,2743,-4140,4483,4799,4907,4661,4827,4865,2934,2964,2928,2794,2750,2662,-4521,-4390,-4282,-4521,-4390,-4282,-518,-202,-94,-340,-174,-136,191,221,185,51,7,-80,552,299,207,344,174,158,30,19,13,44,15,8,150,99,66,221,79,41,290,317,332,278,272,239
I1909,4984,2580,-4143,4817,4913,5033,5295,5261,5187,2882,2844,2774,2530,2578,2614,-4524,-4393,-4285,-4524,-4393,-4285,-167,-71,48,310,276,202,302,264,194,-49,-1,34,345,273,200,314,276,205,27,18,13,18,11,9,137,92,67,92,58,49,331,344,14,99,90,80
PG2004,6909,2893,-4153,6775,6803,6851,6691,6719,6815,3032,3018,2990,3098,3066,3024,-4534,-4403,-4295,-4534,-4403,-4295,-133,-105,-57,-217,-189,-93,138,124,96,204,172,130,192,163,112,298,256,160,5,3,7,6,9,8,27,19,36,33,45,42,316,319,329,313,312,324
TUC007,4626,3011,-4119,4803,4805,4869,4583,4641,4717,3176,3160,3162,2958,3026,3084,-4500,-4369,-4261,-4500,-4369,-4261,177,179,243,-42,15,91,164,148,150,-53,14,72,242,233,286,68,21,116,10,14,15,20,17,16,54,72,76,102,86,80,47,50,58,218,46,51
I10052,4918,2512,-4137,4965,5005,5051,5145,5151,5133,2678,2628,2580,2662,2676,2670,-4518,-4387,-4279,-4518,-4387,-4279,47,87,133,227,233,215,166,116,68,150,164,158,172,145,149,272,285,267,15,14,10,4,4,7,76,71,52,22,21,38,15,37,62,56,54,53
NER001,4643,3027,-4137,4895,4915,4927,4929,4931,4935,3266,3262,3280,3284,3296,3304,-4518,-4387,-4279,-4518,-4387,-4279,252,272,284,286,288,292,239,235,253,257,269,277,347,360,381,385,394,403,9,9,6,11,6,4,46,46,33,56,33,23,46,49,48,48,46,46
I1632,7232,2543,-4145,7453,7401,7295,6741,7323,7311,2284,2368,2440,2408,2402,2420,-4526,-4395,-4287,-4526,-4395,-4287,221,169,63,-490,91,79,-259,-175,-103,-135,-141,-123,340,243,120,509,167,146,28,21,12,62,26,5,144,109,63,314,134,25,139,136,148,254,147,147
N28.SG,4915,3313,-4133,4613,4833,5015,4569,4819,4869,2924,2896,2854,2882,2834,2742,-4514,-4383,-4275,-4514,-4383,-4275,-301,-81,100,-345,-95,-45,-389,-417,-459,-431,-479,-571,492,425,470,552,488,573,15,15,17,26,9,20,75,77,87,131,46,104,217,191,167,218,191,184
I4627,5250,3785,-4142,5345,5413,5279,5165,5151,5135,3824,3680,3696,3746,3738,3746,-4523,-4392,-4284,-4523,-4392,-4284,94,162,28,-85,-99,-115,39,-104,-88,-38,-46,-38,102,193,93,93,109,121,28,29,18,5,4,8,140,145,91,25,21,42,67,122,161,245,244,251
BLP10.SG,3866,2939,-4105,4319,4505,4703,3667,3787,3903,2886,2958,3008,2956,2790,2570,-4486,-4355,-4247,-4486,-4355,-4247,453,639,837,-198,-78,37,-52,19,69,17,-148,-368,456,639,839,199,168,370,49,62,40,7,55,82,246,311,201,36,276,413,96,88,85,274,207,174
I4189,4993,2605,-4054,4761,4923,4929,4547,4685,4787,2912,2886,2794,2888,2912,2934,-4435,-4304,-4196,-4435,-4304,-4196,-231,-69,-63,-445,-307,-205,307,281,189,283,307,329,384,289,199,528,435,388,32,26,24,28,21,13,162,133,123,143,108,65,322,346,341,302,314,327
I1908,4874,2648,-4061,4829,4949,4923,4763,4811,4857,2894,2846,2742,2796,2778,2726,-4442,-4311,-4203,-4442,-4311,-4203,-44,75,49,-110,-62,-16,245,197,93,147,129,77,249,211,106,184,143,79,29,22,22,11,16,15,145,112,112,56,81,78,349,20,27,323,334,348
I10045,4918,2512,-4125,4989,4987,4969,4655,4859,4851,2656,2630,2584,2704,2600,2568,-4506,-4375,-4267,-4506,-4375,-4267,71,69,51,-262,-58,-66,144,118,72,192,88,56,160,137,88,325,105,86,8,10,13,70,10,9,41,51,66,354,53,45,26,30,35,306,326,310
I10047,4918,2512,-4086,4927,4977,4927,5051,5021,5003,2768,2696,2624,2640,2610,2564,-4467,-4336,-4228,-4467,-4336,-4228,9,59,9,133,103,85,256,184,112,128,98,52,256,193,112,185,142,100,33,20,17,7,10,10,168,100,87,36,51,50,2,17,4,46,46,58
I10048,4918,2512,-4108,4995,4995,4993,4925,4935,4935,2662,2618,2578,2608,2606,2596,-4489,-4358,-4250,-4489,-4358,-4250,77,77,75,7,17,17,150,106,66,96,94,84,169,131,100,96,95,86,7,8,7,6,5,5,36,43,37,33,25,28,27,36,48,4,10,11
I10049,4918,2512,-4087,4939,4969,4945,4739,4815,4827,2788,2704,2648,2714,2690,2682,-4468,-4337,-4229,-4468,-4337,-4229,21,51,27,-178,-102,-90,276,192,136,202,178,170,277,198,138,269,205,192,32,18,22,37,11,12,161,94,111,187,58,62,4,15,11,318,330,332
I10050,4918,2512,-4090,4879,4993,4981,4789,4979,5145,2842,2776,2686,2836,2808,2710,-4471,-4340,-4232,-4471,-4340,-4232,-38,75,63,-128,61,227,330,264,174,324,296,198,332,274,185,348,302,301,27,19,20,32,29,23,137,96,103,162,148,117,353,15,20,338,11,48
I10053,4918,2512,-4110,4975,4983,4963,5013,5013,4975,2738,2688,2630,2752,2712,2638,-4491,-4360,-4252,-4491,-4360,-4252,57,65,45,95,95,57,226,176,118,240,200,126,233,187,126,258,221,138,20,16,16,7,17,22,102,80,84,35,85,110,14,20,21,21,25,24
I10055,4918,2512,-4105,4991,4997,4997,4723,4817,4831,2658,2616,2580,2582,2560,2596,-4486,-4355,-4247,-4486,-4355,-4247,73,79,79,-194,-100,-86,146,104,68,70,48,84,163,131,104,206,111,120,6,8,8,58,9,11,32,43,40,291,46,59,26,37,49,289,295,314
I10056,4918,2512,-4118,4989,4973,4953,5103,5121,5097,2710,2648,2608,2726,2742,2702,-4499,-4368,-4260,-4499,-4368,-4260,71,55,35,185,203,179,198,136,96,214,230,190,210,147,102,283,307,261,19,14,13,6,5,19,99,72,67,32,26,98,19,22,20,40,41,43
I10057,4918,2512,-4082,4999,5007,4999,4881,4979,4965,2650,2600,2560,2698,2628,2594,-4463,-4332,-4224,-4463,-4332,-4224,81,89,81,-36,61,47,138,88,48,186,116,82,160,125,94,189,131,94,6,8,6,44,9,7,31,43,34,220,45,38,30,45,59,348,27,30
I10062,4918,2512,-4117,4891,4997,4971,4601,4789,4939,2840,2778,2720,2882,2882,2870,-4498,-4367,-4259,-4498,-4367,-4259,-26,79,53,-316,-128,21,328,266,208,370,370,358,329,277,214,486,391,358,31,23,24,17,11,9,159,116,122,85,55,46,355,16,14,319,340,3
I10063,4918,2512,-4076,5005,4993,4977,4823,4837,4863,2592,2556,2514,2658,2668,2682,-4457,-4326,-4218,-4457,-4326,-4218,87,75,59,-94,-80,-54,80,44,2,146,156,170,118,87,59,174,175,178,4,6,4,12,10,8,24,33,21,64,54,44,47,59,87,327,332,342
I10064,4918,2512,-4101,4991,4971,4939,4891,4889,4891,2690,2668,2610,2634,2624,2600,-4482,-4351,-4243,-4482,-4351,-4243,73,53,21,-26,-28,-26,178,156,98,122,112,88,192,165,100,125,115,92,14,17,11,6,7,6,74,85,56,32,37,31,22,18,12,347,345,343
I10065,4918,2512,-4115,4977,4987,4971,4961,4931,4907,2728,2686,2638,2682,2594,2518,-4496,-4365,-4257,-4496,-4365,-4257,59,69,53,43,13,-10,216,174,126,170,82,6,224,187,137,175,83,12,23,15,17,21,21,16,119,77,88,109,107,81,15,21,23,14,9,300
I10069,4918,2512,-4095,4991,5009,4987,5195,5173,5131,2756,2706,2644,2622,2636,2612,-4476,-4345,-4237,-4476,-4345,-4237,73,91,69,277,255,213,244,194,132,110,124,100,255,214,149,298,284,235,15,13,13,11,7,15,75,65,68,55,38,76,16,25,27,68,64,64
I10071,4918,2512,-4094,4741,4913,4953,4633,4797,4963,2904,2834,2788,2892,2894,2860,-4475,-4344,-4236,-4475,-4344,-4236,-176,-4,35,-284,-120,45,392,322,276,380,382,348,430,322,278,474,400,351,35,25,27,25,24,18,179,129,138,129,120,92,335,359,7,323,342,7
I10072,4918,2512,-4093,5001,4995,4995,5323,5287,5217,2610,2580,2536,2386,2412,2448,-4474,-4343,-4235,-4474,-4343,-4235,83,77,77,405,369,299,98,68,24,-125,-99,-63,128,103,81,424,382,306,5,6,4,16,21,22,29,32,24,82,108,111,40,48,72,107,105,102
I10271,4918,2512,-4098,4987,4971,4963,4885,4887,4887,2686,2650,2610,2556,2564,2576,-4479,-4348,-4240,-4479,-4348,-4240,69,53,45,-32,-30,-30,174,138,98,44,52,64,187,148,108,54,60,71,12,16,17,8,7,8,62,84,88,42,38,42,21,21,24,323,329,334
I10273,4918,2512,-4100,4983,4977,4957,5119,5123,5105,2636,2598,2554,2586,2568,2560,-4481,-4350,-4242,-4481,-4350,-4242,65,59,39,201,205,187,124,86,42,74,56,48,140,104,57,214,213,193,8,10,9,4,4,8,41,52,45,24,24,40,27,34,43,69,74,75
I10275,4918,2512,-4130,5019,5019,5009,4277,4247,4249,2604,2558,2514,1768,1824,1826,-4511,-4380,-4272,-4511,-4380,-4272,101,101,91,-640,-670,-668,92,46,2,-743,-687,-685,137,111,91,981,960,957,5,5,5,34,4,5,25,26,26,173,23,26,47,65,88,220,224,224
I10291,4918,2512,-4121,4987,4977,4971,4997,5027,5007,2666,2644,2610,2744,2686,2652,-4502,-4371,-4263,-4502,-4371,-4263,69,59,53,79,109,89,154,132,98,232,174,140,169,144,111,245,205,166,9,14,16,23,19,23,46,73,81,119,95,118,24,24,28,18,32,32
I10299,4918,2512,-4111,4977,4971,4945,5093,5075,5037,2676,2652,2592,2568,2550,2524,-4492,-4361,-4253,-4492,-4361,-4253,59,53,27,175,157,119,164,140,80,56,38,12,174,150,84,184,162,120,12,15,13,4,7,8,64,78,67,20,39,42,19,20,18,72,76,84
I10303,4918,2512,-4088,4863,5009,5049,4459,4579,4707,2850,2778,2762,2842,2876,2896,-4469,-4338,-4230,-4469,-4338,-4230,-54,91,131,-458,-338,-210,338,266,250,330,364,384,342,281,282,564,497,438,19,17,15,15,15,9,95,88,75,76,76,49,350,18,27,305,317,331
I10046,4918,2512,-4094,5027,5013,4999,5151,5135,5111,2556,2526,2488,2564,2548,2534,-4475,-4344,-4236,-4475,-4344,-4236,109,95,81,233,217,193,44,14,-23,52,36,22,118,96,84,239,220,194,6,7,4,3,7,8,30,35,23,18,35,42,68,81,106,77,80,83
I10054,4918,2512,-4100,4935,4953,4915,4813,4837,4863,2756,2678,2620,2720,2726,2714,-4481,-4350,-4242,-4481,-4350,-4242,17,35,-2,-104,-80,-54,244,166,108,208,214,202,244,169,108,232,228,209,34,20,18,9,8,10,170,102,92,48,44,53,4,12,358,333,339,344
I10070,4918,2512,-4075,4899,4973,4965,4889,5021,5045,2798,2716,2660,2790,2752,2698,-4456,-4325,-4217,-4456,-4325,-4217,-18,55,47,-28,103,127,286,204,148,278,240,186,286,211,155,279,261,225,37,21,23,33,18,17,187,105,115,167,93,85,356,15,17,354,23,34
I10274,4918,2512,-4141,4989,4977,4965,5041,5033,5013,2668,2632,2592,2488,2484,2470,-4522,-4391,-4283,-4522,-4391,-4283,71,59,47,123,115,95,156,120,80,-23,-27,-41,171,134,93,125,118,104,9,11,11,4,5,4,47,57,57,24,25,23,24,26,30,100,103,113
I10294,4918,2512,-4092,4975,4973,4951,5107,5121,5083,2706,2676,2614,2666,2632,2604,-4473,-4342,-4234,-4473,-4342,-4234,57,55,33,189,203,165,194,164,102,154,120,92,202,173,107,244,236,189,13,19,15,17,12,15,69,98,75,89,61,79,16,18,18,50,59,60
I10297,4918,2512,-4072,4985,4975,4947,5067,5041,5013,2686,2658,2580,2710,2644,2568,-4453,-4322,-4214,-4453,-4322,-4214,67,57,29,149,123,95,174,146,68,198,132,56,186,157,74,248,180,110,11,18,13,7,17,20,57,91,69,38,88,100,21,21,23,37,43,59
N42.SG,4915,3313,-4110,4975,4993,4995,4955,4951,4945,3362,3376,3410,3388,3404,3420,-4491,-4360,-4252,-4491,-4360,-4252,60,78,80,40,36,30,48,62,96,74,90,106,77,100,125,84,97,110,8,9,8,6,4,5,41,48,43,30,22,25,51,51,39,28,21,15
BERG157-2.SG,3703,2265,-4091,4101,4203,4447,3643,3661,3827,2808,2858,2926,2910,2876,2602,-4472,-4341,-4233,-4472,-4341,-4233,397,499,743,-60,-42,123,542,592,660,644,610,336,673,775,995,647,612,358,5,53,57,5,7,24,28,269,289,29,35,124,36,40,48,354,356,20
I1409,7232,2543,-4094,6663,6917,7185,7277,7215,7199,2768,2678,2584,2578,2584,2590,-4475,-4344,-4236,-4475,-4344,-4236,-568,-314,-46,45,-16,-32,224,134,40,34,40,46,611,342,62,57,44,57,33,64,35,31,31,7,169,323,178,155,157,35,291,293,311,52,337,324
I7187,4622,3012,-4098,4423,4701,4523,4405,4487,4445,2800,3074,3024,2840,3016,3058,-4479,-4348,-4240,-4479,-4348,-4240,-198,79,-98,-216,-134,-176,-211,62,12,-171,4,46,290,100,99,276,134,182,31,38,104,33,31,29,156,194,521,166,157,149,223,51,277,231,271,284
I10272,4918,2512,-4069,4989,4975,4947,4937,4943,4935,2752,2714,2632,2728,2684,2620,-4450,-4319,-4211,-4450,-4319,-4211,71,57,29,19,25,17,240,202,120,216,172,108,250,210,123,217,174,109,14,16,14,10,13,13,71,82,71,50,69,67,16,15,13,5,8,9
I2783,5016,2622,-4043,4623,4817,4963,5163,5171,5169,2994,3002,3006,2852,2880,2898,-4424,-4293,-4185,-4424,-4293,-4185,-393,-199,-53,146,154,152,371,379,383,229,257,275,541,428,387,272,300,315,17,17,11,6,5,5,85,85,55,30,29,29,313,332,352,32,30,29
SRA62.SG,3141,3616,-4047,3111,3095,3203,3979,4221,4707,3600,3630,3652,3674,3754,3818,-4428,-4297,-4189,-4428,-4297,-4189,-29,-45,62,838,1080,1566,-15,14,36,58,138,202,33,48,71,840,1088,1579,6,13,104,220,221,206,32,65,524,1104,1107,1034,242,287,59,86,82,82
I4435,5250,3785,-4012,6279,6117,5979,6307,6091,6001,3876,3960,3974,3974,4098,4152,-4393,-4262,-4154,-4393,-4262,-4154,1028,866,728,1056,840,750,91,175,189,189,313,367,1033,884,753,1073,897,836,30,36,51,28,30,28,154,182,256,142,150,144,84,78,75,79,69,63
FLR002,3567,2950,-4017,3935,3845,3811,3801,3605,3517,2800,2776,2778,2406,2498,2806,-4398,-4267,-4159,-4398,-4267,-4159,368,278,244,234,38,-49,-150,-174,-172,-544,-452,-144,398,328,299,592,453,152,7,6,34,11,43,44,38,34,173,55,217,220,112,121,125,156,175,198
I15946,4178,1949,-4030,3827,3745,3717,3857,3765,3675,2774,2814,2794,2714,2790,2860,-4411,-4280,-4172,-4411,-4280,-4172,-350,-432,-460,-320,-412,-502,825,865,845,765,841,911,896,967,962,829,937,1040,10,14,40,6,18,13,54,74,200,31,94,66,336,333,331,337,333,331
LugarCanto41.SG,2709,2014,-4049,4499,4647,4667,3639,3475,3237,2926,3042,3072,2300,2406,2368,-4430,-4299,-4191,-4430,-4299,-4191,1790,1938,1958,930,766,528,911,1027,1057,285,391,353,2009,2194,2226,973,860,636,82,63,57,118,124,133,412,319,287,590,623,667,63,62,61,72,62,56
LugarCanto42.SG,2709,2014,-3956,4271,4347,4037,3569,3245,3213,2776,2832,2848,2248,2112,2102,-4337,-4206,-4098,-4337,-4206,-4098,1562,1638,1328,860,536,504,761,817,833,233,97,87,1738,1831,1568,891,545,512,68,71,93,89,100,98,344,355,465,445,500,494,64,63,57,74,79,80
LugarCanto44.SG,2709,2014,-4072,4205,4209,4287,3751,3563,3317,2722,2760,2950,2350,2222,2078,-4453,-4322,-4214,-4453,-4322,-4214,1496,1500,1578,1042,854,608,707,745,935,335,207,63,1655,1675,1835,1095,879,611,59,63,89,95,104,106,296,318,448,476,521,534,64,63,59,72,76,83
LugarCanto45.SG,2709,2014,-3931,4589,4589,4595,3409,3295,3099,2996,3006,3012,2290,2246,2150,-4312,-4181,-4073,-4312,-4181,-4073,1880,1880,1886,700,586,390,981,991,997,275,231,135,2121,2126,2134,752,630,413,56,49,47,84,85,81,283,248,239,424,426,409,62,62,62,68,68,70
I0644,6674,1493,-4116,6687,6691,6691,6691,6691,6691,1606,1548,1520,1550,1526,1510,-4497,-4366,-4258,-4497,-4366,-4258,13,17,17,17,17,17,112,54,26,56,32,16,113,57,32,59,37,24,19,9,2,6,4,2,96,49,12,34,20,12,7,18,33,17,28,47
I1177_published,6674,1493,-3990,6687,6691,6691,6691,6691,6691,1568,1534,1522,1534,1536,1530,-4371,-4240,-4132,-4371,-4240,-4132,13,17,17,17,17,17,74,40,28,40,42,36,75,44,33,44,46,40,19,8,3,4,4,4,96,43,15,22,22,20,10,23,31,23,22,25
I1155_published,6674,1493,-4017,6691,6691,6691,6691,6691,6691,1546,1514,1494,1528,1508,1508,-4398,-4267,-4159,-4398,-4267,-4159,17,17,17,17,17,17,52,20,0,34,14,14,55,27,17,38,23,23,12,4,0,4,1,0,61,23,0,20,9,0,18,40,88,27,50,50
I1181_published,6674,1493,-4016,6687,6691,6691,6691,6691,6691,1562,1518,1504,1448,1446,1438,-4397,-4266,-4158,-4397,-4266,-4158,13,17,17,17,17,17,68,24,10,-45,-47,-55,69,30,20,48,50,58,19,7,3,5,5,6,97,38,15,27,27,30,11,35,59,158,159,162
I1172,6674,1493,-3912,6685,6691,6691,6643,6667,6675,1562,1534,1522,1610,1590,1580,-4293,-4162,-4054,-4293,-4162,-4054,11,17,17,-30,-6,1,68,40,28,116,96,86,69,44,33,120,96,86,19,8,3,17,14,14,99,43,15,87,72,70,9,23,31,345,356,1
I1187,6674,1493,-3975,6685,6691,6691,6697,6691,6691,1552,1516,1496,1510,1518,1510,-4356,-4225,-4117,-4356,-4225,-4117,11,17,17,23,17,17,58,22,2,16,24,16,59,28,18,29,30,24,21,11,4,5,3,0,109,55,23,25,15,0,11,38,81,55,35,47
I1171,6674,1493,-3955,6689,6691,6691,6691,6691,6691,1554,1510,1500,1500,1482,1474,-4336,-4205,-4097,-4336,-4205,-4097,15,17,17,17,17,17,60,16,6,6,-11,-19,62,24,19,19,21,26,15,4,1,5,3,2,77,23,9,26,17,12,14,47,69,69,122,137
I1164,6674,1493,-4061,6685,6691,6691,6691,6691,6691,1588,1532,1504,1528,1516,1500,-4442,-4311,-4203,-4442,-4311,-4203,11,17,17,17,17,17,94,38,10,34,22,6,95,42,20,38,28,19,22,12,4,6,3,1,110,62,23,33,18,9,7,24,59,27,38,69
I1184,6674,1493,-3935,6691,6691,6691,6693,6691,6691,1546,1532,1516,1536,1526,1520,-4316,-4185,-4077,-4316,-4185,-4077,17,17,17,19,17,17,52,38,22,42,32,26,55,42,28,46,37,32,13,6,0,5,3,1,68,32,0,28,17,9,18,24,38,24,28,33
I1179,6674,1493,-4050,6687,6691,6691,6693,6691,6691,1550,1504,1484,1516,1518,1512,-4431,-4300,-4192,-4431,-4300,-4192,13,17,17,19,17,17,56,10,-9,22,24,18,58,20,20,30,30,25,19,6,1,2,2,1,95,32,9,14,12,9,13,59,117,41,35,43
I1182,6674,1493,-3956,6689,6691,6691,6691,6691,6691,1522,1504,1488,1502,1502,1496,-4337,-4206,-4098,-4337,-4206,-4098,15,17,17,17,17,17,28,10,-5,8,8,2,32,20,18,19,19,18,13,5,1,2,1,0,69,26,9,12,9,0,28,59,106,64,64,81
I1170,6674,1493,-4029,6687,6691,6691,6691,6691,6691,1574,1534,1516,1536,1516,1512,-4410,-4279,-4171,-4410,-4279,-4171,13,17,17,17,17,17,80,40,22,42,22,18,81,44,28,46,28,25,19,8,3,6,3,1,98,43,15,30,15,9,9,23,38,22,38,43
I1168,6674,1493,-3980,6689,6691,6691,6691,6691,6691,1562,1532,1518,1544,1526,1520,-4361,-4230,-4122,-4361,-4230,-4122,15,17,17,17,17,17,68,38,24,50,32,26,70,42,30,53,37,32,15,6,1,7,3,1,79,32,9,36,17,9,13,24,35,19,28,33
I1152,6674,1493,-4030,6685,6691,6691,6691,6691,6691,1580,1544,1524,1526,1518,1508,-4411,-4280,-4172,-4411,-4280,-4172,11,17,17,17,17,17,86,50,30,32,24,14,87,53,35,37,30,23,21,11,3,6,3,0,109,55,17,33,18,0,7,19,30,28,35,50
I1178,6674,1493,-4032,6685,6691,6691,6691,6691,6691,1568,1536,1524,1536,1524,1518,-4413,-4282,-4174,-4413,-4282,-4174,11,17,17,17,17,17,74,42,30,42,30,24,75,46,35,46,35,30,19,10,4,6,3,0,98,50,22,30,15,0,9,22,30,22,30,35
I1165,6674,1493,-3974,6689,6691,6691,6693,6691,6691,1572,1536,1520,1496,1492,1486,-4355,-4224,-4116,-4355,-4224,-4116,15,17,17,19,17,17,78,42,26,2,-1,-7,80,46,32,20,17,19,17,7,1,1,0,0,85,38,9,8,0,0,11,22,33,82,94,112
I1169,6674,1493,-3986,6685,6691,6691,6691,6691,6691,1570,1540,1522,1538,1536,1528,-4367,-4236,-4128,-4367,-4236,-4128,11,17,17,17,17,17,76,46,28,44,42,34,77,49,33,48,46,38,20,10,3,6,4,3,103,50,15,33,22,18,8,20,31,21,22,27
I1154,6674,1493,-4002,6691,6691,6691,6691,6691,6691,1550,1510,1488,1522,1498,1486,-4383,-4252,-4144,-4383,-4252,-4144,17,17,17,17,17,17,56,16,-5,28,4,-7,59,24,18,33,18,19,19,7,2,7,3,0,95,39,12,36,17,0,17,47,106,31,75,112
I7549,2866,1640,-3926,3643,3617,3711,3759,3687,3631,2852,2882,2638,2748,2832,2804,-4307,-4176,-4068,-4307,-4176,-4068,777,751,845,893,821,765,1211,1241,997,1107,1191,1163,1439,1451,1307,1423,1447,1392,12,8,58,10,9,38,64,40,290,50,45,192,32,31,40,38,34,33
I7547,2866,1640,-4048,3827,3703,3589,4095,4145,4243,2758,2876,2836,2792,2842,2880,-4429,-4298,-4190,-4429,-4298,-4190,961,837,723,1229,1279,1377,1117,1235,1195,1151,1201,1239,1474,1492,1397,1684,1755,1853,12,11,83,8,36,52,60,55,415,42,181,264,40,34,31,46,46,48
I7679_published,2866,1640,-3982,3749,3819,3913,2777,2751,2757,2814,2632,2428,1726,1738,1748,-4363,-4232,-4124,-4363,-4232,-4124,883,953,1047,-88,-114,-108,1173,991,787,85,97,107,1468,1375,1310,123,150,153,11,7,7,14,12,12,56,37,36,73,64,61,36,43,53,314,310,314
I11902,5246,2814,-4036,4661,4697,4713,5067,5035,5141,2874,2902,2916,2706,2718,2710,-4417,-4286,-4178,-4417,-4286,-4178,-584,-548,-532,-178,-210,-104,59,87,101,-108,-96,-104,587,555,541,208,231,147,57,55,50,44,48,20,286,277,252,220,240,101,275,279,280,238,245,224
I11906,5246,2814,-3926,4955,5019,5041,5029,5041,5037,2840,2778,2770,2720,2730,2712,-4307,-4176,-4068,-4307,-4176,-4068,-290,-226,-204,-216,-204,-208,25,-36,-44,-94,-84,-102,291,229,208,235,220,231,44,40,34,29,28,30,224,201,174,149,144,150,275,260,257,246,247,243
Latvia_MN2.SG,5250,3785,-4001,6353,6171,5933,6325,6115,5997,3850,3904,3926,3964,4082,4122,-4382,-4251,-4143,-4382,-4251,-4143,1102,920,682,1074,864,746,65,119,141,179,297,337,1104,928,697,1089,914,819,31,46,67,33,32,43,158,230,335,166,162,219,86,82,78,80,71,65
I4554,5250,3785,-3996,6215,6081,5903,6295,6133,6135,3938,3990,3958,3990,4020,3954,-4377,-4246,-4138,-4377,-4246,-4138,964,830,652,1044,882,884,153,205,173,205,235,169,977,855,675,1064,913,901,29,34,59,26,27,34,149,174,299,133,137,174,80,76,75,78,75,79
I2318,5486,1694,-3989,5335,5371,5371,5391,5405,5429,2034,1966,1844,1940,1862,1786,-4370,-4239,-4131,-4370,-4239,-4131,-150,-114,-114,-94,-80,-56,340,272,150,246,168,92,371,295,188,263,186,107,5,17,34,7,5,7,29,88,171,37,29,35,336,337,322,339,334,328
BERG02-2.SG,3703,2265,-3910,4593,4717,4725,3383,3233,3133,3016,3040,3018,2156,2000,1884,-4291,-4160,-4052,-4291,-4160,-4052,889,1013,1021,-320,-470,-570,750,774,752,-109,-265,-381,1164,1276,1269,338,539,685,53,12,4,39,42,47,269,64,24,199,211,237,49,52,53,251,240,236
I3709,5432,1597,-3911,5437,5447,5463,5457,5443,5465,1998,1906,1748,2002,1884,1788,-4292,-4161,-4053,-4292,-4161,-4053,5,15,31,25,11,33,400,308,150,404,286,190,400,309,154,405,287,193,7,22,9,14,7,6,38,113,49,71,38,32,0,2,11,3,2,9
I1407,7232,2543,-3850,7263,7237,7247,7341,7295,7279,2470,2518,2540,2438,2470,2506,-4231,-4100,-3992,-4231,-4100,-3992,31,5,15,109,63,47,-73,-25,-3,-105,-73,-37,79,25,15,151,96,59,31,31,10,18,13,9,157,159,50,92,67,47,156,168,101,133,139,128
I14173,4622,3012,-3887,4631,4637,4611,4701,4701,4683,3030,3042,3060,3152,3134,3116,-4268,-4137,-4029,-4268,-4137,-4029,9,15,-10,79,79,61,18,30,48,140,122,104,20,33,49,161,145,120,35,35,26,10,10,10,177,179,132,54,51,53,27,26,347,29,32,30
I14171,4622,3012,-3897,4295,4343,4497,4777,4773,4839,2846,2880,2962,3194,3200,3174,-4278,-4147,-4039,-4278,-4147,-4039,-326,-278,-124,155,151,217,-165,-131,-49,182,188,162,366,308,134,239,241,271,53,58,49,8,10,29,265,292,249,40,51,149,243,244,248,40,38,53
I14172,4622,3012,-3991,4077,4109,4173,4269,4369,4449,2768,2800,2874,2898,2942,2970,-4372,-4241,-4133,-4372,-4241,-4133,-544,-512,-448,-352,-252,-172,-243,-211,-137,-113,-69,-41,596,554,469,370,262,177,34,54,90,48,51,48,172,274,452,242,255,242,245,247,252,252,254,256
I14167,4622,3012,-3879,4305,4435,4513,4467,4493,4563,2850,2910,2954,2954,2996,3044,-4260,-4129,-4021,-4260,-4129,-4021,-316,-186,-108,-154,-128,-58,-161,-101,-57,-57,-15,32,355,212,123,165,129,66,56,53,43,41,36,27,283,265,219,207,183,139,242,241,241,249,262,298
I14175,4622,3012,-3905,4411,4485,4527,4339,4411,4469,2890,2938,2992,2856,2930,2974,-4286,-4155,-4047,-4286,-4155,-4047,-210,-136,-94,-282,-210,-152,-121,-73,-19,-155,-81,-37,243,155,96,322,226,157,50,50,42,41,40,36,254,252,213,206,202,180,239,241,258,241,248,256
I14170,4622,3012,-3846,4439,4547,4679,4415,4495,4593,2906,2940,2982,2864,2910,2950,-4227,-4096,-3988,-4227,-4096,-3988,-182,-74,57,-206,-126,-28,-105,-71,-29,-147,-101,-61,211,103,64,254,162,68,48,47,27,47,46,36,241,237,137,237,231,180,239,226,117,234,231,204
I14169,4622,3012,-3827,4309,4401,4353,3893,3767,3629,2846,2900,2968,2800,2928,3064,-4208,-4077,-3969,-4208,-4077,-3969,-312,-220,-268,-728,-854,-992,-165,-111,-43,-211,-83,52,353,247,272,758,858,994,60,58,93,25,47,66,302,292,466,127,238,332,242,243,260,253,264,273
I14168,4622,3012,-3899,3697,3635,3553,3139,2999,2873,3020,3196,3252,2116,2060,2040,-4280,-4149,-4041,-4280,-4149,-4041,-924,-986,-1068,-1482,-1622,-1748,8,184,240,-895,-951,-971,924,1003,1095,1732,1881,2000,41,55,73,108,86,34,207,278,365,543,432,174,270,280,282,238,239,240
I14174,4622,3012,-3835,4607,4655,4681,3785,3679,3641,2986,3006,3024,2632,2808,3028,-4216,-4085,-3977,-4216,-4085,-3977,-14,33,59,-836,-942,-980,-25,-5,12,-379,-203,16,29,33,60,918,964,980,29,29,23,61,64,65,145,145,118,305,320,326,209,99,78,245,257,270
I16122,4622,3012,-3969,4327,4417,4473,4027,4175,4203,2834,2904,2940,2748,2798,2860,-4350,-4219,-4111,-4350,-4219,-4111,-294,-204,-148,-594,-446,-418,-177,-107,-71,-263,-213,-151,344,231,165,650,495,445,50,47,49,33,57,62,251,238,248,165,287,311,238,242,244,246,244,250
I16121,4622,3012,-3887,4277,4381,4453,4183,4291,4337,2796,2922,3014,2782,2890,2934,-4268,-4137,-4029,-4268,-4137,-4029,-344,-240,-168,-438,-330,-284,-215,-89,2,-229,-121,-77,406,256,168,495,352,295,90,64,71,37,51,53,453,321,357,187,258,266,237,249,270,242,249,254
SUC008,4189,1969,-3873,3855,3773,4161,3843,3743,3525,2784,2776,2604,2764,2718,2408,-4254,-4123,-4015,-4254,-4123,-4015,-333,-415,-27,-345,-445,-663,815,807,635,795,749,439,880,907,635,866,871,795,10,38,92,7,19,47,54,193,462,35,97,239,337,332,357,336,329,303
ELT006_merged,3539,2204,-3865,3657,3751,3909,3209,3495,3631,3140,3078,3036,2070,2416,2682,-4246,-4115,-4007,-4246,-4115,-4007,117,211,369,-330,-44,91,936,874,832,-133,212,478,943,899,910,356,216,487,4,14,30,15,7,6,23,70,151,78,39,33,7,13,23,247,348,10
I16168,4178,1949,-3851,3647,3893,4147,3669,3875,4129,2822,2426,2034,2788,2434,2052,-4232,-4101,-3993,-4232,-4101,-3993,-530,-284,-30,-508,-302,-48,873,477,85,839,485,103,1021,555,90,981,571,114,4,98,66,6,92,59,21,492,331,33,463,297,328,329,340,328,328,334
I2657,3373,3804,-3848,4595,4521,4571,3937,4137,4161,3076,3044,3034,2886,2932,2896,-4229,-4098,-3990,-4229,-4098,-3990,1221,1147,1197,563,763,787,-727,-759,-769,-917,-871,-907,1422,1376,1423,1077,1159,1202,37,14,5,77,28,16,186,74,29,389,140,84,120,123,122,148,138,139
I1665,7688,2127,-3876,7361,7609,7653,7641,7643,7671,2296,2184,2158,2118,2120,2118,-4257,-4126,-4018,-4257,-4126,-4018,-327,-79,-35,-47,-45,-17,168,56,30,-9,-7,-9,368,97,46,47,45,19,71,33,4,0,1,3,359,165,21,0,8,19,297,305,311,259,260,241
I7643,3406,1798,-3841,3517,3585,3485,2923,2881,3069,2852,2850,2836,2114,2030,2066,-4222,-4091,-3983,-4222,-4091,-3983,111,179,79,-482,-524,-336,1054,1052,1038,316,232,268,1060,1067,1041,576,573,430,44,47,57,31,25,33,222,237,289,157,129,166,6,9,4,303,293,308
I1674,7688,2127,-3860,7447,7687,7693,7643,7659,7673,2282,2124,2118,2162,2152,2140,-4241,-4110,-4002,-4241,-4110,-4002,-241,-1,4,-45,-29,-15,154,-3,-9,34,24,12,286,3,10,56,38,19,76,3,1,2,4,5,380,18,8,11,23,25,302,199,151,307,310,310
IKI024,6437,2425,-3882,6785,6733,6599,6431,6451,6483,1640,2048,2332,2412,2408,2406,-4263,-4132,-4024,-4263,-4132,-4024,348,296,162,-5,14,46,-784,-376,-92,-12,-16,-18,858,479,186,14,21,49,22,69,30,10,11,13,110,346,152,54,57,67,156,141,119,205,140,112
BRZ001,4587,3034,-3880,3959,4187,4667,4357,4541,4621,2788,2872,2958,2932,3008,3032,-4261,-4130,-4022,-4261,-4130,-4022,-627,-399,80,-229,-45,34,-245,-161,-75,-101,-25,-1,673,430,110,250,52,34,6,65,4,20,10,7,34,327,24,104,50,37,248,247,133,246,240,92
I15945,4178,1949,-3876,4111,4571,4729,3907,3827,3777,2846,2922,2932,2792,2632,2446,-4257,-4126,-4018,-4257,-4126,-4018,-66,393,551,-270,-350,-400,897,973,983,843,683,497,899,1049,1127,885,767,638,24,19,5,8,29,30,123,97,27,40,146,153,355,22,29,342,332,321
I0807,4437,3146,-3833,4609,4761,4765,4215,4195,4195,2946,2936,2902,1940,1958,1958,-4214,-4083,-3975,-4214,-4083,-3975,172,324,328,-221,-241,-241,-200,-210,-244,-1206,-1188,-1188,263,386,408,1226,1212,1212,24,6,8,4,3,3,123,32,40,22,19,19,139,122,126,190,191,191
I6760_all.SG,3508,3258,-3831,3869,3937,4039,3505,3697,3705,2784,2802,2788,2364,2690,2828,-4212,-4081,-3973,-4212,-4081,-3973,361,429,531,-2,189,197,-474,-456,-470,-894,-568,-430,596,626,709,894,598,473,59,76,69,98,86,62,298,383,348,490,430,313,142,136,131,180,161,155
I1584_all,5971,2126,-3818,7029,6995,6895,6381,6447,6415,2340,2356,2336,2398,2400,2410,-4199,-4068,-3960,-4199,-4068,-3960,1058,1024,924,410,476,444,214,230,210,272,274,284,1079,1050,948,492,549,527,51,38,34,43,36,21,255,193,170,216,183,109,78,77,77,56,60,57
ART042,6751,2159,-3810,6719,6569,6613,6771,6783,6735,1582,1952,2274,1956,2018,2032,-4191,-4060,-3952,-4191,-4060,-3952,-31,-181,-137,20,32,-15,-577,-207,114,-203,-141,-127,578,275,179,204,144,128,6,21,23,14,8,6,31,105,118,72,40,34,183,221,309,174,167,186
Kvarlov5164,4692,4302,-3771,4693,4579,4591,4739,4729,4727,3130,3060,3048,3218,3232,3254,-4152,-4021,-3913,-4152,-4021,-3913,1,-112,-100,47,37,35,-1172,-1242,-1254,-1084,-1070,-1048,1172,1247,1258,1085,1070,1048,15,8,4,5,9,12,76,43,24,29,46,62,179,185,184,177,178,178
ELT002_merged,3539,2204,-3789,3653,3755,3575,3841,3747,3699,2800,2980,2972,2810,2530,2300,-4170,-4039,-3931,-4170,-4039,-3931,113,215,35,301,207,159,596,776,768,606,326,96,607,805,769,677,386,186,9,19,57,8,53,34,47,95,285,43,268,171,10,15,2,26,32,58
I16166,4204,1924,-3832,3709,3981,4235,4241,4229,4223,2738,2370,1968,1948,1960,1966,-4213,-4082,-3974,-4213,-4082,-3974,-495,-223,30,36,24,18,813,445,43,23,35,41,952,498,53,43,43,45,37,94,0,3,1,1,189,473,3,15,7,6,328,333,35,57,34,24
PN10_PN113.SG,3054,3495,-3806,3597,3683,3585,3751,3671,3579,2778,2922,2946,2782,2832,2780,-4187,-4056,-3948,-4187,-4056,-3948,543,629,531,697,617,525,-716,-572,-548,-712,-662,-714,899,850,763,996,905,886,70,43,76,39,37,64,352,215,382,195,187,323,142,132,135,135,137,143
PN04.SG,3054,3495,-3812,4109,4463,4653,3541,3551,3531,2838,2926,2946,2366,2544,2676,-4193,-4062,-3954,-4193,-4062,-3954,1055,1409,1599,487,497,477,-656,-568,-548,-1128,-950,-818,1242,1519,1690,1229,1072,947,49,53,4,39,48,63,246,269,21,195,240,317,121,111,108,156,152,149
I3920,5432,1597,-3755,6381,6087,5865,5753,5685,5549,1716,1866,1818,2004,1922,1754,-4136,-4005,-3897,-4136,-4005,-3897,949,655,433,321,253,117,118,268,220,406,324,156,956,708,486,518,411,195,61,71,81,45,41,21,306,355,408,228,207,109,82,67,62,38,37,36
PN05.SG,3054,3495,-3760,3763,4113,3679,3843,3737,3633,2700,2910,2720,2858,2770,2546,-4141,-4010,-3902,-4141,-4010,-3902,709,1059,625,789,683,579,-794,-584,-774,-636,-724,-948,1065,1209,995,1014,995,1111,70,70,82,23,43,75,350,351,410,116,219,377,138,118,141,128,136,148
I15943_published,4178,1949,-3771,3727,4107,4193,3579,3607,3945,2686,2070,1930,2818,2752,2244,-4152,-4021,-3913,-4152,-4021,-3913,-450,-70,15,-598,-570,-232,737,121,-18,869,803,295,864,140,24,1055,985,375,74,74,1,7,69,107,370,371,9,39,349,535,328,329,140,325,324,321
I7186,4622,3012,-3755,4759,4721,4697,4375,4537,4591,3122,3092,3072,2890,2934,2962,-4136,-4005,-3897,-4136,-4005,-3897,137,99,75,-246,-84,-30,110,80,60,-121,-77,-49,176,127,96,275,115,58,7,9,6,32,23,5,37,46,34,161,117,29,51,51,51,243,227,211
I0405,3288,2101,-3768,3753,3995,3815,2937,2923,3055,2720,2934,2962,2156,2116,2138,-4149,-4018,-3910,-4149,-4018,-3910,465,707,527,-350,-364,-232,619,833,861,55,15,37,774,1092,1009,355,365,235,58,63,85,33,34,34,291,315,425,166,173,170,36,40,31,278,272,279
I0407,3288,2101,-3753,4003,4091,3861,2791,2823,2897,2902,2842,2864,1836,1830,1846,-4134,-4003,-3895,-4134,-4003,-3895,715,803,573,-496,-464,-390,801,741,763,-264,-270,-254,1074,1092,954,562,537,466,42,87,105,3,4,26,212,439,528,17,22,130,41,47,36,241,239,236
I0406,3288,2101,-3753,3897,3985,3691,2859,2853,3083,2904,2954,3142,1876,1838,1954,-4134,-4003,-3895,-4134,-4003,-3895,609,697,403,-428,-434,-204,803,853,1041,-224,-262,-146,1008,1101,1116,484,508,251,50,58,63,8,5,37,251,291,315,41,26,189,37,39,21,242,238,234
I6762_all.SG,3531,3223,-3752,3757,3661,3629,3783,3687,3509,2912,2990,3112,2698,2718,3072,-4133,-4002,-3894,-4133,-4002,-3894,226,130,98,252,156,-21,-310,-232,-110,-524,-504,-150,384,266,148,582,528,152,81,72,68,65,73,54,408,364,340,328,369,271,143,150,138,154,162,187
KOB005,4695,3001,-3741,4741,4665,4633,4641,4695,4691,3168,3126,3092,2904,2964,2970,-4122,-3991,-3883,-4122,-3991,-3883,46,-29,-61,-53,0,-3,166,124,90,-97,-37,-31,173,128,109,111,37,31,10,6,5,19,14,11,53,30,29,96,74,55,15,346,325,208,179,186
PN107.SG,3054,3495,-3751,4523,4537,4593,3325,3571,3543,3022,3000,3010,2304,2780,3098,-4132,-4001,-3893,-4132,-4001,-3893,1469,1483,1539,271,517,489,-472,-494,-484,-1190,-714,-396,1543,1563,1613,1221,882,629,37,28,4,69,72,66,187,140,22,347,363,331,107,108,107,167,144,129
I2110,5479,2971,-3731,5167,5001,4929,5125,5119,5133,2992,3106,3140,3030,3052,3032,-4112,-3981,-3873,-4112,-3981,-3873,-311,-477,-549,-353,-359,-345,21,135,169,59,81,61,312,496,575,358,368,351,23,23,28,16,22,29,119,117,144,81,112,149,273,285,287,279,282,280
I0408,3288,2101,-3738,3623,3571,3479,3559,3515,3465,3126,3162,3260,2578,2288,2110,-4119,-3988,-3880,-4119,-3988,-3880,335,283,191,271,227,177,1025,1061,1159,477,187,9,1078,1098,1174,548,294,177,5,14,12,61,57,6,28,73,63,307,285,30,18,14,9,29,50,86
I2788,5077,2726,-3734,5175,5031,5013,5411,5403,5419,3030,3138,3150,2928,2968,2968,-4115,-3984,-3876,-4115,-3984,-3876,98,-45,-63,334,326,342,304,412,424,202,242,242,319,414,429,391,406,419,10,18,20,6,6,4,52,93,101,34,32,24,17,353,351,58,53,54
I3151_published,5479,2971,-3689,5227,5215,5255,5345,5271,5251,3016,3050,3014,2686,2702,2718,-4070,-3939,-3831,-4070,-3939,-3831,-251,-263,-223,-133,-207,-227,45,79,43,-284,-268,-252,255,275,227,314,339,339,30,47,42,18,26,26,150,236,211,94,131,132,280,286,281,205,217,222
I16165,4204,1924,-3719,3851,4149,4191,3577,3529,3441,2580,2038,1968,2874,2898,2962,-4100,-3969,-3861,-4100,-3969,-3861,-353,-55,-13,-627,-675,-763,655,113,43,949,973,1037,744,126,45,1138,1184,1288,89,56,0,8,19,39,446,282,0,44,96,199,331,334,343,326,325,323
prs002-ALL_DATA.SG,3126,3614,-3720,4255,4565,4503,3409,3289,3139,2914,2932,2908,2292,2130,1924,-4101,-3970,-3862,-4101,-3970,-3862,1129,1439,1377,283,163,13,-700,-682,-706,-1322,-1484,-1690,1328,1592,1547,1352,1492,1690,54,25,43,70,69,50,272,129,217,352,347,251,121,115,117,167,173,179
ALX002,7494,2639,-3697,7309,7471,7221,7495,7551,7571,2328,2306,2410,2260,2326,2404,-4078,-3947,-3839,-4078,-3947,-3839,-184,-22,-272,1,57,77,-311,-333,-229,-379,-313,-235,362,333,356,379,318,247,23,14,46,3,4,5,119,71,232,19,21,27,210,183,229,179,169,161
VLI006,4637,3037,-3715,4777,4791,4773,4291,4291,4291,2922,2892,2906,1892,1900,1906,-4096,-3965,-3857,-4096,-3965,-3857,140,154,136,-345,-345,-345,-115,-145,-131,-1145,-1137,-1131,181,212,189,1196,1188,1182,9,10,7,4,5,5,49,50,37,24,27,28,129,133,133,196,196,196
Tamula3,5305,3937,-3689,5321,5263,5295,5247,5249,5271,3858,3866,3860,3880,3892,3934,-4070,-3939,-3831,-4070,-3939,-3831,15,-42,-10,-58,-56,-34,-78,-70,-76,-56,-44,-2,80,82,77,81,71,34,60,12,12,3,5,8,303,62,62,18,28,41,168,210,187,225,231,265
I7191,4622,3012,-3709,3931,4239,4051,4655,4659,4659,2878,2794,2798,3100,3084,3088,-4090,-3959,-3851,-4090,-3959,-3851,-690,-382,-570,33,37,37,-133,-217,-213,88,72,76,703,440,609,94,81,84,50,108,123,6,6,6,250,541,615,34,32,33,259,240,249,20,27,26
I1926,5479,2971,-3697,5105,4953,5015,5405,5331,5323,3108,3192,3186,3028,3092,3114,-4078,-3947,-3839,-4078,-3947,-3839,-373,-525,-463,-73,-147,-155,137,221,215,57,121,143,398,570,511,93,191,211,28,33,53,27,31,40,143,165,266,137,158,204,290,292,294,308,309,312
san216.SG,3526,2185,-3707,4599,4619,4615,3473,3463,3419,3074,3052,3044,2740,2536,2284,-4088,-3957,-3849,-4088,-3957,-3849,1073,1093,1089,-52,-62,-106,889,867,859,555,351,99,1393,1395,1387,557,356,145,15,5,6,85,86,70,77,29,32,429,431,350,50,51,51,354,349,312
prs017-ALL_DATA.SG,3126,3614,-3699,4613,4661,4655,2869,2969,3187,2966,2956,2956,1898,1972,2882,-4080,-3949,-3841,-4080,-3949,-3841,1487,1535,1529,-256,-156,61,-648,-658,-658,-1716,-1642,-732,1622,1670,1664,1735,1649,734,22,4,4,6,53,131,111,23,22,33,268,655,113,113,113,188,185,175
I2789,5077,2726,-3706,4853,4867,4871,5175,5089,5029,2658,2638,2720,2438,2426,2428,-4087,-3956,-3848,-4087,-3956,-3848,-223,-209,-205,98,12,-47,-67,-87,-5,-287,-299,-297,233,226,205,304,299,301,5,5,8,5,6,8,28,25,40,28,33,42,253,247,268,161,177,189
I6750_all.SG,3503,3174,-3713,3893,3921,3707,4179,4539,4645,2878,2800,2806,2938,3008,3030,-4094,-3963,-3855,-4094,-3963,-3855,390,418,204,676,1036,1142,-296,-374,-368,-236,-166,-144,490,561,421,716,1049,1151,65,80,84,62,49,2,325,400,424,312,247,13,127,131,150,109,99,97
I6751_all.SG,3503,3174,-3697,3875,3893,3463,3229,3303,3191,2864,2824,2710,2714,2986,3224,-4078,-3947,-3839,-4078,-3947,-3839,372,390,-39,-273,-199,-311,-310,-350,-464,-460,-188,49,484,524,465,535,274,315,75,85,82,106,77,50,379,427,412,531,387,251,129,131,184,210,226,279
I3005,3437,3212,-3725,3465,3475,3469,2825,2837,2879,2710,2882,2988,1732,1722,1744,-4106,-3975,-3867,-4106,-3975,-3867,28,38,32,-611,-599,-557,-501,-329,-223,-1479,-1489,-1467,502,331,226,1601,1605,1569,118,106,90,2,2,24,591,531,453,14,10,122,176,173,171,202,201,200
ART005,6751,2159,-3697,6715,6639,6605,6727,6691,6667,1624,1926,2142,2074,2084,2074,-4078,-3947,-3839,-4078,-3947,-3839,-35,-111,-145,-23,-59,-83,-535,-233,-17,-85,-75,-85,536,258,146,88,95,119,23,44,26,9,7,4,119,220,130,47,37,24,183,205,263,195,218,224
I1565,4150,3141,-3756,3621,4881,5093,5233,5321,5437,3672,3892,4026,3686,3762,3666,-4137,-4006,-3898,-4137,-4006,-3898,-528,731,943,1083,1171,1287,531,751,885,545,621,525,749,1048,1293,1212,1325,1390,31,99,96,35,31,34,159,499,481,176,159,172,315,44,46,63,62,67
prs012-ALL_DATA.SG,3126,3614,-3705,3579,3639,3471,2767,2821,3069,2822,3080,2920,1974,1986,2042,-4086,-3955,-3847,-4086,-3955,-3847,453,513,345,-358,-304,-56,-792,-534,-694,-1640,-1628,-1572,912,740,775,1678,1656,1573,83,45,93,6,5,12,417,226,469,31,29,63,150,136,153,192,190,182
prs003-ALL_DATA.SG,3126,3614,-3697,4547,4591,4587,3575,3557,3547,3028,3016,3016,2342,2332,2384,-4078,-3947,-3839,-4078,-3947,-3839,1421,1465,1461,449,431,421,-586,-598,-598,-1272,-1282,-1230,1537,1582,1578,1349,1352,1300,7,3,3,17,20,48,38,19,16,89,104,244,112,112,112,160,161,161
prs018-ALL_DATA.SG,3126,3614,-3688,3817,3685,3503,3811,3675,3615,2856,2814,2902,2194,2238,2520,-4069,-3938,-3830,-4069,-3938,-3830,691,559,377,685,549,489,-758,-800,-712,-1420,-1376,-1094,1025,976,805,1576,1481,1198,63,75,104,67,79,110,317,376,523,335,395,551,137,145,152,154,158,155
I2633,3532,4012,-3699,3885,3833,3497,3017,3103,3167,2998,3056,3124,2118,2134,2588,-4080,-3949,-3841,-4080,-3949,-3841,353,301,-34,-514,-428,-364,-1013,-955,-887,-1893,-1877,-1423,1073,1001,888,1962,1925,1469,34,46,81,52,55,123,171,230,407,260,278,615,160,162,182,195,192,194
ART039,6751,2159,-3690,7043,6827,6785,7169,6951,6857,2366,2390,2360,2308,2300,2310,-4071,-3940,-3832,-4071,-3940,-3832,292,76,34,418,200,106,206,230,200,148,140,150,358,243,203,444,244,184,19,7,8,15,9,4,97,35,42,76,48,24,54,18,9,70,54,35
I4089,5246,2814,-3693,5205,5127,5119,5209,5131,5095,2796,2726,2728,2796,2702,2676,-4074,-3943,-3835,-4074,-3943,-3835,-40,-118,-126,-36,-114,-150,-18,-88,-86,-18,-112,-138,44,147,152,40,160,204,9,19,15,6,19,11,46,96,76,33,99,58,245,233,235,243,225,227
I2659,3373,3803,-3695,3769,3685,3499,3909,3823,3761,2970,3056,3054,2782,2532,2290,-4076,-3945,-3837,-4076,-3945,-3837,396,312,126,536,450,388,-832,-746,-748,-1020,-1270,-1512,922,809,759,1153,1348,1561,59,58,96,15,39,18,297,294,482,79,197,94,154,157,170,152,160,165
ART004,6751,2159,-3678,6857,6695,6659,6957,6791,6719,2380,2390,2372,2174,2178,2190,-4059,-3928,-3820,-4059,-3928,-3820,106,-55,-91,206,40,-31,220,230,212,14,18,30,245,237,231,206,44,44,15,8,8,21,4,7,76,40,43,107,24,36,25,346,336,85,65,314
KOB002,4695,3001,-3679,4585,4613,4607,3957,4565,4643,3006,2992,2996,2864,2984,3016,-4060,-3929,-3821,-4060,-3929,-3821,-109,-81,-87,-737,-129,-51,4,-9,-5,-137,-17,14,109,82,87,750,130,53,6,5,4,39,45,2,33,27,23,198,228,14,272,263,266,259,262,285
c40331.SG,3051,1716,-3693,4637,4655,4651,3673,3625,3619,3012,2992,2984,2356,2264,2234,-4074,-3943,-3835,-4074,-3943,-3835,1586,1604,1600,622,574,568,1295,1275,1267,639,547,517,2048,2049,2041,892,793,768,6,5,4,35,6,5,31,27,22,176,32,27,50,51,51,44,46,47
I2790_published,5077,2726,-3665,4941,4925,4923,4899,4919,4921,2510,2504,2636,2684,2784,2852,-4046,-3915,-3807,-4046,-3915,-3807,-135,-151,-153,-177,-157,-155,-215,-221,-89,-41,58,126,254,268,177,182,167,200,3,13,13,5,5,4,16,67,69,26,27,24,212,214,239,256,290,309
I2111_published,5479,2971,-3671,5029,4897,4977,5401,5405,5405,3142,3190,3174,2872,2880,2870,-4052,-3921,-3813,-4052,-3921,-3813,-449,-581,-501,-77,-73,-73,171,219,203,-98,-90,-100,481,621,541,125,116,124,25,32,53,10,7,5,129,163,267,50,38,25,290,290,292,218,219,216
I7600,3406,1798,-3706,3731,3547,3361,3661,3615,3537,2918,2950,2896,2596,2576,2592,-4087,-3956,-3848,-4087,-3956,-3848,325,141,-44,255,209,131,1120,1152,1098,798,778,794,1166,1161,1099,838,806,805,39,51,80,57,76,99,197,257,400,285,382,499,16,7,357,17,15,9
I7193,4622,3012,-3676,3665,3409,4015,3313,3593,4111,3404,3572,3218,3504,3468,3224,-4057,-3926,-3818,-4057,-3926,-3818,-956,-1212,-606,-1308,-1028,-510,392,560,206,492,456,212,1033,1335,640,1398,1125,553,83,89,79,56,113,47,419,447,396,283,566,238,292,294,288,290,293,292
kum6.SG,5700,2020,-3671,6691,6691,6691,5757,5683,5577,1532,1564,1568,2086,1962,1840,-4052,-3921,-3813,-4052,-3921,-3813,991,991,991,57,-16,-122,-488,-456,-452,65,-58,-180,1104,1091,1089,86,60,218,1,1,0,11,17,10,9,6,0,58,86,50,116,114,114,40,196,214
HOL001,4627,3018,-3669,4807,4783,4763,4679,4699,4697,3010,2996,3004,2984,2980,2990,-4050,-3919,-3811,-4050,-3919,-3811,180,156,136,52,72,70,-8,-22,-14,-34,-38,-28,180,158,137,62,82,76,7,6,6,4,4,3,37,34,30,24,20,17,92,98,95,122,117,111
I7646,3406,1798,-3652,3847,3583,3445,3685,3603,3463,2940,2886,3138,2834,2366,2890,-4033,-3902,-3794,-4033,-3902,-3794,441,177,39,279,197,57,1142,1088,1340,1036,568,1092,1224,1102,1340,1073,601,1093,48,91,83,47,78,106,243,459,416,237,394,534,21,9,1,15,19,3
ASH3.SG,3112,3466,-3659,3879,3697,3389,2971,3365,3295,3002,2982,3042,1910,2722,3402,-4040,-3909,-3801,-4040,-3909,-3801,767,585,277,-140,253,183,-463,-483,-423,-1555,-743,-63,896,759,506,1561,785,193,59,77,101,56,112,32,297,387,509,282,560,161,121,129,146,185,161,109
I2691,3373,3803,-3656,4143,4239,3703,3433,3317,3467,3076,3094,3380,3318,3454,3404,-4037,-3906,-3798,-4037,-3906,-3798,770,866,330,60,-55,94,-726,-708,-422,-484,-348,-398,1058,1119,536,488,353,409,51,62,102,29,37,59,256,311,512,149,186,295,133,129,142,172,189,166
I5359,3401,3233,-3634,3527,3515,3509,3499,3529,3461,2950,3026,3178,2948,3056,3148,-4015,-3884,-3776,-4015,-3884,-3776,126,114,108,98,128,60,-282,-206,-54,-284,-176,-84,309,235,121,300,218,103,79,86,60,72,63,58,399,433,301,362,316,294,155,151,116,160,144,144
I5370,3374,3803,-3612,4601,4487,4523,3917,3781,3725,3072,3032,3036,2946,3180,3370,-3993,-3862,-3754,-3993,-3862,-3754,1227,1113,1149,543,407,351,-731,-771,-767,-857,-623,-433,1429,1354,1382,1015,744,558,27,16,5,80,96,104,136,84,27,401,483,523,120,124,123,147,146,140
I5371,3374,3803,-3669,3697,3677,3769,4621,4693,4775,3202,3218,3242,3108,3144,3174,-4050,-3919,-3811,-4050,-3919,-3811,323,303,395,1247,1319,1401,-601,-585,-561,-695,-659,-629,682,659,686,1428,1475,1536,71,67,84,18,29,41,356,339,421,91,145,205,151,152,144,119,116,114
KOB003,4695,3001,-3650,4715,4705,4685,4713,4729,4721,3024,3004,3016,3028,3044,3058,-4031,-3900,-3792,-4031,-3900,-3792,20,10,-9,18,34,26,22,2,14,26,42,56,30,10,17,32,54,62,5,3,4,5,4,12,29,18,23,28,23,62,41,75,326,34,38,24
KOB004,4695,3001,-3666,4699,4689,4679,4747,4751,4755,3046,3036,3036,3068,3066,3060,-4047,-3916,-3808,-4047,-3916,-3808,4,-5,-15,52,56,60,44,34,34,66,64,58,44,35,38,84,85,84,5,5,5,7,8,16,27,27,28,37,41,84,5,350,335,38,40,45
I7188,4622,3012,-3660,4637,4649,4637,3265,3323,3259,3016,2988,3004,2176,2274,2798,-4041,-3910,-3802,-4041,-3910,-3802,15,27,15,-1356,-1298,-1362,4,-23,-7,-835,-737,-213,15,36,17,1593,1493,1379,3,4,3,38,22,19,16,20,15,191,114,98,74,131,117,238,240,261
MA974.SG,5335,4168,-3658,5413,5303,5273,5273,5243,5261,3942,3892,3974,3914,3948,3980,-4039,-3908,-3800,-4039,-3908,-3800,78,-31,-61,-61,-91,-73,-226,-276,-194,-254,-220,-188,239,278,204,261,238,202,74,50,16,41,6,9,371,250,80,209,33,46,160,186,197,193,202,201
OSS001,7035,2864,-3628,7173,7159,7121,7143,7113,7091,2572,2618,2672,2560,2604,2664,-4009,-3878,-3770,-4009,-3878,-3770,138,124,86,108,78,56,-291,-245,-191,-303,-259,-199,322,275,210,322,271,207,8,11,9,5,6,6,40,56,48,25,34,31,154,153,155,160,163,164
I2796_published,3587,4090,-3611,4563,4589,3825,2869,2917,3011,3000,3004,3286,1862,1792,1784,-3992,-3861,-3753,-3992,-3861,-3753,976,1002,238,-717,-669,-575,-1089,-1085,-803,-2227,-2297,-2305,1463,1477,838,2340,2393,2376,4,4,76,56,30,27,22,23,381,280,152,139,138,137,163,197,196,194
PN13.SG,3054,3495,-3615,4601,4609,4245,4129,4595,4607,2986,2982,3110,2928,3002,3012,-3996,-3865,-3757,-3996,-3865,-3757,1547,1555,1191,1075,1541,1553,-508,-512,-384,-566,-492,-482,1628,1637,1251,1215,1618,1626,3,4,137,62,25,4,19,23,685,313,127,21,108,108,107,117,107,107
I2634,3533,4013,-3617,3763,3553,3387,4379,4607,4601,2918,2818,3102,2942,3014,3024,-3998,-3867,-3759,-3998,-3867,-3759,230,20,-145,846,1074,1068,-1094,-1194,-910,-1070,-998,-988,1118,1194,922,1364,1466,1455,68,103,107,19,5,5,343,518,535,99,26,29,168,179,189,141,132,132
PB357.SG,3054,3487,-3628,4271,4315,3847,3265,3319,3307,2920,2936,3118,2302,2142,2026,-4009,-3878,-3770,-4009,-3878,-3770,1217,1261,793,211,265,253,-567,-551,-369,-1185,-1345,-1461,1342,1376,875,1203,1371,1483,75,100,142,61,34,22,379,504,710,305,173,112,114,113,114,169,168,170
PN112.SG,3054,3495,-3610,4587,4509,3993,3667,3523,3351,2940,2916,3180,2824,2856,3350,-3991,-3860,-3752,-3991,-3860,-3752,1533,1455,939,613,469,297,-554,-578,-314,-670,-638,-144,1630,1566,990,908,792,330,12,47,155,51,84,38,63,237,775,255,423,192,109,111,108,137,143,115
I7192,4622,3012,-3608,4673,4667,4651,3831,4123,4391,2988,2984,2992,2216,2014,2378,-3989,-3858,-3750,-3989,-3858,-3750,51,45,29,-790,-498,-230,-23,-27,-19,-795,-997,-633,56,53,35,1121,1115,674,4,4,4,5,2,104,24,20,20,26,12,524,114,121,124,224,206,200
I6677,4588,3055,-3585,4729,4717,4693,4789,4799,4805,3002,3008,3012,3014,3028,3044,-3966,-3835,-3727,-3966,-3835,-3727,141,129,105,201,211,217,-52,-46,-42,-40,-26,-10,150,137,113,205,213,217,5,6,8,7,11,21,29,34,42,37,58,106,110,109,112,101,97,92
I14176,4622,3012,-3580,4667,4661,4643,4663,4661,4635,3010,2998,3014,3042,3052,3042,-3961,-3830,-3722,-3961,-3830,-3722,45,39,21,41,39,13,-1,-13,2,30,40,30,45,41,21,51,56,32,5,4,3,5,6,4,27,21,18,27,31,22,92,109,84,53,44,23
PN02.SG,3054,3495,-3595,4197,3777,3275,4191,4433,4649,2894,2822,3364,1968,2458,2932,-3976,-3845,-3737,-3976,-3845,-3737,1143,723,221,1137,1379,1595,-600,-672,-130,-1526,-1036,-562,1291,987,256,1903,1725,1691,75,110,63,0,19,11,378,554,318,0,95,56,117,132,120,143,126,109
I7189,4622,3012,-3585,4655,4649,4641,4687,4693,4679,2964,2970,2996,3086,3114,3140,-3966,-3835,-3727,-3966,-3835,-3727,33,27,19,65,71,57,-47,-41,-15,74,102,128,58,49,24,98,124,140,4,2,3,8,8,14,20,14,15,41,41,72,145,146,129,41,34,24
I7644,3406,1798,-3573,3815,3617,3361,3677,3815,3943,2876,2934,3292,2296,2136,2278,-3954,-3823,-3715,-3954,-3823,-3715,409,211,-44,271,409,537,1078,1136,1494,498,338,480,1153,1155,1495,567,531,721,51,65,18,29,31,66,259,327,90,148,156,333,20,10,358,28,50,48
CBT004,6389,2220,-3580,6681,6665,6605,6831,6733,6643,2334,2258,2212,2226,2236,2226,-3961,-3830,-3722,-3961,-3830,-3722,292,276,216,442,344,254,114,38,-7,6,16,6,314,279,216,442,344,254,20,14,20,6,4,15,104,71,103,32,23,76,68,82,92,89,87,88
I7194,4622,3012,-3587,4661,4647,4633,4703,4701,4681,3020,3014,3040,2990,3000,3004,-3968,-3837,-3729,-3968,-3837,-3729,39,25,11,81,79,59,8,2,28,-21,-11,-7,40,25,30,84,80,59,6,4,3,5,5,6,30,21,19,27,28,32,78,85,21,105,98,97
prs016-ALL_DATA.SG,3126,3614,-3589,4699,4689,4669,3557,3449,3265,2938,2936,2974,2774,3102,3366,-3970,-3839,-3731,-3970,-3839,-3731,1573,1563,1543,431,323,139,-676,-678,-640,-840,-512,-248,1712,1704,1670,944,605,284,4,3,4,66,58,32,23,16,21,331,292,162,113,113,112,152,147,150
I3033_all.SG,3311,3271,-3567,4653,4593,4163,2993,3059,3183,2938,2970,3132,2070,2072,2092,-3948,-3817,-3709,-3948,-3817,-3709,1342,1282,852,-317,-251,-127,-332,-300,-138,-1200,-1198,-1178,1382,1317,863,1242,1224,1185,4,45,106,31,27,24,21,225,532,156,137,122,103,103,99,194,191,186
BRZ002,4587,3034,-3581,4883,4885,4865,4893,4877,4921,2640,2714,2870,2528,2610,2768,-3962,-3831,-3723,-3962,-3831,-3723,296,298,278,306,290,334,-393,-319,-163,-505,-423,-265,492,437,323,591,513,427,5,11,10,7,15,10,26,55,53,36,75,53,142,136,120,148,145,128
I6761.SG,3611,3128,-3589,3673,3483,3435,3549,3473,3453,2956,2978,3212,2346,2116,2248,-3970,-3839,-3731,-3970,-3839,-3731,62,-127,-175,-61,-137,-157,-172,-150,83,-782,-1012,-880,183,196,194,784,1021,894,57,77,57,71,43,62,289,386,287,359,215,314,159,220,295,184,187,190
CBT014,6389,2220,-3584,6781,6717,6709,6427,6403,6367,2378,2332,2232,2286,2294,2292,-3965,-3834,-3726,-3965,-3834,-3726,392,328,320,38,14,-21,158,112,12,66,74,72,423,347,320,76,75,75,17,12,16,13,6,4,86,63,82,68,34,21,68,71,87,30,11,343
CBT016,6389,2220,-3599,6653,6639,6589,6497,6471,6437,2322,2240,2204,2184,2204,2210,-3980,-3849,-3741,-3980,-3849,-3741,264,250,200,108,82,48,102,20,-15,-35,-15,-9,283,251,201,114,84,49,21,16,22,13,10,5,107,81,110,65,52,26,68,85,94,108,100,101
ANN2.SG,3088,3443,-3563,3595,3477,3461,3715,3665,3611,2930,3088,3194,2374,2312,2456,-3944,-3813,-3705,-3944,-3813,-3705,507,389,373,627,577,523,-512,-354,-248,-1068,-1130,-986,721,526,448,1239,1269,1116,75,67,64,49,74,112,377,336,321,248,374,562,135,132,123,149,152,152
I3135,3373,3802,-3588,3271,3559,4047,3297,3205,3585,3448,3390,3148,3420,3600,3330,-3969,-3838,-3730,-3969,-3838,-3730,-101,186,674,-75,-167,212,-354,-412,-654,-382,-202,-472,368,452,939,389,262,517,10,73,32,23,25,60,54,368,161,118,125,301,195,155,134,191,219,155
I3068,3544,3392,-3581,4559,4077,3303,3699,3627,3363,2970,2940,3346,2568,2520,3264,-3962,-3831,-3723,-3962,-3831,-3723,1015,533,-240,155,83,-180,-422,-452,-46,-824,-872,-128,1099,698,245,838,875,221,24,81,59,63,85,69,120,409,296,316,429,347,112,130,259,169,174,234
prs010-ALL_DATA.SG,3126,3614,-3577,3939,3425,3297,2905,3127,3251,3048,3272,3514,1762,2454,3230,-3958,-3827,-3719,-3958,-3827,-3719,813,299,171,-220,1,125,-566,-342,-100,-1852,-1160,-384,990,454,198,1865,1160,403,85,61,39,35,144,143,427,308,198,176,722,715,124,138,120,186,179,161
I6746_all.SG,3437,3212,-3573,3705,3451,3429,3047,3373,3409,2960,2810,3304,1974,2044,2012,-3954,-3823,-3715,-3954,-3823,-3715,268,14,-7,-389,-63,-27,-251,-401,92,-1237,-1167,-1199,368,402,92,1297,1169,1200,70,101,50,74,23,8,353,506,252,373,117,44,133,177,355,197,183,181
I5366,3591,3135,-3556,3733,3427,3337,3639,3457,3245,2800,3038,3410,2634,2966,3454,-3937,-3806,-3698,-3937,-3806,-3698,142,-163,-253,48,-133,-345,-334,-96,275,-500,-168,319,363,190,374,502,215,470,83,75,40,72,72,31,415,378,203,362,362,155,156,239,317,174,218,312
I2791_published,5077,2726,-3568,4897,4899,4913,4879,4903,4925,2658,2748,2838,2598,2710,2762,-3949,-3818,-3710,-3949,-3818,-3710,-179,-177,-163,-197,-173,-151,-67,22,112,-127,-15,36,191,178,198,235,174,155,5,14,26,7,4,5,25,74,134,36,24,28,249,277,304,237,264,283
I2635,3532,4012,-3586,4543,4605,3873,2887,2967,3251,2910,2918,3192,1816,1868,2680,-3967,-3836,-3728,-3967,-3836,-3728,1011,1073,341,-644,-564,-280,-1101,-1093,-819,-2195,-2143,-1331,1495,1532,887,2288,2216,1360,19,9,82,5,32,136,97,46,414,27,163,684,137,135,157,196,194,191
I6747_all.SG,3544,3392,-3583,3713,3477,3353,3649,3637,3499,2786,2898,3330,2336,2240,2762,-3964,-3833,-3725,-3964,-3833,-3725,169,-66,-190,105,93,-44,-606,-494,-62,-1056,-1152,-630,629,498,200,1061,1155,631,87,110,19,30,5,93,435,551,99,151,25,465,164,187,252,174,175,184
CBT015,6389,2220,-3582,6699,6651,6595,6437,6439,6421,2338,2268,2224,2260,2274,2282,-3963,-3832,-3724,-3963,-3832,-3724,310,262,206,48,50,32,118,48,4,40,54,62,332,266,206,63,74,70,18,15,21,13,6,4,90,77,107,66,34,22,69,79,88,50,42,27
I6755_all.SG,3521,3509,-3586,3577,3503,3435,3151,3363,3361,2988,2818,2958,2016,2066,1990,-3967,-3836,-3728,-3967,-3836,-3728,56,-17,-85,-369,-157,-159,-520,-690,-550,-1492,-1442,-1518,523,690,556,1537,1450,1526,71,115,124,35,8,7,356,577,622,178,40,38,173,181,188,193,186,185
I6759.SG,3521,3509,-3566,3791,3369,3375,3695,3361,3191,3070,3312,3348,3066,3374,3558,-3947,-3816,-3708,-3947,-3816,-3708,270,-151,-145,174,-159,-329,-438,-196,-160,-442,-134,49,515,247,216,475,208,332,57,45,78,23,8,8,286,225,392,119,41,40,148,217,222,158,229,278
CH448.SG,3217,3569,-3552,4315,3833,3267,3689,3459,3215,2814,3002,3424,2966,3182,3506,-3933,-3802,-3694,-3933,-3802,-3694,1098,616,50,472,242,-1,-754,-566,-144,-602,-386,-62,1332,837,153,765,456,62,50,120,59,30,67,16,253,602,299,150,339,81,124,132,160,141,147,181
IKI037,6437,2425,-3556,6751,6697,6611,6429,6379,6375,2358,2296,2246,2204,2222,2240,-3937,-3806,-3698,-3937,-3806,-3698,314,260,174,-7,-57,-61,-66,-128,-178,-220,-202,-184,321,290,249,220,210,194,20,17,22,37,5,4,104,88,110,186,26,20,101,116,135,182,195,198
I0559,4399,3187,-3565,4687,4675,4647,4675,4663,4635,3024,3024,3032,3044,3032,3026,-3946,-3815,-3707,-3946,-3815,-3707,288,276,248,276,264,236,-162,-162,-154,-142,-154,-160,330,320,292,310,306,285,6,5,3,5,3,4,31,25,17,29,18,20,119,120,121,117,120,124
ASH1.SG,3112,3466,-3568,4343,4151,3321,2921,3195,3249,2908,2964,3306,1838,2436,3330,-3949,-3818,-3710,-3949,-3818,-3710,1231,1039,209,-190,83,137,-557,-501,-159,-1627,-1029,-135,1351,1153,263,1638,1032,192,81,119,31,41,125,54,407,596,158,205,629,274,114,115,127,186,175,134
I2650,3591,4093,-3570,3795,3479,3345,3809,4133,4603,3042,2802,3336,2540,2906,3038,-3951,-3820,-3712,-3951,-3820,-3712,204,-111,-245,218,542,1012,-1051,-1291,-757,-1553,-1187,-1055,1071,1296,796,1568,1305,1462,41,114,81,100,92,25,206,572,409,504,462,127,169,184,197,172,155,136
I7601,3406,1798,-3573,4317,3741,3223,2867,2989,3067,2800,2778,3444,2094,2132,2162,-3954,-3823,-3715,-3954,-3823,-3715,911,335,-182,-538,-416,-338,1002,980,1646,296,334,364,1354,1036,1656,614,533,497,103,117,23,10,10,8,517,586,116,53,54,43,42,18,353,298,308,317
N19.SG,4926,3316,-3535,4975,4999,5011,4899,4907,4905,2634,2690,2720,2698,2804,2818,-3916,-3785,-3677,-3916,-3785,-3677,49,73,85,-26,-18,-20,-681,-625,-595,-617,-511,-497,683,630,601,618,512,498,8,8,7,17,8,5,40,44,37,89,42,29,175,173,171,182,182,182
WET370.SG,4119,2775,-3535,4647,4639,4617,3749,3871,4117,3014,3022,3028,2254,2322,2524,-3916,-3785,-3677,-3916,-3785,-3677,528,520,498,-369,-247,-1,239,247,253,-520,-452,-250,579,575,558,638,516,250,3,4,5,111,94,63,19,20,27,559,471,316,65,64,63,215,208,180
I6757.SG,3522,3509,-3567,3863,3449,3253,3737,3527,3399,2898,2740,3466,2890,3028,3450,-3948,-3817,-3709,-3948,-3817,-3709,341,-72,-268,215,5,-122,-611,-769,-43,-619,-481,-59,700,772,271,655,481,135,75,107,12,45,81,42,375,536,61,226,405,211,150,185,260,160,179,244
IKI038,6437,2425,-3532,6731,6705,6667,6859,6893,7043,2412,2380,2344,2474,2572,2602,-3913,-3782,-3674,-3913,-3782,-3674,294,268,230,422,456,606,-12,-44,-80,49,147,177,294,271,243,424,479,631,19,19,29,35,58,60,99,98,149,176,292,301,92,99,109,83,72,73
MA975.SG,5335,4168,-3546,5297,5257,5297,5789,5497,5397,3902,3982,4054,3784,3992,4112,-3927,-3796,-3688,-3927,-3796,-3688,-37,-77,-37,454,162,62,-266,-186,-114,-384,-176,-56,269,202,120,594,239,83,51,16,19,83,68,19,256,83,99,418,343,98,188,202,198,130,137,132
prs006-ALL_DATA.SG,3126,3614,-3517,3807,3425,3247,3451,3375,3355,2912,3190,3490,2956,3078,3194,-3898,-3767,-3659,-3898,-3767,-3659,681,299,121,325,249,229,-702,-424,-124,-658,-536,-420,978,519,173,734,591,478,98,97,33,55,52,15,490,488,167,276,264,75,135,144,135,153,155,151
PB1794.SG,3054,3487,-3524,4197,3503,3225,2921,3141,3219,2876,3060,3518,2004,2742,3076,-3905,-3774,-3666,-3905,-3774,-3666,1143,449,171,-132,87,165,-611,-427,30,-1483,-745,-411,1296,620,174,1489,750,443,83,133,61,103,147,130,415,666,308,516,736,652,118,133,79,185,173,158
PB768.SG,3054,3487,-3498,4407,3781,3525,4069,4381,4491,2956,3260,3390,2640,2822,2996,-3879,-3748,-3640,-3879,-3748,-3640,1353,727,471,1015,1327,1437,-531,-227,-97,-847,-665,-491,1453,761,481,1322,1484,1518,69,152,135,45,24,43,348,764,675,229,123,215,111,107,101,129,116,108
PB443.SG,3054,3487,-3520,4267,3769,3463,3611,3573,3531,3072,3230,3498,2284,2540,3022,-3901,-3770,-3662,-3901,-3770,-3662,1213,715,409,557,519,477,-415,-257,10,-1203,-947,-465,1282,760,409,1326,1080,666,116,143,116,48,87,73,583,715,584,244,438,369,108,109,88,155,151,134
I0560,4399,3187,-3528,4619,4601,4589,4581,4577,4535,3008,3008,3026,3006,3010,3080,-3909,-3778,-3670,-3909,-3778,-3670,220,202,190,182,178,136,-178,-178,-160,-180,-176,-106,283,269,249,256,251,173,3,4,3,3,3,40,15,20,19,19,18,201,129,131,130,134,134,128
CBT010,6389,2220,-3537,6607,6589,6499,6447,6413,6395,2280,2232,2224,2256,2258,2246,-3918,-3787,-3679,-3918,-3787,-3679,218,200,110,58,24,6,60,12,4,36,38,26,226,200,110,68,45,27,17,10,12,8,4,5,85,54,63,44,23,25,74,86,87,58,32,13
CBT011,6389,2220,-3527,6669,6631,6511,6789,6739,6707,2350,2286,2278,2228,2220,2188,-3908,-3777,-3669,-3908,-3777,-3669,280,242,122,400,350,318,130,66,58,8,0,-31,309,251,135,400,350,320,13,10,14,4,4,5,65,54,71,23,22,27,65,74,64,88,89,95
N20.SG,4926,3316,-3510,4679,4655,4843,4631,4623,4593,3102,3094,3046,3026,3036,3042,-3891,-3760,-3652,-3891,-3760,-3652,-246,-270,-82,-294,-302,-332,-213,-221,-269,-289,-279,-273,326,349,281,412,411,430,7,7,26,4,5,6,36,38,132,23,28,34,229,230,196,225,227,230
BG72.SG,3198,3430,-3483,4535,4055,4163,3565,3477,3463,3012,3198,3186,3004,3200,3254,-3864,-3733,-3625,-3864,-3733,-3625,1337,857,965,367,279,265,-418,-232,-244,-426,-230,-176,1401,888,996,562,362,318,54,127,116,60,46,21,270,638,584,303,231,105,107,105,104,139,129,123
I1593,4150,3141,-3677,4103,3751,3799,3549,3603,3557,3310,3314,3368,3332,3320,3380,-4058,-3927,-3819,-4058,-3927,-3819,-46,-398,-350,-600,-546,-592,169,173,227,191,179,239,175,434,417,630,575,639,77,74,94,81,90,101,386,370,472,408,450,505,344,293,302,287,288,291
I1563,4150,3141,-3526,3667,3801,4131,3497,3595,4063,3358,3348,3158,3376,3382,3162,-3907,-3776,-3668,-3907,-3776,-3668,-482,-348,-18,-652,-554,-86,217,207,17,235,241,21,529,405,25,693,604,89,91,102,5,92,105,7,458,513,27,460,525,35,294,300,312,289,293,283
I3134,3373,3802,-3533,3469,3461,3493,3303,3339,3291,3246,3248,3034,2724,3026,2932,-3914,-3783,-3675,-3914,-3783,-3675,96,88,120,-69,-33,-81,-556,-554,-768,-1078,-776,-870,564,561,777,1080,776,873,15,71,117,137,119,135,76,357,588,686,598,677,170,170,171,183,182,185
PN03.SG,3054,3495,-3503,3573,3447,3429,3499,3299,3177,2882,3150,3372,2954,3242,3440,-3884,-3753,-3645,-3884,-3753,-3645,519,393,375,445,245,123,-612,-344,-122,-540,-252,-54,803,522,394,700,352,134,86,78,63,76,79,32,434,391,319,383,396,163,139,131,108,140,135,113
N18.SG,4926,3316,-3528,4697,4675,4713,4657,4651,4689,3072,3074,3068,3030,3028,3098,-3909,-3778,-3670,-3909,-3778,-3670,-228,-250,-212,-268,-274,-236,-243,-241,-247,-285,-287,-217,333,347,326,391,397,321,6,6,15,8,16,36,32,32,76,42,80,181,223,225,220,223,223,227
PN06.SG,3054,3495,-3518,3555,3461,3429,3545,3403,3251,3096,3006,3256,2588,2990,3394,-3899,-3768,-3660,-3899,-3768,-3660,501,407,375,491,349,197,-398,-488,-238,-906,-504,-100,640,636,444,1031,613,221,48,90,79,79,103,35,243,450,397,395,517,175,128,140,122,151,145,117
AY2003,6817,3081,-3494,6901,6877,6841,6859,6829,6811,3094,3140,3172,3126,3162,3196,-3875,-3744,-3636,-3875,-3744,-3636,84,60,24,42,12,-5,12,58,90,44,80,114,85,84,94,61,81,114,5,6,9,6,9,9,28,33,47,31,49,47,81,45,15,43,8,357
I3133,3373,3802,-3500,3557,3413,3409,4609,4623,4605,2898,3138,3354,2998,3016,3030,-3881,-3750,-3642,-3881,-3750,-3642,184,40,36,1236,1250,1232,-904,-664,-448,-804,-786,-772,922,665,449,1475,1477,1454,99,110,86,13,5,5,497,554,432,66,28,27,168,176,175,123,122,122
CBT001,6389,2220,-3468,6615,6483,6429,6455,6449,6443,2214,2214,2220,2314,2318,2318,-3849,-3718,-3610,-3849,-3718,-3610,226,94,40,66,60,54,-5,-5,0,94,98,98,226,94,40,115,115,112,11,24,15,5,4,1,55,123,79,29,21,9,91,93,89,35,31,29
PB672.SG,3054,3487,-3513,4071,3519,3243,4037,4429,4625,2826,3104,3504,2696,2950,3026,-3894,-3763,-3655,-3894,-3763,-3655,1017,465,189,983,1375,1571,-661,-383,16,-791,-537,-461,1213,602,190,1262,1476,1637,95,138,54,75,68,5,477,692,272,377,343,26,123,129,84,128,111,106
DolmenAnsiao96B.SG,2754,2060,-3498,4583,4577,4499,3195,3333,3445,3032,3036,3056,2040,2062,2092,-3879,-3748,-3640,-3879,-3748,-3640,1829,1823,1745,441,579,691,971,975,995,-20,1,31,2071,2068,2009,442,579,692,6,6,21,57,35,15,31,33,108,287,177,79,62,61,60,92,89,87
I4308,3919,2261,-3467,3275,3397,3355,4253,4503,4743,2608,3282,3372,2156,2608,3038,-3848,-3717,-3609,-3848,-3717,-3609,-643,-521,-563,334,584,824,347,1021,1111,-104,347,777,731,1146,1246,350,679,1132,26,9,16,34,81,45,134,46,81,174,408,225,298,332,333,107,59,46
CBT003,6389,2220,-3494,6575,6539,6469,6279,6351,6363,2188,2208,2220,2082,2116,2134,-3875,-3744,-3636,-3875,-3744,-3636,186,150,80,-109,-37,-25,-31,-11,0,-137,-103,-85,189,150,80,175,110,89,30,9,7,18,5,4,153,48,37,90,28,22,99,94,89,218,199,196
PN16.SG,3054,3495,-3490,4645,4631,4615,3537,3405,3345,2986,3010,3036,2260,1984,2340,-3871,-3740,-3632,-3871,-3740,-3632,1591,1577,1561,483,351,291,-508,-484,-458,-1234,-1510,-1154,1670,1650,1627,1325,1550,1190,3,6,5,26,31,129,18,31,27,133,157,648,107,107,106,158,166,165
I3041_all.SG,3374,3803,-3476,3609,3583,3695,3447,3431,3421,3252,3266,3234,3196,3302,3344,-3857,-3726,-3618,-3857,-3726,-3618,235,209,321,73,57,47,-551,-537,-569,-607,-501,-459,599,576,653,611,504,461,39,45,65,53,26,31,199,226,329,267,132,158,156,158,150,173,173,174
I5079,4918,2516,-3425,4885,4851,4799,4985,4983,5015,2466,2534,2568,2394,2596,2748,-3806,-3675,-3567,-3806,-3675,-3567,-32,-66,-118,67,65,97,-50,17,51,-122,79,231,59,68,128,139,103,251,53,24,20,9,15,10,269,121,103,46,76,52,212,284,293,150,39,22
I8568,3398,1805,-3445,3653,3157,3161,3327,3315,3351,2604,3532,3584,2118,2322,2626,-3826,-3695,-3587,-3826,-3695,-3587,255,-240,-236,-70,-82,-46,798,1726,1778,312,516,820,838,1743,1794,320,523,821,131,8,13,19,108,124,655,43,65,99,541,623,17,352,352,347,350,356
ART019,6751,2159,-3411,6625,6559,6519,6829,6783,6751,2366,2348,2350,2168,2166,2156,-3792,-3661,-3553,-3792,-3661,-3553,-125,-191,-231,78,32,0,206,188,190,8,6,-3,241,268,300,78,33,3,8,14,22,7,4,2,40,71,111,35,20,14,328,314,309,83,78,172
I4110,6028,3146,-3431,5203,5219,5687,5357,5337,5719,3682,3850,3422,3566,3620,3332,-3812,-3681,-3573,-3812,-3681,-3573,-824,-808,-340,-670,-690,-308,536,704,276,420,474,186,983,1072,438,791,838,360,74,96,120,96,100,93,374,482,601,484,500,465,303,311,309,302,304,301
IKI034,6437,2425,-3441,6779,6771,6815,6785,6563,6423,2436,2444,2390,2334,2374,2416,-3822,-3691,-3583,-3822,-3691,-3583,342,334,378,348,126,-13,11,19,-34,-90,-50,-8,342,334,379,359,135,16,35,12,13,29,28,4,176,62,69,147,142,21,88,86,95,104,111,238
I6266,6671,2852,-3438,7517,6933,6807,7025,6937,6821,2248,2664,2756,2542,2636,2706,-3819,-3688,-3580,-3819,-3688,-3580,845,261,135,353,265,149,-603,-187,-95,-309,-215,-145,1039,322,166,470,342,209,66,60,13,30,28,19,333,302,69,150,143,95,125,125,125,131,129,134
GB.SG,5347,2724,-3440,4989,5103,5151,5099,5191,5307,3724,3482,3558,3742,3760,3610,-3821,-3690,-3582,-3821,-3690,-3582,-357,-243,-195,-247,-155,-39,1000,758,834,1018,1036,886,1062,796,856,1047,1047,887,121,80,87,74,87,75,608,402,435,372,437,378,340,342,346,346,351,357
IKI030,6437,2425,-3450,6715,6719,6635,6521,6503,6491,2368,2258,2248,2302,2316,2318,-3831,-3700,-3592,-3831,-3700,-3592,278,282,198,84,66,54,-56,-166,-176,-122,-108,-106,283,327,265,148,127,119,15,24,32,5,2,0,78,120,164,28,14,0,101,120,131,145,148,153
PB2031.SG,3054,3487,-3498,4443,3847,3291,3519,3281,3151,2984,3208,3464,3068,3414,3542,-3879,-3748,-3640,-3879,-3748,-3640,1389,793,237,465,227,97,-503,-279,-23,-419,-73,54,1477,841,238,626,238,111,85,155,103,71,41,16,426,776,516,357,208,83,109,109,95,132,107,60
ART022,6751,2159,-3421,6623,6523,6487,6827,6829,6827,2282,2262,2250,2272,2218,2178,-3802,-3671,-3563,-3802,-3671,-3563,-127,-227,-263,76,78,76,122,102,90,112,58,18,177,249,278,136,97,78,21,24,25,7,5,3,106,123,126,35,26,19,313,294,288,34,53,76
I2660,3373,3803,-3426,3301,3523,3611,3175,3179,3181,3464,3424,3312,2114,2166,2208,-3807,-3676,-3568,-3807,-3676,-3568,-71,150,238,-197,-193,-191,-338,-378,-490,-1688,-1636,-1594,346,407,545,1700,1648,1606,27,43,7,11,11,10,136,218,37,55,58,51,191,158,154,186,186,186
I2988,3365,3689,-3456,3347,3387,3239,3833,4185,3345,2874,3310,3462,2406,2950,3606,-3837,-3706,-3598,-3837,-3706,-3598,-17,22,-125,468,820,-19,-815,-379,-227,-1283,-739,-83,815,379,259,1365,1103,85,125,12,10,44,95,53,627,63,53,223,475,268,181,176,209,159,132,193
ANN1.SG,3088,3443,-3466,4631,4603,4593,3281,3223,3251,3002,3008,3036,2114,3278,3484,-3847,-3716,-3608,-3847,-3716,-3608,1543,1515,1505,193,135,163,-440,-434,-406,-1328,-164,41,1605,1576,1559,1342,213,168,4,4,3,88,109,73,23,20,18,441,548,366,105,105,105,171,140,75
PB186.SG,3054,3487,-3432,3583,3157,3171,3483,3169,3107,2740,3534,3602,2822,3526,3564,-3813,-3682,-3574,-3813,-3682,-3574,529,103,117,429,115,53,-747,46,114,-665,38,76,915,113,164,791,121,93,108,6,17,96,6,3,540,32,85,484,34,19,144,65,45,147,71,34
PB581.SG,3054,3487,-3472,4639,3785,3341,3613,3341,3207,2980,3270,3428,2456,3184,3544,-3853,-3722,-3614,-3853,-3722,-3614,1585,731,287,559,287,153,-507,-217,-59,-1031,-303,56,1664,762,293,1173,417,163,5,159,118,75,106,13,25,798,594,377,530,69,107,106,101,151,136,69
I2636,3591,4093,-3436,3945,3173,3099,3455,3187,3153,2926,3486,3530,3260,3556,3606,-3817,-3686,-3578,-3817,-3686,-3578,354,-417,-491,-135,-403,-437,-1167,-607,-563,-833,-537,-487,1219,737,747,844,672,655,85,9,5,20,7,7,426,49,27,104,36,37,163,214,221,189,216,221
PB1327.SG,3054,3487,-3457,4615,3885,3333,4663,4647,4623,2984,3252,3458,2994,3020,3024,-3838,-3707,-3599,-3838,-3707,-3599,1561,831,279,1609,1593,1569,-503,-235,-29,-493,-467,-463,1640,863,280,1683,1660,1636,4,159,116,4,3,4,24,798,581,22,16,22,107,105,95,107,106,106
ARM001,7069,2603,-3462,7339,6945,6825,6851,6811,6837,2374,2650,2750,2654,2712,2738,-3843,-3712,-3604,-3843,-3712,-3604,270,-123,-243,-217,-257,-231,-228,47,147,51,109,135,354,132,284,223,279,268,52,34,15,16,17,11,261,171,75,84,88,55,130,290,301,283,292,300
PSS4693.SG,3848,2843,-3432,4747,4723,4717,4183,4185,4083,2960,3012,3008,2034,2052,2230,-3813,-3682,-3574,-3813,-3682,-3574,899,875,869,335,337,235,117,169,165,-808,-790,-612,907,891,885,875,859,656,4,4,19,20,23,23,23,23,96,104,118,116,82,79,79,157,156,158
PN12.SG,3054,3495,-3433,3467,3375,3399,2969,3233,3373,2768,3398,3564,1876,2270,2048,-3814,-3683,-3575,-3814,-3683,-3575,413,321,345,-84,179,319,-726,-96,69,-1618,-1224,-1446,835,335,352,1620,1237,1481,112,58,21,68,121,85,560,291,109,340,608,426,150,106,78,182,171,167
I3136,3373,3802,-3448,3483,3381,3261,3785,3611,3497,2986,3296,3506,2366,3000,3722,-3829,-3698,-3590,-3829,-3698,-3590,110,8,-111,412,238,124,-816,-506,-296,-1436,-802,-80,823,506,316,1494,836,148,91,62,19,33,150,81,458,310,96,165,754,405,172,179,200,163,163,122
Tamula1,5305,3937,-3453,5263,5245,5245,5253,5263,5251,3838,3934,3972,3810,3876,3958,-3834,-3703,-3595,-3834,-3703,-3595,-42,-60,-60,-52,-42,-54,-98,-2,35,-126,-60,21,107,60,69,137,74,58,13,15,12,5,8,11,65,78,63,27,44,56,203,267,300,202,214,291
I6268,6671,2852,-3462,7627,7289,6833,6889,6875,6855,2190,2444,2714,2616,2672,2712,-3843,-3712,-3604,-3843,-3712,-3604,955,617,161,217,203,183,-661,-407,-137,-235,-179,-139,1162,740,212,321,272,231,8,81,17,7,12,12,42,405,86,39,61,60,124,123,130,137,131,127
I3273_published,3292,2248,-3448,3413,3457,3501,3373,3389,3411,3286,3468,3506,2590,2178,2340,-3829,-3698,-3590,-3829,-3698,-3590,121,165,209,81,97,119,1037,1219,1257,341,-70,91,1044,1231,1275,351,119,150,49,41,50,93,42,71,249,206,254,469,213,358,6,7,9,13,125,52
I7594,3406,1798,-3438,4661,4643,4631,3247,3475,3557,2960,3002,3042,1922,2524,3022,-3819,-3688,-3580,-3819,-3688,-3580,1255,1237,1225,-158,69,151,1162,1204,1244,124,726,1224,1711,1726,1746,201,729,1233,5,4,6,21,142,164,29,23,33,108,714,824,47,45,44,308,5,7
ARD2.SG,3114,3465,-3447,3625,3261,3219,4563,4621,4603,2740,3506,3590,3006,3056,3066,-3828,-3697,-3589,-3828,-3697,-3589,510,146,104,1448,1506,1488,-725,40,124,-459,-409,-399,887,152,162,1519,1561,1541,122,62,22,41,4,4,614,310,112,206,22,22,144,74,40,107,105,105
PB754.SG,3054,3487,-3420,3529,3273,3409,3373,3373,3387,3072,3510,3670,2072,2108,2448,-3801,-3670,-3562,-3801,-3670,-3562,475,219,355,319,319,333,-415,22,182,-1415,-1379,-1039,631,220,399,1450,1415,1091,113,58,24,43,72,110,566,290,124,216,360,553,131,84,62,167,166,162
IKI016,6437,2425,-3426,6747,6745,6679,6419,6431,6431,2364,2242,2232,2408,2416,2418,-3807,-3676,-3568,-3807,-3676,-3568,310,308,242,-17,-5,-5,-60,-182,-192,-16,-8,-6,315,358,309,24,10,9,15,25,32,5,3,3,77,128,162,28,17,15,101,120,128,227,214,221
I2637,3591,4093,-3462,3521,3445,3461,4659,4647,4621,2952,2854,3190,2992,3004,3010,-3843,-3712,-3604,-3843,-3712,-3604,-69,-145,-129,1068,1056,1030,-1141,-1239,-903,-1101,-1089,-1083,1143,1247,912,1534,1517,1494,102,133,112,4,3,3,513,669,563,21,17,18,183,186,188,135,135,136
I6267,6671,2852,-3452,7087,6923,6851,6991,6893,6771,2564,2690,2750,2590,2674,2736,-3833,-3702,-3594,-3833,-3702,-3594,415,251,179,319,221,99,-287,-161,-101,-261,-177,-115,505,299,206,413,284,153,63,37,13,14,23,14,317,186,65,71,116,70,124,122,119,129,128,139
SA6001,6865,3110,-3419,6895,6855,6819,6843,6817,6805,3100,3138,3176,3128,3174,3214,-3800,-3669,-3561,-3800,-3669,-3561,30,-9,-45,-21,-47,-59,-9,28,66,18,64,104,32,29,80,28,79,119,6,4,7,6,7,6,33,23,35,31,37,33,107,341,325,310,323,330
PN07.SG,3054,3495,-3481,3615,3321,3181,3679,3429,3303,2884,3294,3500,2354,3056,3472,-3862,-3731,-3623,-3862,-3731,-3623,561,267,127,625,375,249,-610,-200,5,-1140,-438,-22,829,334,127,1300,577,250,92,72,25,40,113,68,460,362,125,202,569,343,137,126,87,151,139,95
mid002.SG,3574,4075,-3466,3697,3367,3349,3937,3897,3565,3150,3482,3666,2606,3186,3698,-3847,-3716,-3608,-3847,-3716,-3608,122,-207,-225,362,322,-9,-924,-592,-408,-1468,-888,-376,932,627,466,1512,945,376,85,77,67,58,136,90,426,386,338,291,684,452,172,199,208,166,160,181
prs013-ALL_DATA.SG,3126,3614,-3470,4361,3431,3109,3677,3419,3281,2912,3370,3526,2426,3146,3562,-3851,-3720,-3612,-3851,-3720,-3612,1235,305,-16,551,293,155,-702,-244,-88,-1188,-468,-52,1420,390,89,1309,552,163,77,111,7,62,119,53,387,555,36,313,598,269,119,128,190,155,147,108
TRPTN_611.SG,3646,3274,-3462,3609,3265,3289,3439,3415,3463,2874,3302,3594,2280,2676,3024,-3843,-3712,-3604,-3843,-3712,-3604,-36,-380,-356,-206,-230,-182,-400,27,319,-994,-598,-250,401,381,478,1015,641,309,83,58,30,72,105,86,417,293,151,360,527,432,185,274,311,191,201,216
IKI036,6437,2425,-3444,6673,6539,6425,7407,6493,6397,2284,2254,2290,2416,2414,2416,-3825,-3694,-3586,-3825,-3694,-3586,236,102,-11,970,56,-39,-140,-170,-134,-8,-10,-8,274,198,135,970,57,40,17,18,11,30,55,6,85,93,57,150,275,33,120,149,185,90,100,257
I7272,4617,3017,-3448,4701,4681,4653,4701,4681,4637,2968,3008,3020,2978,2990,2978,-3829,-3698,-3590,-3829,-3698,-3590,84,64,36,84,64,20,-48,-8,3,-38,-26,-38,97,64,36,92,69,43,4,6,4,4,4,5,23,32,23,20,21,25,119,97,84,114,112,152
I4949_published,3501,3215,-3457,3493,3367,3385,3541,3603,3629,2916,3406,3578,3226,3200,3172,-3838,-3707,-3599,-3838,-3707,-3599,-7,-133,-115,40,102,128,-298,191,363,11,-14,-42,298,233,381,42,103,135,94,51,42,28,15,10,470,259,212,142,75,54,181,325,342,74,97,108
CBT005,6389,2220,-3486,6651,6529,6417,6453,6385,6355,2232,2214,2226,2264,2262,2268,-3867,-3736,-3628,-3867,-3736,-3628,262,140,28,64,-3,-33,12,-5,6,44,42,48,262,140,29,78,42,58,18,23,19,15,6,1,93,119,98,78,34,8,87,92,77,55,355,325
I7598,3406,1798,-3446,4127,3293,3147,3131,3287,3339,3008,3372,3470,1940,1868,1844,-3827,-3696,-3588,-3827,-3696,-3588,721,-112,-258,-274,-118,-66,1210,1574,1672,142,70,46,1409,1578,1692,308,137,80,51,22,8,38,15,7,258,112,43,193,77,38,30,355,351,297,300,304
R24.SG,4188,1969,-3449,4191,3657,3629,4191,4377,4675,1968,2738,3218,1968,2312,2876,-3830,-3699,-3591,-3830,-3699,-3591,2,-531,-559,2,188,486,0,769,1249,0,343,907,3,934,1368,3,391,1029,0,169,75,0,116,91,0,847,377,0,581,458,104,325,335,104,28,28
prs009-ALL_DATA.SG,3126,3614,-3391,3479,3239,3143,3429,3409,3343,3028,3436,3518,2380,2608,3160,-3772,-3641,-3533,-3772,-3641,-3533,353,113,17,303,283,217,-586,-178,-96,-1234,-1006,-454,684,211,97,1270,1045,503,118,35,4,105,132,97,590,179,22,526,662,488,148,147,169,166,164,154
I3137_published,3373,3802,-3428,4347,4353,4101,3771,3825,3621,3026,3042,2948,3016,2812,3050,-3809,-3678,-3570,-3809,-3678,-3570,974,980,728,398,452,248,-776,-760,-854,-786,-990,-752,1245,1240,1122,881,1088,792,63,54,87,107,91,122,316,272,437,538,457,611,128,127,139,153,155,161
I8567,3398,1805,-3420,4325,3443,3131,3379,3177,3175,3008,3334,3474,3310,3588,3644,-3801,-3670,-3562,-3801,-3670,-3562,927,45,-266,-18,-220,-222,1202,1528,1668,1504,1782,1838,1518,1529,1689,1504,1796,1851,48,22,3,59,11,9,242,112,16,298,57,46,37,1,350,359,352,353
I2605,3583,3207,-3321,3421,3369,3421,3769,3621,3647,3152,3438,3494,2912,2878,2946,-3702,-3571,-3463,-3702,-3571,-3463,-161,-213,-161,186,38,64,-55,230,286,-295,-329,-261,170,314,329,349,331,268,79,55,38,44,51,43,399,277,190,223,259,215,251,317,330,147,173,166
AY2001,6817,3081,-3308,6869,6831,6805,6855,6835,6803,3016,3056,3082,3034,3074,3092,-3689,-3558,-3450,-3689,-3558,-3450,52,14,-11,38,18,-13,-65,-25,0,-47,-7,10,83,29,11,60,19,17,11,8,4,7,5,9,56,44,23,35,29,49,141,149,274,140,110,309
ans005.SG,4808,3850,-3333,4573,4505,4455,5137,5149,5213,3052,3000,2972,3180,3210,3168,-3714,-3583,-3475,-3714,-3583,-3475,-234,-302,-352,329,341,405,-798,-850,-878,-670,-640,-682,831,902,946,746,725,793,6,41,61,53,58,69,32,209,307,266,293,348,196,199,201,153,151,149
ROUQCC.SG,3829,2296,-3379,4567,4509,4477,3615,3493,3501,3056,3024,2998,3084,3376,3258,-3760,-3629,-3521,-3760,-3629,-3521,738,680,648,-213,-335,-327,760,728,702,788,1080,962,1060,996,956,816,1131,1016,7,35,33,132,128,141,36,175,167,661,641,709,44,43,42,344,342,341
GNM1007.SG,3050,3603,-3320,3281,3117,3181,3255,3319,3357,3248,3528,3456,3448,3438,3468,-3701,-3570,-3462,-3701,-3570,-3462,231,67,131,205,269,307,-354,-74,-146,-154,-164,-134,423,100,196,256,315,335,115,7,71,49,51,52,575,38,356,246,259,264,146,137,138,126,121,113
IKI017,6437,2425,-3300,6619,6341,6371,6733,6623,6521,2218,2296,2318,2176,2170,2180,-3681,-3550,-3442,-3681,-3550,-3442,182,-95,-65,296,186,84,-206,-128,-106,-248,-254,-244,275,160,125,386,315,258,26,13,18,10,11,6,132,67,91,52,56,33,138,216,211,130,143,161
I6753_all.SG,3652,3178,-3361,3523,3531,3547,4345,4381,4431,3298,3416,3484,2930,2992,2996,-3742,-3611,-3503,-3742,-3611,-3503,-128,-120,-104,693,729,779,119,237,305,-248,-186,-182,175,266,323,736,753,800,50,63,53,48,42,30,253,318,265,240,211,152,313,333,341,109,104,103
I3023,3421,3295,-3350,4461,4557,4449,3143,3273,3365,2958,3040,2954,2252,2432,2718,-3731,-3600,-3492,-3731,-3600,-3492,1040,1136,1028,-277,-147,-55,-337,-255,-341,-1043,-863,-577,1093,1164,1083,1079,875,579,22,18,22,66,64,79,113,93,113,331,324,396,107,102,108,194,189,185
I1720,6936,2890,-3392,7019,6899,6823,6893,6915,6929,2682,2732,2766,2754,2796,2826,-3773,-3642,-3534,-3773,-3642,-3534,83,-36,-112,-42,-20,-6,-207,-157,-123,-135,-93,-63,223,161,167,142,95,63,19,25,28,14,13,10,97,127,140,73,65,50,158,193,222,197,192,186
ART018,6751,2159,-3330,7055,6959,6963,6981,7159,7175,2536,2586,2482,2546,2618,2596,-3711,-3580,-3472,-3711,-3580,-3472,304,208,212,230,408,424,376,426,322,386,458,436,484,474,386,450,614,608,26,15,35,28,25,38,134,76,175,141,126,192,38,26,33,30,41,44
ART032,6751,2159,-3290,6759,6745,6751,6795,6813,6809,2282,2214,2182,2310,2250,2222,-3671,-3540,-3432,-3671,-3540,-3432,8,-5,0,44,62,58,122,54,22,150,90,62,123,55,22,157,110,85,24,26,22,8,5,3,124,132,111,40,27,19,3,354,1,16,34,42
ART014,6751,2159,-3300,6531,6399,6405,6661,6665,6685,2226,2268,2272,2188,2146,2124,-3681,-3550,-3442,-3681,-3550,-3442,-219,-351,-345,-89,-85,-65,66,108,112,28,-13,-35,229,368,363,94,86,74,25,5,10,4,4,3,125,25,53,21,24,16,286,287,288,287,261,241
ART023,6751,2159,-3264,6539,6525,6595,6695,6685,6705,2340,2328,2282,2346,2316,2272,-3645,-3514,-3406,-3645,-3514,-3406,-211,-225,-155,-55,-65,-45,180,168,122,186,156,112,278,281,198,194,169,121,13,19,26,12,16,11,67,98,133,62,84,59,310,306,308,343,337,337
PB675.SG,3054,3487,-3233,3763,3719,3723,3493,3709,3819,3128,3056,2946,3290,3136,3052,-3614,-3483,-3375,-3614,-3483,-3375,709,665,669,439,655,765,-359,-431,-541,-197,-351,-435,795,792,860,481,743,880,110,83,69,80,81,58,553,416,349,404,409,294,116,122,128,114,118,119
ans003.SG,4808,3850,-3314,4905,5029,5087,5153,5331,5425,3050,3010,2950,3178,3020,2882,-3695,-3564,-3456,-3695,-3564,-3456,97,221,279,345,523,617,-800,-840,-900,-672,-830,-968,806,868,942,755,981,1148,45,61,67,65,58,33,228,309,338,325,292,168,173,165,162,152,147,147
IKI012,6437,2425,-3254,6571,6633,6657,6877,6869,6735,2356,2280,2260,2504,2394,2404,-3635,-3504,-3396,-3635,-3504,-3396,134,196,220,440,432,298,-68,-144,-164,79,-30,-20,150,243,274,447,433,298,28,33,33,7,5,36,141,168,165,36,29,183,117,126,126,79,94,93
IV3002,6793,3069,-3196,6857,6825,6845,6727,6701,6669,2892,2922,2936,2894,2920,2922,-3577,-3446,-3338,-3577,-3446,-3338,64,32,52,-65,-91,-123,-177,-147,-133,-175,-149,-147,188,150,143,187,175,192,13,14,11,14,14,14,68,72,58,72,74,73,160,167,158,200,211,220
I3214,3033,2393,-3227,4499,4377,4355,2987,3125,3263,3040,2924,2942,2336,2484,2562,-3608,-3477,-3369,-3608,-3477,-3369,1465,1343,1321,-46,91,229,646,530,548,-57,90,168,1602,1444,1431,73,129,285,32,67,72,46,61,63,160,337,362,233,306,315,66,68,67,218,45,53
SB577A_lib.SG,3435,3437,-3203,4479,4265,4275,3649,3799,3825,2978,2810,2828,2826,3020,2984,-3584,-3453,-3345,-3584,-3453,-3345,1044,830,840,214,364,390,-459,-627,-609,-611,-417,-453,1140,1040,1038,647,553,598,31,31,22,101,74,78,157,157,114,506,373,393,113,127,125,160,138,139
ART015,6751,2159,-3279,6575,6569,6601,6753,6757,6755,2332,2294,2270,2072,2052,2036,-3660,-3529,-3421,-3660,-3529,-3421,-175,-181,-149,2,6,4,172,134,110,-87,-107,-123,246,226,186,87,107,123,22,32,37,5,4,4,113,164,186,25,23,24,314,306,306,178,176,177
1H14.SG,3880,2878,-3216,4263,4373,4201,3557,3581,3743,3154,3122,2878,3250,3276,3102,-3597,-3466,-3358,-3597,-3466,-3358,382,492,320,-323,-299,-137,276,244,0,372,398,224,472,550,320,492,497,262,29,24,34,8,40,37,148,122,170,43,202,186,54,63,89,319,323,328
I0519,3576,3290,-3245,3259,3209,3251,4535,4451,4319,3566,3612,3534,3036,2986,2904,-3626,-3495,-3387,-3626,-3495,-3387,-316,-366,-324,959,875,743,276,322,244,-253,-303,-385,420,488,406,992,926,837,28,19,15,3,13,20,142,98,77,19,69,101,311,311,306,104,109,117
I0518,3576,3290,-3239,3463,3489,3659,3159,3201,3269,3134,3622,3614,2472,2620,2768,-3620,-3489,-3381,-3620,-3489,-3381,-112,-86,83,-416,-374,-306,-155,332,324,-817,-669,-521,192,343,334,917,767,605,99,29,73,75,73,59,497,148,365,378,368,297,215,345,14,207,209,210
1H07.SG,3880,2878,-3206,4387,4277,4277,3501,3609,3879,3038,3002,3032,3720,3530,3174,-3587,-3456,-3348,-3587,-3456,-3348,506,396,396,-379,-271,-1,160,124,154,842,652,296,531,415,425,923,706,296,24,46,66,63,85,78,120,230,330,316,428,394,72,72,68,335,337,359
TGM009,4454,3271,-3281,5547,5557,5315,5431,5475,5509,3948,3958,3626,3870,3776,3684,-3662,-3531,-3423,-3662,-3531,-3423,1093,1103,861,977,1021,1055,676,686,354,598,504,412,1285,1299,931,1146,1139,1133,84,89,83,40,38,31,420,446,416,201,190,155,58,58,67,58,63,68
RISE487.SG,4350,2460,-3258,5211,5115,5041,4733,4799,4815,2780,2654,2638,2888,2968,2960,-3639,-3508,-3400,-3639,-3508,-3400,861,765,691,383,449,465,319,193,177,427,507,499,918,789,713,574,677,682,24,11,12,20,18,14,120,59,62,104,91,74,69,75,75,41,41,42
I2752,4910,2660,-3256,4889,4911,4817,4747,4709,4681,2764,2794,2770,2874,2854,2814,-3637,-3506,-3398,-3637,-3506,-3398,-20,1,-92,-162,-200,-228,103,133,109,213,193,153,105,133,143,268,279,275,16,11,25,10,9,6,82,57,129,52,47,33,348,0,319,322,313,303
I2755,4910,2660,-3194,4791,4717,4689,4883,4875,4837,2578,2550,2532,2684,2692,2642,-3575,-3444,-3336,-3575,-3444,-3336,-118,-192,-220,-26,-34,-72,-82,-110,-128,23,31,-18,144,222,255,35,47,75,13,16,21,8,11,17,68,84,108,41,58,89,235,240,239,311,312,255
I2785,5063,2780,-3260,4817,4863,4941,5159,5173,5179,2982,2924,2868,2754,2744,2744,-3641,-3510,-3402,-3641,-3510,-3402,-245,-199,-121,96,110,116,202,144,88,-25,-35,-35,318,246,150,99,115,121,24,33,33,11,9,7,122,165,169,58,46,36,309,305,306,104,107,106
FIL004,4215,1910,-3200,4803,4849,4893,4235,4239,4279,2972,2948,2916,2068,2122,2248,-3581,-3450,-3342,-3581,-3450,-3342,588,634,678,20,24,64,1062,1038,1006,158,212,338,1214,1216,1213,159,213,344,9,8,10,10,27,50,48,44,51,52,136,252,28,31,33,7,6,10
2H17.SG,3880,2878,-3211,4593,4457,4553,4615,4599,4661,3038,3074,3014,2984,2996,3058,-3592,-3461,-3353,-3592,-3461,-3353,713,577,673,735,719,781,160,196,136,106,118,180,730,609,686,742,728,801,5,19,21,8,18,25,25,95,106,40,91,126,77,71,78,81,80,77
MB6.SG,3323,3580,-3239,3239,3213,3449,3213,3185,3239,3460,3462,3324,3348,3476,3456,-3620,-3489,-3381,-3620,-3489,-3381,-83,-109,126,-109,-137,-83,-119,-117,-255,-231,-103,-123,145,160,285,256,172,149,67,59,96,66,9,6,339,298,480,334,45,30,214,222,153,205,232,213
ART012,6751,2159,-3210,6467,6451,6469,6749,6721,6711,2240,2254,2256,2142,2116,2104,-3591,-3460,-3352,-3591,-3460,-3352,-283,-299,-281,-1,-29,-39,80,94,96,-17,-43,-55,294,314,297,17,52,67,9,5,9,3,5,4,49,29,48,19,26,24,285,287,288,185,214,215
I5076,2675,1770,-3192,3745,3699,3745,3245,3227,3425,3318,3298,3106,3032,3392,2990,-3573,-3442,-3334,-3573,-3442,-3334,1070,1024,1070,570,552,750,1548,1528,1336,1262,1622,1220,1882,1839,1712,1385,1713,1432,49,50,65,95,31,61,245,251,326,475,159,307,34,33,38,24,18,31
IKI002,6437,2425,-3233,6555,6477,6595,6847,6711,6391,2240,2272,2204,2536,2506,2414,-3614,-3483,-3375,-3614,-3483,-3375,118,40,158,410,274,-45,-184,-152,-220,111,81,-10,219,157,271,424,285,47,28,28,32,16,37,17,140,141,160,84,188,85,147,165,144,74,73,256
IKI009,6437,2425,-3269,6623,6691,6707,6353,6343,6359,2336,2242,2200,2324,2332,2346,-3650,-3519,-3411,-3650,-3519,-3411,186,254,270,-83,-93,-77,-88,-182,-224,-100,-92,-78,206,312,351,131,132,110,34,30,25,3,3,3,171,153,129,18,15,19,115,125,129,219,225,224
MX182,4143,2685,-3201,3211,3165,3381,3177,3157,3189,3516,3548,3330,3496,3516,3516,-3582,-3451,-3343,-3582,-3451,-3343,-931,-977,-761,-965,-985,-953,830,862,644,810,830,830,1248,1303,998,1260,1289,1264,29,5,105,15,4,7,145,29,529,75,21,35,311,311,310,310,310,311
ROUQFF.SG,3829,2296,-3217,4615,4581,4525,3271,3287,3481,3022,2998,2966,2306,2698,2822,-3598,-3467,-3359,-3598,-3467,-3359,786,752,696,-557,-541,-347,726,702,670,10,402,526,1070,1029,966,557,674,630,8,10,55,34,42,90,40,51,275,170,212,452,47,46,46,271,306,326
NG10.SG,3243,3521,-3174,3203,3189,3543,3457,3193,3165,3600,3598,3126,3134,3462,3504,-3555,-3424,-3316,-3555,-3424,-3316,-39,-53,300,214,-49,-77,78,76,-395,-387,-59,-17,88,93,496,442,77,79,15,25,110,118,72,50,75,125,554,590,363,252,333,325,142,151,219,257
I3085,3576,4027,-3233,3439,3415,3465,3217,3203,3285,3118,3504,3506,3608,3582,3580,-3614,-3483,-3375,-3614,-3483,-3375,-136,-160,-110,-358,-372,-290,-909,-523,-521,-419,-445,-447,919,547,532,551,580,533,125,19,68,13,37,60,625,99,344,66,187,301,188,197,191,220,219,213
RA42,4143,2685,-3214,3245,3817,4471,4687,4683,4637,3380,3286,2974,3044,3050,3008,-3595,-3464,-3356,-3595,-3464,-3356,-897,-325,328,544,540,494,694,600,288,358,364,322,1135,683,436,651,651,590,20,47,67,5,8,43,102,235,337,25,40,219,307,331,48,56,55,56
ART026,6751,2159,-3216,6621,6727,6763,6567,6505,6501,2358,2254,2218,2276,2280,2274,-3597,-3466,-3358,-3597,-3466,-3358,-129,-23,12,-183,-245,-249,198,94,58,116,120,114,237,97,60,217,273,274,23,22,1,12,8,8,117,110,5,62,44,40,326,346,11,302,296,294
I1658,7102,2559,-3216,6903,6815,6863,6863,6893,6913,2694,2746,2756,2718,2750,2762,-3597,-3466,-3358,-3597,-3466,-3358,-198,-286,-238,-238,-208,-188,134,186,196,158,190,202,240,342,309,286,282,277,19,22,22,11,8,6,98,111,111,58,41,32,304,303,309,303,312,317
ans008.SG,4808,3850,-3172,4789,4775,4673,4615,4687,4713,3064,3016,3228,3174,3256,3294,-3553,-3422,-3314,-3553,-3422,-3314,-18,-32,-134,-192,-120,-94,-786,-834,-622,-676,-594,-556,786,834,636,703,606,564,76,75,75,45,42,33,380,375,376,229,214,165,181,182,192,195,191,189
I11501,7542,4061,-3202,6837,6789,6759,6753,6767,6919,3168,3210,3238,3194,3268,3488,-3583,-3452,-3344,-3583,-3452,-3344,-704,-752,-782,-788,-774,-622,-893,-851,-823,-867,-793,-573,1137,1136,1135,1171,1108,846,8,7,9,6,46,97,40,36,47,30,232,489,218,221,223,222,224,227
2H10.SG,3880,2878,-3221,3877,4219,4213,3261,3129,3263,3254,3162,2998,3406,3518,3322,-3602,-3471,-3363,-3602,-3471,-3363,-2,339,333,-618,-750,-616,376,284,120,528,640,444,376,442,354,813,986,760,27,33,41,44,4,29,139,165,206,222,22,145,359,50,70,310,310,305
I2369,4999,2764,-3234,4961,4941,4929,5027,5029,5025,2726,2700,2678,2740,2742,2728,-3615,-3484,-3376,-3615,-3484,-3376,-37,-57,-69,28,30,26,-37,-63,-85,-23,-21,-35,53,86,110,37,37,44,7,7,4,6,2,2,38,35,24,33,11,12,224,221,218,130,125,143
I0551,4448,3159,-3223,4157,4215,4503,4657,4653,4581,3172,3180,3022,3056,3078,3016,-3604,-3473,-3365,-3604,-3473,-3365,-290,-232,55,209,205,133,12,20,-137,-103,-81,-143,290,233,147,233,221,195,106,104,56,4,3,19,532,520,283,24,19,97,272,275,157,116,111,136
I16183,4178,1949,-3196,3959,4295,4523,4197,4175,4155,2980,3172,2906,1956,2126,2322,-3577,-3446,-3338,-3577,-3446,-3338,-218,117,345,19,-2,-22,1031,1223,957,7,177,373,1054,1228,1017,20,177,373,128,48,74,6,39,48,640,241,373,30,199,241,348,5,19,69,359,356
ARM002,7069,2603,-3237,6961,6763,6749,6825,6855,6887,2634,2758,2768,2738,2766,2770,-3618,-3487,-3379,-3618,-3487,-3379,-107,-305,-319,-243,-213,-181,31,155,165,135,163,167,111,342,359,278,268,246,30,10,8,12,8,7,154,51,43,61,44,37,286,296,297,298,307,312
I7554,3562,4058,-3222,3187,3145,3347,4599,4573,4591,3488,3504,3336,3054,3052,3064,-3603,-3472,-3364,-3603,-3472,-3364,-374,-416,-214,1037,1011,1029,-569,-553,-721,-1003,-1005,-993,681,693,752,1443,1425,1430,8,4,64,4,3,3,42,20,321,20,18,18,213,216,196,134,134,133
lai001.SG,3586,4061,-3231,3161,3111,3169,4643,4343,4201,3542,3566,3534,3060,2958,2856,-3612,-3481,-3373,-3612,-3481,-3373,-424,-474,-416,1057,757,615,-518,-494,-526,-1000,-1102,-1204,670,685,671,1455,1337,1352,14,12,31,6,74,63,73,64,158,31,373,317,219,223,218,133,145,152
HOL004,4627,3018,-3194,4419,4501,4541,3437,3323,3533,3090,2966,3004,3572,3710,3636,-3575,-3444,-3336,-3575,-3444,-3336,-207,-125,-85,-1189,-1303,-1093,71,-52,-14,553,691,617,219,135,86,1311,1475,1255,103,60,44,83,43,80,518,302,223,418,219,401,289,247,260,294,297,299
hem005.SG,4837,3821,-3229,5407,5311,5259,5331,5329,5289,3720,3816,3826,3694,3700,3742,-3610,-3479,-3371,-3610,-3479,-3371,569,473,421,493,491,451,-101,-5,4,-127,-121,-79,578,474,422,510,506,458,32,32,27,20,22,19,160,164,139,102,110,98,100,90,89,104,103,99
ART027_d,6751,2159,-3261,6911,6903,6909,6859,6875,6861,2532,2554,2400,2394,2330,2282,-3642,-3511,-3403,-3642,-3511,-3403,160,152,158,108,124,110,372,394,240,234,170,122,405,423,288,258,211,165,23,17,29,8,11,6,119,87,147,41,57,30,23,21,33,24,36,41
I2371,5012,2732,-3207,4923,4987,4977,4877,4883,4897,2856,2770,2746,2812,2756,2744,-3588,-3457,-3349,-3588,-3457,-3349,-88,-24,-34,-134,-128,-114,124,38,14,80,24,12,152,45,37,156,130,115,28,22,21,7,9,12,141,114,107,37,48,62,324,327,292,300,280,276
I2651,3591,4093,-3188,3453,3387,3503,3351,3493,3507,3502,3654,3638,3364,3290,3052,-3569,-3438,-3330,-3569,-3438,-3330,-137,-203,-87,-239,-97,-83,-591,-439,-455,-729,-803,-1041,607,484,463,767,809,1044,35,44,94,8,6,101,179,224,471,43,34,507,193,204,190,198,186,184
MK5008,6917,2908,-3230,6907,6785,6839,6893,6749,6731,2690,2748,2766,2522,2538,2446,-3611,-3480,-3372,-3611,-3480,-3372,-9,-131,-77,-23,-167,-185,-217,-159,-141,-385,-369,-461,217,206,161,386,405,497,33,9,10,21,21,17,168,49,51,105,105,87,182,219,208,183,204,201
SA6004,6865,3110,-3213,6835,6809,6807,6963,6955,6889,3158,3202,3244,3482,3506,3404,-3594,-3463,-3355,-3594,-3463,-3355,-29,-55,-57,98,90,24,48,92,134,372,396,294,56,107,145,385,406,295,6,8,7,84,77,50,33,41,38,423,388,253,328,329,336,14,12,4
I2980,3587,4090,-3202,3177,3271,3645,3215,3177,3195,3466,3450,3120,3472,3544,3534,-3583,-3452,-3344,-3583,-3452,-3344,-409,-315,58,-371,-409,-391,-623,-639,-969,-617,-545,-555,746,713,971,720,682,679,9,39,76,47,8,7,45,195,383,239,40,39,213,206,176,211,216,215
bal004.SG,3497,3931,-3232,3229,3235,3477,3409,3463,3559,3598,3604,3368,3076,3204,2920,-3613,-3482,-3374,-3613,-3482,-3374,-267,-261,-19,-87,-33,62,-332,-326,-562,-854,-726,-1010,426,418,562,859,727,1012,28,32,79,90,61,102,140,160,396,453,306,511,218,218,182,185,182,176
hem004.SG,4837,3821,-3181,5431,5375,5345,5391,5325,5327,3736,3806,3844,3662,3766,3734,-3562,-3431,-3323,-3562,-3431,-3323,593,537,507,553,487,489,-85,-15,22,-159,-55,-87,600,538,508,576,491,497,37,31,35,22,15,22,185,157,177,112,78,114,98,91,87,106,96,100
2H07.SG,3880,2878,-3201,4487,4399,4383,4219,4117,4065,3048,3024,2986,3138,3068,2882,-3582,-3451,-3343,-3582,-3451,-3343,607,519,503,339,237,185,170,146,108,260,190,4,630,539,514,427,303,185,6,30,28,30,39,32,32,150,143,153,197,163,74,74,77,52,51,88
I0172,4437,3146,-3214,4651,4637,4585,4979,5117,5125,3004,2994,2984,2860,2830,2796,-3595,-3464,-3356,-3595,-3464,-3356,214,200,148,542,680,688,-142,-152,-162,-286,-316,-350,256,251,219,612,749,772,4,34,30,31,9,5,23,171,150,159,48,27,123,127,137,117,114,116
I5428,2695,2042,-3203,3457,3423,3493,3423,3431,3515,3390,3748,3788,1994,1946,2024,-3584,-3453,-3345,-3584,-3453,-3345,762,728,798,728,736,820,1348,1706,1746,-47,-95,-17,1548,1855,1920,729,742,820,63,42,46,6,7,21,316,213,230,32,39,107,29,23,24,93,97,91
mid001.SG,3574,4075,-3241,3395,3211,3687,3901,3443,3655,3424,3484,3190,2732,3200,3026,-3622,-3491,-3383,-3622,-3491,-3383,-179,-363,112,326,-131,80,-650,-590,-884,-1342,-874,-1048,674,693,891,1381,884,1051,63,39,83,115,81,76,316,199,415,578,408,383,195,211,172,166,188,175
ART038,6751,2159,-3198,6481,6487,6563,6491,6559,6617,2298,2298,2254,2230,2192,2170,-3579,-3448,-3340,-3579,-3448,-3340,-269,-263,-187,-259,-191,-133,138,138,94,70,32,10,303,297,210,269,194,134,10,15,22,11,16,7,54,78,110,56,84,36,297,297,296,285,279,274
ART020_d,6751,2159,-3238,6673,6653,6715,6465,6437,6577,2270,2252,2198,2290,2292,2222,-3619,-3488,-3380,-3619,-3488,-3380,-77,-97,-35,-285,-313,-173,110,92,38,130,132,62,135,134,52,314,340,184,32,37,27,22,23,31,163,186,139,112,116,157,324,313,317,294,292,289
SIJ003,6609,2906,-3201,6833,6755,6743,6835,6815,6785,2730,2774,2776,2720,2752,2750,-3582,-3451,-3343,-3582,-3451,-3343,224,146,134,226,206,176,-175,-131,-129,-185,-153,-155,285,197,187,293,257,235,35,5,8,12,8,6,179,27,41,61,44,34,128,131,133,129,126,131
ART017,6751,2159,-3226,6537,6529,6613,6813,6799,6791,2342,2336,2278,2172,2142,2124,-3607,-3476,-3368,-3607,-3476,-3368,-213,-221,-137,62,48,40,182,176,118,12,-17,-35,281,283,181,63,51,53,17,22,28,5,3,1,85,113,143,26,17,5,310,308,310,78,109,131
ROUQHH.SG,3829,2296,-3211,4551,4367,4333,3353,3397,3501,3028,2896,2864,1982,1962,2054,-3592,-3461,-3353,-3592,-3461,-3353,722,538,504,-475,-431,-327,732,600,568,-313,-333,-241,1028,806,760,569,545,406,10,71,73,15,10,26,51,357,367,75,51,132,44,41,41,236,232,233
ROUQW.SG,3829,2296,-3218,4513,4441,4275,3301,3355,3465,3044,3000,2844,2062,2288,2298,-3599,-3468,-3360,-3599,-3468,-3360,684,612,446,-527,-473,-363,748,704,548,-233,-7,2,1014,933,707,576,473,363,5,37,62,23,38,49,29,189,310,116,193,246,42,41,39,246,269,270
SA6013,6865,3110,-3196,6821,6795,6779,6835,6823,6801,2966,3002,3016,2976,3008,3016,-3577,-3446,-3338,-3577,-3446,-3338,-43,-69,-85,-29,-41,-63,-143,-107,-93,-133,-101,-93,150,128,126,137,109,113,6,5,4,7,6,3,32,26,23,38,32,16,196,212,222,192,202,214
I2978,3576,4027,-3198,3437,3457,3539,3591,3677,3769,3000,3538,3450,3346,3320,3236,-3579,-3448,-3340,-3579,-3448,-3340,-138,-118,-36,15,101,193,-1027,-489,-577,-681,-707,-791,1036,503,578,681,714,814,139,43,86,70,96,111,697,218,433,354,480,555,187,193,183,178,171,166
2H11.SG,3880,2878,-3233,4905,5191,5165,5095,5263,5359,3524,3552,3564,3568,3448,3480,-3614,-3483,-3375,-3614,-3483,-3375,1025,1311,1285,1215,1383,1479,646,674,686,690,570,602,1211,1474,1456,1397,1495,1596,124,99,97,108,83,54,621,496,488,542,418,271,57,62,61,60,67,67
2HC51961131.SG,3880,2878,-3235,4525,4351,4411,4563,4451,4305,3004,2888,2928,3032,2960,2890,-3616,-3485,-3377,-3616,-3485,-3377,645,471,531,683,571,425,126,10,50,154,82,12,657,471,533,700,576,425,8,46,27,7,30,40,40,231,135,35,154,200,78,88,84,77,81,88
I1594,4150,3141,-3184,4809,4875,5043,5381,5461,5447,3336,3418,3528,3678,3518,3496,-3565,-3434,-3326,-3565,-3434,-3326,659,725,893,1231,1311,1297,195,277,387,537,377,355,687,776,973,1343,1364,1345,121,117,96,20,12,30,608,587,480,102,60,154,73,69,66,66,73,74
I2754,4910,2660,-3190,4899,4833,4801,4993,4975,4967,2782,2706,2704,2762,2740,2734,-3571,-3440,-3332,-3571,-3440,-3332,-10,-76,-108,83,65,57,121,45,43,101,79,73,122,89,117,131,102,93,17,4,11,9,7,5,85,23,57,49,39,29,354,300,291,39,39,37
MK5001,6917,2908,-3207,6811,6803,6809,6857,6853,6853,2766,2800,2806,2744,2776,2784,-3588,-3457,-3349,-3588,-3457,-3349,-105,-113,-107,-59,-63,-63,-141,-107,-101,-163,-131,-123,176,156,148,174,146,139,6,8,11,8,4,6,34,41,55,41,20,30,216,226,226,200,205,207
MK5004,6917,2908,-3205,6815,6787,6785,6823,6801,6767,2798,2824,2836,2794,2826,2824,-3586,-3455,-3347,-3586,-3455,-3347,-101,-129,-131,-93,-115,-149,-109,-83,-71,-113,-81,-83,149,154,149,147,141,171,7,9,10,8,8,12,38,48,53,41,41,60,222,237,241,219,234,240
ROUQV.SG,3829,2296,-3222,4589,4473,4409,3285,3325,3379,3052,3026,2964,2098,2128,2198,-3603,-3472,-3364,-3603,-3472,-3364,760,644,580,-543,-503,-449,756,730,668,-197,-167,-97,1072,974,885,578,530,459,5,44,82,9,13,26,28,221,410,49,67,134,45,41,40,250,251,257
I2934,3576,4027,-3210,3327,3289,3337,3425,3583,3767,3498,3514,3506,3778,3752,3500,-3591,-3460,-3352,-3591,-3460,-3352,-248,-286,-238,-150,7,191,-529,-513,-521,-249,-275,-527,584,587,573,291,275,560,22,36,65,49,89,123,111,182,327,245,447,615,205,209,204,211,178,160
HOL002,4627,3018,-3178,4173,4343,4455,3183,3233,3451,3174,3068,2890,3428,3428,3298,-3559,-3428,-3320,-3559,-3428,-3320,-453,-283,-171,-1443,-1393,-1175,155,49,-128,409,409,279,479,287,213,1500,1452,1208,139,112,54,23,30,70,695,561,273,119,151,352,288,279,233,285,286,283
GNM1076.SG,3050,3603,-3220,3691,3879,3657,3515,3455,3341,3332,3240,3168,3292,3358,3384,-3601,-3470,-3362,-3601,-3470,-3362,641,829,607,465,405,291,-270,-362,-434,-310,-244,-218,695,904,746,559,473,364,146,146,144,104,111,112,730,732,720,520,559,561,112,113,125,123,121,126
I2405_published,4850,3333,-3136,4433,4427,4459,4471,4513,4613,2964,2944,2972,3096,3130,3186,-3517,-3386,-3278,-3517,-3386,-3278,-417,-423,-391,-379,-337,-237,-368,-388,-360,-236,-202,-146,556,574,532,446,393,278,61,70,61,9,28,36,305,351,307,48,140,180,228,227,227,238,238,238
bally.SG,3297,3606,-3184,4109,4433,4251,3365,3365,3565,3190,3068,2902,3622,3498,3258,-3565,-3434,-3326,-3565,-3434,-3326,812,1136,954,68,68,268,-416,-538,-704,15,-108,-348,912,1257,1185,70,127,439,113,65,66,55,76,101,567,327,332,277,380,505,117,115,126,76,147,142
I1838,3281,2257,-3174,3607,3615,3613,3443,3449,3439,3306,3164,2942,2172,2092,2088,-3555,-3424,-3316,-3555,-3424,-3316,326,334,332,162,168,158,1049,907,685,-84,-164,-168,1098,966,761,183,235,231,48,74,92,58,43,43,243,373,461,290,217,219,17,20,25,117,134,136
MX213,4143,2685,-3162,3371,3577,3693,3225,3269,3503,3310,3198,3046,3402,3412,3240,-3543,-3412,-3304,-3543,-3412,-3304,-771,-565,-449,-917,-873,-639,624,512,360,716,726,554,992,763,576,1164,1136,846,38,102,116,26,67,113,194,511,582,134,336,569,308,312,308,307,309,310
I2520,5605,2364,-3187,5323,5379,5349,5619,5577,5567,2834,2538,2476,2726,2562,2436,-3568,-3437,-3329,-3568,-3437,-3329,-281,-225,-255,14,-27,-37,469,173,111,361,197,71,547,284,278,362,199,81,90,44,46,23,29,27,451,222,232,115,145,138,329,307,293,2,352,332
I2370,5012,2732,-3181,4995,5069,4929,4947,4973,4979,2860,2730,2792,2754,2682,2682,-3562,-3431,-3323,-3562,-3431,-3323,-16,57,-82,-64,-38,-32,128,-1,60,22,-49,-49,129,57,102,68,63,59,31,18,30,26,17,16,156,93,153,133,89,81,352,91,306,288,217,213
I2366_published,4999,2764,-3181,4921,4983,4979,5045,5087,5071,2870,2768,2758,2802,2798,2764,-3562,-3431,-3323,-3562,-3431,-3323,-77,-15,-19,46,88,72,106,4,-5,38,34,0,131,16,20,60,94,72,25,22,20,10,9,6,125,114,103,53,49,30,323,284,252,50,68,89
RA43,4143,2685,-3145,3381,3895,3993,3437,3453,3437,3368,3168,2892,1868,1860,1886,-3526,-3395,-3287,-3526,-3395,-3287,-761,-247,-149,-705,-689,-705,682,482,206,-817,-825,-799,1022,542,255,1080,1075,1066,26,83,94,8,9,10,133,418,472,40,48,50,311,332,324,220,219,221
I2935,3576,4027,-3143,3413,3403,3669,4033,4083,3921,3398,3678,3318,3432,3286,3312,-3524,-3393,-3285,-3524,-3393,-3285,-162,-172,93,457,507,345,-629,-349,-709,-595,-741,-715,649,389,715,750,898,794,90,49,110,124,132,133,454,246,550,620,661,666,194,206,172,142,145,154
1H06.SG,3880,2878,-3169,4297,4529,4809,4069,4069,4057,3250,3298,3394,3204,3214,3210,-3550,-3419,-3311,-3550,-3419,-3311,416,648,928,188,188,176,372,420,516,326,336,332,558,773,1062,376,385,376,84,106,102,6,5,8,422,531,510,30,28,40,48,57,60,30,29,28
por002.SG,3210,2238,-3173,4355,4389,4323,3519,3687,3855,2992,3016,2986,3788,3538,3330,-3554,-3423,-3315,-3554,-3423,-3315,1145,1179,1113,309,477,645,753,777,747,1549,1299,1091,1371,1413,1341,1580,1384,1268,67,38,54,19,51,52,337,190,272,98,259,262,56,56,56,11,20,30
ans014.SG,4808,3850,-3152,4371,4297,4371,4751,4703,4709,2966,2924,2966,3276,3276,3270,-3533,-3402,-3294,-3533,-3402,-3294,-436,-510,-436,-56,-104,-98,-884,-926,-884,-574,-574,-580,986,1057,986,576,583,588,74,78,92,44,38,35,373,391,463,224,190,177,206,208,206,185,190,189
I5118,5133,2804,-3140,5021,5039,4975,5153,5111,5097,2824,2750,2782,2768,2704,2692,-3521,-3390,-3282,-3521,-3390,-3282,-111,-93,-157,20,-21,-35,20,-53,-21,-35,-99,-111,113,107,159,40,101,117,37,30,33,6,6,4,188,152,167,33,32,24,280,240,262,150,192,197
I8566,3375,1816,-3138,3639,3589,3629,3261,3343,3389,3134,3066,3072,2034,1924,1928,-3519,-3388,-3280,-3519,-3388,-3280,264,214,254,-113,-31,14,1318,1250,1256,218,108,112,1344,1268,1281,245,112,113,52,82,67,84,44,36,261,412,338,422,221,180,11,9,11,332,343,7
I6764.SG,3496,3948,-3133,3769,3669,3589,3537,3473,3577,3084,3098,2804,3434,3444,3342,-3514,-3383,-3275,-3514,-3383,-3275,273,173,93,41,-22,81,-863,-849,-1143,-513,-503,-605,906,867,1147,515,504,611,96,95,127,95,97,105,484,478,635,476,488,527,162,168,175,175,182,172
I6766.SG,3496,3948,-3091,3817,3805,3743,3333,3517,3631,3082,2966,2760,2712,2654,2554,-3472,-3341,-3233,-3472,-3341,-3233,321,309,247,-162,21,135,-865,-981,-1187,-1235,-1293,-1393,923,1029,1213,1246,1294,1400,82,88,91,149,132,106,412,442,458,747,660,533,159,162,168,187,179,174
I2979,3576,4027,-3161,3395,3339,3587,3233,3301,3429,3452,3506,3230,3410,3342,3144,-3542,-3411,-3303,-3542,-3411,-3303,-180,-236,11,-342,-274,-146,-575,-521,-797,-617,-685,-883,602,572,797,705,738,895,14,36,92,6,44,93,74,180,463,34,221,469,197,204,179,209,201,189
I2175,5695,2373,-3120,5157,5177,5117,5233,5199,5165,2620,2442,2540,2602,2488,2468,-3501,-3370,-3262,-3501,-3370,-3262,-537,-517,-577,-461,-495,-529,247,69,167,229,115,95,591,521,601,515,508,537,43,32,63,23,40,23,218,163,316,115,201,116,294,277,286,296,283,280
I2606,3583,3207,-3119,3125,3341,3681,3295,3413,3533,3558,3396,3090,3328,3164,2882,-3500,-3369,-3261,-3500,-3369,-3261,-457,-241,98,-287,-169,-49,350,188,-117,120,-43,-325,576,306,152,311,174,328,4,14,16,38,60,79,24,70,80,191,301,398,307,308,139,292,255,188
RK1007,6674,2995,-3152,6831,6821,6789,6961,6967,6907,3098,3138,3152,3742,3842,3636,-3533,-3402,-3294,-3533,-3402,-3294,157,147,115,287,293,233,103,143,157,747,847,641,188,205,195,800,896,682,5,6,7,112,98,98,27,34,36,563,491,490,56,45,36,21,19,20
I0429,6846,4132,-3156,6741,6703,6719,6925,6895,6917,3132,3272,3508,3958,4010,4090,-3537,-3406,-3298,-3537,-3406,-3298,-104,-142,-126,79,49,71,-999,-859,-623,-173,-121,-41,1005,871,636,190,131,82,9,63,91,72,62,9,47,315,455,361,312,45,185,189,191,155,158,120
CabecoArruda117B.SG,2715,1978,-3119,4307,4269,4173,3279,3537,3615,3038,2936,2850,3590,3406,3214,-3500,-3369,-3261,-3500,-3369,-3261,1592,1554,1458,564,822,900,1060,958,872,1612,1428,1236,1913,1826,1699,1708,1648,1529,68,72,78,50,35,63,344,361,392,252,177,315,56,58,59,19,29,36
CabecoArruda122A.SG,2715,1978,-3144,4515,4399,4371,4345,3945,3715,3070,2968,2950,2964,3226,3182,-3525,-3394,-3286,-3525,-3394,-3286,1800,1684,1656,1630,1230,1000,1092,990,972,986,1248,1204,2105,1954,1920,1905,1752,1565,21,74,58,53,53,39,109,372,293,269,266,198,58,59,59,58,44,39
I2434,4850,3333,-3130,4473,4409,4343,4793,4821,4857,3028,3000,2862,3972,3836,3706,-3511,-3380,-3272,-3511,-3380,-3272,-377,-441,-507,-57,-29,6,-304,-332,-470,639,503,373,484,552,691,641,504,373,71,68,79,37,54,56,356,344,395,188,270,281,231,232,227,354,356,1
I2441,4850,3333,-3140,4469,4409,4371,4543,4585,4645,3000,2944,2930,3042,3080,3088,-3521,-3390,-3282,-3521,-3390,-3282,-381,-441,-479,-307,-265,-205,-332,-388,-402,-290,-252,-244,505,587,625,422,366,319,55,51,39,11,20,21,278,256,197,56,103,105,228,228,229,226,226,219
I7602,3325,2301,-3145,3659,3727,3617,3241,3269,3279,3228,3088,2886,2200,2236,2266,-3526,-3395,-3287,-3526,-3395,-3287,334,402,292,-83,-55,-45,927,787,585,-100,-64,-34,985,884,654,130,85,57,21,58,83,22,11,9,109,293,419,112,57,49,19,27,26,219,220,232
I7603,3325,2301,-3148,3617,3571,3583,3125,3197,3229,3150,2988,2882,2306,2308,2330,-3529,-3398,-3290,-3529,-3398,-3290,292,246,258,-199,-127,-95,849,687,581,5,7,29,898,730,636,199,127,100,66,98,90,27,19,18,332,490,450,139,98,93,18,19,23,271,273,287
I7605,3325,2301,-3056,3647,3697,3661,3353,3337,3317,3184,3008,2806,2162,2200,2230,-3437,-3306,-3198,-3437,-3306,-3198,322,372,336,28,12,-7,883,707,505,-138,-100,-70,940,799,607,141,101,71,86,65,117,15,13,8,434,326,588,79,66,43,20,27,33,168,173,186
I7606,3325,2301,-3061,3671,3773,3637,3289,3291,3291,3130,2960,2798,2210,2248,2268,-3442,-3311,-3203,-3442,-3311,-3203,346,448,312,-35,-33,-33,829,659,497,-90,-52,-32,898,797,587,97,62,46,51,65,92,15,11,7,256,327,463,75,56,39,22,34,32,201,212,225
I7604,3325,2301,-3041,3687,3601,3499,3317,3371,3417,3128,2856,2578,2272,2294,2318,-3422,-3291,-3183,-3422,-3291,-3183,362,276,174,-7,46,92,827,555,277,-28,-6,17,903,620,327,29,46,93,46,91,95,21,22,14,232,459,475,105,112,70,23,26,32,195,98,79
I11300,3328,2300,-3125,3885,4141,4141,3565,3659,3579,3314,3296,3314,3382,3294,3294,-3506,-3375,-3267,-3506,-3375,-3267,557,813,813,237,331,251,1013,995,1013,1081,993,993,1156,1285,1299,1107,1047,1025,76,102,119,102,113,121,383,510,598,510,566,609,28,39,38,12,18,14
I11301,3328,2300,-3120,3713,3639,3621,3187,3259,3285,3174,2960,2868,2232,2272,2296,-3501,-3370,-3262,-3501,-3370,-3262,385,311,293,-140,-68,-42,873,659,567,-68,-28,-4,954,729,639,156,74,42,59,73,80,25,14,10,295,369,404,128,74,54,23,25,27,244,247,264
I11601,2715,1978,-3029,3437,3679,4049,3471,3627,3639,3238,3144,2798,3782,3552,3456,-3410,-3279,-3171,-3410,-3279,-3171,722,964,1334,756,912,924,1260,1166,820,1804,1574,1478,1452,1513,1566,1956,1819,1743,31,26,25,23,47,33,159,134,128,117,235,169,29,39,58,22,30,32
I11599,2715,1978,-3067,3545,3757,3879,3439,3509,3685,3626,3314,3102,3306,3230,3130,-3448,-3317,-3209,-3448,-3317,-3209,830,1042,1164,724,794,970,1648,1336,1124,1328,1252,1152,1845,1694,1618,1512,1482,1506,51,52,44,7,27,11,257,263,222,37,136,58,26,37,46,28,32,40
I11249,3328,2300,-3084,3693,3655,3739,3693,3747,3821,3164,2932,2788,3104,3034,2882,-3465,-3334,-3226,-3465,-3334,-3226,365,327,411,365,419,493,863,631,487,803,733,581,937,711,638,882,845,762,27,87,94,29,36,22,139,437,474,149,183,112,22,27,40,24,29,40
I11248,3328,2300,-3025,3771,3767,3603,3649,3785,3715,3102,2974,2744,3114,2982,2852,-3406,-3275,-3167,-3406,-3275,-3167,443,439,275,321,457,387,801,673,443,813,681,551,916,804,522,874,820,674,25,51,86,38,18,56,128,256,433,191,93,281,28,33,31,21,33,35
I2753,4910,2660,-3137,4739,4803,4887,4645,4637,4615,2968,2946,2892,2924,2910,2864,-3518,-3387,-3279,-3518,-3387,-3279,-170,-106,-22,-264,-272,-294,307,285,231,263,249,203,351,305,232,373,369,358,14,17,19,5,4,12,73,87,97,27,24,61,330,339,354,314,312,304
I2367_published,4999,2764,-3126,4895,4899,4923,4929,4935,4961,2816,2802,2782,2854,2830,2826,-3507,-3376,-3268,-3507,-3376,-3268,-103,-99,-75,-69,-63,-37,52,38,18,90,66,62,115,106,77,113,91,72,16,18,19,6,5,4,83,94,95,30,27,20,296,290,283,322,316,328
I5119,5133,2804,-3146,5017,4969,4941,4931,4947,4947,2676,2674,2710,2672,2672,2680,-3527,-3396,-3288,-3527,-3396,-3288,-115,-163,-191,-201,-185,-185,-127,-129,-93,-131,-131,-123,172,208,213,240,227,223,15,15,14,6,6,5,77,76,74,34,30,26,222,231,244,236,234,236
ros3.SG,4535,3903,-3122,5081,5049,4851,4555,4595,4683,2866,2806,2938,3054,3098,3126,-3503,-3372,-3264,-3503,-3372,-3264,545,513,315,19,59,147,-1036,-1096,-964,-848,-804,-776,1171,1211,1015,849,807,790,65,54,54,16,16,13,326,270,273,81,84,67,152,154,161,178,175,169
I6272,6671,2852,-3128,6793,6779,6789,6843,6839,6867,2780,2792,2782,2754,2770,2748,-3509,-3378,-3270,-3509,-3378,-3270,121,107,117,171,167,195,-71,-59,-69,-97,-81,-103,141,123,137,197,186,221,9,8,10,9,6,8,47,41,54,49,34,42,120,119,120,119,116,117
MX187,4143,2685,-3120,3563,3797,4021,3227,3301,3617,3302,3096,2970,3456,3418,3166,-3501,-3370,-3262,-3501,-3370,-3262,-579,-345,-121,-915,-841,-525,616,410,284,770,732,480,846,536,309,1196,1116,712,47,101,100,32,55,107,236,508,501,160,276,538,316,319,336,310,311,312
ans017.SG,4808,3850,-3074,4515,4561,4453,4317,4409,4321,3158,3152,3082,3116,3036,2960,-3455,-3324,-3216,-3455,-3324,-3216,-292,-246,-354,-490,-398,-486,-692,-698,-768,-734,-814,-890,751,740,845,882,906,1014,80,65,58,32,11,19,402,326,292,162,59,99,202,199,204,213,206,208
I7489,6909,4074,-3100,6803,6751,6773,6959,7005,6961,3128,3164,3438,3946,4130,4130,-3481,-3350,-3242,-3481,-3350,-3242,-105,-157,-135,50,96,52,-945,-909,-635,-127,56,56,951,923,650,137,111,76,9,12,82,72,39,17,47,62,411,364,196,89,186,189,192,158,59,43
ROUQEE.SG,3829,2296,-3105,4437,4441,4417,3899,3885,3827,3036,2964,2946,2424,2500,2524,-3486,-3355,-3247,-3486,-3355,-3247,608,612,588,70,56,-1,740,668,650,128,204,228,958,906,877,146,212,228,31,61,48,9,12,9,157,309,244,48,60,48,39,42,42,28,15,359
I11736,6942,3806,-3067,6835,6805,6873,6831,6887,6901,3162,3232,3594,3400,3276,3330,-3448,-3317,-3209,-3448,-3317,-3209,-106,-136,-68,-110,-54,-40,-643,-573,-211,-405,-529,-475,652,589,222,420,532,477,10,20,34,36,22,17,51,100,171,181,111,87,189,193,197,195,185,184
NGZ1.SG,3243,3521,-3080,4185,4111,4095,4497,4309,4183,3166,2872,2800,3002,2874,2878,-3461,-3330,-3222,-3461,-3330,-3222,942,868,852,1254,1066,940,-355,-649,-721,-519,-647,-643,1007,1084,1116,1357,1247,1139,107,83,62,12,17,30,537,416,311,62,89,154,110,126,130,112,121,124
I1497,5064,2722,-3094,5075,5001,4873,5221,5185,5173,2744,2718,2834,2718,2672,2656,-3475,-3344,-3236,-3475,-3344,-3236,11,-62,-190,157,121,109,22,-3,112,-3,-49,-65,25,62,221,157,130,127,30,32,35,13,7,6,151,161,175,69,38,32,26,266,300,91,112,120
I0439,6846,4132,-3092,6763,6711,6783,7057,7017,6977,3140,3358,3688,4216,4186,4162,-3473,-3342,-3234,-3473,-3342,-3234,-82,-134,-62,211,171,131,-991,-773,-443,84,54,30,995,785,448,227,179,134,10,75,94,28,24,17,52,376,471,141,124,86,184,189,188,68,72,76
I5882,6028,3146,-3054,5153,5245,5341,5269,5487,5553,3892,3812,3702,3856,3678,3616,-3435,-3304,-3196,-3435,-3304,-3196,-874,-782,-686,-758,-540,-474,746,666,556,710,532,470,1149,1028,883,1039,758,668,59,88,92,89,111,106,299,442,462,448,559,531,310,310,309,313,314,314
I3138,3373,3802,-3066,3407,3577,3867,3397,3423,3673,3708,3776,3058,3520,3374,3166,-3447,-3316,-3208,-3447,-3316,-3208,34,204,494,24,50,300,-94,-26,-744,-282,-428,-636,100,206,893,283,431,703,31,66,93,126,148,150,159,332,468,633,743,753,159,97,146,175,173,154
MX211,4143,2685,-3028,3203,3569,4097,3171,3225,3257,3510,3174,2688,3548,3472,3480,-3409,-3278,-3170,-3409,-3278,-3170,-939,-573,-45,-971,-917,-885,824,488,2,862,786,794,1250,753,45,1299,1208,1190,5,113,6,3,6,4,29,566,32,17,33,23,311,310,273,311,310,311
RA45,4143,2685,-3028,3535,4097,4195,3489,3523,3851,3360,2882,2696,3148,3186,2984,-3409,-3278,-3170,-3409,-3278,-3170,-607,-45,52,-653,-619,-291,674,196,10,462,500,298,908,201,53,801,796,417,51,86,17,28,5,81,256,431,87,143,26,408,317,346,78,305,308,315
I0444,6905,4108,-3086,6573,6553,6637,6967,6907,6879,3160,3340,3658,4240,4200,4166,-3467,-3336,-3228,-3467,-3336,-3228,-331,-351,-267,62,2,-25,-948,-768,-450,131,91,57,1004,844,523,145,92,63,40,81,102,16,9,7,204,405,513,82,49,35,199,204,210,25,1,336
TORTD.SG,3755,2253,-3019,4729,4735,4637,3455,3441,3411,2878,2970,3028,1946,1944,1960,-3400,-3269,-3161,-3400,-3269,-3161,974,980,882,-299,-313,-343,625,717,775,-306,-308,-292,1157,1214,1174,428,440,451,89,37,46,11,8,8,445,187,231,57,44,43,57,53,48,224,225,229
Aes4,4140,2708,-3019,3161,3673,4099,3471,3791,4019,3518,3092,2736,3178,2854,2736,-3400,-3269,-3161,-3400,-3269,-3161,-978,-466,-40,-668,-348,-120,809,383,27,469,145,27,1269,603,48,816,377,123,5,122,53,23,64,32,27,611,268,115,323,163,309,309,304,305,292,283
atp016.SG,3210,2238,-3011,4625,4529,4401,3589,3971,4113,3044,2928,2810,2868,2470,2638,-3392,-3261,-3153,-3392,-3261,-3153,1415,1319,1191,379,761,903,805,689,571,629,231,399,1628,1489,1321,735,796,988,32,71,50,45,36,30,164,357,250,226,181,152,60,62,64,31,73,66
I2433,4850,3333,-3014,4275,4501,4369,4103,3879,3587,2834,3022,2904,2774,3282,3454,-3395,-3264,-3156,-3395,-3264,-3156,-575,-349,-481,-747,-971,-1263,-498,-310,-428,-558,-50,121,761,467,644,932,972,1268,92,58,38,36,74,75,460,294,190,183,373,376,229,228,228,233,267,275
I2440,4850,3333,-2983,4153,3961,4057,4535,4669,4797,2822,2594,2720,3126,3184,3176,-3364,-3233,-3125,-3364,-3233,-3125,-697,-889,-793,-315,-181,-53,-510,-738,-612,-206,-148,-156,864,1155,1002,376,234,165,103,96,65,13,16,7,516,480,328,66,84,38,233,230,232,236,230,198
I3277,3291,2248,-3028,3695,3891,3977,3233,3249,3239,3276,3098,2940,2276,2300,2310,-3409,-3278,-3170,-3409,-3278,-3170,404,600,686,-57,-41,-51,1027,849,691,27,51,61,1104,1040,974,63,66,80,6,59,64,8,9,9,33,295,323,42,47,49,21,35,44,295,321,320
MX184,4143,2685,-3046,3455,3779,3919,3401,3497,3601,3280,3106,2888,2996,2972,2980,-3427,-3296,-3188,-3427,-3296,-3188,-687,-363,-223,-741,-645,-541,594,420,202,310,286,294,909,556,301,804,706,616,105,113,104,55,78,81,528,569,521,279,394,405,310,319,312,292,293,298
MX203,4143,2685,-2911,3787,4039,4103,3279,3345,3433,2982,2844,2752,2478,2412,2602,-3292,-3161,-3053,-3292,-3161,-3053,-355,-103,-39,-863,-797,-709,296,158,66,-207,-273,-83,463,189,77,888,843,714,102,90,76,41,30,57,513,452,381,205,153,289,309,326,329,256,251,263
MX204,4143,2685,-2961,4279,4391,4355,3665,3835,3931,2942,2808,2718,3150,3012,2948,-3342,-3211,-3103,-3342,-3211,-3103,136,248,212,-477,-307,-211,256,122,32,464,326,262,290,276,214,666,448,337,80,69,54,112,112,108,403,348,274,562,563,542,27,63,81,314,316,321
MX209,4143,2685,-2962,3747,3871,3925,3313,3483,3553,3042,2968,2830,3406,3276,3122,-3343,-3212,-3104,-3343,-3212,-3104,-395,-271,-217,-829,-659,-589,356,282,144,720,590,436,532,392,261,1099,885,733,110,107,96,70,108,115,552,539,481,354,542,577,312,316,303,310,311,306
MX210,4143,2685,-2969,3707,3729,3675,3337,3327,3313,3216,3006,2888,2160,2188,2206,-3350,-3219,-3111,-3350,-3219,-3111,-435,-413,-467,-805,-815,-829,530,320,202,-525,-497,-479,686,523,509,962,955,958,104,103,106,12,11,9,523,515,530,61,55,46,320,307,293,236,238,239
Bul10,5622,2285,-2993,5107,5103,4961,5761,5751,5713,2512,2492,2634,2490,2416,2394,-3374,-3243,-3135,-3374,-3243,-3135,-514,-518,-660,139,129,91,227,207,349,205,131,109,562,558,747,248,184,142,32,19,50,34,14,9,163,97,253,173,74,46,293,291,297,34,44,39
I1917,6038,3158,-3042,6605,6585,6567,6949,6923,6903,2986,3006,2996,3022,3032,3026,-3423,-3292,-3184,-3423,-3292,-3184,567,547,529,911,885,865,-172,-152,-162,-136,-126,-132,592,567,553,921,894,875,44,50,49,5,8,14,221,254,248,29,40,70,106,105,107,98,98,98
I3272,3292,2248,-3007,3799,4313,4129,3429,3441,3405,3322,3112,2848,2012,2048,2086,-3388,-3257,-3149,-3388,-3257,-3149,507,1021,837,137,149,113,1073,863,599,-236,-200,-162,1187,1337,1029,273,249,197,95,147,120,11,10,11,479,739,600,59,54,57,25,49,54,149,143,145
I2631,3606,4077,-3007,3299,3705,4037,4367,4287,3925,3560,3154,2740,2800,2748,3008,-3388,-3257,-3149,-3388,-3257,-3149,-306,99,431,761,681,319,-517,-923,-1337,-1277,-1329,-1069,601,928,1405,1486,1493,1115,9,98,32,6,6,80,48,493,164,32,34,401,210,173,162,149,152,163
por004.SG,3210,2238,-3001,4357,4501,4367,3523,3783,3967,2920,3022,2908,3352,3142,3000,-3382,-3251,-3143,-3382,-3251,-3143,1147,1291,1157,313,573,757,681,783,669,1113,903,761,1334,1510,1337,1157,1070,1074,99,71,43,100,41,4,497,355,219,500,206,23,59,58,59,15,32,44
N38.SG,4922,3314,-3019,4885,4759,4547,4751,4753,4813,3012,3128,3024,3310,3278,3252,-3400,-3269,-3161,-3400,-3269,-3161,-36,-162,-374,-170,-168,-108,-302,-186,-290,-4,-36,-62,304,246,473,170,172,124,57,41,52,30,19,9,286,207,260,153,97,45,186,221,232,268,257,240
I3276_published,3291,2248,-2993,3733,4049,3929,3427,3497,3465,3290,3052,2854,2090,2186,2204,-3374,-3243,-3135,-3374,-3243,-3135,442,758,638,136,206,174,1041,803,605,-158,-62,-44,1131,1105,880,209,216,180,37,101,82,16,19,15,189,509,414,83,98,75,23,43,46,139,106,104
ros005_renamed.SG,4535,3903,-2987,4317,4435,4261,4621,4703,4815,2990,3032,2902,3256,3304,3260,-3368,-3237,-3129,-3368,-3237,-3129,-218,-100,-274,85,167,279,-912,-870,-1000,-646,-598,-642,938,876,1037,652,621,701,58,30,19,35,12,11,293,151,97,177,64,59,193,186,195,172,164,156
1H13.SG,3880,2878,-3014,4203,4155,4135,3773,3981,3991,2992,2884,2866,3034,2842,2836,-3395,-3264,-3156,-3395,-3264,-3156,322,274,254,-107,100,110,114,6,-11,156,-35,-41,342,275,255,189,107,118,53,29,9,28,9,9,267,149,46,140,49,47,70,88,92,325,109,110
MAS15.SG,3755,2252,-2986,4495,4661,4369,3459,3483,3447,2944,3070,2820,1994,2076,2258,-3367,-3236,-3128,-3367,-3236,-3128,740,906,614,-295,-271,-307,691,817,567,-258,-176,5,1012,1220,836,392,324,308,63,32,39,27,42,65,315,161,199,137,211,329,46,47,47,228,237,271
TU910_SX22,4267,2704,-3020,4719,4883,4861,5001,5007,5033,2998,2928,2866,2812,2808,2820,-3401,-3270,-3162,-3401,-3270,-3162,452,616,594,734,740,766,294,224,162,108,104,116,539,655,616,742,747,775,19,35,55,8,4,3,95,179,275,42,24,17,56,70,74,81,81,81
TUC003,4626,3011,-2986,4423,4355,4163,4409,4653,4763,3162,3048,2942,3264,3444,3416,-3367,-3236,-3128,-3367,-3236,-3128,-202,-270,-462,-216,27,137,150,36,-69,252,432,404,252,272,467,332,433,427,43,17,17,27,28,23,216,87,87,139,141,117,306,277,261,319,3,18
TUC004,4626,3011,-2994,5191,4879,4761,4545,4623,4735,2704,2848,3048,3030,3052,3060,-3375,-3244,-3136,-3375,-3244,-3136,565,253,135,-80,-2,109,-307,-163,36,18,40,48,643,301,140,82,40,119,36,65,37,21,17,11,182,326,189,106,88,56,118,122,74,283,356,65
I0357,6846,4132,-2990,6393,6477,6717,6977,6923,6899,3140,3398,3864,4228,4188,4168,-3371,-3240,-3132,-3371,-3240,-3132,-452,-368,-128,131,77,53,-991,-733,-267,96,56,36,1090,821,297,162,95,64,4,91,95,21,12,8,24,457,476,105,61,42,204,206,205,53,53,55
Aes16,4140,2708,-2988,4547,4515,4311,3167,3575,4077,2996,2944,2786,3482,3210,2806,-3369,-3238,-3130,-3369,-3238,-3130,407,375,171,-972,-564,-62,287,235,77,773,501,97,499,443,188,1242,755,115,16,44,32,6,103,71,82,223,162,30,516,359,54,57,65,308,311,327
Aes1,4140,2708,-2977,3763,4223,4185,4113,4229,4233,3210,2724,2672,2608,2664,2672,-3358,-3227,-3119,-3358,-3227,-3119,-376,83,45,-26,89,93,501,15,-36,-100,-44,-36,627,85,58,103,100,100,78,45,16,47,8,4,393,227,81,238,42,20,323,79,128,194,116,111
TUC005,4626,3011,-2986,4665,4761,4673,3323,3337,3351,2970,3034,2918,2152,1864,2082,-3367,-3236,-3128,-3367,-3236,-3128,39,135,47,-1302,-1288,-1274,-41,22,-93,-859,-1147,-929,57,137,104,1560,1725,1577,41,22,23,37,34,91,208,111,117,188,171,458,136,80,152,236,228,233
I11531,7542,4061,-2994,6833,7197,7535,6819,7175,7515,3314,3744,4068,3314,3710,4058,-3375,-3244,-3136,-3375,-3244,-3136,-708,-344,-6,-722,-366,-26,-747,-317,6,-747,-351,-3,1029,468,9,1039,507,26,60,109,2,41,103,4,304,546,14,208,518,23,223,227,316,224,226,263
TUC002,4626,3011,-2967,4867,4847,4643,4905,4929,4973,2710,2754,2650,2710,2736,2782,-3348,-3217,-3109,-3348,-3217,-3109,241,221,17,279,303,347,-301,-257,-361,-301,-275,-229,386,339,361,410,409,416,5,5,8,3,4,4,26,28,43,18,22,21,141,139,177,137,132,123
vbj012.minus.SG,4840,3862,-2989,5245,5193,5067,5261,5221,5087,3840,3802,3834,3770,3786,3856,-3370,-3239,-3131,-3370,-3239,-3131,405,353,227,421,381,247,-21,-59,-27,-91,-75,-5,405,358,228,431,388,247,24,27,26,16,26,19,123,136,131,84,134,98,93,99,97,102,101,91
Gokhem2.SG,4521,3901,-2978,4345,4453,4315,4339,4561,4771,2924,2980,2880,2896,3122,3180,-3359,-3228,-3120,-3359,-3228,-3120,-175,-67,-205,-181,40,250,-977,-921,-1021,-1005,-779,-721,992,923,1041,1021,780,763,60,48,25,29,33,25,300,243,128,149,168,126,190,184,191,190,177,160
hem001.SG,4837,3821,-3004,5309,5219,5129,5409,5463,5423,3846,3872,3854,3708,3690,3724,-3385,-3254,-3146,-3385,-3254,-3146,471,381,291,571,625,585,24,50,32,-113,-131,-97,472,385,293,583,639,594,36,40,37,21,26,42,180,204,185,107,130,212,86,82,83,101,101,99
I3432,2792,1877,-2957,3393,3981,4057,3421,3899,4049,3642,2792,2704,3274,2728,2710,-3338,-3207,-3099,-3338,-3207,-3099,601,1189,1265,629,1107,1257,1765,915,827,1397,851,833,1865,1500,1511,1532,1396,1508,37,34,7,5,24,5,186,174,38,29,124,28,18,52,56,24,52,56
CAK533.SG,3132,3591,-2981,3273,3777,4141,3271,3285,3283,3440,2818,2744,3236,3222,3202,-3362,-3231,-3123,-3362,-3231,-3123,141,645,1009,139,153,151,-150,-772,-846,-354,-368,-388,206,1007,1317,381,399,417,100,111,9,137,137,138,501,556,46,689,689,692,136,140,129,158,157,158
I1975,3292,2248,-2978,3223,3901,4093,3935,3823,3715,3602,3098,2796,2428,2442,2472,-3359,-3228,-3120,-3359,-3228,-3120,-68,609,801,643,531,423,1353,849,547,179,193,223,1355,1045,970,667,565,478,35,66,15,4,29,52,178,333,75,23,145,263,357,35,55,74,69,62
I11732,7542,4061,-2959,6879,7119,7499,6819,7471,7583,3380,3662,4034,3334,3942,4064,-3340,-3209,-3101,-3340,-3209,-3101,-662,-422,-42,-722,-70,41,-681,-399,-27,-727,-119,2,950,581,50,1025,138,41,81,110,46,61,71,2,408,551,230,308,358,11,224,226,237,224,210,85
ajv36.minus.SG,4814,3825,-2972,5177,5111,5033,5221,5103,5049,3834,3828,3832,3748,3818,3824,-3353,-3222,-3114,-3353,-3222,-3114,362,296,218,406,288,234,8,2,6,-77,-7,-1,363,297,219,414,289,234,25,21,23,27,21,11,125,105,115,138,106,57,88,89,88,100,91,90
I11734,7542,4061,-2968,6807,7007,7481,6787,7109,7559,3322,3576,4008,3312,3638,4018,-3349,-3218,-3110,-3349,-3218,-3110,-734,-534,-60,-754,-432,17,-739,-485,-53,-749,-423,-43,1041,721,80,1063,605,46,41,99,60,7,103,42,207,499,300,36,515,214,224,227,228,225,225,157
Aes3,4140,2708,-2967,4133,4139,4211,3265,3363,4129,3136,2652,2682,3460,3138,2832,-3348,-3217,-3109,-3348,-3217,-3109,-6,0,71,-874,-776,-10,427,-56,-26,751,429,123,427,56,76,1153,887,124,71,17,5,14,56,66,357,86,27,72,280,330,359,180,109,310,298,355
Gokhem4.SG,4521,3901,-2958,4719,4451,4337,4355,4501,4643,3348,3052,2964,3150,3206,3240,-3339,-3208,-3100,-3339,-3208,-3100,198,-69,-183,-165,-19,122,-553,-849,-937,-751,-695,-661,587,852,955,769,695,672,54,18,27,7,24,28,273,90,138,35,124,142,160,184,191,192,181,169
I5358,3438,3408,-2968,3185,3919,4125,3379,3319,3301,3536,2882,2716,1918,1828,1966,-3349,-3218,-3110,-3349,-3218,-3110,-252,481,687,-58,-118,-136,127,-526,-692,-1490,-1580,-1442,283,712,975,1491,1584,1448,7,57,3,54,8,79,36,285,17,273,42,398,296,137,135,182,184,185
I4565,3571,2065,-2963,3555,3957,4051,3477,3639,3575,3822,2912,2768,2192,2196,2180,-3344,-3213,-3105,-3344,-3213,-3105,-15,386,480,-93,68,4,1757,847,703,127,131,115,1757,931,851,157,147,115,57,71,2,71,7,4,287,355,14,356,37,21,359,24,34,323,27,2
I2165,5596,2246,-2962,5983,6001,5979,5979,5975,5945,2916,2928,2874,2918,2888,2824,-3343,-3212,-3104,-3343,-3212,-3104,387,405,383,383,379,349,670,682,628,672,642,578,774,793,736,774,746,675,3,5,41,4,30,45,19,27,205,22,151,227,30,30,31,29,30,31
RISE550.SG,6804,3184,-2977,6775,6729,6815,6849,6919,6885,3270,3504,3728,3932,4152,4124,-3358,-3227,-3119,-3358,-3227,-3119,-28,-74,11,45,115,81,86,320,544,748,968,940,90,328,544,749,975,943,54,74,73,54,15,13,274,374,369,272,76,66,341,346,1,3,6,4
Aes5,4140,2708,-2959,3203,3961,4163,4187,3919,3553,3486,2828,2726,2714,2984,3310,-3340,-3209,-3101,-3340,-3209,-3101,-936,-178,23,47,-220,-586,777,119,17,5,275,601,1217,214,29,48,353,840,48,91,7,5,115,126,244,457,37,29,578,634,309,303,53,82,321,315
VLI076,4637,3037,-2959,6483,6613,6835,6891,6851,6829,3318,3630,4072,4142,4146,4118,-3340,-3209,-3101,-3340,-3209,-3101,1846,1976,2198,2254,2214,2192,280,592,1034,1104,1108,1080,1867,2063,2430,2510,2476,2444,55,72,26,41,9,6,276,363,132,205,49,33,81,73,64,63,63,63
I10277,3615,2076,-3009,3605,3691,3727,3357,3403,3497,3272,3094,3028,2624,2642,2596,-3390,-3259,-3151,-3390,-3259,-3151,-9,76,112,-257,-211,-117,1195,1017,951,547,565,519,1195,1020,958,605,603,532,90,103,122,71,74,79,450,516,610,357,371,399,359,4,6,334,339,347
I10278,3615,2076,-2917,3649,3773,3811,3627,3607,3687,3146,2876,2794,2572,2500,2408,-3298,-3167,-3059,-3298,-3167,-3059,34,158,196,12,-7,72,1069,799,717,495,423,331,1070,815,744,495,423,339,101,99,109,92,98,87,506,498,546,464,490,435,1,11,15,1,358,12
I10280,3615,2076,-2898,3715,3855,3859,3471,3367,3293,3030,2944,2792,2018,2018,2000,-3279,-3148,-3040,-3279,-3148,-3040,100,240,244,-143,-247,-321,953,867,715,-58,-58,-76,958,900,756,155,254,330,74,66,70,41,58,61,371,330,351,206,294,307,6,15,18,247,256,256
I10283,3615,2076,-2889,3907,4051,4037,3869,3903,3941,2946,2940,2718,2652,2624,2514,-3270,-3139,-3031,-3270,-3139,-3031,292,436,422,254,288,326,869,863,641,575,547,437,917,967,768,629,618,545,102,106,111,65,49,25,513,533,555,329,248,125,18,26,33,23,27,36
I10284,3615,2076,-3023,3527,3531,3553,3343,3347,3343,2908,3214,3140,2246,2278,2188,-3404,-3273,-3165,-3404,-3273,-3165,-87,-83,-61,-271,-267,-271,831,1137,1063,169,201,111,836,1140,1065,320,335,293,115,133,141,100,106,94,579,666,705,503,531,471,353,355,356,301,306,292
I10285,3615,2076,-2900,3601,3593,3639,3351,3371,3341,2944,2778,2584,2104,2132,2086,-3281,-3150,-3042,-3281,-3150,-3042,-13,-21,24,-263,-243,-273,867,701,507,27,55,9,867,702,508,265,249,273,87,102,86,56,44,21,438,511,434,281,222,108,359,358,2,275,282,272
I10286,3615,2076,-2897,3589,3557,3603,3461,3273,3199,3026,2808,2594,3406,3448,3590,-3278,-3147,-3039,-3278,-3147,-3039,-25,-57,-11,-153,-341,-415,949,731,517,1329,1371,1513,950,733,517,1338,1413,1569,108,105,83,90,83,47,544,526,418,452,419,239,358,355,358,353,346,344
I11306,3615,2076,-2982,3603,3689,3645,3669,3719,3735,3130,3146,2964,2456,2584,2540,-3363,-3232,-3124,-3363,-3232,-3124,-11,74,30,54,104,120,1053,1069,887,379,507,463,1053,1072,888,383,518,479,120,115,125,66,67,70,604,577,628,332,338,352,359,3,1,8,11,14
I11304_published,3615,2076,-2941,4045,4009,4027,3191,3333,3431,3068,2908,2700,2732,2726,2624,-3322,-3191,-3083,-3322,-3191,-3083,430,394,412,-423,-281,-183,991,831,623,655,649,547,1081,920,747,780,708,577,116,117,126,28,45,58,583,589,631,142,229,292,23,25,33,327,336,341
I11305,3615,2076,-2936,3697,3785,3919,3501,3567,3531,3068,2958,2836,1976,2030,2032,-3317,-3186,-3078,-3317,-3186,-3078,82,170,304,-113,-47,-83,991,881,759,-100,-46,-44,995,897,818,151,66,94,58,67,71,24,27,27,294,337,357,121,135,137,4,10,21,228,225,242
I11303,3615,2076,-3010,3621,3725,3705,4835,4767,4647,3154,3008,2900,3500,3398,3364,-3391,-3260,-3152,-3391,-3260,-3152,6,110,90,1220,1152,1032,1077,931,823,1423,1321,1287,1077,938,828,1875,1753,1650,66,76,86,58,42,38,330,384,431,294,211,194,0,6,6,40,41,38
I10287_published,3615,2076,-2940,3801,3883,3915,3365,3293,3325,3022,2968,2916,2090,2028,2070,-3321,-3190,-3082,-3321,-3190,-3082,186,268,300,-249,-321,-289,945,891,839,13,-48,-6,963,931,891,250,325,289,76,66,66,64,62,54,382,331,333,320,313,270,11,16,19,273,261,268
RISE1166.SG,5073,3060,-2943,4767,4579,4345,4809,4843,4895,3228,3110,2938,3404,3340,3254,-3324,-3193,-3085,-3324,-3193,-3085,-305,-493,-727,-263,-229,-177,167,49,-122,343,279,193,348,496,738,433,362,263,26,28,31,12,11,12,134,142,157,64,56,60,298,275,260,322,320,317
Aes13,4140,2708,-2945,3243,3995,4183,3427,3397,3155,3432,2700,2744,1872,1896,1914,-3326,-3195,-3087,-3326,-3195,-3087,-896,-144,43,-712,-742,-984,723,-8,35,-836,-812,-794,1152,144,56,1098,1100,1264,82,75,6,17,25,53,410,376,34,88,125,266,308,266,50,220,222,231
vbj006.minus.SG,4840,3862,-2960,5219,5167,5039,5197,5109,5055,3844,3816,3830,3772,3828,3842,-3341,-3210,-3102,-3341,-3210,-3102,379,327,199,357,269,215,-17,-45,-31,-89,-33,-19,379,330,201,368,271,216,29,30,26,20,20,13,147,151,130,103,101,68,92,97,99,104,97,95
I1843,3291,2248,-2980,3807,3859,3871,3371,3319,3253,3192,2970,2828,2160,2200,2232,-3361,-3230,-3122,-3361,-3230,-3122,516,568,580,80,28,-37,943,721,579,-88,-48,-16,1075,918,820,119,56,40,45,12,74,10,8,5,226,62,373,51,44,27,28,38,45,137,149,246
Aes14,4140,2708,-2945,3549,4111,4159,3257,3533,4103,3304,2676,2684,3472,3290,2800,-3326,-3195,-3087,-3326,-3195,-3087,-590,-28,19,-882,-606,-36,595,-32,-24,763,581,91,838,42,31,1166,840,98,84,7,3,13,81,68,424,36,18,66,405,341,315,221,140,310,313,338
Bul4,5622,2285,-2956,6151,6151,6169,6133,6141,6153,2966,2970,2954,3016,3014,2992,-3337,-3206,-3098,-3337,-3206,-3098,529,529,547,511,519,531,681,685,669,731,729,707,862,865,864,892,895,884,4,4,4,3,2,3,22,22,24,18,13,18,37,37,39,34,35,36
CAK532.SG,3132,3591,-2944,3157,4007,4101,3217,3475,3479,3542,2816,2758,3634,3576,3402,-3325,-3194,-3086,-3325,-3194,-3086,25,875,969,85,343,347,-48,-774,-832,43,-14,-188,55,1169,1278,96,344,395,3,84,52,36,92,108,19,420,261,181,464,542,152,131,130,63,92,118
I1981,3291,2248,-2933,3769,3885,3791,3391,3389,3323,2836,2708,2642,2234,2244,2254,-3314,-3183,-3075,-3314,-3183,-3075,478,594,500,100,98,32,587,459,393,-14,-4,5,758,751,637,101,98,33,74,72,85,8,7,6,373,360,428,41,39,33,39,52,51,98,92,80
Aes2,4140,2708,-2935,3933,4215,4193,4887,4941,5025,3060,2726,2698,3084,3012,2950,-3316,-3185,-3077,-3316,-3185,-3077,-206,75,53,747,801,885,351,17,-10,375,303,241,407,77,54,836,857,918,93,30,2,12,6,6,466,150,14,60,34,30,329,76,100,63,69,74
Aes17,4140,2708,-2929,4051,4215,4217,3211,4063,4219,2866,2716,2714,3516,2890,2716,-3310,-3179,-3071,-3310,-3179,-3071,-88,75,77,-928,-76,79,157,7,5,807,181,7,180,76,78,1230,197,80,82,33,4,5,88,5,412,165,24,27,442,25,330,84,85,311,337,84
TUC006,4626,3011,-2923,4871,4715,4553,4609,4719,4833,2828,3038,2910,3066,3078,3046,-3304,-3173,-3065,-3304,-3173,-3065,245,89,-72,-16,93,207,-183,26,-101,54,66,34,306,93,124,57,114,210,61,27,17,22,8,6,305,136,86,114,44,34,126,73,215,343,54,80
STD003,4601,3063,-2934,4181,4069,4141,3655,3995,4071,2800,2712,2818,3176,2912,2816,-3315,-3184,-3076,-3315,-3184,-3076,-419,-531,-459,-945,-605,-529,-262,-350,-244,113,-150,-246,494,636,520,952,623,584,109,72,7,16,33,7,548,363,35,83,167,35,237,236,241,276,256,245
vbj003.minus.SG,4840,3862,-2938,5123,5083,5065,5147,5103,5035,3890,3876,3834,3764,3764,3744,-3319,-3188,-3080,-3319,-3188,-3080,283,243,225,307,263,195,28,14,-27,-97,-97,-117,284,243,226,322,280,228,14,12,29,25,19,29,72,64,149,125,97,146,84,86,97,107,110,121
I2933,3576,4027,-2937,3767,3833,3851,3827,4077,4053,3090,2846,2700,3098,2866,2822,-3318,-3187,-3079,-3318,-3187,-3079,191,257,275,251,501,477,-937,-1181,-1327,-929,-1161,-1205,956,1208,1355,962,1264,1296,117,74,37,48,26,4,587,371,186,243,133,22,168,167,168,164,156,158
MonteCanelas337A.SG,2675,1770,-2923,4725,4567,4431,3483,3659,3943,2998,2944,2816,2544,2502,2668,-3304,-3173,-3065,-3304,-3173,-3065,2050,1892,1756,808,984,1268,1228,1174,1046,774,732,898,2389,2226,2044,1119,1226,1554,38,53,58,120,143,111,190,267,294,601,716,556,59,58,59,46,53,54
vbj017.SG,4840,3862,-2903,5193,5117,5039,5255,5175,5085,3858,3850,3860,3818,3870,3890,-3284,-3153,-3045,-3284,-3153,-3045,353,277,199,415,335,245,-3,-11,-1,-43,8,28,353,277,199,417,335,246,22,30,17,22,25,14,110,153,86,112,126,72,90,92,90,96,88,83
I5429,2792,1877,-2909,3395,4103,4113,3707,3745,3705,3412,2722,2718,2500,2238,2192,-3290,-3159,-3051,-3290,-3159,-3051,603,1311,1321,915,953,913,1535,845,841,623,361,315,1649,1560,1566,1107,1019,966,28,6,4,37,3,5,144,30,21,189,18,26,21,57,57,55,69,70
RA58,4123,2692,-2914,3309,4131,4145,3445,3457,3317,3410,2786,2724,2098,2034,2020,-3295,-3164,-3056,-3295,-3164,-3056,-813,8,22,-677,-665,-805,718,94,32,-593,-657,-671,1085,94,39,900,935,1048,90,46,4,11,12,41,451,232,23,57,61,208,311,5,35,228,225,230
atp12-1420.SG,3210,2238,-2911,3927,4015,3903,3303,3275,3249,2898,2868,2812,2206,2230,2242,-3292,-3161,-3053,-3292,-3161,-3053,717,805,693,93,65,39,659,629,573,-32,-8,3,974,1022,900,98,66,39,5,7,48,7,4,3,29,36,242,35,21,17,47,51,50,108,97,84
vbj018.minus.SG,4840,3862,-2922,5271,5143,5013,5219,5083,5045,3842,3850,3872,3796,3854,3856,-3303,-3172,-3064,-3303,-3172,-3064,431,303,173,379,243,205,-19,-11,10,-65,-7,-5,431,303,173,384,243,205,25,34,37,36,16,9,129,171,186,183,80,47,92,92,86,99,91,91
1H04.SG,3880,2878,-2920,4303,4245,4153,3927,3401,3279,2932,2864,2830,2930,3438,3624,-3301,-3170,-3062,-3301,-3170,-3062,422,364,272,46,-479,-601,54,-13,-47,52,560,746,426,365,277,70,736,957,44,24,7,65,84,1,223,120,39,329,421,7,82,92,99,42,319,321
RA62,4123,2692,-2898,3425,4109,4113,3345,3777,4187,3486,2800,2720,3246,2988,2680,-3279,-3148,-3040,-3279,-3148,-3040,-697,-13,-9,-777,-345,64,794,108,28,554,296,-11,1056,109,29,954,454,65,102,55,1,57,108,5,510,276,9,287,542,28,318,353,341,305,310,100
I0370,7402,4208,-2834,6841,6813,6837,7015,6995,6925,3700,3744,3814,4156,4028,3730,-3215,-3084,-2976,-3215,-3084,-2976,-560,-588,-564,-386,-406,-476,-508,-464,-394,-52,-180,-478,756,749,688,389,444,674,71,77,75,33,62,91,357,385,376,168,312,457,227,231,235,262,246,224
RISE546.SG,6806,3183,-2950,6859,6823,6833,6981,6899,6835,3378,3422,3394,3748,3750,3612,-3331,-3200,-3092,-3331,-3200,-3092,52,16,26,174,92,28,195,239,211,565,567,429,202,239,212,591,574,430,72,76,72,86,77,81,364,380,360,431,388,405,15,4,7,17,9,3
RISE548.SG,6806,3183,-2939,6791,6855,6843,6593,6637,6635,3518,3740,3738,3446,3594,3590,-3320,-3189,-3081,-3320,-3189,-3081,-15,48,36,-213,-169,-171,335,557,555,263,411,407,335,559,556,338,444,441,75,76,74,55,57,55,377,384,372,276,289,278,357,5,3,320,337,337
I0443,6847,4132,-2844,6811,6847,6791,6971,6939,6909,3630,3746,3650,4150,4052,3910,-3225,-3094,-2986,-3225,-3094,-2986,-35,0,-55,124,92,62,-501,-385,-481,18,-79,-221,503,385,485,125,122,230,95,89,97,13,53,80,478,449,488,65,266,401,184,179,186,81,130,164
I2105,6286,3157,-2871,6767,6793,6763,6927,6893,6879,3524,3682,3580,4154,3984,3844,-3252,-3121,-3013,-3252,-3121,-3013,480,506,476,640,606,592,366,524,422,996,826,686,604,729,637,1185,1025,907,81,83,83,16,48,53,405,416,418,80,243,267,52,44,48,32,36,40
I3141_published,6286,3157,-2896,6665,6513,6513,6549,6447,6415,3266,3130,3156,3438,3222,3124,-3277,-3146,-3038,-3277,-3146,-3038,378,226,226,262,160,128,108,-27,-1,280,64,-33,394,228,226,384,173,133,75,47,59,97,60,20,375,238,298,485,301,100,73,96,90,43,68,104
I3270,3281,2257,-2882,3723,3981,3591,3407,3351,3275,2884,2822,2496,2160,2194,2216,-3263,-3132,-3024,-3263,-3132,-3024,442,700,310,126,70,-5,627,565,239,-96,-62,-40,767,899,391,159,94,41,130,93,76,7,8,6,652,469,381,39,41,30,35,51,52,127,131,187
I3271,3281,2257,-2886,4487,4585,4571,3415,3321,3263,3206,3080,3030,2746,2444,2320,-3267,-3136,-3028,-3267,-3136,-3028,1206,1304,1290,134,40,-17,949,823,773,489,187,63,1535,1542,1504,507,191,65,126,130,164,91,66,30,630,651,821,455,333,153,51,57,59,15,12,344
I3269,3281,2257,-2913,3831,3999,3873,3815,3831,3827,3174,2942,2816,2750,2752,2738,-3294,-3163,-3055,-3294,-3163,-3055,550,718,592,534,550,546,917,685,559,493,495,481,1069,992,814,727,740,728,56,90,124,4,5,6,282,450,620,24,26,32,30,46,46,47,48,48
I1842,3281,2257,-2898,3735,3819,3551,3303,3297,3293,2970,2764,2530,2284,2266,2266,-3279,-3148,-3040,-3279,-3148,-3040,454,538,270,22,16,12,713,507,273,27,9,9,845,739,384,35,18,15,90,63,81,39,3,2,450,315,409,195,18,10,32,46,44,39,60,53
VEK007,7324,2906,-2923,6737,6783,6857,6955,7029,7105,2824,2804,2760,2866,2850,2820,-3304,-3173,-3065,-3304,-3173,-3065,-586,-540,-466,-368,-294,-218,-81,-101,-145,-39,-55,-85,592,550,488,370,299,234,7,9,17,8,7,5,38,47,89,41,38,26,262,259,252,263,259,248
ZO2002,6773,3056,-2859,6713,6699,6631,6471,6435,6489,3556,3648,3620,3138,3116,3172,-3240,-3109,-3001,-3240,-3109,-3001,-59,-73,-141,-301,-337,-283,500,592,564,82,60,116,503,596,581,312,342,305,85,77,86,17,16,42,427,389,434,89,84,214,353,352,345,285,280,292
I5387_all.SG,3521,3188,-2982,3557,3633,3747,4407,4305,4229,3250,3114,2992,2954,2948,2866,-3363,-3232,-3124,-3363,-3232,-3124,36,112,226,886,784,708,61,-74,-196,-234,-240,-322,71,135,300,917,820,778,37,22,29,32,31,28,189,113,148,164,159,140,30,123,130,104,107,114
Aes8,4140,2708,-2896,3787,4149,4147,3311,3347,3325,3032,2704,2676,3136,3038,2286,-3277,-3146,-3038,-3277,-3146,-3038,-352,9,7,-828,-792,-814,323,-4,-32,427,329,-422,478,10,33,932,858,917,107,5,2,13,59,147,537,28,10,67,295,738,312,112,166,297,292,242
I4629,5250,3785,-2881,6547,6627,6769,6213,6209,6213,3550,3770,4056,3212,3226,3234,-3262,-3131,-3023,-3262,-3131,-3023,1296,1376,1518,962,958,962,-234,-14,271,-572,-558,-550,1317,1377,1543,1120,1109,1109,36,32,13,5,5,7,182,163,66,29,29,38,100,90,79,120,120,119
ATP17.SG,3210,2238,-2900,3571,3927,3419,3231,3109,3095,2872,2834,2370,3164,3278,3338,-3281,-3150,-3042,-3281,-3150,-3042,361,717,209,21,-100,-114,633,595,131,925,1039,1099,729,932,247,926,1044,1105,118,6,68,85,90,82,591,34,344,426,451,413,29,50,57,1,354,354
Plinkaigalis242,5179,3671,-2856,6285,6319,6481,6199,6203,6213,3184,3272,3596,3254,3272,3274,-3237,-3106,-2998,-3237,-3106,-2998,1106,1140,1302,1020,1024,1034,-486,-398,-74,-416,-398,-396,1208,1207,1304,1101,1098,1107,11,24,41,5,6,6,55,124,205,29,32,34,113,109,93,112,111,110
ajv54.SG,4813,3825,-2899,5223,5127,4963,5195,5101,5041,3834,3850,3842,3788,3834,3832,-3280,-3149,-3041,-3280,-3149,-3041,410,314,150,382,288,228,8,24,16,-37,8,6,410,315,151,384,288,228,32,36,22,19,20,11,160,184,110,99,100,55,88,85,83,95,88,88
Aes9,4140,2708,-2895,3397,4137,4137,3603,3487,3781,3368,2716,2712,2500,2390,2424,-3276,-3145,-3037,-3276,-3145,-3037,-742,-2,-2,-536,-652,-358,659,7,3,-208,-318,-284,993,8,4,575,725,457,95,3,4,50,70,110,479,15,22,252,352,553,311,344,330,248,244,231
I2977,3576,4027,-2900,3583,4081,4057,3493,3459,3297,3846,2816,2704,2354,2422,2288,-3281,-3150,-3042,-3281,-3150,-3042,7,505,481,-82,-116,-278,-181,-1211,-1323,-1673,-1605,-1739,181,1312,1407,1675,1609,1761,89,53,18,108,101,62,447,266,94,541,509,314,177,157,160,182,184,189
I0231_published,6814,4036,-2896,6533,6793,6837,6831,6871,6861,3486,3998,4088,4012,4128,4112,-3277,-3146,-3038,-3277,-3146,-3038,-280,-20,23,17,57,47,-549,-37,52,-23,92,76,617,43,56,29,108,89,81,57,4,62,6,5,405,286,22,314,30,25,207,208,23,144,31,31
Aes20,4140,2708,-2896,3679,4097,4073,3505,3579,3535,3440,2768,2760,2478,2382,2358,-3277,-3146,-3038,-3277,-3146,-3038,-460,-42,-66,-634,-560,-604,731,59,51,-230,-326,-350,864,73,84,674,648,698,129,2,3,53,7,7,647,10,18,266,37,37,327,324,308,250,239,239
R4.SG,4615,2102,-2890,4955,4931,4459,4623,4559,4531,2728,2806,2610,2698,2596,2526,-3271,-3140,-3032,-3271,-3140,-3032,340,316,-155,8,-55,-83,626,704,508,596,494,424,713,772,531,596,497,432,4,5,4,10,5,3,21,27,24,53,28,19,28,24,342,0,353,348
Aes18,4140,2708,-2887,4115,4241,4205,3393,4091,4147,2666,2718,2676,3374,2804,2712,-3268,-3137,-3029,-3268,-3137,-3029,-24,101,65,-746,-48,7,-42,9,-32,665,95,3,48,102,73,1000,107,8,31,4,3,43,65,3,159,24,18,219,325,19,209,84,116,311,333,63
ajv28.minus.SG,4814,3825,-2888,5227,5089,4969,5277,5209,5069,3842,3844,3840,3758,3780,3820,-3269,-3138,-3030,-3269,-3138,-3030,412,274,154,462,394,254,16,18,14,-67,-45,-5,413,275,155,467,397,255,32,21,21,22,36,25,162,106,105,112,184,126,87,86,84,98,96,91
OBR003,4640,3029,-2883,6325,6503,6719,6729,6709,6691,3150,3522,3950,4144,4140,4124,-3264,-3133,-3025,-3264,-3133,-3025,1685,1863,2079,2089,2069,2051,120,492,920,1114,1110,1094,1689,1927,2274,2368,2348,2325,8,75,58,33,8,5,41,376,294,165,41,28,85,75,66,61,61,61
Aes10,4140,2708,-2875,3665,4147,4135,3405,3293,3259,3084,2716,2704,2014,1880,1942,-3256,-3125,-3017,-3256,-3125,-3017,-474,7,-4,-734,-846,-880,375,7,-4,-694,-828,-766,605,11,5,1010,1183,1166,116,4,5,30,31,28,581,20,25,154,156,144,308,44,225,226,225,228
RA44,4143,2685,-2868,3655,4155,4125,3497,3497,3561,3118,2728,2714,2060,2502,3194,-3249,-3118,-3010,-3249,-3118,-3010,-487,12,-17,-645,-645,-581,432,42,28,-625,-183,508,652,44,33,899,671,772,122,22,4,7,10,49,610,112,21,37,50,249,311,15,327,225,254,311
R5.SG,4615,2102,-2881,4981,4969,4391,3999,4271,4325,2820,2840,2628,2056,2622,2614,-3262,-3131,-3023,-3262,-3131,-3023,366,354,-223,-615,-343,-289,718,738,526,-45,520,512,806,819,571,617,623,588,9,11,11,87,47,2,46,59,58,435,238,12,27,25,336,265,326,330
I2473,3286,2249,-2855,4129,4041,3971,3477,3383,3295,2878,2840,2816,2146,2146,2166,-3236,-3105,-2997,-3236,-3105,-2997,842,754,684,190,96,8,628,590,566,-103,-103,-83,1051,958,889,216,141,83,20,37,68,13,13,14,101,188,344,65,69,73,53,51,50,118,136,173
I7642,3406,1798,-2871,3611,4103,4093,3807,3757,3705,3170,2714,2680,2300,2254,2210,-3252,-3121,-3013,-3252,-3121,-3013,205,697,687,401,351,299,1372,916,882,502,456,412,1387,1151,1118,643,576,509,67,4,5,7,7,5,337,22,28,39,35,25,8,37,37,38,37,36
RA57,4123,2692,-2839,4263,4221,4187,3313,3339,3551,2814,2712,2682,2812,3024,3286,-3220,-3089,-2981,-3220,-3089,-2981,140,98,64,-809,-783,-571,122,20,-9,120,332,594,186,100,65,818,850,824,65,5,4,60,68,92,328,27,24,303,344,460,49,78,98,278,292,316
RA61,4123,2692,-2860,3745,4053,4051,3701,3717,3931,3428,2718,2702,2452,2492,2618,-3241,-3110,-3002,-3241,-3110,-3002,-377,-69,-71,-421,-405,-191,736,26,10,-239,-199,-73,827,74,71,484,451,204,135,3,4,22,61,49,676,19,22,111,305,247,332,290,278,240,243,248
vbj014.minus.SG,4840,3862,-2835,5161,5007,4891,5099,5033,4973,3820,3834,3842,3826,3830,3810,-3216,-3085,-2977,-3216,-3085,-2977,321,167,51,259,193,133,-41,-27,-19,-35,-31,-51,323,169,54,261,195,143,33,32,19,20,18,23,168,160,99,101,93,118,97,99,111,97,99,111
RA59.Furtwangler,4123,2692,-2881,3533,4165,4121,4515,4263,3959,3180,2768,2730,3014,2884,3066,-3262,-3131,-3023,-3262,-3131,-3023,-589,42,-1,392,140,-163,488,76,38,322,192,374,765,87,38,508,238,408,118,3,4,55,73,119,592,15,20,276,365,597,309,29,358,50,36,336
Aes6_d,4140,2708,-2844,4429,4309,4199,3429,3489,3623,2886,2804,2720,2812,2868,2822,-3225,-3094,-2986,-3225,-3094,-2986,289,169,59,-710,-650,-516,177,95,11,103,159,113,340,194,60,717,669,528,50,44,7,34,53,58,252,223,36,174,269,294,58,60,78,278,283,282
I2510,5605,2364,-2853,4799,4719,4667,4829,4831,4715,2598,2570,2456,2656,2644,2448,-3234,-3103,-2995,-3234,-3103,-2995,-805,-885,-937,-775,-773,-889,233,205,91,291,279,83,838,909,942,828,822,893,7,9,8,4,8,11,36,48,40,21,40,55,286,283,275,290,289,275
I1845,3291,2248,-2919,3977,4031,4087,3407,3425,3391,2912,2826,2690,2180,2206,2212,-3300,-3169,-3061,-3300,-3169,-3061,686,740,796,116,134,100,663,577,441,-68,-42,-36,955,939,911,135,141,107,82,58,42,12,13,12,410,291,211,60,66,61,45,52,61,120,107,109
I1846,3291,2248,-2877,3729,3733,3645,3395,3397,3377,3138,2728,2478,2204,2232,2226,-3258,-3127,-3019,-3258,-3127,-3019,438,442,354,104,106,86,889,479,229,-44,-16,-22,991,652,422,113,108,89,75,95,80,20,17,11,376,475,403,103,85,57,26,42,57,112,98,104
I1978,3291,2248,-2846,3733,3617,3429,3327,3339,3321,2720,2600,2378,2262,2268,2262,-3227,-3096,-2988,-3227,-3096,-2988,442,326,138,36,48,30,471,351,129,13,19,13,646,480,189,39,52,33,92,93,72,6,8,7,464,468,360,34,40,39,43,42,46,69,68,66
Aes21,4140,2708,-2882,3645,4021,4143,3463,3573,3531,3116,2782,2680,2632,2228,2234,-3263,-3132,-3024,-3263,-3132,-3024,-494,-118,3,-676,-566,-608,407,73,-28,-76,-480,-474,640,139,28,680,742,771,121,75,7,53,66,61,609,376,36,267,332,308,309,302,172,263,229,232
RISE1161.SG,5073,3060,-2833,4749,4547,4351,4661,4811,4925,3002,3016,2866,3178,3168,3110,-3214,-3083,-2975,-3214,-3083,-2975,-323,-525,-721,-411,-261,-147,-58,-44,-194,117,107,49,329,527,747,428,283,156,21,47,52,18,15,14,106,237,264,92,79,73,259,265,254,285,292,288
ILK003,5586,3091,-2837,4471,4295,4167,5335,5355,5385,3000,2858,2786,3094,3094,3104,-3218,-3087,-2979,-3218,-3087,-2979,-1114,-1290,-1418,-250,-230,-200,-91,-233,-305,2,2,12,1118,1311,1451,250,230,201,52,34,13,43,38,36,260,171,65,217,193,181,265,259,257,270,270,273
vbj002.minus.SG,4840,3862,-2826,5131,5011,4897,5147,5023,4937,3826,3818,3840,3814,3846,3804,-3207,-3076,-2968,-3207,-3076,-2968,291,171,57,307,183,97,-35,-43,-21,-47,-15,-57,293,176,61,310,183,113,27,30,19,36,20,23,138,151,99,180,100,119,97,104,110,98,94,120
vbj013.minus.SG,4840,3862,-2818,5143,5023,4927,5439,5135,5047,3872,3864,3842,3730,3874,3886,-3199,-3068,-2960,-3199,-3068,-2960,303,183,87,599,295,207,10,2,-19,-131,12,24,303,183,89,613,295,208,31,29,22,57,41,29,155,147,112,286,207,148,88,89,102,102,87,83
SB568A_lib.SG,3381,3425,-2835,4253,4223,4153,3529,3467,3273,2766,2770,2742,2108,2104,2104,-3216,-3085,-2977,-3216,-3085,-2977,872,842,772,148,86,-107,-659,-655,-683,-1317,-1321,-1321,1093,1067,1031,1325,1324,1325,22,6,4,12,17,22,110,31,22,64,85,113,127,127,131,173,176,184
I0438_published,6847,4097,-2810,6807,6889,6875,6933,6929,6857,3520,3876,3802,4078,4090,3812,-3191,-3060,-2952,-3191,-3060,-2952,-39,42,28,86,82,10,-576,-220,-294,-18,-6,-284,578,224,296,88,82,284,81,63,74,39,5,81,405,319,370,195,28,409,183,169,174,102,94,177
I4175,5030,2512,-2851,6137,6155,6103,6113,6131,6071,3006,2994,3024,3012,2986,2964,-3232,-3101,-2993,-3232,-3101,-2993,1107,1125,1073,1083,1101,1041,494,482,512,500,474,452,1212,1224,1189,1193,1199,1135,7,6,7,4,4,14,39,31,38,22,23,73,65,66,64,65,66,66
CAK534.SG,3132,3591,-2914,4475,4321,4225,5075,5025,4851,2962,2892,2750,2878,2846,2758,-3295,-3164,-3056,-3295,-3164,-3056,1343,1189,1093,1943,1893,1719,-628,-698,-840,-712,-744,-832,1483,1379,1379,2070,2035,1910,17,60,12,26,82,81,86,303,62,134,410,407,115,120,127,110,111,115
VLI090,4637,3037,-2734,6415,6597,6655,6191,6203,6091,3346,3704,4056,3164,3142,3268,-3115,-2984,-2876,-3115,-2984,-2876,1778,1960,2018,1554,1566,1454,308,666,1018,126,104,230,1805,2070,2261,1559,1570,1472,62,73,74,3,5,24,311,369,374,19,25,122,80,71,63,85,86,80
RISE1241.SG,5145,3120,-2818,4629,4409,4189,5317,5243,5199,3052,2948,2814,2726,2834,2938,-3199,-3068,-2960,-3199,-3068,-2960,-515,-735,-955,172,98,54,-67,-171,-305,-393,-285,-181,519,755,1003,429,302,189,20,47,13,13,31,34,104,235,65,69,156,171,262,256,252,156,160,163
ILK001,5586,3091,-2824,4473,4273,4141,4861,4867,4973,3004,2858,2786,3340,3172,3106,-3205,-3074,-2966,-3205,-3074,-2966,-1112,-1312,-1444,-724,-718,-612,-87,-233,-305,248,80,14,1116,1333,1476,766,723,613,52,32,11,44,12,15,261,162,55,220,62,76,265,259,258,288,276,271
I11604,2664,2005,-2773,4237,4157,4069,3529,3537,3505,2862,2790,2734,2194,2206,2176,-3154,-3023,-2915,-3154,-3023,-2915,1573,1493,1405,865,873,841,857,785,729,189,201,171,1791,1686,1582,885,895,858,61,56,34,21,18,18,308,281,172,108,91,93,61,62,62,77,77,78
I11605,2664,2005,-2799,3677,3575,3533,3355,3341,3301,2906,2630,2382,2198,2210,2222,-3180,-3049,-2941,-3180,-3049,-2941,1013,911,869,691,677,637,901,625,377,193,205,217,1355,1104,947,717,707,673,101,108,81,19,26,25,507,543,409,98,131,127,48,55,66,74,73,71
RISE1250.SG,5145,3120,-2832,4927,4519,4387,4685,4805,4925,2904,2976,2872,3250,3208,3158,-3213,-3082,-2974,-3213,-3082,-2974,-217,-625,-757,-459,-339,-219,-215,-143,-247,130,88,38,306,641,796,477,350,222,25,43,55,23,20,18,129,215,275,116,100,92,225,257,251,285,284,279
PEI2.SG,3690,2257,-2778,4009,4119,4065,3407,3297,3221,2834,2736,2688,2102,2164,2186,-3159,-3028,-2920,-3159,-3028,-2920,319,429,375,-282,-392,-468,576,478,430,-155,-93,-71,659,643,571,322,403,473,55,9,11,7,12,9,278,46,59,39,63,45,29,41,41,241,256,261
KO1016,4690,3004,-2792,4529,4339,4235,4459,4343,4291,2904,2756,2672,2836,2726,2720,-3173,-3042,-2934,-3173,-3042,-2934,-161,-351,-455,-231,-347,-399,-99,-247,-331,-167,-277,-283,189,429,563,285,444,489,45,26,8,29,19,42,227,134,44,147,98,210,238,234,233,234,231,234
Aes7_d,4140,2708,-2787,3773,3961,3981,3941,4055,4069,2934,2752,2626,2942,2800,2718,-3168,-3037,-2929,-3168,-3037,-2929,-366,-178,-158,-198,-84,-70,225,43,-82,233,91,9,430,183,178,306,124,70,115,75,56,62,37,8,577,376,282,310,188,42,301,283,242,319,317,278
RK1003,6674,2995,-2826,6823,6817,6755,6527,6501,6499,3162,3162,3130,3286,3140,3096,-3207,-3076,-2968,-3207,-3076,-2968,149,143,81,-146,-172,-174,167,167,135,291,145,101,224,220,158,326,225,201,6,8,8,58,9,14,31,41,41,292,49,71,41,40,31,333,310,300
I0441,7005,4055,-2784,6767,6845,6883,6439,6377,6443,3842,4014,4072,3262,3244,3326,-3165,-3034,-2926,-3165,-3034,-2926,-237,-159,-121,-565,-627,-561,-212,-40,17,-792,-810,-728,318,164,122,973,1024,919,81,50,3,42,39,67,408,250,18,212,199,335,228,255,278,215,217,217
RISE1165.SG,5073,3060,-2806,4613,4403,4237,4895,4943,5055,3012,2942,2820,3336,3240,3168,-3187,-3056,-2948,-3187,-3056,-2948,-459,-669,-835,-177,-129,-17,-48,-118,-240,275,179,107,462,680,869,328,221,109,29,46,39,14,16,9,145,230,199,74,81,45,264,259,253,327,324,350
VLI008,4637,3037,-2808,4465,4319,4147,4737,4865,4981,2948,2886,2780,3278,3210,3158,-3189,-3058,-2950,-3189,-3058,-2950,-171,-317,-489,100,228,344,-89,-151,-257,240,172,120,193,351,552,260,286,365,52,21,11,8,9,13,263,106,56,40,45,66,242,244,242,22,52,70
RISE1170.SG,5073,3060,-2816,4507,4309,4161,4657,4833,4925,3030,2880,2790,3160,3160,3106,-3197,-3066,-2958,-3197,-3066,-2958,-565,-763,-911,-415,-239,-147,-30,-180,-270,99,99,45,566,784,951,427,259,154,32,35,13,37,34,44,164,178,65,189,173,221,266,256,253,283,292,287
VPR001,4629,3013,-2790,4507,4423,4233,5001,5051,5119,2890,2820,2676,2920,2888,2894,-3171,-3040,-2932,-3171,-3040,-2932,-121,-205,-395,372,422,490,-123,-193,-337,-93,-125,-119,173,282,519,383,440,504,33,25,10,32,21,14,168,126,50,163,107,72,224,226,229,104,106,103
atp002.SG,3210,2238,-2799,3927,4109,4029,3515,3477,3323,2590,2794,2750,2226,2032,1974,-3180,-3049,-2941,-3180,-3049,-2941,717,899,819,305,267,113,351,555,511,-12,-206,-264,799,1057,966,305,337,287,71,10,13,48,12,11,358,51,65,242,64,57,63,58,58,92,127,156
I0581_published_d,3211,2236,-2821,3927,3583,3287,3537,3559,3485,2746,2482,2264,2374,2290,2258,-3202,-3071,-2963,-3202,-3071,-2963,716,372,76,326,348,274,510,246,28,138,54,22,879,446,81,354,352,275,56,89,2,39,9,14,284,449,13,198,48,73,54,56,69,67,81,85
Aes22,4140,2708,-2778,4157,4163,4125,3583,4145,4155,2702,2686,2638,3230,2722,2640,-3159,-3028,-2920,-3159,-3028,-2920,17,23,-14,-556,5,15,-6,-22,-70,521,13,-68,18,32,71,762,15,69,5,3,7,113,46,5,26,18,39,565,231,27,108,132,191,313,22,166
I0455,3278,1749,-2808,4063,3935,3805,3167,3161,3161,3046,2678,2474,3148,3158,3088,-3189,-3058,-2950,-3189,-3058,-2950,784,656,526,-111,-117,-117,1296,928,724,1398,1408,1338,1515,1137,896,1403,1413,1343,102,22,53,152,152,162,510,111,265,761,760,810,31,35,36,355,355,355
RISE1249.SG,5131,3072,-2785,4441,4281,4145,4895,4981,5101,3000,2858,2776,3276,3188,3114,-3166,-3035,-2927,-3166,-3035,-2927,-689,-849,-985,-235,-149,-29,-72,-214,-296,203,115,41,693,875,1028,311,188,50,32,37,14,13,15,12,163,185,70,69,79,60,264,255,253,310,307,324
VLI007,4637,3037,-2793,6379,6521,6747,6169,6177,6189,3324,3588,4052,3228,3236,3230,-3174,-3043,-2935,-3174,-3043,-2935,1742,1884,2110,1532,1540,1552,286,550,1014,190,198,192,1766,1963,2341,1544,1553,1564,57,72,38,4,4,4,288,364,194,23,20,20,80,73,64,82,82,82
RISE1163.SG,5073,3060,-2772,4569,4301,4159,5333,5341,5313,3022,2852,2766,2702,2714,2786,-3153,-3022,-2914,-3153,-3022,-2914,-503,-771,-913,260,268,240,-38,-208,-294,-358,-346,-274,505,799,960,442,437,364,35,37,11,6,8,14,178,186,58,31,41,73,265,254,252,144,142,138
PEI10.SG,3690,2257,-2773,3985,4123,4061,3799,3781,3775,2720,2746,2704,2568,2544,2482,-3154,-3023,-2915,-3154,-3023,-2915,295,433,371,109,91,85,462,488,446,310,286,224,549,653,581,329,301,240,70,8,13,16,26,24,352,44,65,82,131,120,32,41,39,19,17,20
ILK002,5586,3091,-2737,4245,4123,4085,4927,5023,5183,2850,2786,2750,3292,3202,3126,-3118,-2987,-2879,-3118,-2987,-2879,-1340,-1462,-1500,-658,-562,-402,-241,-305,-341,200,110,34,1362,1494,1539,688,573,404,23,11,51,12,14,22,117,59,256,61,73,112,259,258,257,286,281,274
VLI088,4637,3037,-2838,6345,6369,6451,6197,6201,6209,3220,3262,3590,3204,3206,3200,-3219,-3088,-2980,-3219,-3088,-2980,1708,1732,1814,1560,1564,1572,182,224,552,166,168,162,1718,1747,1897,1569,1573,1581,42,49,78,5,6,5,214,249,391,25,30,29,83,82,73,83,83,84
I7671,6876,4087,-2780,6819,6809,6789,6901,6825,6765,3166,3154,3116,3846,3474,3174,-3161,-3030,-2922,-3161,-3030,-2922,-56,-66,-86,25,-50,-110,-920,-932,-970,-240,-612,-912,922,935,974,242,614,919,4,6,7,75,80,36,24,34,38,376,403,181,183,184,185,173,184,186
I5884_published,6028,3146,-2762,5119,5133,5069,5087,5051,5025,3830,3738,3734,3908,3866,3834,-3143,-3012,-2904,-3143,-3012,-2904,-908,-894,-958,-940,-976,-1002,684,592,588,762,720,688,1137,1073,1124,1210,1213,1216,53,41,36,16,7,12,265,205,183,84,35,62,306,303,301,309,306,304
SA6010,6865,3110,-2782,6797,6777,6783,6735,6709,6715,3144,3126,3094,3156,3124,3074,-3163,-3032,-2924,-3163,-3032,-2924,-67,-87,-81,-129,-155,-149,34,16,-15,46,14,-35,75,88,82,137,156,153,5,7,6,9,8,6,28,36,32,45,42,34,296,280,258,289,275,256
RISE1248.SG,5131,3072,-2758,4447,4271,4085,4725,4885,5017,3084,2912,2810,3208,3176,3118,-3139,-3008,-2900,-3139,-3008,-2900,-683,-859,-1045,-405,-245,-113,11,-160,-262,135,103,45,683,874,1077,427,266,122,38,45,20,25,23,17,190,229,102,125,118,87,270,259,255,288,292,291
RISE1252.SG,5127,3140,-2799,4741,4435,4299,5237,5293,5095,2880,2832,2804,3224,3076,2918,-3180,-3049,-2941,-3180,-3049,-2941,-386,-692,-828,109,165,-32,-259,-307,-335,84,-63,-221,465,757,893,138,177,223,51,50,55,48,32,137,258,251,276,240,162,686,236,246,247,52,110,188
RISE1254.SG,4817,3134,-2737,4625,4439,4263,5249,5261,5171,2864,2868,2806,3188,3078,3074,-3118,-2987,-2879,-3118,-2987,-2879,-191,-377,-553,432,444,354,-269,-265,-327,54,-55,-59,330,461,643,435,447,359,41,57,61,52,50,66,207,288,307,263,251,333,215,234,239,82,97,99
RISE1246.SG,5131,3072,-2776,4567,4385,4227,4869,4965,5091,3030,2880,2762,3224,3126,3046,-3157,-3026,-2918,-3157,-3026,-2918,-563,-745,-903,-261,-165,-39,-42,-192,-310,151,53,-26,564,769,955,302,173,47,34,48,33,14,15,11,173,242,169,70,75,57,265,255,251,300,287,236
Aes23,4140,2708,-2763,4157,4155,4129,4139,4115,4085,2692,2670,2622,2678,2658,2612,-3144,-3013,-2905,-3144,-3013,-2905,17,15,-10,0,-24,-54,-16,-38,-86,-30,-50,-96,23,41,86,30,55,110,6,3,6,3,5,8,30,18,33,15,26,40,132,157,186,180,205,209
I0440_published,6847,4132,-2749,6897,6877,6793,6939,6929,6885,3664,3754,3412,4086,4052,3802,-3130,-2999,-2891,-3130,-2999,-2891,50,30,-53,92,82,38,-467,-377,-719,-45,-79,-329,470,379,721,103,114,332,82,81,80,8,5,77,410,405,400,43,25,387,173,175,184,116,134,173
STD002,4601,3063,-2740,6201,6221,6213,6153,6159,6157,3144,3134,3264,3280,3320,3366,-3121,-2990,-2882,-3121,-2990,-2882,1600,1620,1612,1552,1558,1556,81,71,201,217,257,303,1602,1622,1625,1567,1579,1585,7,7,13,33,34,35,39,39,66,168,174,178,87,87,82,82,80,78
VLI092,4637,3037,-2779,5955,5817,5095,5971,5171,4629,3094,3090,3130,3078,3136,3150,-3160,-3029,-2921,-3160,-3029,-2921,1318,1180,458,1334,534,-7,56,52,92,40,98,112,1319,1181,467,1335,543,113,24,78,118,4,110,66,124,391,593,24,554,330,87,87,78,88,79,356
I3499,5002,2509,-2758,5899,5731,5563,5359,5207,4837,2280,2202,2222,2180,2200,2290,-3139,-3008,-2900,-3139,-3008,-2900,897,729,561,357,205,-164,-228,-306,-286,-328,-308,-218,926,791,630,485,371,273,24,20,37,68,51,44,122,101,189,340,257,224,104,112,117,132,146,216
GW1001,6883,2907,-2779,6791,6781,6783,7049,6983,6885,3146,3134,3102,4168,3976,3562,-3160,-3029,-2921,-3160,-3029,-2921,-92,-102,-100,165,99,1,239,227,195,1261,1069,655,256,249,219,1272,1073,655,3,4,5,7,72,97,17,22,29,37,362,488,338,335,332,7,5,0
VLI011,4637,3037,-2769,6167,6185,6201,6121,6135,6145,3160,3156,3174,3204,3248,3306,-3150,-3019,-2911,-3150,-3019,-2911,1530,1548,1564,1484,1498,1508,122,118,136,166,210,268,1535,1553,1570,1494,1513,1532,8,7,10,4,22,28,44,38,50,24,110,144,85,85,85,83,81,79
VLI067,4637,3037,-2766,6171,6189,6081,6081,6081,6067,3076,3056,3156,3124,3122,3236,-3147,-3016,-2908,-3147,-3016,-2908,1534,1552,1444,1444,1444,1430,38,18,118,86,84,198,1535,1552,1449,1447,1447,1444,8,8,56,3,4,21,44,44,283,19,23,108,88,89,85,86,86,82
RK1001,6674,2995,-2775,6759,6855,6805,6917,6899,6859,3372,3764,3442,4094,4056,3544,-3156,-3025,-2917,-3156,-3025,-2917,85,181,131,243,225,185,377,769,447,1099,1061,549,387,790,466,1126,1085,580,72,90,90,6,6,81,363,452,451,34,30,406,12,13,16,12,12,18
VLI071,4637,3037,-2795,6153,6167,6181,6215,6221,6179,3148,3146,3172,3600,3782,4038,-3176,-3045,-2937,-3176,-3045,-2937,1516,1530,1544,1578,1584,1542,110,108,134,562,744,1000,1520,1534,1550,1676,1750,1838,8,6,15,74,62,35,41,34,76,372,313,176,85,85,85,70,64,57
CAK530.SG,3132,3591,-2763,4321,4195,4141,3955,3499,3261,2824,2738,2688,3150,3474,3426,-3144,-3013,-2905,-3144,-3013,-2905,1189,1063,1009,823,367,129,-766,-852,-902,-440,-116,-164,1415,1363,1354,934,385,209,23,3,4,112,119,111,118,19,21,561,599,557,122,128,131,118,107,141
TOU001,4658,3017,-2751,4297,4175,4105,4279,4207,4183,2842,2766,2712,2790,2732,2676,-3132,-3001,-2893,-3132,-3001,-2893,-360,-482,-552,-378,-450,-474,-174,-250,-304,-226,-284,-340,400,543,630,440,532,583,27,12,14,13,9,9,136,60,70,68,48,48,244,242,241,239,237,234
I4930,4583,1633,-2746,4805,4753,4719,4675,4709,4717,2514,2464,2370,2348,2502,2372,-3127,-2996,-2888,-3127,-2996,-2888,221,169,135,91,125,133,880,830,736,714,868,738,908,848,749,720,877,750,7,12,23,85,38,42,39,61,118,426,191,210,14,11,10,7,8,10
I6294,6845,4124,-2762,6823,6841,6801,6853,6799,6789,4004,4010,3850,4028,3904,3846,-3143,-3012,-2904,-3143,-3012,-2904,-21,-3,-43,8,-45,-55,-119,-113,-273,-95,-219,-277,121,113,277,96,224,283,54,36,73,8,55,62,272,181,366,40,278,311,190,181,189,174,191,191
vbj004.minus.SG,4840,3862,-2779,5135,4939,4855,5185,5025,4921,3854,3876,3868,3800,3834,3830,-3160,-3029,-2921,-3160,-3029,-2921,295,99,15,345,185,81,-7,14,6,-61,-27,-31,295,100,16,350,187,87,39,29,14,38,26,22,196,147,70,194,130,112,91,81,68,100,98,111
RISE240.SG,6803,3186,-2765,6769,6895,6877,6895,6889,6893,3742,4062,3924,3680,3392,3296,-3146,-3015,-2907,-3146,-3015,-2907,-33,92,74,92,86,90,555,875,737,493,205,109,556,880,741,502,223,142,71,26,57,73,45,5,359,133,287,367,227,26,356,6,5,10,22,39
RISE434.SG,4486,2871,-2752,6395,6619,6729,6595,6575,6309,3208,3656,3898,4168,4230,4200,-3133,-3002,-2894,-3133,-3002,-2894,1909,2133,2243,2109,2089,1823,337,785,1027,1297,1359,1329,1938,2273,2467,2476,2492,2256,45,78,65,47,13,67,225,391,328,238,68,338,79,69,65,58,56,53
ans016.SG,4808,3850,-2759,4311,4153,4101,4781,4927,4993,2910,2828,2794,3228,3172,3154,-3140,-3009,-2901,-3140,-3009,-2901,-496,-654,-706,-26,119,185,-940,-1022,-1056,-622,-678,-696,1063,1213,1270,622,688,720,26,14,19,7,11,27,130,70,97,36,59,136,207,212,213,182,169,165
MK5009,6917,2908,-2759,6729,6787,6779,6989,6931,6903,3138,3118,3076,4194,3952,3642,-3140,-3009,-2901,-3140,-3009,-2901,-187,-129,-137,72,14,-13,230,210,168,1286,1044,734,297,247,217,1288,1044,734,24,10,13,7,84,106,122,54,65,36,420,531,320,328,320,3,0,358
poz81.SG,4834,3270,-2728,6835,6839,6847,6835,6833,6827,4082,4050,4038,4080,4050,3932,-3109,-2978,-2870,-3109,-2978,-2870,2000,2004,2012,2000,1998,1992,812,780,768,810,780,662,2159,2151,2154,2158,2145,2100,5,3,4,6,4,14,25,15,21,33,22,70,67,68,69,67,68,71
CAK531.SG,3132,3591,-2725,4097,4151,4089,3637,3419,3207,2716,2714,2662,2116,2062,2020,-3106,-2975,-2867,-3106,-2975,-2867,965,1019,957,505,287,75,-874,-876,-928,-1474,-1528,-1570,1303,1344,1334,1559,1555,1572,53,4,4,7,8,7,268,20,20,35,44,39,132,130,134,161,169,177
Ajvide52.SG,4815,3826,-2724,5043,4901,4865,5311,5091,4949,3824,3848,3856,3848,3870,3864,-3105,-2974,-2866,-3105,-2974,-2866,228,86,50,496,276,134,-2,21,29,21,43,37,228,89,58,497,280,139,28,21,12,70,56,37,140,109,61,354,282,189,90,75,59,87,80,74
Ajvide58.SG,4815,3826,-2760,5111,4971,4889,5123,5015,4937,3830,3852,3852,3836,3844,3830,-3141,-3010,-2902,-3141,-3010,-2902,296,156,74,308,200,122,3,25,25,9,17,3,296,158,79,308,201,122,32,29,15,22,20,18,163,145,79,114,104,93,89,80,70,88,84,88
Ajvide70.SG,4815,3826,-2722,5097,4929,4881,5103,4975,4897,3876,3838,3854,3844,3824,3842,-3103,-2972,-2864,-3103,-2972,-2864,282,114,66,288,160,82,49,11,27,17,-2,15,287,115,72,289,160,84,63,30,14,28,34,16,317,151,73,144,171,84,79,84,67,86,90,79
MA2210_final.SG,6410,2064,-2764,6691,6653,6609,6521,6533,6543,2148,2142,2124,2204,2176,2144,-3145,-3014,-2906,-3145,-3014,-2906,281,243,199,111,123,133,84,78,60,140,112,80,293,255,208,179,167,155,7,7,9,4,4,6,37,38,45,22,24,32,73,72,73,38,47,59
MA2212_final.SG,6410,2064,-2760,6645,6625,6581,6551,6529,6495,2146,2118,2110,2120,2102,2082,-3141,-3010,-2902,-3141,-3010,-2902,235,215,171,141,119,85,82,54,46,56,38,18,249,222,177,152,125,87,8,10,9,4,8,8,44,52,45,24,40,41,70,75,74,68,72,77
MA2213_final.SG,6410,2064,-2759,6583,6573,6525,6413,6451,6451,2196,2168,2176,2254,2204,2166,-3140,-3009,-2901,-3140,-3009,-2901,173,163,115,3,41,41,132,104,112,190,140,102,218,194,161,190,146,110,12,18,18,11,9,11,63,93,91,56,48,55,52,57,45,1,16,22
I0432,6846,4134,-2769,6115,6053,5927,6095,6087,6031,3134,3144,3138,3564,3844,3928,-3150,-3019,-2911,-3150,-3019,-2911,-730,-792,-918,-750,-758,-814,-1000,-990,-996,-570,-290,-206,1238,1268,1354,942,812,840,4,49,85,53,45,73,20,249,428,265,226,366,216,218,222,232,249,255
VOR004.SG,6034,4187,-2714,6201,6217,6107,6097,6093,6015,3122,3140,3374,3158,3152,3220,-3095,-2964,-2856,-3095,-2964,-2856,167,183,73,63,59,-18,-1065,-1047,-813,-1029,-1035,-967,1078,1063,816,1031,1036,967,5,39,102,4,4,62,28,199,510,21,24,311,171,170,174,176,176,181
DRO001,4563,3041,-2741,6223,6253,6205,6149,6153,6127,3126,3110,3280,3140,3128,3150,-3122,-2991,-2883,-3122,-2991,-2883,1660,1690,1642,1586,1590,1564,84,68,238,98,86,108,1662,1691,1659,1589,1592,1568,7,7,9,3,4,3,36,37,48,18,20,19,87,87,81,86,86,86
KON001,4580,3055,-2736,6269,6361,6447,6543,6605,6595,3152,3304,3450,3954,4088,4082,-3117,-2986,-2878,-3117,-2986,-2878,1689,1781,1867,1963,2025,2015,96,248,394,898,1032,1026,1692,1798,1908,2159,2273,2262,8,54,66,66,40,39,40,270,334,334,202,197,86,82,78,65,62,63
NIK005.SG,6041,4190,-2757,6171,6181,6077,6021,6007,5937,3094,3120,3222,3140,3162,3166,-3138,-3007,-2899,-3138,-3007,-2899,130,140,36,-19,-33,-103,-1095,-1069,-967,-1049,-1027,-1023,1103,1078,968,1049,1028,1028,6,43,83,7,7,32,32,216,417,37,35,161,173,172,177,181,181,185
I8569,3493,1965,-2741,4237,4179,4137,3665,3893,3615,2748,2694,2646,2328,2400,2224,-3122,-2991,-2883,-3122,-2991,-2883,744,686,644,172,400,122,783,729,681,363,435,259,1081,1001,938,402,591,287,26,5,9,72,68,65,134,29,45,360,340,328,43,43,43,25,42,25
BLS002,4595,3033,-2706,4185,4105,4065,4861,4989,5145,2862,2826,2778,3256,3182,3110,-3087,-2956,-2848,-3087,-2956,-2848,-409,-489,-529,266,394,550,-171,-207,-255,222,148,76,443,531,587,347,421,556,19,15,18,9,13,20,99,76,90,45,66,100,247,247,244,50,69,82
VLI032,4637,3037,-2735,4259,4115,4031,4099,3985,3917,2864,2782,2732,2834,2850,2880,-3116,-2985,-2877,-3116,-2985,-2877,-377,-521,-605,-537,-651,-719,-173,-255,-305,-203,-187,-157,415,580,677,574,677,736,26,14,15,12,35,56,134,70,79,61,175,283,245,243,243,249,253,257
vbj001.minus.SG,4840,3862,-2718,5041,4927,4857,5095,4975,4897,3836,3876,3860,3832,3860,3850,-3099,-2968,-2860,-3099,-2968,-2860,201,87,17,255,135,57,-25,14,-1,-29,-1,-11,202,88,17,256,135,58,34,28,11,30,24,19,172,143,59,153,120,98,97,80,96,96,90,101
I0371_published,6845,4124,-2747,6753,6853,6861,6283,6299,6311,3922,4088,4076,3166,3140,3100,-3128,-2997,-2889,-3128,-2997,-2889,-91,8,16,-561,-545,-533,-201,-35,-47,-957,-983,-1023,221,36,50,1110,1124,1154,84,5,3,2,5,7,423,25,17,13,26,35,204,166,160,210,209,207
KON005,4580,3055,-2727,6083,6125,6099,5805,5597,5395,3206,3190,3196,3388,3568,3654,-3108,-2977,-2869,-3108,-2977,-2869,1503,1545,1519,1225,1017,815,150,134,140,332,512,598,1511,1551,1526,1269,1139,1011,24,7,23,47,47,28,124,39,117,235,237,140,84,85,84,74,63,53
I2792,5030,2512,-2718,4623,4593,4603,4669,4633,4585,2516,2376,2262,2394,2276,2328,-3099,-2968,-2860,-3099,-2968,-2860,-406,-436,-426,-360,-396,-444,4,-135,-249,-117,-235,-183,406,457,494,379,461,480,11,9,6,16,14,51,58,46,33,84,74,259,270,252,239,251,239,247
RISE436.SG,4486,2871,-2732,6169,6187,5895,6039,5719,5309,3062,3038,3270,3086,3088,3072,-3113,-2982,-2874,-3113,-2982,-2874,1683,1701,1409,1553,1233,823,191,167,399,215,217,201,1694,1709,1464,1568,1252,847,6,7,103,2,104,139,30,35,518,14,520,698,83,84,74,82,80,76
vbj008.minus.SG,4840,3862,-2721,5047,4911,4865,5135,5013,4927,3826,3856,3856,3860,3864,3858,-3102,-2971,-2863,-3102,-2971,-2863,207,71,25,295,173,87,-35,-5,-5,-1,2,-3,210,71,25,295,173,87,35,24,14,54,17,23,177,123,71,270,87,119,99,94,103,90,89,92
BU2001,6862,2895,-2720,6777,6761,6803,6975,6901,6847,3142,3106,3068,4200,3784,3368,-3101,-2970,-2862,-3101,-2970,-2862,-84,-100,-58,113,39,-14,246,210,172,1304,888,472,260,233,182,1309,889,473,14,13,8,7,107,101,73,67,41,36,536,507,341,334,341,4,2,358
I2403,4850,3333,-2701,4255,4131,4101,4155,4093,4039,2900,2834,2788,2892,2824,2770,-3082,-2951,-2843,-3082,-2951,-2843,-595,-719,-749,-695,-757,-811,-432,-498,-544,-440,-508,-562,735,875,926,823,912,987,36,28,31,16,12,11,184,140,159,80,60,55,233,235,233,237,236,235
I6601,2662,1989,-2695,4029,3901,3709,4095,4091,4065,2714,2512,2226,2692,2640,2584,-3076,-2945,-2837,-3076,-2945,-2837,1367,1239,1047,1433,1429,1403,724,522,236,702,650,594,1548,1345,1074,1596,1570,1524,4,51,43,4,5,7,21,256,217,20,27,37,62,67,77,63,65,67
I7587,3055,1692,-2748,4393,4287,4199,4249,3351,3083,2824,2722,2646,2510,1730,1382,-3129,-2998,-2890,-3129,-2998,-2890,1338,1232,1144,1194,296,28,1132,1030,954,818,38,-309,1753,1606,1490,1447,298,310,63,41,12,182,156,33,316,208,63,913,783,166,49,50,50,55,82,174
I8149,3055,1692,-2677,4349,4223,4149,3367,3493,3675,2794,2692,2610,2374,2270,2024,-3058,-2927,-2819,-3058,-2927,-2819,1294,1168,1094,312,438,620,1102,1000,918,682,578,332,1700,1538,1428,750,725,703,53,38,19,159,155,131,269,192,97,797,777,658,49,49,49,24,37,61
I8154,3055,1692,-2690,4211,4187,4153,3277,3091,3055,2688,2662,2604,2082,2256,2344,-3071,-2940,-2832,-3071,-2940,-2832,1156,1132,1098,222,36,0,996,970,912,390,564,652,1526,1491,1428,449,565,652,23,12,14,98,126,132,119,61,72,491,633,663,49,49,50,29,3,0
I8158,3055,1692,-2721,4465,4219,4139,3345,3485,3553,2948,2752,2698,2904,2748,2524,-3102,-2971,-2863,-3102,-2971,-2863,1410,1164,1084,290,430,498,1256,1060,1006,1212,1056,832,1888,1575,1479,1246,1140,970,58,16,18,49,60,42,294,84,93,245,303,212,48,47,47,13,22,30
I8197,3055,1692,-2641,4179,4117,3655,3717,3807,3691,2704,2632,2240,3106,2720,2532,-3022,-2891,-2783,-3022,-2891,-2783,1124,1062,600,662,752,636,1012,940,548,1414,1028,840,1513,1418,813,1561,1274,1054,30,14,134,35,108,135,153,70,671,178,542,676,47,48,47,25,36,37
I8198,3055,1692,-2712,4143,4151,3959,3379,2971,2789,2674,2656,2488,2192,1960,1920,-3093,-2962,-2854,-3093,-2962,-2854,1088,1096,904,324,-83,-265,982,964,796,500,268,228,1466,1460,1205,596,281,350,22,13,101,77,30,8,114,68,506,385,150,40,47,48,48,32,342,310
I8199,3055,1692,-2670,4095,4073,3775,3131,3085,2951,2696,2604,2340,2100,1960,1876,-3051,-2920,-2812,-3051,-2920,-2812,1040,1018,720,76,30,-103,1004,912,648,408,268,184,1446,1367,969,415,270,211,16,53,123,80,60,26,81,266,618,404,301,130,46,48,48,10,6,330
I11614,4257,1777,-2721,4161,4151,4101,3705,3643,3599,2686,2688,2632,2240,2194,2162,-3102,-2971,-2863,-3102,-2971,-2863,-95,-105,-155,-551,-613,-657,909,911,855,463,417,385,913,917,868,719,741,761,15,4,6,7,8,7,77,23,31,35,42,35,354,353,349,310,304,300
I11592,4257,1777,-2687,4081,4057,3925,3315,3269,3271,2782,2684,2524,3002,2984,2482,-3068,-2937,-2829,-3068,-2937,-2829,-175,-199,-331,-941,-987,-985,1005,907,747,1225,1207,705,1020,928,817,1544,1559,1211,55,4,15,125,120,112,277,23,78,626,600,561,350,347,336,322,320,305
LYG001,6888,2912,-2700,6763,6749,6789,7005,6841,6783,3142,3104,3060,4214,3518,3160,-3081,-2950,-2842,-3081,-2950,-2842,-124,-138,-98,117,-46,-104,230,192,148,1302,606,248,261,237,178,1307,608,269,15,16,9,6,108,72,79,84,47,34,540,362,331,324,326,5,355,337
KON003,4580,3055,-2689,6263,6253,5961,6211,6215,6135,3134,3180,3342,3150,3122,3206,-3070,-2939,-2831,-3070,-2939,-2831,1683,1673,1381,1631,1635,1555,78,124,286,94,66,150,1685,1678,1411,1634,1636,1562,10,41,67,5,5,21,54,208,339,27,28,109,87,85,78,86,87,84
TRM001,4603,3066,-2645,5809,5565,5125,5631,5333,5393,3338,3412,3390,3236,3338,3424,-3026,-2895,-2787,-3026,-2895,-2787,1206,962,522,1028,730,790,272,346,324,170,272,358,1236,1023,615,1042,779,868,51,73,95,79,83,52,259,369,479,399,418,261,77,70,58,80,69,65
VLI075,4637,3037,-2715,6183,6189,5975,6477,6383,6211,3068,3138,3436,4222,4220,4146,-3096,-2965,-2857,-3096,-2965,-2857,1546,1552,1338,1840,1746,1574,30,100,398,1184,1182,1108,1547,1555,1396,2189,2109,1925,6,18,87,40,34,65,30,94,435,202,173,327,88,86,73,57,55,54
VLI081,4637,3037,-2689,6279,6219,6015,6729,6717,6715,3074,3266,3634,4218,4200,4140,-3070,-2939,-2831,-3070,-2939,-2831,1642,1582,1378,2092,2080,2078,36,228,596,1180,1162,1102,1643,1599,1502,2402,2383,2353,12,10,50,8,10,27,61,50,251,44,53,137,88,81,66,60,60,62
poz44.SG,4834,3270,-2722,6327,6521,6577,6137,6145,6013,3296,3672,3730,3206,3200,3324,-3103,-2972,-2864,-3103,-2972,-2864,1492,1686,1742,1302,1310,1178,26,402,460,-63,-69,54,1493,1734,1802,1304,1312,1180,44,64,57,2,3,35,220,324,287,14,15,177,88,76,75,92,93,87
SID006,4205,1948,-2683,4475,4373,4317,4249,4235,4201,2666,2570,2470,2624,2566,2512,-3064,-2933,-2825,-3064,-2933,-2825,270,168,112,44,30,-3,718,622,522,676,618,564,767,644,534,677,618,564,52,37,21,6,10,12,264,188,107,34,51,63,20,15,12,3,2,359
MA968.MA976.SG,5195,4094,-2714,6279,6317,6197,6157,6159,6003,3130,3152,3394,3164,3148,3178,-3095,-2964,-2856,-3095,-2964,-2856,1084,1122,1002,962,964,808,-964,-942,-700,-930,-946,-916,1451,1465,1222,1338,1351,1221,9,14,87,6,8,32,49,71,439,30,41,164,131,130,124,134,134,138
MA969.SG,5195,4094,-2669,6261,6299,6033,6133,6135,6049,3136,3148,3374,3176,3154,3152,-3050,-2919,-2811,-3050,-2919,-2811,1066,1104,838,938,940,854,-958,-946,-720,-918,-940,-942,1433,1454,1105,1312,1329,1271,8,12,96,4,6,10,42,63,480,24,30,53,131,130,130,134,135,137
PNL002,4735,3031,-2688,6035,5895,5285,5991,5913,5781,3096,3100,3106,3338,3596,3770,-3069,-2938,-2830,-3069,-2938,-2830,1300,1160,550,1256,1178,1046,64,68,74,306,564,738,1302,1162,555,1293,1307,1281,39,77,116,55,78,104,195,386,581,275,391,520,87,86,82,76,64,54
I1281,3211,2236,-2708,3995,3667,3483,3337,3249,3209,2776,2358,2208,2166,2202,2208,-3089,-2958,-2850,-3089,-2958,-2850,784,456,272,126,38,-1,540,122,-27,-69,-33,-27,952,472,273,144,51,27,42,71,50,18,10,5,214,358,253,90,54,27,55,75,95,118,131,183
VLI085,4637,3037,-2722,6147,6057,5637,6069,5519,4885,2986,3010,3094,3070,3140,3068,-3103,-2972,-2864,-3103,-2972,-2864,1510,1420,1000,1432,882,248,-51,-27,56,32,102,30,1511,1420,1002,1433,888,250,7,42,107,4,111,111,39,214,539,24,558,557,91,91,86,88,83,82
I1970,2674,1961,-2695,4065,3859,3545,3431,3337,3229,2742,2496,2184,2224,2206,2152,-3076,-2945,-2837,-3076,-2945,-2837,1391,1185,871,757,663,555,780,534,222,262,244,190,1595,1300,899,801,706,586,8,69,63,23,33,38,43,348,318,117,165,193,60,65,75,70,69,71
TRM006,4603,3066,-2676,6249,6275,5997,6121,6109,6097,3116,3134,3564,3218,3230,3290,-3057,-2926,-2818,-3057,-2926,-2818,1646,1672,1394,1518,1506,1494,50,68,498,152,164,224,1647,1674,1480,1526,1515,1511,7,11,59,4,4,20,39,57,296,22,21,104,88,87,70,84,83,81
NIK002.SG,6041,4190,-2687,6183,6075,5721,6085,6015,5471,3066,3074,3508,3122,3114,3282,-3068,-2937,-2829,-3068,-2937,-2829,142,34,-319,44,-25,-569,-1123,-1115,-681,-1067,-1075,-907,1132,1116,752,1068,1075,1071,5,37,146,4,33,126,26,186,733,20,167,631,172,178,205,177,181,212
ART011,6751,2159,-2678,6737,6703,6689,6647,6673,6669,2220,2182,2144,2228,2184,2160,-3059,-2928,-2820,-3059,-2928,-2820,-13,-47,-61,-103,-77,-81,60,22,-15,68,24,0,62,52,63,124,81,81,4,5,3,11,7,6,23,26,19,59,38,31,347,295,256,303,287,270
I11443,4628,1654,-2667,5763,5183,4741,4749,4569,4571,2902,2966,2918,2868,2880,2830,-3048,-2917,-2809,-3048,-2917,-2809,1134,554,112,120,-59,-57,1247,1311,1263,1213,1225,1175,1686,1424,1268,1219,1227,1177,49,60,34,46,20,15,249,304,172,233,100,76,42,22,5,5,357,357
Aes25,4140,2708,-2681,6183,6149,5741,6087,6089,5599,3132,3216,3476,3196,3190,3310,-3062,-2931,-2823,-3062,-2931,-2823,2043,2009,1601,1947,1949,1459,423,507,767,487,481,601,2087,2072,1776,2007,2008,1579,8,27,144,2,2,135,40,138,724,14,11,676,78,75,64,75,76,67
RISE435.SG,4486,2871,-2654,6713,6805,6835,6783,6793,6573,3854,4040,4078,4340,4332,4282,-3035,-2904,-2796,-3035,-2904,-2796,2227,2319,2349,2297,2307,2087,983,1169,1207,1469,1461,1411,2434,2597,2641,2727,2731,2519,68,40,24,21,26,111,343,200,122,105,133,558,66,63,62,57,57,55
IVA001.SG,5914,3929,-2659,6055,5615,5065,5625,5015,4773,3120,3132,3112,3150,3146,3128,-3040,-2909,-2801,-3040,-2909,-2801,141,-298,-848,-288,-898,-1140,-808,-796,-816,-778,-782,-800,820,850,1177,830,1191,1393,9,71,64,77,84,60,49,359,324,387,424,300,170,200,226,200,228,234
ART010,6751,2159,-2662,6667,6635,6625,6663,6665,6659,2168,2142,2122,2176,2156,2138,-3043,-2912,-2804,-3043,-2912,-2804,-83,-115,-125,-87,-85,-91,8,-17,-37,16,-3,-21,84,116,131,89,85,94,9,10,8,12,5,6,46,51,42,63,29,32,275,261,253,280,267,256
PRE001,4735,3031,-2654,4249,4141,4049,4901,5061,4947,2814,2742,2686,3142,3070,3088,-3035,-2904,-2796,-3035,-2904,-2796,-485,-593,-685,166,326,212,-217,-289,-345,110,38,56,531,659,767,200,329,220,23,13,15,6,14,78,116,68,79,30,70,394,245,243,243,56,83,75
MJ-06.SG,6123,3228,-2638,6873,6883,6885,6247,6229,5947,4100,4082,4040,3114,3120,3378,-3019,-2888,-2780,-3019,-2888,-2780,750,760,762,124,106,-175,872,854,812,-113,-107,150,1150,1143,1113,168,151,231,4,3,20,7,35,68,22,15,100,38,175,341,40,41,43,132,135,310
SOP002.SG,5279,4151,-2671,6221,6235,6067,6107,6103,5885,3156,3134,3306,3222,3218,3314,-3052,-2921,-2813,-3052,-2921,-2813,942,956,788,828,824,606,-994,-1016,-844,-928,-932,-836,1369,1395,1155,1244,1244,1032,8,13,87,8,7,72,43,67,435,40,37,361,136,136,136,138,138,144
VLI079,4637,3037,-2714,4931,4629,4549,4461,4413,4357,2792,2912,2864,2902,2810,2724,-3095,-2964,-2856,-3095,-2964,-2856,294,-7,-87,-175,-223,-279,-245,-125,-173,-135,-227,-313,383,125,193,221,318,419,61,42,31,19,25,15,305,212,156,95,127,79,129,183,206,232,224,221
I0126,6893,4118,-2640,6779,6839,6845,6923,6885,6803,4000,4098,4108,4146,4042,3672,-3021,-2890,-2782,-3021,-2890,-2782,-113,-53,-47,30,-7,-89,-117,-19,-9,28,-75,-445,163,57,48,41,76,454,68,3,3,19,61,112,342,19,19,97,309,561,224,249,258,46,185,191
oll007.SG,4574,3663,-2666,6085,5535,4915,5683,4893,4661,3014,3064,3062,3120,3112,3094,-3047,-2916,-2808,-3047,-2916,-2808,1511,961,341,1109,319,87,-649,-599,-601,-543,-551,-569,1644,1132,691,1235,637,575,9,100,85,84,91,54,47,504,426,423,457,272,113,121,150,116,149,171
TRM003,4603,3066,-2701,6291,6345,6083,6475,6451,6441,3118,3134,3320,4046,4052,4058,-3082,-2951,-2843,-3082,-2951,-2843,1688,1742,1480,1872,1848,1838,52,68,254,980,986,992,1689,1743,1502,2113,2095,2089,9,30,55,54,44,35,49,153,278,272,222,175,88,87,80,62,61,61
I8364,3055,1692,-2630,4111,4045,3823,4035,4009,3971,2728,2668,2448,2712,2638,2564,-3011,-2880,-2772,-3011,-2880,-2772,1056,990,768,980,954,916,1036,976,756,1020,946,872,1480,1390,1078,1415,1344,1265,5,8,74,5,7,9,27,43,371,25,37,47,45,45,45,43,45,46
I8365,3055,1692,-2623,4197,4135,4007,4187,4151,4133,2696,2636,2504,2696,2634,2572,-3004,-2873,-2765,-3004,-2873,-2765,1142,1080,952,1132,1096,1078,1004,944,812,1004,942,880,1521,1435,1251,1513,1445,1392,5,6,74,4,5,4,28,33,371,23,25,21,48,48,49,48,49,50
HAN002.SG,5912,3905,-2654,6285,6259,5821,6131,6129,5727,3172,3128,3440,3170,3154,3284,-3035,-2904,-2796,-3035,-2904,-2796,373,347,-90,219,217,-184,-733,-777,-465,-735,-751,-621,823,851,473,767,782,647,9,20,72,6,9,83,49,103,363,31,45,418,152,155,190,163,163,196
I6695,4588,3055,-2618,5991,5335,5039,5853,5301,4963,3078,3118,3130,3122,3124,3102,-2999,-2868,-2760,-2999,-2868,-2760,1403,747,451,1265,713,375,23,63,75,67,69,47,1403,750,457,1267,716,378,76,140,130,86,136,126,384,700,654,433,682,631,89,85,80,86,84,82
I6696,4609,3055,-2630,5777,5433,5133,5733,5507,5065,3072,3070,3082,3066,3054,3040,-3011,-2880,-2772,-3011,-2880,-2772,1168,824,524,1124,898,456,16,14,26,10,-1,-15,1168,824,525,1124,898,457,112,142,134,107,132,125,560,713,672,539,663,629,89,88,87,89,90,91
RISE555.SG,6754,3431,-2654,6865,6881,6823,6861,6861,6867,3956,3928,3504,4132,3878,3384,-3035,-2904,-2796,-3035,-2904,-2796,111,127,69,107,107,113,524,496,72,700,446,-47,536,512,100,709,459,123,28,24,29,7,32,30,140,123,149,35,162,152,12,14,43,8,13,112
I1272,3211,2236,-2628,3587,3323,3285,3407,3331,3309,2418,2234,2198,2292,2268,2234,-3009,-2878,-2770,-3009,-2878,-2770,376,112,74,196,120,98,182,-1,-37,56,32,-1,418,112,83,204,124,98,82,36,8,12,12,9,412,183,43,61,62,49,64,90,116,74,74,90
VLI009,4637,3037,-2664,4877,4821,4647,4757,4829,4817,3338,3332,3348,3432,3458,3570,-3045,-2914,-2806,-3045,-2914,-2806,240,184,10,120,192,180,300,294,310,394,420,532,385,347,310,412,462,562,65,49,53,24,36,49,325,247,265,120,183,246,38,32,1,17,24,18
TORTE.SG,3755,2253,-2617,4165,4073,3989,4103,4101,4077,2768,2712,2640,2742,2658,2592,-2998,-2867,-2759,-2998,-2867,-2759,410,318,234,348,346,322,515,459,387,489,405,339,658,558,452,600,533,467,6,9,12,22,6,8,34,48,64,111,33,42,38,34,31,35,40,43
RISE61.SG,4437,3623,-2638,6125,5769,4843,5993,5917,5329,3074,3088,3140,3160,3174,3176,-3019,-2888,-2780,-3019,-2888,-2780,1688,1332,406,1556,1480,892,-548,-534,-482,-462,-448,-446,1775,1435,631,1623,1546,997,11,106,95,4,45,111,58,533,477,22,227,558,108,111,139,106,106,116
I1282,3211,2236,-2638,4237,4107,4019,3317,3273,3219,2796,2698,2614,2586,2716,2576,-3019,-2888,-2780,-3019,-2888,-2780,1026,896,808,106,62,8,560,462,378,350,480,340,1169,1008,892,366,484,340,45,28,34,85,94,92,226,142,170,429,470,463,61,62,64,16,7,1
I1276,3211,2236,-2623,3575,3431,3289,3227,3191,3187,2526,2380,2238,2260,2284,2284,-3004,-2873,-2765,-3004,-2873,-2765,364,220,78,16,-19,-23,290,144,2,24,48,48,465,263,78,29,52,53,87,70,8,8,5,4,438,354,43,41,26,21,51,56,88,34,338,334
I1284,3211,2236,-2592,3525,3441,3331,3305,3285,3277,2406,2296,2182,2236,2212,2186,-2973,-2842,-2734,-2973,-2842,-2734,314,230,120,94,74,66,170,60,-53,0,-23,-49,357,238,131,94,78,83,73,57,23,9,6,9,369,288,117,45,34,49,61,75,114,89,107,126
I1280,3211,2236,-2623,3481,3411,3303,3535,3505,3411,2422,2338,2226,2260,2178,2130,-3004,-2873,-2765,-3004,-2873,-2765,270,200,92,324,294,200,186,102,-9,24,-57,-105,328,225,93,325,300,226,78,64,9,33,14,9,392,321,45,165,73,49,55,62,95,85,101,117
I1314,3211,2236,-2590,3933,3889,3619,4033,3899,3713,2586,2440,2212,2706,2484,2292,-2971,-2840,-2732,-2971,-2840,-2732,722,678,408,822,688,502,350,204,-23,470,248,56,802,708,409,947,731,505,61,48,52,15,37,46,309,241,260,76,189,231,64,73,93,60,70,83
I1300,3211,2236,-2615,3729,3587,3427,3771,3741,3633,2546,2326,2160,2478,2374,2226,-2996,-2865,-2757,-2996,-2865,-2757,518,376,216,560,530,422,310,90,-75,242,138,-9,604,387,229,610,548,422,79,63,31,25,21,17,399,317,157,126,105,86,59,76,109,66,75,91
I1271,3211,2236,-2587,3499,3387,3297,3269,3257,3259,2380,2280,2184,2260,2244,2210,-2968,-2837,-2729,-2968,-2837,-2729,288,176,86,58,46,48,144,44,-51,24,8,-25,322,181,100,63,47,54,82,60,9,6,4,8,412,301,49,30,23,43,63,75,120,67,79,117
I1303,3211,2236,-2555,3557,3481,3331,3425,3403,3369,2366,2274,2130,2266,2216,2178,-2936,-2805,-2697,-2936,-2805,-2697,346,270,120,214,192,158,130,38,-105,30,-19,-57,370,273,160,216,193,168,76,63,12,17,17,15,381,316,62,87,85,75,69,81,131,81,95,110
I5838,3211,2236,-2612,3801,3731,3591,3509,3473,3431,2580,2350,2226,2232,2202,2166,-2993,-2862,-2754,-2993,-2862,-2754,590,520,380,298,262,220,344,114,-9,-3,-33,-69,683,532,380,298,264,231,84,60,57,15,16,21,424,304,286,79,80,106,59,77,91,90,97,107
I6596_published,3151,2009,-2618,4051,3927,3629,3883,3885,3915,2736,2480,2222,2254,2170,2118,-2999,-2868,-2760,-2999,-2868,-2760,900,776,478,732,734,764,727,471,213,245,161,109,1157,908,524,772,752,772,25,75,94,44,36,49,128,379,473,220,182,247,51,58,65,71,77,81
I6617,3151,2009,-2574,3719,3649,3447,3463,3423,3387,2452,2310,2146,2250,2198,2152,-2955,-2824,-2716,-2955,-2824,-2716,568,498,296,312,272,236,443,301,137,241,189,143,721,582,327,395,332,276,92,78,54,17,18,16,460,394,270,87,91,84,52,58,65,52,55,58
I6628,3151,2009,-2594,4003,3803,3551,3343,3337,3293,2628,2382,2180,2114,2128,2106,-2975,-2844,-2736,-2975,-2844,-2736,852,652,400,192,186,142,619,373,171,105,119,97,1053,752,435,219,221,172,66,85,96,26,25,22,332,429,483,134,128,111,54,60,66,61,57,55
I6629,3151,2009,-2564,3887,3825,3539,3355,3269,3217,2574,2422,2142,2120,2118,2096,-2945,-2814,-2706,-2945,-2814,-2706,736,674,388,204,118,66,565,413,133,111,109,87,928,791,411,233,161,109,83,78,69,26,19,14,419,393,349,130,96,74,52,58,71,61,47,37
I6630,3151,2009,-2595,3989,3873,3749,3467,3445,3447,2632,2498,2372,2324,2254,2196,-2976,-2845,-2737,-2976,-2845,-2737,838,722,598,316,294,296,623,489,363,315,245,187,1045,872,700,447,383,350,62,75,83,15,16,14,310,377,418,79,82,70,53,55,58,45,50,57
TU876_SX10,4231,2679,-2593,4171,4113,3801,4187,4179,4147,2668,2608,2332,2660,2588,2526,-2974,-2843,-2735,-2974,-2843,-2735,-59,-117,-429,-43,-51,-83,-11,-71,-347,-19,-91,-153,60,137,552,47,104,174,6,10,118,4,7,9,31,52,594,23,39,47,259,238,231,246,209,208
ETM010,6711,1837,-2592,6701,6683,6681,6743,6733,6711,2188,2118,2078,1970,1956,1934,-2973,-2842,-2734,-2973,-2842,-2734,-9,-27,-29,32,22,0,350,280,240,132,118,96,350,281,242,136,120,96,6,6,4,2,4,4,34,33,23,10,21,23,358,354,352,13,10,0
ART009,6751,2159,-2615,6687,6659,6651,6757,6743,6741,2176,2142,2106,2128,2136,2142,-2996,-2865,-2757,-2996,-2865,-2757,-63,-91,-99,6,-7,-9,16,-17,-53,-31,-23,-17,65,93,112,31,24,19,6,6,7,3,3,2,32,33,35,16,15,14,284,259,241,168,198,209
OBR001,4640,3029,-2611,6299,6231,5707,6179,6151,5841,3102,3292,3726,3176,3192,3530,-2992,-2861,-2753,-2992,-2861,-2753,1659,1591,1067,1539,1511,1201,72,262,696,146,162,500,1661,1613,1274,1546,1520,1301,7,14,65,4,10,28,39,74,327,20,51,141,87,80,56,84,83,67
NIK004.SG,6041,4190,-2616,6231,6091,6035,6079,5671,5119,3084,3594,3932,3138,3302,3300,-2997,-2866,-2758,-2997,-2866,-2758,190,50,-5,38,-369,-921,-1105,-595,-257,-1051,-887,-889,1121,597,257,1052,961,1280,45,110,89,7,116,136,225,554,449,38,580,683,170,175,181,177,202,226
NIK007.SG,6041,4190,-2623,6259,6159,5687,6303,5947,5253,3098,3440,3504,3808,3824,3734,-3004,-2873,-2765,-3004,-2873,-2765,218,118,-353,262,-93,-787,-1091,-749,-685,-381,-365,-455,1113,758,771,463,377,909,9,96,141,63,115,178,45,484,708,318,575,891,168,170,207,145,194,239
KO1002,4690,3004,-2602,6283,6313,5869,6345,6383,6285,3134,3216,3662,3588,3646,3638,-2983,-2852,-2744,-2983,-2852,-2744,1592,1622,1178,1654,1692,1594,130,212,658,584,642,634,1598,1636,1350,1755,1810,1716,8,43,94,70,72,89,40,215,472,351,363,446,85,82,60,70,69,68
I0826,3663,2077,-2556,3963,3775,3537,3647,3621,3677,2580,2322,2066,2118,2068,2088,-2937,-2806,-2698,-2937,-2806,-2698,300,112,-125,-15,-41,14,502,244,-11,40,-9,10,585,269,125,43,42,18,55,61,37,6,19,6,277,307,185,31,97,30,30,24,264,339,257,53
MX191,4185,2684,-2594,5989,5071,4853,5651,4805,4655,3112,3114,3108,3140,3116,3064,-2975,-2844,-2736,-2975,-2844,-2736,1804,886,668,1466,620,470,428,430,424,456,432,380,1854,985,791,1535,756,604,58,137,102,117,124,96,293,685,510,589,621,484,76,64,57,72,55,51
NAU001.SG,6036,4195,-2584,6237,5945,5889,6321,5967,4937,3042,3726,3924,3972,3942,3536,-2965,-2834,-2726,-2965,-2834,-2726,201,-90,-146,285,-68,-1098,-1152,-468,-270,-222,-252,-658,1170,477,307,362,261,1280,8,132,119,63,104,176,40,660,596,315,524,882,170,190,208,127,195,239
RK4002,6670,2993,-2550,6855,6849,6831,6951,6795,6781,4058,3948,3862,4052,3310,3130,-2931,-2800,-2692,-2931,-2800,-2692,185,179,161,281,125,111,1065,955,869,1059,317,137,1081,972,884,1096,341,177,4,64,82,5,65,3,21,323,413,26,327,16,9,10,10,14,21,39
I1392,4134,2719,-2580,4483,4261,4225,4483,4185,4081,2762,2648,2594,2908,2758,2590,-2961,-2830,-2722,-2961,-2830,-2722,349,127,91,349,51,-52,43,-70,-124,189,39,-128,352,145,154,397,64,139,69,25,29,87,78,76,346,127,149,438,392,380,82,119,143,61,52,202
OBR004,4640,3029,-2546,6229,6005,5611,6129,6143,5337,3154,3774,3836,3220,3734,3576,-2927,-2796,-2688,-2927,-2796,-2688,1589,1365,971,1489,1503,697,124,744,806,190,704,546,1594,1555,1262,1501,1660,886,10,57,121,16,45,158,51,285,606,83,226,790,85,61,50,82,64,51
Plinkaigalis241,5179,3671,-2569,6089,5283,4757,6025,5829,5661,3054,3128,3102,3102,3214,3278,-2950,-2819,-2711,-2950,-2819,-2711,910,104,-421,846,650,482,-616,-542,-568,-568,-456,-392,1099,552,708,1019,794,621,12,30,37,6,67,66,64,153,186,33,336,332,124,169,216,123,125,129
VLI031,4637,3037,-2572,4019,4041,3505,5013,5139,4523,2812,2722,2514,3196,3078,2964,-2953,-2822,-2714,-2953,-2822,-2714,-617,-595,-1131,376,502,-113,-225,-315,-523,158,40,-73,657,673,1246,408,504,134,19,66,74,11,18,58,96,333,373,57,91,293,249,242,245,67,85,237
I2499,6130,1895,-2536,6429,6353,6273,6529,6449,6359,2124,2070,2022,2078,2072,2060,-2917,-2786,-2678,-2917,-2786,-2678,299,223,143,399,319,229,228,174,126,182,176,164,377,283,191,439,365,282,9,8,9,9,11,12,46,44,45,47,57,62,52,52,48,65,61,54
NAU002.SG,6036,4195,-2583,6143,5645,5077,6023,5617,5507,3090,3280,3324,3438,3782,3898,-2964,-2833,-2725,-2964,-2833,-2725,107,-390,-958,-12,-418,-528,-1104,-914,-870,-756,-412,-296,1109,994,1294,756,587,605,14,120,146,97,159,176,72,602,734,486,799,881,174,203,227,180,225,240
I1553,3663,2077,-2569,3757,3591,3483,3901,4049,3983,2630,2510,2400,2948,2626,2524,-2950,-2819,-2711,-2950,-2819,-2711,94,-71,-179,238,386,320,552,432,322,870,548,446,560,438,369,903,671,550,39,37,37,93,27,28,196,189,185,467,135,142,9,350,330,15,35,35
I0260,3663,2077,-2552,3955,3821,3695,2881,2905,2937,2538,2366,2248,1112,1058,1064,-2933,-2802,-2694,-2933,-2802,-2694,292,158,32,-781,-757,-725,460,288,170,-965,-1019,-1013,546,329,174,1241,1269,1245,32,44,35,27,25,23,161,221,176,136,127,118,32,28,10,218,216,215
I0261,3663,2077,-2501,4071,3817,3465,3689,3539,3499,2628,2386,2084,2458,2052,1916,-2882,-2751,-2643,-2882,-2751,-2643,408,154,-197,26,-123,-163,550,308,6,380,-25,-161,685,345,197,381,125,229,17,23,26,40,73,85,85,119,134,204,365,426,36,26,272,3,258,225
I0823,3663,2077,-2568,3913,3905,3639,3317,3249,3199,2570,2530,2360,2150,2148,2134,-2949,-2818,-2710,-2949,-2818,-2710,250,242,-23,-345,-413,-463,492,452,282,72,70,56,553,513,283,352,419,466,49,54,47,25,18,11,249,272,237,125,92,56,26,28,355,281,279,277
I0258,3663,2077,-2523,3631,3505,3363,3317,3263,3239,2404,2258,2128,2210,2190,2166,-2904,-2773,-2665,-2904,-2773,-2665,-31,-157,-299,-345,-399,-423,326,180,50,132,112,88,328,239,303,370,415,432,47,37,36,22,15,10,235,189,180,113,76,50,354,318,279,291,285,281
I0262,3663,2077,-2537,3747,3627,3535,3291,3299,3237,2356,2270,2144,2130,2128,2102,-2918,-2787,-2679,-2918,-2787,-2679,84,-35,-127,-371,-363,-425,278,192,66,52,50,24,291,196,143,375,366,426,62,54,46,46,27,26,313,272,230,234,139,130,16,349,297,278,277,273
STD001,4601,3063,-2569,6209,5941,5821,6113,5559,4613,3124,3658,4044,3078,3080,3088,-2950,-2819,-2711,-2950,-2819,-2711,1608,1340,1220,1512,958,12,61,595,981,15,17,25,1609,1466,1566,1512,958,28,10,86,105,5,122,86,54,434,529,25,611,431,87,66,51,89,88,26
VLI019,4637,3037,-2538,6219,6059,5637,6115,6033,6055,3224,3852,3906,3142,3416,3732,-2919,-2788,-2680,-2919,-2788,-2680,1582,1422,1000,1478,1396,1418,186,814,868,104,378,694,1593,1639,1325,1482,1447,1579,11,10,112,4,19,46,57,53,560,23,97,230,83,60,49,85,74,63
HAN004.SG,5912,3905,-2543,6167,5703,5237,5841,4991,4563,3084,3616,3582,3152,3134,3104,-2924,-2793,-2685,-2924,-2793,-2685,255,-208,-674,-70,-920,-1348,-821,-289,-323,-753,-771,-801,860,356,747,756,1200,1568,15,111,133,56,78,7,75,559,668,284,394,36,162,215,244,185,230,239
NIK008AB.SG,6041,4190,-2562,6139,5801,4729,6049,5783,5199,3140,3380,3256,3246,3656,3592,-2943,-2812,-2704,-2943,-2812,-2704,98,-239,-1311,8,-257,-841,-1049,-809,-933,-943,-533,-597,1054,844,1609,943,592,1031,45,133,124,54,138,183,226,667,620,274,691,915,174,196,234,179,205,234
Gyvakarai1_10bp,5246,3742,-2565,6631,6675,6525,6219,6273,6439,3816,4036,4056,3232,3318,3628,-2946,-2815,-2707,-2946,-2815,-2707,1385,1429,1279,973,1027,1193,74,294,314,-509,-423,-113,1387,1459,1317,1099,1111,1199,31,53,97,6,23,68,159,267,485,34,115,343,86,78,76,117,112,95
MX198,4185,2684,-2545,5733,4957,4735,5117,4675,4533,3044,3072,3052,3262,3206,3126,-2926,-2795,-2687,-2926,-2795,-2687,1548,772,550,932,490,348,360,388,368,578,522,442,1589,864,662,1097,716,563,124,126,77,154,128,97,624,634,387,772,643,487,76,63,56,58,43,38
HAL001.SG,6048,4167,-2544,6221,5995,5745,6081,6041,5975,3140,3886,3972,3116,3160,3958,-2925,-2794,-2686,-2925,-2794,-2686,173,-52,-302,33,-6,-72,-1027,-281,-195,-1051,-1007,-209,1041,285,359,1051,1007,221,60,108,139,6,37,101,304,544,695,34,189,509,170,190,237,178,180,199
CAK68.SG,3132,3591,-2559,4099,4025,3483,3819,3879,3961,2684,2604,2098,2962,2752,2512,-2940,-2809,-2701,-2940,-2809,-2701,967,893,351,687,747,829,-906,-986,-1492,-628,-838,-1078,1326,1331,1533,931,1123,1361,3,4,45,105,96,59,19,23,225,526,484,298,133,137,166,132,138,142
TIM006.SG,6076,4157,-2548,6079,5717,5119,5989,5895,5795,3138,3482,3538,3416,4008,3990,-2929,-2798,-2690,-2929,-2798,-2690,3,-358,-956,-86,-180,-280,-1018,-674,-618,-740,-148,-166,1018,763,1138,745,233,326,56,149,187,91,108,135,282,745,935,458,543,679,179,207,237,186,230,239
TIM008.SG,6076,4157,-2549,6239,5937,5759,6029,5911,5761,3060,3802,3922,3084,3160,3240,-2930,-2799,-2691,-2930,-2799,-2691,163,-138,-316,-46,-164,-314,-1096,-354,-234,-1072,-996,-916,1108,380,393,1073,1010,969,8,126,140,13,25,24,41,632,703,66,129,122,171,201,233,182,189,198
RA54,4178,2677,-2575,4001,3805,3645,4061,3911,3465,2618,2318,2166,2718,2494,2034,-2956,-2825,-2717,-2956,-2825,-2717,-176,-372,-532,-116,-266,-712,-58,-358,-510,41,-182,-642,186,517,738,123,323,959,31,65,67,55,87,129,159,325,339,279,439,647,251,226,226,289,235,227
MX196,4185,2684,-2565,6129,4949,4665,5849,4715,4593,3040,3104,3114,3114,3122,3080,-2946,-2815,-2707,-2946,-2815,-2707,1944,764,480,1664,530,408,356,420,430,430,438,396,1976,872,644,1718,687,568,6,130,55,90,104,55,33,652,276,450,522,276,79,61,48,75,50,45
MIL001.SG,6067,4127,-2531,6165,5481,4563,5957,5495,5331,3020,3400,3104,3104,3140,3344,-2912,-2781,-2673,-2912,-2781,-2673,97,-586,-1504,-110,-572,-736,-1107,-727,-1023,-1023,-987,-783,1111,933,1819,1029,1140,1074,15,131,83,34,75,50,75,655,419,170,377,251,174,218,235,186,210,223
ber2F.SG,4649,3936,-2527,6109,5421,4479,5995,5895,5829,3090,3460,3086,3166,3238,3220,-2908,-2777,-2669,-2908,-2777,-2669,1459,771,-170,1345,1245,1179,-846,-476,-850,-770,-698,-716,1687,907,867,1550,1428,1380,45,84,4,10,30,21,228,420,24,51,150,105,120,121,191,119,119,121
RISE446.SG,4333,2988,-2549,6193,6067,5139,6073,5547,5339,3146,3574,3460,3116,3300,3562,-2930,-2799,-2691,-2930,-2799,-2691,1859,1733,805,1739,1213,1005,158,586,472,128,312,574,1866,1830,934,1744,1253,1158,26,43,160,28,110,70,132,217,801,143,551,353,85,71,59,85,75,60
RISE94.SG,4584,3665,-2553,6181,5385,4613,6001,4965,4489,3036,3222,3126,3090,3090,3054,-2934,-2803,-2695,-2934,-2803,-2695,1596,800,28,1416,380,-95,-629,-443,-539,-575,-575,-611,1716,915,539,1529,689,618,9,113,62,44,96,7,48,565,310,224,484,37,111,118,176,112,146,188
I5374,3437,3207,-2503,4035,3699,3571,3599,3605,3605,2682,2430,2212,2400,2166,2086,-2884,-2753,-2645,-2884,-2753,-2645,598,262,134,162,168,168,-524,-776,-994,-806,-1040,-1120,796,819,1003,822,1054,1133,4,35,28,57,27,15,23,179,142,286,136,75,131,161,172,168,170,171
ber1M.SG,4649,3936,-2526,5947,4715,4715,4923,4635,4731,3112,3142,3154,3218,3190,3190,-2907,-2776,-2668,-2907,-2776,-2668,1297,65,65,273,-14,81,-824,-794,-782,-718,-746,-746,1537,796,785,768,746,750,64,56,38,75,32,31,321,282,190,379,161,156,122,175,175,159,181,173
I0550,4436,3131,-2527,6225,5947,5665,6197,6119,5591,3190,3996,3910,3104,3170,3878,-2908,-2777,-2669,-2908,-2777,-2669,1789,1511,1229,1761,1683,1155,59,865,779,-26,39,747,1790,1741,1455,1761,1684,1376,9,71,142,3,21,25,48,359,713,17,106,129,88,60,57,90,88,57
I2683,6130,1895,-2526,6373,6283,6205,6495,6233,6137,2104,2056,1994,2130,2002,1940,-2907,-2776,-2668,-2907,-2776,-2668,243,153,75,365,103,7,208,160,98,234,106,44,320,222,124,434,148,45,9,8,6,18,21,7,46,40,31,94,105,37,49,43,37,57,44,9
PRU002,4629,3005,-2511,5873,4577,4705,6073,5689,4817,3144,3224,3238,4222,4006,3628,-2892,-2761,-2653,-2892,-2761,-2653,1244,-51,76,1444,1060,188,139,219,233,1217,1001,623,1252,225,245,1888,1458,651,74,7,4,8,112,124,371,38,24,42,561,623,83,346,18,49,46,16
TIS002,4644,3029,-2534,6225,6005,5015,6107,5383,4417,3092,3880,3532,3130,3266,3138,-2915,-2784,-2676,-2915,-2784,-2676,1581,1361,371,1463,739,-226,63,851,503,101,237,109,1582,1605,625,1467,776,251,8,59,147,4,119,5,41,295,738,21,596,28,87,57,36,86,72,295
VLI010,4637,3037,-2553,6075,4851,4619,4995,4629,5123,3022,3092,3034,3122,3096,3304,-2934,-2803,-2695,-2934,-2803,-2695,1438,214,-17,358,-7,486,-15,54,-3,84,58,266,1438,221,17,368,59,555,47,110,57,111,58,72,237,553,286,559,294,361,90,75,259,76,352,61
I1635,7184,2634,-2526,6929,6981,7085,6983,7033,7093,2574,2512,2538,2546,2504,2512,-2907,-2776,-2668,-2907,-2776,-2668,-254,-202,-98,-200,-150,-90,-59,-121,-95,-87,-129,-121,261,236,137,218,198,151,11,15,12,8,6,6,58,79,64,44,34,32,256,238,225,246,229,216
ETM012,6711,1837,-2525,6679,6671,6679,6785,6763,6739,2154,2096,2064,1786,1764,1740,-2906,-2775,-2667,-2906,-2775,-2667,-31,-39,-31,74,52,28,316,258,226,-51,-73,-97,318,261,228,90,89,101,6,4,2,3,3,4,30,24,11,15,19,23,354,351,351,124,144,163
OHR002,4631,3001,-2538,6243,6139,5441,6119,6109,5945,3130,3168,3616,3242,3238,3322,-2919,-2788,-2680,-2919,-2788,-2680,1612,1508,810,1488,1478,1314,128,166,614,240,236,320,1617,1517,1017,1507,1497,1352,9,39,74,4,4,71,46,197,370,22,21,358,85,83,52,80,80,76
BOL001.SG,5866,4141,-2528,6187,6033,5979,6091,5361,5195,3108,3996,4156,3040,3044,3484,-2909,-2778,-2670,-2909,-2778,-2670,321,167,113,225,-504,-670,-1033,-145,14,-1101,-1097,-657,1082,221,114,1124,1207,939,53,79,4,7,62,163,268,395,21,37,313,815,162,130,82,168,204,225
VOR005.SG,6034,4187,-2511,5673,4755,4723,4619,4447,4195,3102,3138,3164,3158,3124,3052,-2892,-2761,-2653,-2892,-2761,-2653,-360,-1278,-1310,-1414,-1586,-1838,-1085,-1049,-1023,-1029,-1063,-1135,1143,1654,1662,1749,1909,2160,64,43,26,66,82,25,323,217,132,331,414,128,198,230,232,233,236,238
I0103,4437,3146,-2530,6207,5941,5003,6147,5877,4577,3176,3772,3524,3128,3222,3288,-2911,-2780,-2672,-2911,-2780,-2672,1770,1504,566,1710,1440,140,29,625,377,-18,75,141,1770,1629,680,1710,1442,199,9,101,175,3,105,109,48,508,878,17,528,548,89,67,56,90,86,44
I2630,3576,4027,-2525,4077,3847,3351,3197,3583,3841,2660,2418,1954,3564,2798,2296,-2906,-2775,-2667,-2906,-2775,-2667,501,271,-224,-378,7,265,-1367,-1609,-2073,-463,-1229,-1731,1456,1631,2085,598,1229,1751,4,60,46,34,127,69,21,300,231,174,639,347,159,170,186,219,179,171
MK3003,6917,2910,-2523,6779,6801,6839,6677,6663,6737,3104,3038,2984,3276,2996,2946,-2904,-2773,-2665,-2904,-2773,-2665,-137,-115,-77,-239,-253,-179,194,128,74,366,86,36,237,172,107,437,267,183,5,5,4,71,7,5,25,28,24,357,37,29,324,317,313,326,288,281
OHR001,4631,3001,-2523,6209,5921,5143,6091,6067,5979,3154,3976,3592,3150,3308,3942,-2904,-2773,-2665,-2904,-2773,-2665,1578,1290,512,1460,1436,1348,152,974,590,148,306,940,1585,1617,782,1467,1468,1644,12,83,157,2,33,96,64,418,786,13,167,482,84,52,40,84,77,55
GBVPL.SG,3755,2252,-2523,4089,4001,3785,3939,3817,3805,2710,2628,2454,2596,2372,2254,-2904,-2773,-2665,-2904,-2773,-2665,334,246,30,184,62,50,457,375,201,343,119,1,566,449,203,389,134,50,6,10,32,14,25,10,33,50,160,74,125,52,36,33,8,28,27,88
TORTC.SG,3755,2253,-2526,4147,4067,3999,3135,3211,3861,2722,2648,2558,3612,3480,2546,-2907,-2776,-2668,-2907,-2776,-2668,392,312,244,-619,-543,106,469,395,305,1359,1227,293,611,503,391,1494,1342,312,6,7,12,2,70,77,31,39,61,14,351,385,39,38,38,335,336,19
LD1174.SG,3043,1713,-2499,4037,3937,3603,3281,3511,3971,2718,2604,2370,3560,3246,2696,-2880,-2749,-2641,-2880,-2749,-2641,994,894,560,238,468,928,1005,891,657,1847,1533,983,1414,1263,864,1862,1603,1352,12,24,64,35,57,54,62,122,322,177,286,273,44,45,40,7,16,43
vbj007.minus.SG,4840,3862,-2523,4857,4839,4829,4889,4841,4841,3862,3876,3916,3844,3868,3868,-2904,-2773,-2665,-2904,-2773,-2665,17,0,-10,49,1,1,0,14,54,-17,6,6,17,14,55,52,6,6,11,8,17,18,0,0,57,41,89,94,0,0,89,356,348,110,11,11
VORONKOVO003.SG,6034,4187,-2509,6273,5909,5889,6113,5943,5611,3062,4102,4066,2988,3082,3318,-2890,-2759,-2651,-2890,-2759,-2651,239,-124,-144,79,-90,-422,-1125,-85,-121,-1199,-1105,-869,1150,151,188,1201,1108,966,46,75,72,7,36,31,234,375,364,36,181,156,167,235,230,176,184,205
I1633,7184,2634,-2490,7063,7149,7179,6997,7071,7115,2624,2614,2610,2530,2512,2522,-2871,-2740,-2632,-2871,-2740,-2632,-120,-34,-4,-186,-112,-68,-9,-19,-23,-103,-121,-111,120,39,24,213,165,130,14,6,5,5,6,5,70,34,25,29,31,25,265,240,190,240,222,211
pcw212.SG,5224,3060,-2513,6249,5889,5039,6077,5161,4827,3102,3652,3454,3162,3294,3546,-2894,-2763,-2655,-2894,-2763,-2655,1025,665,-184,853,-62,-396,41,591,393,101,233,485,1026,890,434,859,241,626,9,43,36,11,24,35,45,217,184,57,123,178,87,48,334,83,345,320
I8131,3438,1824,-2496,3859,3551,3481,3297,3243,3249,2488,2132,2078,2212,2190,2146,-2877,-2746,-2638,-2877,-2746,-2638,421,113,43,-140,-194,-188,664,308,254,388,366,322,786,328,257,412,414,372,72,45,8,6,5,7,362,227,42,30,28,39,32,20,9,340,332,329
Bul6,5622,2285,-2551,4787,4725,4633,5219,5223,5227,2598,2610,2590,2512,2470,2452,-2932,-2801,-2693,-2932,-2801,-2693,-834,-896,-988,-402,-398,-394,313,325,305,227,185,167,891,953,1034,462,439,428,62,57,60,33,41,46,313,289,302,168,208,231,290,289,287,299,294,292
ALT_4_d,4302,2928,-2478,6137,5821,5529,6071,6059,6079,3528,3922,3838,3930,4106,4070,-2859,-2728,-2620,-2859,-2728,-2620,1835,1519,1227,1769,1757,1777,600,994,910,1002,1178,1142,1931,1815,1528,2033,2115,2112,16,120,167,35,15,15,80,603,838,177,75,75,71,56,53,60,56,57
CBV95.SG,3846,2937,-2486,6205,5651,4705,5611,4503,4581,3222,3698,3366,3132,3124,3136,-2867,-2736,-2628,-2867,-2736,-2628,2359,1805,859,1765,657,735,284,760,428,194,186,198,2376,1958,960,1775,683,761,12,155,138,149,65,81,63,778,690,747,327,406,83,67,63,83,74,74
MA826.RISE00.SG,5279,4149,-2483,5777,4915,4599,5067,4461,4451,3124,3200,3182,3136,3088,3024,-2864,-2733,-2625,-2864,-2733,-2625,498,-363,-679,-211,-817,-827,-1025,-949,-967,-1013,-1061,-1125,1140,1016,1181,1034,1339,1396,35,24,8,4,5,14,179,123,40,24,27,72,154,200,215,191,217,216
GOL001.SG,6044,4166,-2461,6223,5701,5205,5955,5149,4627,3326,3814,3870,3226,3254,3256,-2842,-2711,-2603,-2842,-2711,-2603,179,-342,-838,-88,-894,-1416,-840,-352,-296,-940,-912,-910,859,491,889,944,1277,1683,87,66,94,68,116,100,438,333,471,342,584,502,167,224,250,185,224,237
VLI020,4637,3037,-2497,6183,5625,4829,6119,5293,4579,3292,3694,3394,3120,3230,3260,-2878,-2747,-2639,-2878,-2747,-2639,1546,988,192,1482,656,-57,254,656,356,82,192,222,1567,1186,405,1485,684,230,20,137,134,5,118,78,100,685,672,27,593,390,80,56,28,86,73,345
I0257,3663,2077,-2481,3943,3757,3457,3669,3685,3707,2588,2334,2060,2146,2114,2096,-2862,-2731,-2623,-2862,-2731,-2623,280,94,-205,6,22,44,510,256,-17,68,36,18,582,273,206,69,43,48,28,54,43,5,4,14,144,274,216,27,21,71,28,20,265,5,31,66
NIK003.SG,6041,4190,-2464,5915,5607,5063,5925,5625,5233,3394,3780,3532,3234,3284,3356,-2845,-2714,-2606,-2845,-2714,-2606,-125,-433,-977,-115,-415,-807,-795,-409,-657,-955,-905,-833,805,596,1177,962,996,1160,123,170,191,6,37,45,615,854,958,31,188,228,188,226,236,186,204,224
I2932,3576,4027,-2499,3583,3521,3439,4075,4049,4011,2196,2118,2090,2676,2584,2492,-2880,-2749,-2641,-2880,-2749,-2641,7,-54,-136,499,473,435,-1831,-1909,-1937,-1351,-1443,-1535,1831,1909,1941,1440,1518,1595,28,5,9,6,8,10,142,27,48,33,43,50,179,181,184,159,161,164
I1976,3286,2249,-2467,3289,3309,3335,3749,3645,3633,2266,2246,2196,2538,2328,2168,-2848,-2717,-2609,-2848,-2717,-2609,2,22,48,462,358,346,16,-3,-53,288,78,-81,17,23,72,545,367,356,1,5,9,37,11,7,6,26,47,189,59,36,9,97,137,58,77,103
I1539,4437,3146,-2449,5937,5359,4627,5405,4617,4429,3514,3576,3302,3206,3162,3130,-2830,-2699,-2591,-2830,-2699,-2591,1500,922,190,968,180,-7,367,429,155,59,15,-16,1544,1017,245,969,180,18,117,183,121,158,106,4,587,917,607,790,531,21,76,65,50,86,84,206
ALT_3,4302,2928,-2486,6065,5875,5869,6067,6023,6037,3318,3936,4088,3268,3668,4100,-2867,-2736,-2628,-2867,-2736,-2628,1763,1573,1567,1765,1721,1735,390,1008,1160,340,740,1172,1806,1868,1950,1797,1873,2094,72,106,102,18,32,22,361,533,513,92,162,112,77,57,53,79,66,55
PRU003,4629,3005,-2495,5445,4637,4741,5077,4561,4659,3128,3196,3234,3178,3158,3154,-2876,-2745,-2637,-2876,-2745,-2637,816,8,112,448,-67,30,123,191,229,173,153,149,825,191,255,480,167,152,122,6,21,113,7,5,611,33,109,566,36,25,81,2,26,68,336,11
MA973.SG,5259,4021,-2464,6145,5815,5489,5485,4617,4427,3526,3972,3810,3094,3082,3034,-2845,-2714,-2606,-2845,-2714,-2606,886,556,230,226,-641,-831,-494,-48,-210,-926,-938,-986,1015,558,312,953,1136,1290,63,36,46,8,6,5,316,180,233,40,31,27,119,94,132,166,214,220
I16164,4204,1924,-2462,4251,4253,4273,3987,4141,4191,2528,2294,2006,2212,2006,1952,-2843,-2712,-2604,-2843,-2712,-2604,46,48,68,-217,-63,-13,603,369,81,287,81,27,605,372,106,360,103,30,6,44,29,40,33,2,31,222,145,202,166,14,4,7,40,322,322,334
BOL003.SG,5866,4141,-2480,5991,5503,4743,6045,5667,5101,3326,3676,3316,3688,3904,3506,-2861,-2730,-2622,-2861,-2730,-2622,125,-362,-1122,179,-198,-764,-815,-465,-825,-453,-237,-635,824,589,1393,487,309,994,85,141,110,83,131,142,428,705,554,417,655,714,171,217,233,158,219,230
RISE563.SG,4543,2846,-2480,5785,5393,4811,5541,4665,4531,3300,3488,3332,3200,3174,3044,-2861,-2730,-2622,-2861,-2730,-2622,1242,850,268,998,122,-11,454,642,486,354,328,198,1323,1065,555,1059,350,198,115,162,141,127,106,5,576,812,708,637,530,25,69,52,28,70,20,356
I0462,3192,2247,-2456,4811,4559,3979,4061,3863,3671,3158,3000,2790,3372,3330,3234,-2837,-2706,-2598,-2837,-2706,-2598,1619,1367,787,869,671,479,911,753,543,1125,1083,987,1858,1561,956,1422,1274,1097,50,113,52,54,58,10,254,567,264,270,292,53,60,61,55,37,31,25
I1277,3211,2236,-2474,3309,3335,3339,3269,3249,3257,2230,2212,2166,2204,2178,2134,-2855,-2724,-2616,-2855,-2724,-2616,98,124,128,58,38,46,-5,-23,-69,-31,-57,-101,98,126,146,66,69,111,4,9,12,4,5,8,24,49,62,22,29,42,93,100,118,118,146,155
MX188,4185,2684,-2451,4871,4709,4831,4537,4371,4401,3086,3112,3110,3112,3004,2984,-2832,-2701,-2593,-2832,-2701,-2593,686,524,646,352,186,216,402,428,426,428,320,300,795,676,774,554,370,370,110,15,13,54,24,48,553,76,65,270,124,243,59,50,56,39,30,35
KON004,4580,3055,-2456,6373,5847,5337,6169,5811,5559,3382,3706,3990,3172,3556,3716,-2837,-2706,-2598,-2837,-2706,-2598,1793,1267,757,1589,1231,979,326,650,934,116,500,660,1823,1424,1203,1593,1329,1181,68,79,10,13,34,87,340,396,52,68,173,436,79,62,39,85,67,55
N44.SG,4926,3316,-2457,6123,5487,4953,6133,5839,5071,3538,3786,3546,3582,3854,3542,-2838,-2707,-2599,-2838,-2707,-2599,1197,561,27,1207,913,145,222,470,230,266,538,226,1218,732,231,1236,1060,269,16,63,61,32,82,100,83,317,308,163,413,500,79,50,6,77,59,32
pcw040.SG,5239,3058,-2457,6119,5407,5177,6499,6057,5047,3316,3750,3858,4144,3834,3530,-2838,-2707,-2599,-2838,-2707,-2599,880,168,-61,1260,818,-191,257,691,799,1085,775,471,917,711,801,1663,1127,509,41,49,23,33,66,61,207,247,117,167,334,307,73,13,355,49,46,337
I0108,4428,3149,-2435,4821,4849,4435,4269,4121,3833,3114,3118,2970,2974,2972,3108,-2816,-2685,-2577,-2816,-2685,-2577,393,421,7,-158,-306,-594,-35,-31,-179,-175,-177,-41,395,422,179,236,353,595,74,18,21,16,33,44,370,93,106,80,166,223,95,94,177,222,239,266
MA971.SG,5259,4021,-2520,5933,5781,5625,5767,5585,5379,3330,3258,3314,3174,3218,3374,-2901,-2770,-2662,-2901,-2770,-2662,674,522,366,508,326,120,-690,-762,-706,-846,-802,-646,965,924,796,987,866,657,92,88,88,33,57,67,462,441,444,168,287,338,135,145,152,149,157,169
HUGO_169Sk1_d,4387,2802,-2428,4509,4269,4141,4107,3823,3537,2882,2756,2678,3048,3190,3364,-2809,-2678,-2570,-2809,-2678,-2570,122,-117,-245,-279,-563,-849,80,-45,-123,246,388,562,146,126,275,372,684,1019,46,26,7,75,78,16,234,134,39,375,394,84,56,248,243,311,304,303
I5748,3990,3302,-2463,5521,4865,4721,5877,5263,4415,3170,3138,3136,4054,3778,3384,-2844,-2713,-2605,-2844,-2713,-2605,1531,875,731,1887,1273,425,-132,-164,-166,751,475,81,1537,891,750,2032,1359,433,157,126,83,150,196,85,789,634,419,752,981,425,94,100,102,68,69,79
VOD001.SG,6056,4241,-2387,5335,4577,4507,4609,4617,4663,3322,3058,3030,3028,2976,2944,-2768,-2637,-2529,-2768,-2637,-2529,-720,-1478,-1548,-1446,-1438,-1392,-919,-1183,-1211,-1213,-1265,-1297,1167,1893,1966,1888,1915,1903,148,47,34,29,5,25,744,236,170,145,28,127,218,231,231,230,228,227
RISE552.SG,6778,3178,-2406,6811,6835,6859,6861,6867,6869,3118,3086,3082,3226,3140,3128,-2787,-2656,-2548,-2787,-2656,-2548,33,57,81,83,89,91,-60,-92,-96,47,-38,-50,68,108,125,95,97,104,11,10,7,45,6,5,58,51,38,227,34,28,151,148,139,60,113,118
N45.SG,4926,3316,-2396,5671,4881,4697,5921,5007,4607,3516,3402,3336,3922,3518,3314,-2777,-2646,-2538,-2777,-2646,-2538,745,-44,-228,995,81,-318,200,86,20,606,202,-1,772,96,229,1165,218,318,83,82,67,65,94,54,418,414,339,326,473,273,74,332,275,58,22,269
N47.SG,4926,3316,-2418,5077,4851,4709,5091,4869,4775,3494,3574,3668,3574,3682,3758,-2799,-2668,-2560,-2799,-2668,-2560,151,-74,-216,165,-56,-150,178,258,352,258,366,442,234,268,413,306,370,467,48,26,30,43,31,27,240,132,150,218,157,137,40,343,328,32,351,341
N49.SG,4926,3316,-2428,5107,4903,4733,5251,5037,4967,3436,3470,3508,3572,3652,3712,-2809,-2678,-2570,-2809,-2678,-2570,181,-22,-192,325,111,41,120,154,192,256,336,396,217,155,271,414,354,398,61,41,24,49,25,30,306,206,124,246,129,154,56,351,315,51,18,6
I7207,4610,3041,-2416,6031,5151,4567,6351,5599,4505,3604,3594,3248,4160,3826,3320,-2797,-2666,-2558,-2797,-2666,-2558,1421,541,-42,1741,989,-104,563,553,207,1119,785,279,1528,774,211,2070,1263,298,66,160,87,12,165,93,333,802,436,62,829,465,68,44,348,57,51,339
EHU002,3214,2245,-2410,4641,4081,3891,3909,3575,3459,3048,2804,2692,2948,3006,2782,-2791,-2660,-2552,-2791,-2660,-2552,1427,867,677,695,361,245,803,559,447,703,761,537,1638,1032,811,989,842,590,94,75,14,15,37,54,473,377,72,76,188,271,60,57,56,44,25,24
I3528,4999,2764,-2414,4805,4457,3843,5629,5587,5449,3384,3492,3134,3182,3078,3020,-2795,-2664,-2556,-2795,-2664,-2556,-193,-541,-1155,630,588,450,620,728,370,418,314,256,649,907,1213,756,667,518,48,51,17,14,29,55,244,255,88,72,147,277,342,323,287,56,61,60
PG2002,6909,2893,-2423,6827,6873,6895,6765,6885,7007,3010,2952,2918,3078,3036,3076,-2804,-2673,-2565,-2804,-2673,-2565,-81,-35,-13,-143,-23,98,116,58,24,184,142,182,142,68,28,234,144,207,6,6,2,27,16,39,33,32,11,136,80,196,325,329,331,322,350,28
AMP_1_d,4385,2790,-2399,4703,4845,4405,4537,4575,4621,3146,3152,3050,3056,3050,3026,-2780,-2649,-2541,-2780,-2649,-2541,317,459,19,151,189,235,356,362,260,266,260,236,477,585,261,306,322,333,13,17,41,11,21,32,68,89,206,55,106,160,41,51,4,29,36,44
I0104,4437,3146,-2405,6037,5487,4861,6173,5407,4585,3848,3816,3490,4058,3722,3334,-2786,-2655,-2547,-2786,-2655,-2547,1600,1050,424,1736,970,148,701,669,343,911,575,187,1747,1245,545,1960,1128,239,9,150,148,86,195,131,49,751,741,431,976,655,66,57,50,62,59,38
I1730,6761,1409,-2410,6515,6423,6321,6743,6741,6735,2014,1970,1936,1666,1620,1572,-2791,-2660,-2552,-2791,-2660,-2552,-245,-337,-439,-17,-19,-25,604,560,526,256,210,162,652,654,686,257,211,164,6,8,8,3,1,2,34,44,40,17,9,13,337,328,320,355,354,350
I2495,6130,1895,-2404,6329,6245,6195,6377,6319,6253,2068,2014,1972,2052,2008,1970,-2785,-2654,-2546,-2785,-2654,-2546,199,115,65,247,189,123,172,118,76,156,112,74,264,165,101,293,220,144,12,12,7,8,8,9,61,61,36,42,41,48,49,44,40,57,59,58
SEC002,4201,1966,-2381,4205,4219,4237,3879,4105,4165,2496,2150,1896,1864,1872,1896,-2762,-2631,-2523,-2762,-2631,-2523,3,17,35,-322,-96,-36,530,184,-69,-101,-93,-69,530,185,78,337,134,78,19,37,7,99,69,42,97,189,35,499,345,210,0,5,152,252,225,207
VLI070,4637,3037,-2402,5957,5909,5749,5069,4363,4517,3982,4092,4000,3058,3044,3180,-2783,-2652,-2544,-2783,-2652,-2544,1320,1272,1112,432,-273,-119,944,1054,962,20,6,142,1623,1652,1471,433,273,186,52,59,91,121,11,70,264,295,456,607,55,351,54,50,49,87,271,320
MX197,4185,2684,-2406,4773,4667,4727,4501,4601,4641,3102,3108,3088,3092,3034,3008,-2787,-2656,-2548,-2787,-2656,-2548,588,482,542,316,416,456,418,424,404,408,350,324,721,642,676,516,544,559,103,8,8,6,6,8,516,44,40,33,30,40,54,48,53,37,49,54
CAH005,4560,3034,-2393,5877,5137,4617,5867,4789,4455,3766,3580,3252,3690,3386,3204,-2774,-2643,-2535,-2774,-2643,-2535,1317,577,57,1307,229,-104,732,546,218,656,352,170,1507,794,225,1462,420,199,105,171,109,104,140,4,529,856,549,521,700,23,60,46,14,63,33,328
SEC005,4201,1966,-2383,4229,4249,4255,4271,4219,4207,2484,2088,1916,1988,1948,1964,-2764,-2633,-2525,-2764,-2633,-2525,27,47,53,69,17,5,518,122,-49,22,-17,-1,518,131,73,73,25,6,18,34,7,27,5,3,93,173,37,139,26,17,3,21,132,72,134,107
SUC006,4189,1969,-2382,4283,4287,4285,4119,4149,4209,2432,2146,1974,2110,1900,1922,-2763,-2632,-2524,-2763,-2632,-2524,94,98,96,-69,-39,20,463,177,5,141,-68,-46,472,202,96,157,79,51,23,33,17,64,59,5,115,166,88,324,296,29,11,29,86,333,209,156
UNTA58_68Sk2,4387,2801,-2400,5949,5327,4549,5905,5591,5181,3812,3700,3210,3668,3854,3588,-2781,-2650,-2542,-2781,-2650,-2542,1562,940,162,1518,1204,794,1011,899,409,867,1053,787,1861,1301,440,1749,1600,1118,95,180,98,63,167,194,479,903,493,318,837,971,57,46,21,60,48,45
RISE1281.SG,4371,3711,-2413,5529,5165,4937,5247,4625,4515,3102,3408,3260,3080,3104,3034,-2794,-2663,-2555,-2794,-2663,-2555,1158,794,566,876,254,144,-608,-302,-450,-630,-606,-676,1308,849,723,1079,657,691,127,114,79,115,59,5,637,570,395,576,297,29,117,110,128,125,157,167
I0459,3192,2247,-2417,3483,3271,3281,3319,3347,3371,2396,2218,2156,2286,2224,2150,-2798,-2667,-2559,-2798,-2667,-2559,291,79,89,127,155,179,149,-28,-90,39,-22,-96,327,84,127,133,157,203,83,32,18,9,10,12,417,160,91,46,53,63,62,109,135,72,98,118
I0825,3663,2077,-2403,3325,3339,3315,3119,3187,3287,2166,2136,2078,2264,2186,2132,-2784,-2653,-2545,-2784,-2653,-2545,-337,-323,-347,-543,-475,-375,88,58,0,186,108,54,348,328,347,574,487,379,11,15,14,43,36,31,56,78,71,219,184,156,284,280,270,288,282,278
BUT002,4632,3002,-2413,5847,5631,5553,5487,5093,4485,3808,3910,3856,3566,3526,3068,-2794,-2663,-2555,-2794,-2663,-2555,1215,999,921,855,461,-146,806,908,854,564,524,66,1458,1350,1256,1025,698,160,99,136,143,134,154,60,499,684,716,673,773,303,56,47,47,56,41,294
PRU005,4629,3005,-2411,5087,4653,4771,4825,4511,4507,3070,2988,2976,2942,2912,2880,-2792,-2661,-2553,-2792,-2661,-2553,458,24,142,196,-117,-121,65,-16,-28,-62,-92,-124,463,29,145,206,149,174,126,70,53,112,7,7,631,350,266,562,36,36,81,124,101,107,231,224
VLI016,4637,3037,-2391,5967,4825,4435,6135,6237,6103,3888,3442,3250,3564,3908,3992,-2772,-2641,-2533,-2772,-2641,-2533,1330,188,-201,1498,1600,1466,850,404,212,526,870,954,1579,446,292,1588,1822,1750,54,125,56,46,46,94,270,628,280,233,234,472,57,24,316,70,61,56
ZEL001,4653,3013,-2416,5753,5027,4445,5701,4673,4169,3266,3466,3048,4162,3684,3408,-2797,-2666,-2558,-2797,-2666,-2558,1099,373,-208,1047,19,-484,253,453,35,1149,671,395,1128,587,210,1555,671,624,113,158,8,100,92,33,565,791,40,501,462,168,77,39,279,42,1,309
TU904_SX17,4267,2704,-2394,4393,4383,4359,4423,4411,4327,2496,2428,2374,2440,2320,2038,-2775,-2644,-2536,-2775,-2644,-2536,126,116,92,156,144,60,-207,-275,-329,-263,-383,-665,243,299,342,306,409,668,10,8,5,18,32,44,50,41,28,90,162,221,148,157,164,149,159,174
KOP003,4694,3002,-2388,4667,4829,4559,4709,4869,4925,3100,3106,3010,3104,3064,2996,-2769,-2638,-2530,-2769,-2638,-2530,-26,135,-134,15,175,231,98,104,8,102,62,-5,102,171,134,103,186,231,6,12,49,5,35,20,34,64,247,26,176,103,344,52,273,8,70,91
ART001,6751,2159,-2382,6629,6655,6681,6683,6683,6685,2016,1968,1936,1974,1970,1968,-2763,-2632,-2524,-2763,-2632,-2524,-121,-95,-69,-67,-67,-65,-143,-191,-223,-185,-189,-191,187,213,233,197,200,202,6,4,5,3,2,1,32,24,27,18,12,6,220,206,197,200,199,198
I1706,6761,1409,-2385,6477,6377,6305,6843,6841,6837,2044,1988,1960,1450,1420,1402,-2766,-2635,-2527,-2766,-2635,-2527,-283,-383,-455,82,80,76,634,578,550,40,10,-7,695,694,715,91,80,76,5,6,3,3,1,2,26,34,16,16,5,12,335,326,320,63,82,95
SEC004,4201,1966,-2389,4203,4223,4213,4139,4183,4239,2498,2100,1944,2288,2238,2088,-2770,-2639,-2531,-2770,-2639,-2531,1,21,11,-62,-18,37,532,134,-21,322,272,122,532,135,24,328,272,127,5,37,6,53,31,22,28,189,31,268,159,112,0,9,151,349,356,17
VLI017,4637,3037,-2398,5409,4515,4563,4921,4381,4395,3368,3126,3122,3148,3072,3048,-2779,-2648,-2540,-2779,-2648,-2540,772,-121,-73,284,-255,-241,330,88,84,110,34,10,840,150,112,305,257,241,141,7,4,117,7,18,705,39,24,585,39,93,66,306,319,68,277,272
GBVPK.SG,3755,2252,-2389,4761,4737,4251,4251,4181,4161,3090,3014,2822,2860,2800,2746,-2770,-2639,-2531,-2770,-2639,-2531,1006,982,496,496,426,406,837,761,569,607,547,493,1309,1242,755,784,693,639,31,74,66,8,6,7,158,372,330,40,32,37,50,52,41,39,37,39
BUT003,4632,3002,-2396,5805,4945,4423,6047,4867,4309,3604,3466,3164,4004,3508,3274,-2777,-2646,-2538,-2777,-2646,-2538,1173,313,-208,1415,235,-322,602,464,162,1002,506,272,1319,560,263,1734,558,421,108,145,5,126,144,6,541,729,29,631,723,33,62,34,307,54,24,310
I5379,3480,3159,-2389,4701,4829,4551,4127,3971,3767,3084,3072,2948,3220,3234,3266,-2770,-2639,-2531,-2770,-2639,-2531,1221,1349,1071,647,491,287,-74,-86,-210,61,75,107,1223,1352,1091,650,497,306,17,28,72,27,39,16,86,143,364,139,199,81,93,93,101,84,81,69
I4329,3742,1849,-2379,4767,3967,3879,4041,3963,3883,3092,2776,2704,2848,2766,2678,-2760,-2629,-2521,-2760,-2629,-2521,1025,225,137,299,221,141,1243,927,855,999,917,829,1611,954,866,1043,943,841,70,11,25,7,10,13,354,59,127,39,53,68,39,13,9,16,13,9
UNTA85_1336,4387,2801,-2382,4561,4707,4741,5785,5003,4715,3126,3118,3102,3688,3444,3218,-2763,-2632,-2524,-2763,-2632,-2524,174,320,354,1398,616,328,325,317,301,887,643,417,369,451,465,1656,891,531,12,7,15,117,144,7,61,35,76,587,721,36,28,45,49,57,43,38
I7278,4617,3017,-2370,4603,4633,4577,4721,4849,4941,2970,2904,2860,3028,2980,2926,-2751,-2620,-2512,-2751,-2620,-2512,-13,16,-39,104,232,324,-46,-112,-156,11,-36,-90,48,113,161,104,234,336,4,10,13,9,20,18,24,54,65,45,101,94,196,171,194,83,98,105
SEC006,4201,1966,-2380,4181,4175,4207,4211,4199,4193,2500,2218,1924,2054,1918,1932,-2761,-2630,-2522,-2761,-2630,-2522,-20,-26,5,9,-2,-8,534,252,-41,88,-47,-33,534,253,42,88,47,34,19,39,16,42,2,3,97,196,84,210,13,18,357,354,171,6,182,193
KO1005,4691,3003,-2384,4743,4715,4305,4367,4221,4303,3044,2970,2814,2930,2930,2856,-2765,-2634,-2526,-2765,-2634,-2526,52,24,-385,-323,-469,-387,41,-32,-188,-72,-72,-146,66,41,429,331,474,414,13,26,15,45,62,55,68,132,75,229,310,278,52,142,243,257,261,249
PRU001,4629,3005,-2392,4797,4813,4797,4949,4901,4885,2696,2606,2540,2580,2498,2478,-2773,-2642,-2534,-2773,-2642,-2534,168,184,168,320,272,256,-308,-398,-464,-424,-506,-526,351,439,494,531,575,585,17,15,39,12,6,5,85,79,195,63,31,27,151,155,160,142,151,154
I14677,4201,1966,-2368,4177,4219,4195,4233,4289,4265,2452,1980,1964,2122,1892,1916,-2749,-2618,-2510,-2749,-2618,-2510,-23,18,-5,32,88,64,485,13,-2,155,-74,-50,486,22,6,159,115,81,21,26,2,54,3,7,108,130,13,272,15,35,357,53,248,11,130,128
I2467,3286,2249,-2402,3397,3339,3249,3225,3265,3323,2430,2758,2334,2314,2290,2222,-2783,-2652,-2544,-2783,-2652,-2544,110,52,-37,-61,-21,36,180,508,84,64,40,-27,212,511,92,89,46,45,104,147,97,5,5,10,520,737,486,26,28,54,31,5,336,316,332,126
I11735,6942,3806,-2375,6823,6785,6785,7283,7001,6901,3362,3258,3238,3926,3738,3690,-2756,-2625,-2517,-2756,-2625,-2517,-118,-156,-156,341,59,-40,-443,-547,-567,120,-67,-115,459,569,588,362,90,122,11,6,5,46,51,28,55,31,27,232,257,143,194,195,195,70,138,199
TU908_SX21,4267,2704,-2364,4351,4341,4319,3047,2995,3431,2468,2350,2176,1592,1568,1700,-2745,-2614,-2506,-2745,-2614,-2506,84,74,52,-1219,-1271,-835,-235,-353,-527,-1111,-1135,-1003,250,361,530,1650,1705,1306,8,29,43,72,37,88,42,147,215,360,186,444,160,168,174,227,228,219
TIS001,4644,3029,-2384,4711,4805,4375,4777,4903,4909,3120,3102,2952,3128,3072,2964,-2765,-2634,-2526,-2765,-2634,-2526,67,161,-268,133,259,265,91,73,-76,99,43,-64,113,177,279,166,263,273,7,21,37,8,11,11,38,108,185,40,55,59,36,65,254,53,80,103
I0118,4434,3150,-2349,4729,4719,4457,4543,4341,4157,3108,3074,2944,3018,2914,2838,-2730,-2599,-2491,-2730,-2599,-2491,295,285,23,109,-92,-276,-41,-75,-205,-131,-235,-311,298,295,206,171,252,416,16,23,7,11,13,9,80,118,38,57,68,49,97,104,173,140,201,221
I7208,4610,3041,-2388,5681,5033,4443,6123,5271,4443,3798,3472,3068,4104,3632,3224,-2769,-2638,-2530,-2769,-2638,-2530,1071,423,-166,1513,661,-166,757,431,27,1063,591,183,1312,604,168,1849,887,247,128,163,7,17,167,8,641,816,39,86,838,42,54,44,279,54,48,317
I1390,4129,2729,-2363,4595,4717,4729,4577,4811,5175,3058,3036,3004,3010,3028,3102,-2744,-2613,-2505,-2744,-2613,-2505,466,588,600,448,682,1046,329,307,275,281,299,373,570,663,660,529,745,1111,11,8,12,32,74,48,59,43,63,162,372,240,54,62,65,57,66,70
TU914_SX26,4267,2704,-2381,4285,4261,4253,3363,3289,3757,2528,2360,2114,1766,1652,1962,-2762,-2631,-2523,-2762,-2631,-2523,18,-5,-13,-903,-977,-509,-175,-343,-589,-937,-1051,-741,176,343,589,1302,1435,899,7,44,51,73,116,139,36,220,256,365,580,696,174,180,181,223,222,214
pcw061.SG,5239,3058,-2354,5593,5093,5029,5589,4901,4705,3596,3748,3664,3342,3372,3354,-2735,-2604,-2496,-2735,-2604,-2496,354,-145,-209,350,-337,-533,537,689,605,283,313,295,644,704,640,450,460,609,34,23,56,13,12,54,171,117,284,67,61,272,33,348,340,51,312,298
pcw070.SG,5239,3058,-2382,5769,5185,4967,6077,6099,5799,3494,3600,3702,3382,3760,3782,-2763,-2632,-2524,-2763,-2632,-2524,530,-53,-271,838,860,560,435,541,643,323,701,723,686,544,698,898,1110,915,34,28,29,41,65,82,172,142,147,208,328,414,50,354,337,68,50,37
SUC007,4189,1969,-2383,3601,3349,3369,3165,3159,3197,2370,2134,2086,2172,2144,2112,-2764,-2633,-2525,-2764,-2633,-2525,-587,-839,-819,-1023,-1029,-991,401,165,117,203,175,143,711,855,827,1043,1044,1001,33,37,34,13,11,10,169,186,172,69,55,53,304,281,278,281,279,278
SA6003,6865,3110,-2347,6799,6785,6799,6731,6791,6815,3444,3016,2992,3024,2982,2968,-2728,-2597,-2489,-2728,-2597,-2489,-65,-79,-65,-133,-73,-49,334,-93,-117,-85,-127,-141,340,122,134,158,147,150,80,34,33,6,3,3,404,172,168,30,19,17,348,220,209,237,209,199
I5367,3321,3846,-2367,4679,4825,4565,4311,4137,3941,3212,3252,3350,3082,3026,3040,-2748,-2617,-2509,-2748,-2617,-2509,1358,1504,1244,990,816,620,-633,-593,-495,-763,-819,-805,1498,1617,1339,1250,1156,1016,12,20,61,18,28,36,63,100,308,94,141,180,115,111,111,127,135,142
BOL002.SG,5866,4141,-2363,5733,4651,4605,6001,5827,5345,3750,3326,3260,4022,4014,3686,-2744,-2613,-2505,-2744,-2613,-2505,-132,-1214,-1260,135,-38,-520,-391,-815,-881,-119,-127,-455,413,1462,1538,180,133,691,122,97,66,64,106,159,612,485,331,322,534,799,198,236,235,131,196,228
I0111,4428,3149,-2349,4669,4775,4749,4385,4251,4045,3074,3058,2998,2944,2922,3010,-2730,-2599,-2491,-2730,-2599,-2491,241,347,321,-42,-176,-382,-75,-91,-151,-205,-227,-139,253,359,355,209,287,406,15,12,12,10,31,53,75,61,61,52,157,266,107,104,115,191,217,249
I4131,5000,2762,-2336,4937,4741,5035,4751,4763,4703,2560,2714,2350,2684,2638,2630,-2717,-2586,-2478,-2717,-2586,-2478,-62,-258,35,-248,-236,-296,-201,-47,-411,-77,-123,-131,211,262,413,260,266,324,73,99,85,10,13,16,369,499,427,52,67,82,197,259,175,252,242,246
pcw362.SG,5284,3128,-2339,5675,5171,5233,6473,6181,5967,3724,3874,3738,3996,3872,3806,-2720,-2589,-2481,-2720,-2589,-2481,391,-112,-50,1189,897,683,596,746,610,868,744,678,712,754,612,1472,1165,962,53,20,58,69,106,115,267,102,291,349,534,576,33,351,355,53,50,45
Olsund,4692,4302,-2356,5071,4679,4655,5627,5333,5255,3054,3020,3020,3218,3236,3204,-2737,-2606,-2498,-2737,-2606,-2498,379,-12,-36,935,641,563,-1247,-1281,-1281,-1083,-1065,-1097,1304,1282,1282,1431,1243,1233,67,38,5,63,51,44,338,191,27,318,257,224,163,180,181,139,148,152
I4247,3173,2028,-2341,3817,3643,3671,3763,3993,4147,2322,2114,1992,2150,2040,1906,-2722,-2591,-2483,-2722,-2591,-2483,644,470,498,590,820,974,294,86,-35,122,12,-121,708,478,499,602,820,981,67,68,81,61,41,27,337,341,409,308,208,138,65,79,94,78,89,97
I7040,5002,2743,-2301,4723,4621,4509,4915,4835,4821,2696,2674,2700,2812,2784,2746,-2682,-2551,-2443,-2682,-2551,-2443,-278,-380,-492,-86,-166,-180,-46,-68,-42,69,41,3,282,386,494,110,171,180,40,30,21,44,29,22,200,154,105,224,149,111,260,259,265,308,283,270
I7044,5002,2743,-2386,4481,4351,4303,5157,5185,5139,2620,2624,2578,2568,2580,2562,-2767,-2636,-2528,-2767,-2636,-2528,-520,-650,-698,155,183,137,-122,-118,-164,-174,-162,-180,534,661,717,234,245,227,51,47,48,14,14,14,257,238,240,71,72,72,256,259,256,138,131,142
I3529,4999,2764,-2349,4647,4583,4521,4795,4835,4867,2964,2892,2852,3032,2972,2912,-2730,-2599,-2491,-2730,-2599,-2491,-351,-415,-477,-203,-163,-131,200,128,88,268,208,148,404,434,485,336,264,198,23,32,27,28,14,11,118,162,136,142,72,58,299,287,280,322,321,318
I4178,5000,2738,-2348,4703,4725,4711,5283,5111,5103,3038,3004,2964,3194,3194,3246,-2729,-2598,-2490,-2729,-2598,-2490,-296,-274,-288,283,111,103,300,266,226,456,456,508,422,382,367,537,469,518,27,15,13,46,27,66,139,75,67,233,136,330,315,314,308,31,13,11
I3238,3033,2393,-2333,4431,4107,3891,3931,3723,3591,2936,2772,2648,2852,2790,2642,-2714,-2583,-2475,-2714,-2583,-2475,1397,1073,857,897,689,557,542,378,254,458,396,248,1499,1138,894,1008,795,610,102,79,15,29,34,34,514,395,76,145,170,170,68,70,73,62,60,65
I8745,6701,3563,-2357,6379,6431,6417,6821,6751,6663,3202,3170,3166,3982,3772,3500,-2738,-2607,-2499,-2738,-2607,-2499,-322,-270,-284,119,49,-38,-361,-393,-397,418,208,-63,483,476,488,435,214,73,38,8,9,5,7,7,190,44,47,25,35,36,221,214,215,15,13,211
I3239,3033,2393,-2338,4707,4335,4025,4135,4069,4039,3032,2854,2712,2812,2738,2668,-2719,-2588,-2480,-2719,-2588,-2480,1673,1301,991,1101,1035,1005,638,460,318,418,344,274,1791,1381,1041,1178,1091,1042,82,95,11,12,10,13,412,479,56,63,51,65,69,70,72,69,71,74
pcw110.SG,5218,3066,-2341,6237,5845,5847,6799,6861,6841,4024,3872,3822,3876,3828,3782,-2722,-2591,-2483,-2722,-2591,-2483,1019,627,629,1581,1643,1623,958,806,756,810,762,716,1399,1021,983,1776,1811,1774,94,94,123,23,38,66,474,474,618,116,192,330,46,37,39,62,65,66
pcw211.SG,5224,3060,-2338,5735,5445,5283,5833,5587,5337,3744,3918,3776,3482,3684,3764,-2719,-2588,-2480,-2719,-2588,-2480,511,221,59,609,363,113,683,857,715,421,623,703,853,885,718,741,721,712,61,42,55,12,7,61,307,213,275,61,37,306,36,14,4,55,30,9
pcw250.SG,5034,3047,-2370,5737,5101,4957,5779,5357,5555,3612,3784,3566,3488,3926,3934,-2751,-2620,-2512,-2751,-2620,-2512,703,67,-76,745,323,521,564,736,518,440,878,886,901,739,524,865,936,1028,63,41,54,30,26,112,316,206,272,150,130,562,51,5,351,59,20,30
pcw361.SG,5284,3128,-2395,5735,5081,4459,5413,4475,4693,3768,3554,3178,3186,3142,3190,-2776,-2645,-2537,-2776,-2645,-2537,451,-202,-824,129,-808,-590,640,426,50,58,14,62,783,471,826,141,809,594,35,40,27,13,6,56,175,204,139,66,34,283,35,334,273,65,270,275
pcw420.SG,5053,3059,-2357,5563,4771,4723,5517,4823,4531,3536,3428,3340,3346,3436,3202,-2738,-2607,-2499,-2738,-2607,-2499,510,-281,-329,464,-229,-521,476,368,280,286,376,142,698,464,433,545,441,541,59,46,47,49,65,37,295,230,235,246,325,185,46,322,310,58,328,285
pcw430.SG,5033,3049,-2360,5767,5071,5151,5651,5119,4743,3486,3810,3708,3682,3550,3278,-2741,-2610,-2502,-2741,-2610,-2502,734,38,118,618,86,-289,436,760,658,632,500,228,854,761,669,884,508,368,60,34,55,49,72,99,302,170,279,248,361,496,59,2,10,44,9,308
I0106,4437,3146,-2364,5625,4711,4575,5997,4929,4373,3694,3366,3266,3862,3494,3242,-2745,-2614,-2506,-2745,-2614,-2506,1188,274,138,1560,492,-63,547,219,119,715,347,95,1308,351,182,1716,602,115,161,135,79,149,183,5,808,676,399,745,916,26,65,51,49,65,54,326
I0049,4437,3146,-2344,5513,4771,4597,5515,4575,4467,3674,3410,3274,3322,3358,3290,-2725,-2594,-2486,-2725,-2594,-2486,1076,334,160,1078,138,30,527,263,127,175,211,143,1198,425,204,1092,252,146,162,149,70,140,107,72,811,746,353,701,538,360,63,51,51,80,33,11
I15942,4178,1949,-2340,4401,4381,4343,4297,4283,4269,2424,2356,2236,1950,1896,1910,-2721,-2590,-2482,-2721,-2590,-2482,223,203,165,119,105,91,475,407,287,1,-52,-38,525,455,331,119,117,99,7,7,23,26,5,8,39,37,116,132,26,40,25,26,29,89,116,112
I2365,5000,2762,-2347,4629,4665,4643,4477,4493,4513,2992,2938,2896,2980,2926,2908,-2728,-2597,-2489,-2728,-2597,-2489,-370,-334,-356,-522,-506,-486,230,176,134,218,164,146,436,378,380,566,532,508,13,24,16,9,16,14,68,121,80,47,84,74,301,297,290,292,287,286
I2612,3589,3589,-2358,4765,4643,4659,4509,4561,4569,3148,3124,3114,3044,2984,2966,-2739,-2608,-2500,-2739,-2608,-2500,1176,1054,1070,920,972,980,-440,-464,-474,-544,-604,-622,1256,1152,1170,1069,1145,1161,103,8,6,11,6,4,519,41,32,58,34,21,110,113,113,120,121,122
pcw350.SG,5284,3128,-2355,5795,4803,4631,5861,5035,4605,3828,3524,3466,3270,3432,3354,-2736,-2605,-2497,-2736,-2605,-2497,511,-480,-652,577,-248,-678,700,396,338,142,304,226,866,623,735,594,392,715,15,13,36,9,23,42,79,69,182,49,118,210,36,309,297,76,320,288
TU918_SX32,4149,2829,-2322,4647,4777,4807,4581,4671,4817,3152,3156,3126,3080,3048,3038,-2703,-2572,-2464,-2703,-2572,-2464,498,628,658,432,522,668,323,327,297,251,219,209,593,708,722,499,566,700,17,10,13,6,17,41,85,50,68,31,87,208,57,62,65,59,67,72
I0460,3192,2247,-2335,3293,3321,3267,3163,3195,3247,2304,2236,2150,2240,2210,2168,-2716,-2585,-2477,-2716,-2585,-2477,101,129,75,-28,3,55,57,-10,-96,-6,-36,-78,116,129,122,29,36,96,8,9,28,6,6,9,40,49,140,32,33,45,60,94,142,256,174,144
MJ-09.SG,6115,3000,-2329,6827,6765,6751,6225,6379,6415,4102,3938,3852,3194,3088,3028,-2710,-2579,-2471,-2710,-2579,-2471,712,650,636,110,264,300,1101,937,851,193,87,27,1312,1141,1063,223,278,301,5,75,94,77,79,70,27,376,470,385,397,352,32,34,36,29,71,84
HUGO_180Sk1_d,4387,2802,-2337,4677,3873,3721,5667,5587,5469,3104,2832,2694,3010,2834,2742,-2718,-2587,-2479,-2718,-2587,-2479,290,-513,-665,1280,1200,1082,302,30,-107,208,32,-59,419,514,674,1297,1200,1083,43,32,16,13,14,19,215,163,80,66,72,95,43,273,260,80,88,93
I7289,4610,3041,-2344,4865,4565,4155,4289,4211,4103,3088,2938,2780,2880,2844,2864,-2725,-2594,-2486,-2725,-2594,-2486,255,-44,-454,-320,-398,-506,47,-102,-260,-160,-196,-176,259,111,524,358,444,536,19,22,9,12,29,49,98,110,47,60,147,249,79,203,240,243,243,250
I4124,4387,2802,-2320,4613,4653,4787,4679,4699,4677,3044,2948,2900,2818,2762,2744,-2701,-2570,-2462,-2701,-2570,-2462,226,266,400,292,312,290,242,146,98,16,-39,-57,331,304,412,292,314,296,69,67,77,10,8,9,348,338,387,52,44,49,43,61,76,86,97,101
ETM023,6711,1837,-2328,6703,6709,6705,6789,6765,6747,2108,2090,2090,1922,1892,1870,-2709,-2578,-2470,-2709,-2578,-2470,-7,-1,-5,78,54,36,270,252,252,84,54,32,270,252,252,115,76,48,5,5,4,3,6,4,25,25,24,15,33,20,358,359,358,42,44,47
CAH010,4560,3034,-2342,5591,4785,4569,5517,4571,4313,3724,3390,3216,3608,3268,3136,-2723,-2592,-2484,-2723,-2592,-2484,1031,225,9,957,11,-246,690,356,182,574,234,102,1241,421,182,1116,234,266,145,139,67,118,100,11,725,699,339,592,503,56,56,32,3,59,2,292
I2786,5000,2738,-2336,4661,4593,4557,4681,4359,4341,3090,3056,3038,3318,3106,3138,-2717,-2586,-2478,-2717,-2586,-2478,-338,-406,-442,-318,-640,-658,352,318,300,580,368,400,488,516,535,662,739,770,35,6,8,76,18,19,175,33,41,381,94,95,316,308,304,331,299,301
I7209,4610,3041,-2290,5745,4819,4919,6099,6171,6019,3972,3416,3302,3888,4134,4014,-2671,-2540,-2432,-2671,-2540,-2432,1135,209,309,1489,1561,1409,931,375,261,847,1093,973,1468,429,405,1713,1906,1712,113,135,90,45,20,91,568,677,454,225,102,455,50,29,49,60,54,55
I4253,5071,3114,-2318,4721,4777,4663,4411,4379,4417,3058,3012,2930,2930,2882,2870,-2699,-2568,-2460,-2699,-2568,-2460,-349,-293,-407,-659,-691,-653,-55,-101,-183,-183,-231,-243,354,310,447,684,729,697,12,35,46,20,23,23,63,177,231,101,119,115,260,250,245,254,251,249
I4143,4520,2842,-2318,4841,4385,3899,4025,3833,3679,3206,3108,2948,3358,3312,3332,-2699,-2568,-2460,-2699,-2568,-2460,321,-134,-620,-494,-686,-840,364,266,106,516,470,490,485,298,629,714,832,972,16,27,37,20,25,22,81,138,186,104,125,113,41,333,279,316,304,300
VLI022,4637,3037,-2314,4615,4565,4597,4311,3917,3751,2932,2856,2840,2974,3182,3312,-2695,-2564,-2456,-2695,-2564,-2456,-21,-71,-39,-325,-719,-885,-105,-181,-197,-63,144,274,107,194,201,331,733,926,14,17,12,55,68,56,72,87,61,278,341,281,191,201,191,259,281,287
PRU004,4629,3005,-2311,5065,4497,4543,4461,4413,4383,3494,3180,3186,3160,3082,3094,-2692,-2561,-2453,-2692,-2561,-2453,436,-131,-85,-167,-215,-245,489,175,181,155,77,89,655,219,200,228,229,261,154,5,18,56,6,12,772,28,93,281,34,60,41,323,334,312,289,289
I0839,2728,2019,-2281,3877,3633,3293,3585,3789,3511,2618,2396,2268,3230,2870,2372,-2662,-2531,-2423,-2662,-2531,-2423,1149,905,565,857,1061,783,599,377,249,1211,851,353,1296,980,617,1483,1360,859,37,54,41,13,23,105,186,273,205,67,117,525,62,67,66,35,51,65
I7195,4633,3002,-2136,4755,4751,4719,5041,4857,4687,3048,3060,3046,3382,3272,3190,-2517,-2386,-2278,-2517,-2386,-2278,122,118,86,408,224,54,46,58,44,380,270,188,130,131,96,557,351,195,78,55,55,143,109,52,394,275,276,719,547,260,69,63,62,47,39,16
I7196,4633,3002,-2289,4897,4609,4401,4777,4643,4653,2914,2902,2888,2996,2980,2950,-2670,-2539,-2431,-2670,-2539,-2431,264,-23,-231,144,10,20,-87,-99,-113,-5,-21,-51,278,102,258,144,24,55,99,76,34,77,16,16,499,384,174,388,81,84,108,193,243,92,154,158
I7200,4633,3002,-2300,5071,5017,4857,4853,4711,4559,3108,3082,3072,3078,3076,3076,-2681,-2550,-2442,-2681,-2550,-2442,438,384,224,220,78,-73,106,80,70,76,74,74,450,392,235,233,107,104,118,117,102,111,94,91,592,585,511,555,470,456,76,78,72,70,46,315
I7201,4633,3002,-2272,4917,4677,4425,5071,4977,4801,3100,3070,3118,3232,3272,3240,-2653,-2522,-2414,-2653,-2522,-2414,284,44,-207,438,344,168,98,68,116,230,270,238,300,81,237,495,437,291,105,83,84,100,85,48,527,416,424,504,429,240,70,33,299,62,51,35
I7202,4633,3002,-2291,5037,5019,4807,5145,5087,4801,3080,3064,3078,3136,3092,3106,-2672,-2541,-2433,-2672,-2541,-2433,404,386,174,512,454,168,78,62,76,134,90,104,411,391,190,529,463,197,125,119,70,103,106,50,628,599,353,518,530,252,79,80,66,75,78,58
I7203,4633,3002,-2206,4537,4351,4347,4541,4349,4473,2932,2934,2912,3008,2956,2968,-2587,-2456,-2348,-2587,-2456,-2348,-95,-281,-285,-91,-283,-159,-69,-67,-89,6,-45,-33,118,289,299,91,287,163,85,48,42,64,42,37,429,242,214,323,213,188,233,256,252,273,260,258
I1381,4036,2900,-2326,4827,4731,4755,4611,4711,4607,3152,3162,3152,3140,3128,3078,-2707,-2576,-2468,-2707,-2576,-2468,791,695,719,575,675,571,251,261,251,239,227,177,830,742,761,623,712,598,95,11,14,17,13,57,476,56,73,89,65,286,72,69,70,67,71,72
I4136,4625,3009,-2323,4987,4877,4659,5003,5013,4993,3112,3102,3080,3884,3906,3978,-2704,-2573,-2465,-2704,-2573,-2465,362,252,34,378,388,368,103,93,71,875,897,969,376,269,79,953,977,1036,114,114,55,34,34,29,571,570,277,170,173,149,74,69,25,23,23,20
I4141,4836,2878,-2275,4983,4831,4677,5041,4877,4929,3034,3054,3022,3108,3106,3108,-2656,-2525,-2417,-2656,-2525,-2417,147,-4,-158,205,41,93,155,175,143,229,227,229,214,175,213,308,231,248,88,64,15,68,35,37,444,320,75,343,178,185,43,358,312,41,10,22
I4130,4836,2878,-2388,5389,5153,4907,5697,5517,5465,3004,2976,2972,3052,3042,3032,-2769,-2638,-2530,-2769,-2638,-2530,553,317,71,861,681,629,125,97,93,173,163,153,567,332,117,878,701,648,105,104,81,80,92,88,529,521,409,401,463,444,77,72,37,78,76,76
I4950,3501,3197,-2268,4981,4961,4827,4639,4291,4023,3156,3174,3162,3080,3088,3110,-2649,-2518,-2410,-2649,-2518,-2410,1480,1460,1326,1138,790,522,-40,-22,-34,-116,-108,-86,1480,1460,1326,1144,797,529,133,109,85,153,128,81,668,546,428,766,644,406,91,90,91,95,97,99
I4951,3503,3191,-2245,5101,4923,4873,4859,4603,4369,3144,3152,3146,3236,3250,3266,-2626,-2495,-2387,-2626,-2495,-2387,1598,1420,1370,1356,1100,866,-46,-38,-44,45,59,75,1598,1420,1370,1356,1101,869,135,113,100,160,148,134,679,568,500,800,740,670,91,91,91,88,86,85
I4890,4639,3010,-2277,4733,4627,4427,3807,3757,3735,2628,2612,2716,3314,2930,2924,-2658,-2527,-2419,-2658,-2527,-2419,94,-11,-211,-831,-881,-903,-382,-398,-294,303,-80,-86,393,398,362,885,885,907,71,62,34,75,85,80,357,312,172,379,426,400,166,181,215,290,264,264
I5512,3503,3191,-2339,5363,4959,4591,4895,4483,4421,3070,3064,3082,3010,3000,2976,-2720,-2589,-2481,-2720,-2589,-2481,1860,1456,1088,1392,980,918,-120,-126,-108,-180,-190,-214,1863,1461,1093,1403,998,942,141,131,28,157,91,24,709,656,141,787,459,123,93,94,95,97,101,103
I5513,3502,3189,-2243,4761,4635,4357,4461,4225,4001,3202,3196,3230,3134,3124,3142,-2624,-2493,-2385,-2624,-2493,-2385,1259,1133,855,959,723,499,13,7,41,-54,-64,-46,1259,1133,856,960,725,501,170,133,98,156,133,90,851,667,492,783,666,450,89,89,87,93,95,95
I5520,4387,2802,-2165,4811,4789,4779,4407,4369,4343,2808,2788,2788,2790,2746,2732,-2546,-2415,-2307,-2546,-2415,-2307,424,402,392,20,-17,-43,6,-13,-13,-11,-55,-69,424,402,392,23,58,82,64,65,36,11,10,12,323,326,182,58,54,61,89,91,91,119,197,211
I5521,4387,2802,-2243,4545,4611,4251,4279,3919,3899,3102,3034,3020,3168,3258,3204,-2624,-2493,-2385,-2624,-2493,-2385,158,224,-135,-107,-467,-487,300,232,218,366,456,402,339,323,256,381,653,632,100,104,38,100,82,80,501,523,193,504,414,401,27,44,328,343,314,309
I5523,4520,2842,-2361,5229,5013,4747,4989,4861,4407,3030,3022,3044,3128,3170,3092,-2742,-2611,-2503,-2742,-2611,-2503,709,493,227,469,341,-112,188,180,202,286,328,250,733,525,304,549,473,274,136,120,65,135,130,44,681,604,325,678,651,224,75,69,48,58,46,335
I5524,4520,2842,-2287,4897,4765,4595,4823,4663,4655,2640,2636,2718,2612,2696,2668,-2668,-2537,-2429,-2668,-2537,-2429,377,245,75,303,143,135,-201,-205,-123,-229,-145,-173,428,320,145,380,204,220,84,71,11,74,20,18,421,359,59,374,103,93,118,129,148,127,135,142
I5525,4520,2842,-2314,4657,4381,4267,4607,4527,4647,3110,3000,3008,3050,3010,2998,-2695,-2564,-2456,-2695,-2564,-2456,137,-138,-252,87,7,127,268,158,166,208,168,156,301,210,302,225,168,201,85,46,38,58,20,25,427,232,192,292,104,128,27,318,303,22,2,39
I5529,4543,2846,-2280,4981,4943,4719,5201,4967,4831,2894,2848,2852,2990,2964,2936,-2661,-2530,-2422,-2661,-2530,-2422,438,400,176,658,424,288,48,2,6,144,118,90,441,400,176,674,440,302,117,101,24,115,89,49,588,507,120,578,445,245,83,89,88,77,74,72
I5531,4418,2844,-2468,5227,5059,4655,5697,5707,5549,3086,3080,3088,3312,3240,3316,-2849,-2718,-2610,-2849,-2718,-2610,809,641,237,1279,1289,1131,242,236,244,468,396,472,844,683,340,1362,1348,1225,124,119,70,37,39,44,620,599,353,187,199,224,73,69,44,69,72,67
I5836,4200,2950,-2272,5061,5059,5053,4855,4721,4569,3010,3016,3026,3056,3148,3174,-2653,-2522,-2414,-2653,-2522,-2414,861,859,853,655,521,369,60,66,76,106,198,224,863,862,857,664,558,432,148,125,93,140,145,123,742,629,469,703,725,617,85,85,84,80,69,58
I2417,3501,3183,-2290,5053,4695,4785,5353,4903,4581,3222,3302,3272,3730,3500,3306,-2671,-2540,-2432,-2671,-2540,-2432,1552,1194,1284,1852,1402,1080,38,118,88,546,316,122,1552,1200,1287,1931,1437,1087,152,78,45,181,159,37,761,393,229,908,795,189,88,84,86,73,77,83
I5666,4734,3034,-2290,4999,4941,4731,4513,4263,4089,2962,2976,2958,3156,3208,3266,-2671,-2540,-2432,-2671,-2540,-2432,264,206,-3,-221,-471,-645,-71,-57,-75,122,174,232,274,214,75,252,502,685,106,94,65,86,79,70,531,470,327,433,395,351,105,105,182,298,290,289
I11912,5650,2726,-2436,5209,5111,5101,5547,5521,5549,2662,2730,2662,2890,2880,2828,-2817,-2686,-2578,-2817,-2686,-2578,-440,-538,-548,-102,-128,-100,-64,3,-64,163,153,101,445,538,552,193,200,142,50,53,59,37,44,21,253,268,296,185,221,108,261,270,263,327,320,315
pcw270.SG,5070,3081,-2274,4537,4561,4691,4893,5039,4995,2876,2822,2822,2904,2840,2770,-2655,-2524,-2416,-2655,-2524,-2416,-532,-508,-378,-176,-30,-74,-204,-258,-258,-176,-240,-310,570,570,458,249,242,319,29,22,27,14,13,7,148,111,137,71,65,39,248,243,235,224,187,193
pcw280.SG,5070,3081,-2302,4841,4595,4743,4471,4471,4477,3018,2980,2982,2966,2920,2908,-2683,-2552,-2444,-2683,-2552,-2444,-228,-474,-326,-598,-598,-592,-62,-100,-98,-114,-160,-172,236,485,341,609,619,617,41,29,39,10,13,10,207,145,197,54,69,51,254,258,253,259,254,253
HOP003,4626,3005,-2332,4753,4589,4689,4585,4627,4613,3000,2922,2904,3014,2964,2942,-2713,-2582,-2474,-2713,-2582,-2474,126,-37,62,-41,0,-13,-4,-82,-100,9,-40,-62,127,90,118,42,40,64,89,20,24,9,5,13,446,104,123,48,28,69,92,204,148,282,178,191
KOP001,4694,3002,-2289,4459,4307,4261,4081,3611,3503,2870,2786,2736,2968,3232,3388,-2670,-2539,-2431,-2670,-2539,-2431,-234,-386,-432,-612,-1082,-1190,-131,-215,-265,-33,230,386,268,442,507,613,1106,1251,31,16,9,68,52,33,158,84,48,340,263,166,240,240,238,266,282,287
KOP002,4694,3002,-2297,4593,4641,4757,4655,4663,4623,2864,2826,2822,2882,2832,2810,-2678,-2547,-2439,-2678,-2547,-2439,-100,-52,63,-38,-30,-70,-137,-175,-179,-119,-169,-191,170,183,190,125,172,203,8,15,21,12,18,19,44,75,106,61,90,99,216,196,160,197,190,200
I2787,5000,2738,-2317,5617,4751,4833,5693,5211,4901,3898,3474,3330,3660,3704,3330,-2698,-2567,-2459,-2698,-2567,-2459,617,-248,-166,693,211,-98,1160,736,592,922,966,592,1314,777,615,1153,989,600,66,66,58,40,79,58,331,334,291,200,395,291,28,341,344,36,12,350
I2450,3543,3234,-2286,4599,4681,4679,4663,4499,4445,3192,3198,3204,3346,3272,3268,-2667,-2536,-2428,-2667,-2536,-2428,1056,1138,1136,1120,956,902,-42,-36,-30,111,37,33,1057,1139,1137,1126,957,903,15,6,14,115,7,16,76,32,71,576,36,81,92,91,91,84,87,87
I14678,4201,1966,-2310,4241,4269,4243,4131,4191,4191,2326,1952,1928,2100,1918,1938,-2691,-2560,-2452,-2691,-2560,-2452,40,68,42,-69,-9,-9,359,-14,-38,133,-48,-28,361,69,57,150,49,29,34,24,7,41,0,3,170,124,38,208,0,19,6,101,132,332,191,198
MX259,4229,2749,-2292,4761,4509,4307,4529,4531,4561,3016,2898,2810,3012,2980,2956,-2673,-2542,-2434,-2673,-2542,-2434,532,280,78,300,302,332,266,148,60,262,230,206,595,317,99,399,380,391,37,65,44,25,33,32,185,328,224,129,168,161,63,62,52,48,52,58
I2416,3501,3183,-2292,4469,4061,4015,4165,4139,4141,2908,2724,2642,2786,2716,2662,-2673,-2542,-2434,-2673,-2542,-2434,968,560,514,664,638,640,-275,-459,-541,-397,-467,-521,1006,724,746,773,790,825,75,5,4,9,7,5,376,28,23,48,35,29,105,129,136,120,126,129
I2741,5000,2738,-2298,4081,3857,3719,4099,3961,3723,2500,2186,1934,2500,2348,2166,-2679,-2548,-2440,-2679,-2548,-2440,-918,-1142,-1280,-900,-1038,-1276,-237,-551,-803,-237,-389,-571,949,1268,1511,931,1109,1398,13,88,97,53,61,98,66,441,485,266,308,490,255,244,237,255,249,245
I0840,2728,2019,-2267,3277,3297,3235,3323,2991,2893,2164,2104,2044,2228,2018,1968,-2648,-2517,-2409,-2648,-2517,-2409,549,569,507,595,263,165,145,85,25,209,0,-50,568,575,507,630,263,172,22,15,20,97,58,31,110,75,102,487,292,155,75,81,87,70,90,107
I0461,3192,2247,-2275,4051,3895,3795,3531,3377,3275,2732,2592,2436,3238,3432,2602,-2656,-2525,-2417,-2656,-2525,-2417,859,703,603,339,185,83,485,345,189,991,1185,355,987,783,632,1047,1199,364,52,17,19,18,56,92,263,86,98,92,283,464,60,63,72,18,8,13
HOP001,4626,3005,-2302,4825,4583,4283,4261,4169,4149,3068,2950,2828,2904,2834,2796,-2683,-2552,-2444,-2683,-2552,-2444,198,-43,-343,-365,-457,-477,63,-54,-176,-100,-170,-208,208,69,385,378,487,520,16,24,17,20,10,7,81,120,88,101,53,38,72,218,242,254,249,246
RK4001,6670,2993,-2288,6671,6791,6745,6783,6813,6813,3084,2954,2966,3098,2926,2926,-2669,-2538,-2430,-2669,-2538,-2430,1,121,75,113,143,143,91,-38,-26,105,-66,-66,91,127,80,155,158,158,81,41,60,68,6,4,408,205,302,341,31,23,1,107,109,47,114,114
I2418,3501,3183,-2294,4667,4773,4783,4317,4175,3901,3212,3224,3230,3060,3024,3092,-2675,-2544,-2436,-2675,-2544,-2436,1166,1272,1282,816,674,400,28,40,46,-123,-159,-91,1166,1272,1283,825,692,410,14,11,9,30,36,43,73,57,49,151,183,218,88,88,87,98,103,102
I0453,3278,1749,-2331,3501,3375,3231,3627,3799,3965,2058,2000,1950,2090,1902,1856,-2712,-2581,-2473,-2712,-2581,-2473,222,96,-47,348,520,686,308,250,200,340,152,106,380,268,206,487,542,695,62,35,21,68,69,60,312,178,107,342,349,302,35,21,346,45,73,81
SEC001,4201,1966,-2304,4141,4163,4191,3879,3781,4049,2380,2056,1948,2314,2016,1914,-2685,-2554,-2446,-2685,-2554,-2446,-60,-38,-10,-322,-420,-152,414,90,-17,348,50,-51,418,97,20,474,423,160,35,37,3,40,90,74,178,185,19,204,453,370,351,337,209,317,276,251
MIS006,4734,3002,-2289,4605,4637,4581,4427,4097,4091,3052,3016,3002,3478,3358,3370,-2670,-2539,-2431,-2670,-2539,-2431,-128,-96,-152,-306,-636,-642,49,13,0,475,355,367,138,97,152,566,729,740,12,10,15,79,29,26,61,51,75,397,147,131,291,278,269,327,299,299
I7045,5002,2743,-2263,4261,4219,4181,5373,5211,5059,2632,2558,2482,2692,2514,2458,-2644,-2513,-2405,-2644,-2513,-2405,-740,-782,-820,371,209,57,-110,-184,-260,-50,-228,-284,748,804,861,374,310,290,5,7,8,18,24,20,29,39,44,93,124,101,261,256,252,97,137,168
I7213,4610,3041,-2287,4879,4039,3837,4027,3741,3503,3154,2974,2888,3002,3084,3212,-2668,-2537,-2429,-2668,-2537,-2429,269,-570,-772,-582,-868,-1106,113,-66,-152,-38,43,171,292,574,787,583,869,1119,21,47,37,55,53,13,109,236,186,275,269,69,67,263,258,266,272,278
I2364,5000,2762,-2285,4589,4579,4557,5307,5263,5065,2594,2490,2440,2604,2480,2420,-2666,-2535,-2427,-2666,-2535,-2427,-410,-420,-442,307,263,65,-167,-271,-321,-157,-281,-341,443,500,547,345,385,347,20,43,49,24,33,27,103,216,246,121,166,138,247,237,233,117,136,169
I6534,4899,3029,-2288,4689,4687,4689,4865,4929,4881,2800,2750,2728,2968,2808,2736,-2669,-2538,-2430,-2669,-2538,-2430,-209,-211,-209,-33,30,-17,-228,-278,-300,-60,-220,-292,310,350,366,69,223,293,15,18,20,36,16,6,77,90,104,183,83,30,222,217,214,208,172,183
pcw191.SG,5236,3060,-2238,5525,5097,5281,4925,5799,5387,3878,3672,3278,3342,3996,3380,-2619,-2488,-2380,-2619,-2488,-2380,289,-138,45,-310,563,151,818,612,218,282,936,320,868,627,222,419,1092,354,18,62,67,53,56,109,90,313,335,266,280,547,19,347,11,312,31,25
pcw260.SG,5070,3081,-2300,4647,4537,4495,4765,4855,4889,2934,2854,2812,2914,2862,2822,-2681,-2550,-2442,-2681,-2550,-2442,-422,-532,-574,-304,-214,-180,-146,-226,-268,-166,-218,-258,447,578,634,347,306,315,40,51,44,9,6,6,204,256,222,49,30,31,250,246,244,241,224,214
MX199,4185,2684,-2281,4511,4527,4885,4535,4501,4607,3012,2980,3022,2988,2936,2950,-2662,-2531,-2423,-2662,-2531,-2423,326,342,700,350,316,422,328,296,338,304,252,266,462,452,777,463,404,499,8,27,59,5,10,50,41,137,296,28,52,252,44,49,64,48,51,57
I2459,3501,3183,-2272,4707,4813,4735,4589,4641,4611,3222,3242,3300,3248,3272,3302,-2653,-2522,-2414,-2653,-2522,-2414,1206,1312,1234,1088,1140,1110,38,58,116,64,88,118,1206,1313,1239,1090,1143,1116,13,10,42,11,8,7,65,54,213,58,41,39,88,87,84,86,85,83
I1546,4383,3190,-2244,4441,4075,3975,4765,4795,4771,3090,2954,2874,3076,3016,2972,-2625,-2494,-2386,-2625,-2494,-2386,58,-307,-407,382,412,388,-99,-235,-315,-113,-173,-217,115,387,515,398,447,445,34,27,22,23,12,6,174,135,113,116,60,31,149,232,232,106,112,119
I1542,4437,3146,-2288,5133,4739,4697,5253,4517,4837,3382,3276,3130,3544,3266,3338,-2669,-2538,-2430,-2669,-2538,-2430,696,302,260,816,80,400,235,129,-16,397,119,191,734,328,260,907,144,443,180,126,55,178,96,195,902,630,277,890,482,978,71,66,93,64,33,64
I1536,4437,3146,-2285,5365,4827,4981,6883,6991,7057,3618,3384,3272,4182,4180,4180,-2666,-2535,-2427,-2666,-2535,-2427,928,390,544,2446,2554,2620,471,237,125,1035,1033,1033,1041,456,558,2656,2755,2816,158,116,84,33,32,20,792,581,421,168,164,101,63,58,76,67,67,68
I1544,4437,3146,-2286,4843,4547,4647,5057,4417,4167,3212,3188,3196,3712,3356,3288,-2667,-2536,-2428,-2667,-2536,-2428,406,110,210,620,-19,-269,65,41,49,565,209,141,411,117,215,839,210,304,136,22,40,191,103,13,680,110,203,958,519,66,80,69,76,47,354,297
I1534_published,4437,3146,-2249,4965,4665,4695,5121,4379,4367,3418,3218,3132,3610,3286,3282,-2630,-2499,-2391,-2630,-2499,-2391,528,228,258,684,-57,-69,271,71,-14,463,139,135,593,239,258,826,151,152,174,106,61,195,75,115,873,532,309,976,377,578,62,72,93,55,337,332
I1540,4437,3146,-2280,4667,4385,4085,4807,4595,4617,3624,3568,3322,3576,3490,3468,-2661,-2530,-2422,-2661,-2530,-2422,230,-51,-351,370,158,180,477,421,175,429,343,321,530,424,393,567,378,368,33,29,27,118,10,11,169,148,138,590,54,55,25,352,296,40,24,29
I1532,4437,3146,-2314,5193,4493,4637,5527,5423,5273,3232,3102,3098,3292,3504,3608,-2695,-2564,-2456,-2695,-2564,-2456,756,56,200,1090,986,836,85,-44,-48,145,357,461,760,71,205,1099,1048,955,164,7,45,104,63,48,824,35,225,521,316,244,83,128,103,82,70,61
I1549,4383,3190,-2227,4789,4539,4509,3965,3797,3671,3146,3102,3100,3158,3200,3276,-2608,-2477,-2369,-2608,-2477,-2369,406,156,126,-417,-585,-711,-43,-87,-89,-31,10,86,408,179,154,419,585,717,56,29,39,43,37,27,282,148,197,215,188,135,96,119,125,265,270,276
I5385,3540,3991,-2287,4635,4733,4729,4265,3967,3767,3156,3166,3158,3028,3138,3228,-2668,-2537,-2429,-2668,-2537,-2429,1095,1193,1189,725,427,227,-835,-825,-833,-963,-853,-763,1377,1450,1452,1205,954,796,9,8,9,25,41,24,49,40,49,127,206,123,127,124,125,143,153,163
I0112,4399,3187,-2279,4739,4541,3893,4623,4647,4489,3178,3178,3094,3082,3046,3014,-2660,-2529,-2421,-2660,-2529,-2421,340,142,-505,224,248,90,-8,-8,-92,-104,-140,-172,340,142,514,247,285,194,18,27,31,14,8,28,93,138,158,72,42,142,91,93,259,115,119,152
HOP004,4626,3005,-2260,4621,4599,4513,4927,4939,4871,2740,2684,2670,2792,2694,2676,-2641,-2510,-2402,-2641,-2510,-2402,-5,-27,-113,300,312,244,-264,-320,-334,-212,-310,-328,264,321,353,368,441,409,8,8,5,15,7,8,41,41,27,76,38,42,181,184,198,125,134,143
I7286,4610,3041,-2273,4627,4597,4067,4915,4645,4629,3664,3916,3296,3356,3700,3774,-2654,-2523,-2415,-2654,-2523,-2415,17,-12,-542,305,35,19,623,875,255,315,659,733,623,875,599,439,660,733,39,13,29,52,28,5,198,69,147,262,144,29,1,359,295,44,3,1
I4251_published,5071,3114,-2259,4645,4641,4567,4851,4601,4513,3030,2982,2974,3410,3210,3186,-2640,-2509,-2401,-2640,-2509,-2401,-425,-429,-503,-219,-469,-557,-83,-131,-139,296,96,72,433,449,522,368,479,562,10,11,17,82,56,48,52,57,87,411,282,244,258,252,254,323,281,277
I0806,4399,3187,-2248,4743,4785,4705,3999,3901,3753,3086,3052,2996,3348,3378,3344,-2629,-2498,-2390,-2629,-2498,-2390,344,386,306,-399,-497,-645,-100,-134,-190,161,191,157,358,409,360,431,533,664,7,9,9,18,27,22,36,46,48,91,136,111,106,109,121,291,291,283
I5376,3607,3202,-2271,4673,4653,4605,6081,5779,5395,3136,3136,3132,4212,4002,3706,-2652,-2521,-2413,-2652,-2521,-2413,1066,1046,998,2474,2172,1788,-65,-65,-69,1010,800,504,1068,1048,1000,2672,2315,1858,62,7,13,5,141,163,312,38,68,29,707,816,93,93,93,67,69,74
I0060_published,4428,3149,-2270,4799,4113,3883,4843,4909,4877,3102,2898,2888,3020,2924,2848,-2651,-2520,-2412,-2651,-2520,-2412,371,-314,-544,415,481,449,-47,-251,-261,-129,-225,-301,374,402,603,435,531,541,11,24,34,10,8,5,58,120,170,50,44,29,97,231,244,107,115,123
I8561,4682,1661,-2260,4363,4289,4257,4207,4153,4115,2646,2586,2540,2658,2578,2508,-2641,-2510,-2402,-2641,-2510,-2402,-318,-392,-424,-474,-528,-566,984,924,878,996,916,846,1034,1004,975,1103,1058,1018,8,6,4,7,4,4,44,30,22,38,20,20,342,337,334,334,330,326
I7282,4610,3041,-2230,4223,4189,4085,3923,3809,3919,2936,2836,2700,3018,3058,2926,-2611,-2480,-2372,-2611,-2480,-2372,-386,-420,-524,-686,-800,-690,-104,-204,-340,-22,17,-114,400,467,625,686,800,700,55,44,23,71,71,61,275,222,117,357,358,309,254,244,237,268,271,260
I7205,4610,3041,-2219,4863,4681,4729,4495,4477,4471,3152,3158,3156,3022,2990,3000,-2600,-2469,-2361,-2600,-2469,-2361,253,71,119,-114,-132,-138,111,117,115,-18,-50,-40,276,137,166,116,141,144,88,8,9,16,14,13,443,41,45,81,73,69,66,31,45,260,249,253
I7251,4617,3017,-2213,4631,4367,4433,4871,4929,4951,3076,3024,2968,3054,2980,2958,-2594,-2463,-2355,-2594,-2463,-2355,14,-249,-183,254,312,334,59,7,-48,37,-36,-58,61,250,190,256,314,339,70,64,45,35,28,22,352,322,226,176,144,112,13,271,255,81,96,99
I7250,4617,3017,-2218,4797,4829,4859,4117,3947,3869,2964,2896,2878,3158,3258,3380,-2599,-2468,-2360,-2599,-2468,-2360,180,212,242,-499,-669,-747,-52,-120,-138,141,241,363,187,243,278,519,712,831,56,40,32,77,71,52,281,200,161,386,356,262,106,119,119,285,289,295
I7269,4617,3017,-2226,4671,4647,4679,4767,4645,4621,2966,2914,2900,3176,3198,3244,-2607,-2476,-2368,-2607,-2476,-2368,54,30,62,150,28,4,-50,-102,-116,159,181,227,73,106,131,219,183,227,34,14,10,85,41,38,171,73,54,429,208,194,133,163,151,43,8,1
I7270,4617,3017,-2207,4439,4325,4245,3759,3585,3615,2912,2816,2764,2898,2810,2754,-2588,-2457,-2349,-2588,-2457,-2349,-177,-291,-371,-857,-1031,-1001,-104,-200,-252,-118,-206,-262,206,354,449,866,1052,1035,34,20,13,62,48,31,173,102,67,313,244,157,239,235,235,262,258,255
I7275,4617,3017,-2250,4701,4817,4959,4583,4585,4569,3020,3082,3016,2856,2828,2822,-2631,-2500,-2392,-2631,-2500,-2392,84,200,342,-33,-31,-47,3,65,0,-160,-188,-194,84,210,342,164,191,200,91,56,41,7,5,3,456,283,209,38,27,19,87,71,90,191,189,193
I7276,4617,3017,-2262,4629,4515,4419,4829,4881,4947,3008,2920,2866,2996,2944,2894,-2643,-2512,-2404,-2643,-2512,-2404,12,-101,-197,212,264,330,-8,-96,-150,-20,-72,-122,14,140,248,213,273,352,32,25,18,49,25,22,160,125,92,249,127,110,125,226,232,95,105,110
I7279,4617,3017,-2271,4895,4655,4643,4859,4645,4731,3178,3188,3142,3236,3246,3262,-2652,-2521,-2413,-2652,-2521,-2413,278,38,26,242,28,114,161,171,125,219,229,245,321,175,128,326,231,270,124,69,24,110,78,106,622,347,122,553,392,532,59,12,11,47,6,24
I7280,4617,3017,-2212,4787,4849,4799,6077,5905,5539,3200,3300,3132,3954,3822,3604,-2593,-2462,-2354,-2593,-2462,-2354,170,232,182,1460,1288,922,183,283,115,937,805,587,250,366,215,1735,1519,1093,122,116,26,71,115,137,611,581,133,358,579,685,42,39,57,57,57,57
I7287,4610,3041,-2259,4611,4637,4669,4525,4447,4443,3052,3044,3020,2988,2960,2918,-2640,-2509,-2401,-2640,-2509,-2401,1,27,59,-84,-162,-166,11,3,-20,-52,-80,-122,11,27,62,99,181,206,30,40,22,25,44,26,152,203,110,126,220,131,6,82,109,238,243,233
I7288,4610,3041,-2225,4205,4145,4043,4751,4579,4477,3018,2920,2814,3800,3742,3802,-2606,-2475,-2367,-2606,-2475,-2367,-404,-464,-566,141,-30,-132,-22,-120,-226,759,701,761,405,480,610,772,702,772,65,51,41,33,39,30,328,257,208,168,198,152,266,255,248,10,357,350
I7290,4610,3041,-2196,4151,4011,3793,3833,3715,3753,2984,2848,2782,3036,3022,2920,-2577,-2446,-2338,-2577,-2446,-2338,-458,-598,-816,-776,-894,-856,-56,-192,-258,-4,-18,-120,462,628,856,776,894,865,55,39,28,67,59,48,276,198,144,338,299,242,262,252,252,269,268,261
CovaMoura364.SG,2659,1950,-2266,3663,3469,3321,4023,3763,3631,2454,2274,2160,2466,2262,2146,-2647,-2516,-2408,-2647,-2516,-2408,1004,810,662,1364,1104,972,503,323,209,515,311,195,1123,872,694,1458,1147,991,83,70,50,46,92,102,417,354,254,230,463,512,63,68,72,69,74,78
CovaMoura9B.SG,2659,1950,-2220,3557,3425,3299,3451,3511,3645,2210,2108,2002,2034,1972,1958,-2601,-2470,-2362,-2601,-2470,-2362,898,766,640,792,852,986,259,157,51,83,21,7,934,782,642,796,852,986,98,85,60,87,102,105,490,429,304,435,510,525,73,78,85,83,88,89
RISE564.SG,4543,2846,-2233,4643,4901,5081,5129,5079,5091,3156,3036,2788,2468,2466,2526,-2614,-2483,-2375,-2614,-2483,-2375,100,358,538,586,536,548,310,190,-57,-377,-379,-319,326,406,541,697,657,635,98,92,85,36,38,19,490,462,429,182,190,95,18,62,96,122,125,120
I5014,4427,2845,-2264,4699,4673,4645,5371,4829,4573,2968,2934,2906,4018,3790,3604,-2645,-2514,-2406,-2645,-2514,-2406,271,245,217,943,401,145,123,89,61,1173,945,759,298,261,226,1505,1027,773,59,27,32,139,130,95,299,138,160,698,654,479,65,70,74,38,23,10
I5023,4543,2846,-2279,4619,4415,4179,4125,3853,3653,3118,3134,3108,2990,3054,3104,-2660,-2529,-2421,-2660,-2529,-2421,76,-127,-363,-417,-689,-889,272,288,262,144,208,258,282,314,447,441,719,925,17,53,60,45,64,51,88,266,303,229,323,258,15,336,305,289,286,286
I5519,4387,2802,-2290,4847,4647,4655,5171,4899,4653,3106,3114,3106,3514,3376,3182,-2671,-2540,-2432,-2671,-2540,-2432,460,260,268,784,512,266,304,312,304,712,574,380,551,406,405,1059,769,464,101,9,14,168,138,15,509,49,72,842,693,79,56,39,41,47,41,35
I5833,4522,2862,-2251,4641,4343,4313,4749,4793,4755,3028,2954,2848,3014,2974,2930,-2632,-2501,-2393,-2632,-2501,-2393,119,-178,-208,227,271,233,166,92,-13,152,112,68,204,201,209,273,293,242,19,39,16,10,18,19,99,198,81,53,92,97,35,297,266,56,67,73
I5834,4522,2862,-2201,4579,4393,4395,4889,4945,4947,2966,2870,2848,3026,2958,2908,-2582,-2451,-2343,-2582,-2451,-2343,57,-128,-126,367,423,425,104,8,-13,164,96,46,118,129,127,402,433,427,16,13,23,17,11,10,82,68,116,88,57,51,28,273,263,65,77,83
I5658,4522,2862,-2276,4629,4687,4725,4171,3979,3705,3064,3042,3032,3026,3056,3184,-2657,-2526,-2418,-2657,-2526,-2418,107,165,203,-350,-542,-816,202,180,170,164,194,322,228,244,264,387,576,878,10,11,14,58,76,59,53,56,73,294,384,295,27,42,50,295,289,291
I5659,4522,2862,-2197,4669,4321,4107,4833,4413,4035,3668,3398,3206,3248,3158,3042,-2578,-2447,-2339,-2578,-2447,-2339,147,-200,-414,311,-108,-486,806,536,344,386,296,180,819,572,539,495,315,519,49,30,20,30,41,46,246,153,104,153,209,234,10,339,309,38,339,290
I5661_published,4522,2862,-2246,4711,4679,4703,4123,3935,3831,3070,3028,3024,3016,3010,2994,-2627,-2496,-2388,-2627,-2496,-2388,189,157,181,-398,-586,-690,208,166,162,154,148,132,281,228,243,427,605,703,33,16,17,56,62,51,165,81,85,281,311,255,42,43,48,291,284,280
I6475,3188,2032,-2256,3535,3325,3239,3147,3169,3177,2364,2170,2082,2140,2118,2084,-2637,-2506,-2398,-2637,-2506,-2398,347,137,51,-40,-18,-10,331,137,49,107,85,51,480,194,71,115,87,52,86,48,27,14,18,18,431,243,137,72,91,93,46,44,46,339,347,348
I6539,3151,2009,-2280,4237,4073,4019,4133,4091,4083,2742,2620,2530,2714,2634,2576,-2661,-2530,-2422,-2661,-2530,-2422,1086,922,868,982,940,932,733,611,521,705,625,567,1311,1106,1013,1209,1129,1091,61,25,26,17,18,13,309,129,131,88,94,66,55,56,59,54,56,58
I6584,3151,2009,-2246,3301,3249,3191,3143,3085,2997,2114,2054,2006,2034,2002,1980,-2627,-2496,-2388,-2627,-2496,-2388,150,98,40,-7,-65,-153,105,45,-2,25,-6,-28,183,108,40,26,65,155,18,26,28,36,41,45,93,133,142,183,205,226,55,65,93,344,264,259
I6587,3151,2009,-2249,3373,3267,3195,3011,2971,2929,2032,1954,1930,2022,2000,1976,-2630,-2499,-2391,-2630,-2499,-2391,222,116,44,-139,-179,-221,23,-54,-78,13,-8,-32,224,128,90,139,179,223,71,36,27,36,39,41,359,184,139,183,195,207,84,115,150,275,267,261
I6588,3151,2009,-2198,4009,3765,3685,4013,4031,4087,2832,2612,2538,2928,2856,2764,-2579,-2448,-2340,-2579,-2448,-2340,858,614,534,862,880,936,823,603,529,919,847,755,1189,861,752,1260,1222,1203,94,46,61,16,29,11,471,233,308,82,146,57,46,45,45,43,46,51
I6590,4522,2862,-2173,4439,4173,4167,4145,3963,4037,2984,2832,2766,3130,3124,3094,-2554,-2423,-2315,-2554,-2423,-2315,-82,-348,-354,-376,-558,-484,122,-29,-95,268,262,232,147,350,367,462,617,537,39,28,13,73,86,99,199,140,66,369,434,499,325,265,254,305,295,295
I6591,4522,2862,-2296,4617,4575,4593,4415,4367,4335,2882,2814,2794,2826,2764,2742,-2677,-2546,-2438,-2677,-2546,-2438,95,53,71,-106,-154,-186,20,-47,-67,-35,-97,-119,97,71,98,112,183,222,14,16,20,15,18,18,74,80,100,78,92,94,78,132,133,251,237,237
I6624,4522,2862,-2223,4451,4261,4227,4915,4923,4935,2884,2772,2732,2928,2860,2808,-2604,-2473,-2365,-2604,-2473,-2365,-70,-260,-294,393,401,413,22,-89,-129,66,-1,-53,74,276,322,398,401,416,12,10,9,16,9,13,64,54,48,80,48,66,287,251,246,80,90,97
I6472,3188,2032,-2269,4017,3783,3567,3535,3467,3399,2710,2546,2438,3180,2958,2672,-2650,-2519,-2411,-2650,-2519,-2411,829,595,379,347,279,211,677,513,405,1147,925,639,1071,786,555,1199,966,673,81,49,53,61,93,87,405,246,269,307,468,439,50,49,43,16,16,18
I15940_published,4178,1949,-2251,5659,5947,5929,6771,6761,6747,2400,1930,1834,1050,1022,1018,-2632,-2501,-2393,-2632,-2501,-2393,1481,1769,1751,2593,2583,2569,451,-18,-114,-898,-926,-930,1548,1769,1755,2744,2744,2732,21,5,8,13,15,13,105,27,41,65,75,68,73,90,93,109,109,109
HUGO_171,4387,2802,-2249,4709,4703,4711,5289,5163,5165,2750,2722,2712,2834,2718,2668,-2630,-2499,-2391,-2630,-2499,-2391,322,316,324,902,776,778,-51,-79,-89,32,-83,-133,326,326,336,902,780,789,21,33,43,66,25,9,105,167,218,333,125,49,99,104,105,87,96,99
I15941,4178,1949,-2236,4257,4237,4241,4209,4231,4259,2004,1962,1968,2134,2042,1996,-2617,-2486,-2378,-2617,-2486,-2378,79,59,63,31,53,81,55,13,19,185,93,47,96,60,66,187,107,94,28,5,5,34,16,6,142,26,26,174,80,31,55,77,73,9,29,59
I7281,4631,3001,-2239,4803,4695,4481,4879,5149,5157,3114,3028,2950,3170,3158,2982,-2620,-2489,-2381,-2620,-2489,-2381,172,64,-149,248,518,526,112,26,-51,168,156,-19,205,69,158,300,541,526,11,25,47,44,11,12,55,129,237,223,55,64,56,67,251,55,73,92
I1388,4024,2490,-2227,4047,3959,3901,3945,3781,3757,2606,2466,2322,2552,2392,2256,-2608,-2477,-2369,-2608,-2477,-2369,23,-64,-122,-78,-242,-266,115,-24,-168,61,-98,-234,118,68,208,100,261,354,10,16,25,46,36,12,54,80,129,232,181,63,11,249,216,308,248,228
I4521,6657,1443,-2242,6317,6267,6405,6713,6691,6691,1966,1934,1778,1656,1602,1572,-2623,-2492,-2384,-2623,-2492,-2384,-339,-389,-251,56,34,34,523,491,335,213,159,129,623,627,419,220,163,133,5,4,53,5,4,2,25,23,266,28,23,13,327,321,323,14,12,14
WEHR_1192SkA,4381,2793,-2248,4823,4403,3847,4577,4553,4403,3162,3046,3016,3214,3180,3272,-2629,-2498,-2390,-2629,-2498,-2390,442,22,-533,196,172,22,368,252,222,420,386,478,576,254,577,464,423,479,9,41,58,26,30,34,46,207,294,130,151,172,50,5,292,25,24,2
I1382,4036,2900,-2245,4741,4757,4679,4061,3761,3631,3072,3026,2978,3080,3210,3278,-2626,-2495,-2387,-2626,-2495,-2387,705,721,643,25,-274,-404,171,125,77,179,309,377,725,732,647,181,414,553,9,36,18,19,23,12,49,180,94,96,118,63,76,80,83,7,318,313
EKA1.SG,5291,4033,-2219,4637,4701,4823,4865,4867,4975,3280,3312,3322,3942,4024,3994,-2600,-2469,-2361,-2600,-2469,-2361,-653,-589,-467,-425,-423,-315,-752,-720,-710,-90,-8,-38,996,930,850,435,423,317,5,14,14,4,22,22,29,72,72,21,110,112,220,219,213,258,268,263
I4946,4633,3002,-2235,4729,4453,4505,4291,4147,4035,2962,2850,2844,3474,3440,3410,-2616,-2485,-2377,-2616,-2485,-2377,96,-179,-127,-341,-485,-597,-39,-151,-157,472,438,408,104,235,203,582,654,723,15,15,16,75,65,79,76,76,82,376,326,396,112,229,218,324,312,304
SUC004,4189,1969,-2251,4171,4201,4191,4139,4203,4233,2226,1916,1952,2156,1972,1972,-2632,-2501,-2393,-2632,-2501,-2393,-17,12,2,-49,14,44,257,-52,-16,187,3,3,257,54,16,193,15,44,34,4,4,38,5,4,174,24,22,192,28,23,356,166,170,345,77,85
I3590,4506,2866,-2227,4647,4719,4801,3917,3645,3965,2782,2760,2758,3084,3310,3038,-2608,-2477,-2369,-2608,-2477,-2369,141,213,295,-588,-860,-540,-83,-105,-107,218,444,172,164,237,314,627,968,567,17,27,38,93,71,93,88,135,190,465,359,469,120,116,110,290,297,287
I4249_published,4522,2862,-2242,4357,4215,4233,3777,3593,3475,2836,2754,2722,3240,3270,3298,-2623,-2492,-2384,-2623,-2492,-2384,-164,-306,-288,-744,-928,-1046,-25,-107,-139,378,408,436,166,325,321,835,1014,1134,12,8,7,30,15,11,64,44,38,151,76,59,261,250,244,296,293,292
I7211,4610,3041,-2232,4717,3989,3979,4431,4469,4481,3038,2904,2830,2844,2820,2810,-2613,-2482,-2374,-2613,-2482,-2374,107,-620,-630,-178,-140,-128,-2,-136,-210,-196,-220,-230,107,635,664,265,261,264,20,46,40,14,13,12,101,231,203,70,65,60,91,257,251,222,212,209
TIT021,6810,2075,-2248,6603,6617,6669,6705,6747,6783,1984,1960,1842,2084,2098,2118,-2629,-2498,-2390,-2629,-2498,-2390,-206,-192,-140,-104,-62,-26,-90,-114,-232,9,23,43,225,224,271,105,66,50,11,16,32,5,5,3,56,81,161,29,27,15,246,239,211,275,290,328
I0059,4383,3190,-2246,4793,4183,3809,4043,3807,3685,3180,3134,3048,3170,3250,3324,-2627,-2496,-2388,-2627,-2496,-2388,410,-199,-573,-339,-575,-697,-9,-55,-141,-19,60,134,410,207,591,340,579,710,16,31,29,29,24,18,80,159,145,147,124,91,91,254,256,266,275,280
I4945,4639,3010,-2221,4647,4613,4815,4877,4931,4919,2810,2778,2784,2866,2790,2768,-2602,-2471,-2363,-2602,-2471,-2363,8,-25,176,238,292,280,-200,-232,-226,-144,-220,-242,200,233,286,278,365,370,5,12,17,9,8,4,27,60,88,45,43,24,177,186,142,121,126,130
I1391_published,4119,2764,-2230,4613,4355,4327,4815,4843,4765,2940,2826,2790,3060,2988,2914,-2611,-2480,-2372,-2611,-2480,-2372,494,236,208,696,724,646,176,62,26,296,224,150,525,244,210,756,758,663,63,56,25,6,11,8,318,282,129,32,58,43,70,75,82,66,72,76
I16169,4178,1949,-2233,4089,4179,4193,4061,4189,4211,2294,1958,1940,2186,1980,1958,-2614,-2483,-2375,-2614,-2483,-2375,-88,1,15,-116,11,33,345,9,-8,237,31,9,356,9,17,264,33,34,36,20,1,31,13,4,181,101,9,156,65,22,345,8,119,333,20,74
HOP002,4626,3005,-2220,4569,4607,4847,4751,4973,4485,2886,2870,2876,2934,2924,2778,-2601,-2470,-2362,-2601,-2470,-2362,-57,-19,220,124,346,-141,-118,-134,-128,-70,-80,-226,131,136,255,143,356,267,9,11,28,43,14,26,48,57,140,215,74,130,205,188,120,119,103,211
ISC001,4196,1952,-2236,4101,4097,4191,3777,4183,4191,2446,2168,1898,2016,1892,1906,-2617,-2486,-2378,-2617,-2486,-2378,-94,-98,-4,-418,-12,-4,493,215,-54,63,-60,-46,502,237,54,423,61,46,11,29,4,80,12,4,59,147,24,402,62,21,349,335,185,278,192,186
MIB083,4734,3002,-2232,4633,4631,4633,5351,4597,4583,3060,3032,3026,3688,3194,3218,-2613,-2482,-2374,-2613,-2482,-2374,-100,-102,-100,617,-136,-150,57,29,23,685,191,215,116,107,103,922,235,263,7,12,14,155,10,9,38,63,72,776,54,48,299,286,283,41,324,325
I3600,4506,2866,-2231,4589,4575,4805,4387,4187,4037,2990,2966,2990,2928,2976,3068,-2612,-2481,-2373,-2612,-2481,-2373,83,69,299,-118,-318,-468,124,100,124,62,110,202,149,121,323,134,337,510,7,18,42,12,63,88,36,93,214,60,319,441,33,34,67,297,289,293
I3601,4506,2866,-2205,4681,4575,4673,4329,4019,3921,2984,2932,2952,2954,3112,3164,-2586,-2455,-2347,-2586,-2455,-2347,175,69,167,-176,-486,-584,118,66,86,88,246,298,211,95,187,197,545,656,8,14,33,43,81,81,44,70,165,217,406,405,56,46,62,296,296,297
I3602_published,4506,2866,-2230,4681,4717,4661,4299,4349,4295,3132,3124,3120,3414,3392,3314,-2611,-2480,-2372,-2611,-2480,-2372,175,211,155,-206,-156,-210,266,258,254,548,526,448,318,333,297,585,548,495,7,8,9,13,11,18,35,43,48,65,58,93,33,39,31,339,343,334
I3588,4506,2866,-2224,4613,4521,4775,4369,4347,4351,2832,2784,2804,2816,2780,2768,-2605,-2474,-2366,-2605,-2474,-2366,107,15,269,-136,-158,-154,-33,-81,-61,-49,-85,-97,112,83,276,145,180,183,18,10,29,13,9,5,92,50,145,66,49,27,107,169,102,249,241,237
I3589,4506,2866,-2232,4575,4519,4893,4729,4767,4739,2904,2870,2910,2996,2960,2934,-2613,-2482,-2374,-2613,-2482,-2374,69,13,387,223,261,233,38,4,44,130,94,68,78,13,389,258,277,242,10,22,44,5,10,12,50,113,221,25,52,63,61,72,83,59,70,73
I3594,4506,2866,-2221,4501,4441,4419,4791,4739,4647,2628,2600,2582,2558,2556,2576,-2602,-2471,-2363,-2602,-2471,-2363,-4,-64,-86,285,233,141,-237,-265,-283,-307,-309,-289,238,273,296,419,387,322,9,7,6,9,13,7,47,35,32,47,69,37,181,193,197,137,143,154
I5755,4116,2572,-2253,4557,4367,4367,4121,4027,4013,2948,2848,2818,2988,2980,2940,-2634,-2503,-2395,-2634,-2503,-2395,441,251,251,5,-88,-102,376,276,246,416,408,368,579,373,351,416,417,382,65,61,63,57,69,72,325,307,319,289,346,360,49,42,45,0,347,344
I5759,4116,2572,-2229,4395,4281,4319,4869,4891,4881,2800,2728,2706,2818,2750,2722,-2610,-2479,-2371,-2610,-2479,-2371,279,165,203,753,775,765,228,156,134,246,178,150,360,227,243,792,795,779,46,11,27,9,8,9,231,59,139,47,40,47,50,46,56,71,77,78
PMI002,4645,3014,-2218,4659,4097,4091,3999,3629,3629,3008,2790,2762,2928,3052,2978,-2599,-2468,-2360,-2599,-2468,-2360,14,-547,-553,-645,-1015,-1015,-6,-224,-252,-86,37,-36,16,591,608,651,1015,1015,24,7,25,53,56,57,121,39,127,266,282,288,113,247,245,262,272,267
I4885,4639,3010,-2209,4723,4735,4827,4977,5003,4959,2760,2740,2740,2744,2680,2674,-2590,-2459,-2351,-2590,-2459,-2351,84,96,188,338,364,320,-250,-270,-270,-266,-330,-336,263,286,329,430,491,464,12,16,21,14,7,7,63,83,109,73,37,36,161,160,145,128,132,136
SUA005,4255,1864,-2225,3227,3209,3137,3157,3271,3313,1852,1884,1896,2112,2074,2026,-2606,-2475,-2367,-2606,-2475,-2367,-1027,-1045,-1117,-1097,-983,-941,-11,20,32,248,210,162,1027,1045,1117,1125,1005,955,40,38,5,26,23,14,204,194,28,130,115,74,269,271,271,282,282,279
I6582,4899,3029,-2225,4401,4345,4347,4091,3951,3947,2790,2730,2712,2794,2730,2610,-2606,-2475,-2367,-2606,-2475,-2367,-497,-553,-551,-807,-947,-951,-238,-298,-316,-234,-298,-418,551,629,636,840,993,1039,40,21,10,46,34,17,201,105,52,231,174,88,244,241,240,253,252,246
PIR3116B.SG,3769,2263,-2198,4249,3885,3943,3623,3469,3453,2988,2882,2742,3226,3340,3574,-2579,-2448,-2340,-2579,-2448,-2340,480,116,174,-145,-299,-315,725,619,479,963,1077,1311,869,630,510,974,1118,1349,77,37,30,18,20,33,387,187,150,93,102,167,33,10,19,351,344,346
HUGO_168,4387,2802,-2203,4735,4731,4633,4315,4175,3927,3076,3032,3012,2948,2948,3028,-2584,-2453,-2345,-2584,-2453,-2345,348,344,246,-71,-211,-459,274,230,210,146,146,226,443,414,323,163,257,512,8,16,12,9,46,73,40,80,60,45,234,365,51,56,49,333,304,296
KO1004,4691,3003,-2189,4717,4703,4579,4753,4865,4981,3080,3052,3030,3104,3070,3006,-2570,-2439,-2331,-2570,-2439,-2331,26,12,-111,62,174,290,77,49,27,101,67,3,81,50,114,119,187,290,5,7,9,5,16,13,25,37,49,25,81,69,19,14,283,31,68,89
I4896,4633,3002,-2224,4599,4515,4733,4499,4319,4453,2878,2830,2844,2932,2982,2924,-2605,-2474,-2366,-2605,-2474,-2366,-33,-117,100,-133,-313,-179,-123,-171,-157,-69,-19,-77,128,208,187,150,314,195,12,14,16,32,70,50,63,72,80,164,350,253,195,214,147,242,266,246
I0244,6845,4124,-2206,6837,6823,6837,6993,6959,6899,3246,3260,3378,3816,3790,3740,-2587,-2456,-2348,-2587,-2456,-2348,-7,-21,-7,148,114,54,-877,-863,-745,-307,-333,-383,877,864,745,341,352,387,14,31,49,17,18,10,72,158,249,86,93,50,180,181,180,154,161,171
I4246_published,3176,2029,-2232,5435,5529,5697,6647,6627,6621,2326,2158,1920,1256,1214,1186,-2613,-2482,-2374,-2613,-2482,-2374,2259,2353,2521,3471,3451,3445,297,129,-108,-772,-814,-842,2278,2356,2523,3556,3545,3546,75,61,46,8,6,6,376,305,230,40,34,31,82,86,92,102,103,103
KO1003,4691,3003,-2198,4543,4425,4535,4231,3851,3913,2882,2830,2852,2946,3176,3142,-2579,-2448,-2340,-2579,-2448,-2340,-147,-265,-155,-459,-839,-777,-120,-172,-150,-56,173,139,190,316,216,462,856,789,27,18,16,55,76,85,137,90,80,276,384,425,230,236,225,262,281,280
I4229,2659,1950,-2215,3935,3737,3479,3807,3735,3621,2496,2284,2146,2430,2224,2046,-2596,-2465,-2357,-2596,-2465,-2357,1276,1078,820,1148,1076,962,545,333,195,479,273,95,1387,1128,843,1244,1110,966,25,50,59,31,23,36,128,252,298,157,115,183,66,72,76,67,75,84
I6579,4815,3127,-2210,4751,4739,4769,4967,4939,4947,3406,3526,3576,3574,3578,3558,-2591,-2460,-2352,-2591,-2460,-2352,-64,-76,-46,151,123,131,279,399,449,447,451,431,286,406,451,472,468,451,15,23,28,19,20,17,77,118,140,95,102,86,347,349,354,18,15,16
I5514,4633,3002,-2213,4773,4823,4583,4187,3913,3621,3126,3092,3044,3004,3110,3216,-2594,-2463,-2355,-2594,-2463,-2355,140,190,-49,-445,-719,-1011,124,90,42,2,108,214,187,210,65,445,727,1034,7,11,59,43,59,12,39,59,296,216,299,60,48,64,310,270,278,281
RISE577.SG,4628,3014,-2180,4829,4737,4795,4227,4283,4261,2970,2942,2940,3082,2994,2986,-2561,-2430,-2322,-2561,-2430,-2322,201,109,167,-400,-344,-366,-43,-71,-73,68,-19,-27,205,130,182,406,345,368,77,28,23,83,69,67,389,144,117,418,348,337,102,123,113,279,266,265
I6468,4629,3015,-2193,4419,4399,4341,3865,3711,3597,2874,2822,2792,3462,3480,3524,-2574,-2443,-2335,-2574,-2443,-2335,-209,-229,-287,-763,-917,-1031,-140,-192,-222,447,465,509,252,299,363,884,1028,1150,31,23,16,34,32,25,159,117,83,174,163,129,236,229,232,300,296,296
I6480,4629,3015,-2218,4779,4737,4839,4467,4455,4467,2988,2940,2934,2964,2932,2936,-2599,-2468,-2360,-2599,-2468,-2360,150,108,210,-161,-173,-161,-26,-74,-80,-50,-82,-78,152,131,225,169,192,179,76,32,31,10,10,8,380,162,155,50,54,42,99,124,110,252,244,244
I6775,3411,3193,-2195,4695,4657,4669,3969,3837,3725,3024,3008,3012,3186,3256,3306,-2576,-2445,-2337,-2576,-2445,-2337,1284,1246,1258,558,426,314,-169,-185,-181,-7,62,112,1295,1260,1271,558,431,334,64,13,18,60,53,31,323,69,93,302,266,158,97,98,98,90,81,70
I6778,3498,3181,-2201,4845,4803,4845,4717,4695,4801,3058,2998,2970,3024,3014,3010,-2582,-2451,-2343,-2582,-2451,-2343,1347,1305,1347,1219,1197,1303,-123,-183,-211,-157,-167,-171,1352,1318,1363,1229,1208,1314,103,53,49,81,31,28,518,268,249,409,158,144,95,97,98,97,97,97
R27.SG,4188,1969,-2144,4465,4453,4465,4053,4109,4157,2338,2248,2272,2252,2110,2074,-2525,-2394,-2286,-2525,-2394,-2286,276,264,276,-135,-79,-31,369,279,303,283,141,105,461,384,410,313,161,109,89,83,81,108,93,81,445,418,407,542,468,405,36,43,42,334,330,343
R29.SG,4188,1969,-2271,4419,4405,4397,3939,3941,4001,2236,2324,2296,2248,2258,2196,-2652,-2521,-2413,-2652,-2521,-2413,230,216,208,-249,-247,-187,267,355,327,279,289,227,353,416,388,374,380,294,87,83,85,96,113,105,439,417,429,480,565,528,40,31,32,318,319,320
VLI024,4637,3037,-2210,4645,4735,5021,4527,4457,4415,2850,2832,2834,2804,2774,2768,-2591,-2460,-2352,-2591,-2460,-2352,8,98,384,-109,-179,-221,-187,-205,-203,-233,-263,-269,187,227,435,257,318,348,24,32,21,9,9,4,121,161,105,49,46,23,177,154,117,205,214,219
VLI025,4637,3037,-2207,4351,4287,4317,5235,5177,5157,2782,2728,2714,2814,2670,2622,-2588,-2457,-2349,-2588,-2457,-2349,-285,-349,-319,598,540,520,-255,-309,-323,-223,-367,-415,382,466,454,638,653,665,11,8,8,26,8,7,59,41,42,132,44,39,228,228,224,110,124,128
VLI026,4637,3037,-2178,4561,4751,4985,4743,5181,5169,2970,2990,2986,2982,2988,2930,-2559,-2428,-2320,-2559,-2428,-2320,-75,114,348,106,544,532,-67,-47,-51,-55,-49,-107,100,124,352,120,546,543,5,31,19,50,34,7,26,159,96,252,171,37,228,112,98,117,95,101
VLI028,4637,3037,-2209,4543,4503,4735,3867,3649,3651,2856,2824,2844,3202,3394,3488,-2590,-2459,-2351,-2590,-2459,-2351,-93,-133,98,-769,-987,-985,-181,-213,-193,164,356,450,203,251,216,786,1049,1083,14,8,13,57,30,42,73,43,66,289,154,211,207,212,152,282,289,294
VLI029,4637,3037,-2195,4649,4639,4563,4837,4581,4589,3136,3136,3144,3394,3284,3282,-2576,-2445,-2337,-2576,-2445,-2337,12,2,-73,200,-55,-47,98,98,106,356,246,244,99,98,129,409,252,249,4,5,11,119,7,5,24,25,59,595,35,29,7,1,325,29,347,349
VLI030,4637,3037,-2197,4767,4499,4403,3805,3669,3611,3054,2910,2876,3256,3330,3404,-2578,-2447,-2339,-2578,-2447,-2339,130,-137,-233,-831,-967,-1025,16,-127,-161,218,292,366,131,187,283,859,1010,1088,23,29,33,23,12,9,119,149,166,118,64,45,82,227,235,284,286,289
RISE386.SG,7163,4190,-2190,5489,5259,5199,5233,5235,5231,3858,3496,3128,3352,3154,3002,-2571,-2440,-2332,-2571,-2440,-2332,-1673,-1903,-1963,-1929,-1927,-1931,-332,-694,-1062,-838,-1036,-1188,1705,2025,2232,2103,2188,2267,152,125,49,32,11,10,762,626,245,161,55,53,258,249,241,246,241,238
I0113,4399,3187,-2210,4559,4283,4233,3807,3555,3589,2950,2826,2782,3084,3252,3236,-2591,-2460,-2352,-2591,-2460,-2352,160,-115,-165,-591,-843,-809,-236,-360,-404,-102,65,49,285,378,437,600,846,811,16,11,8,49,40,43,81,57,44,246,201,216,145,197,202,260,274,273
PJU002,4200,1886,-2191,4083,4149,4197,3989,4149,4191,2212,1922,1924,2226,2014,1930,-2572,-2441,-2333,-2572,-2441,-2333,-117,-51,-3,-211,-51,-9,325,35,37,339,127,43,346,62,37,399,137,44,45,42,3,43,34,4,225,214,19,217,174,21,340,304,355,328,338,348
SUC005,4189,1969,-2208,4065,4113,4191,4197,4257,4273,2408,2054,1898,2414,2330,2228,-2589,-2458,-2350,-2589,-2458,-2350,-123,-75,2,8,68,84,439,85,-70,445,361,259,456,113,70,445,367,272,12,27,4,8,7,17,62,135,24,43,39,86,344,318,177,1,10,18
I6583,4813,3117,-2172,4749,3967,3695,4151,3811,3623,3202,3086,3078,3030,3168,3292,-2553,-2422,-2314,-2553,-2422,-2314,-63,-845,-1117,-661,-1001,-1189,84,-31,-39,-87,50,174,105,846,1118,667,1002,1202,63,79,43,58,51,11,318,396,217,293,258,55,323,267,267,262,272,278
I0246,6909,4074,-2156,6435,6413,6623,5647,6059,6473,3902,3744,3918,3734,3828,3960,-2537,-2406,-2298,-2537,-2406,-2298,-473,-495,-285,-1261,-849,-435,-171,-329,-155,-339,-245,-113,503,595,325,1306,884,450,135,145,128,84,138,138,678,726,641,424,693,694,250,236,241,254,253,255
I6537,4906,3032,-2190,4755,4639,4603,4427,4407,4381,3006,2940,2940,2920,2902,2906,-2571,-2440,-2332,-2571,-2440,-2332,-151,-267,-303,-479,-499,-525,-25,-91,-91,-111,-129,-125,153,282,316,491,515,539,13,28,17,16,19,14,69,143,87,82,95,72,260,250,253,256,255,256
MIL002.SG,6067,4127,-2157,4843,5117,5237,4543,4539,5535,3632,3430,3186,3340,3274,3490,-2538,-2407,-2299,-2538,-2407,-2299,-1224,-950,-830,-1524,-1528,-532,-495,-697,-941,-787,-853,-637,1320,1178,1254,1715,1750,830,123,79,10,108,62,70,619,398,52,544,313,353,247,233,221,242,240,219
I4889,4639,3010,-2188,4541,4727,5017,4399,4357,4337,2880,2888,2894,2850,2822,2818,-2569,-2438,-2330,-2569,-2438,-2330,-97,88,378,-239,-281,-301,-130,-122,-116,-160,-188,-192,162,150,395,288,338,357,9,28,16,14,12,4,45,140,82,70,62,20,216,144,107,236,236,237
I4891,4639,3010,-2176,4371,4061,4075,4987,4719,4529,2876,2762,2722,3020,2848,2782,-2557,-2426,-2318,-2557,-2426,-2318,-267,-577,-563,348,80,-109,-134,-248,-288,9,-162,-228,299,628,633,348,180,253,17,23,25,16,18,27,87,119,125,84,92,137,243,246,242,88,153,205
RISE431.SG,4767,3245,-2162,4529,4609,4937,4049,3845,3827,3030,3038,3056,2930,2910,2840,-2543,-2412,-2304,-2543,-2412,-2304,-238,-158,169,-718,-922,-940,-215,-207,-189,-315,-335,-405,321,260,254,784,981,1023,7,8,7,42,42,34,36,41,37,213,211,171,227,217,138,246,250,246
I2453,3623,3334,-2185,4795,4585,4401,4323,4077,4007,3174,3136,3096,2948,2988,3006,-2566,-2435,-2327,-2566,-2435,-2327,1172,962,778,700,454,384,-159,-197,-237,-385,-345,-327,1183,982,813,799,570,505,10,81,79,30,54,57,54,406,399,151,273,286,97,101,106,118,127,130
I6774,3610,3132,-2170,4541,4501,4729,4363,4419,4217,3110,3126,3134,3042,3062,3078,-2551,-2420,-2312,-2551,-2420,-2312,930,890,1118,752,808,606,-22,-6,1,-90,-70,-54,931,890,1118,758,811,609,8,27,60,13,65,47,40,139,303,65,329,236,91,90,89,96,94,95
I3123,4628,1654,-2163,4539,4535,4597,4669,4611,4595,2426,2098,1690,2122,1750,1668,-2544,-2413,-2305,-2544,-2413,-2305,-89,-93,-31,40,-17,-33,771,443,35,467,95,13,777,453,47,469,97,35,31,76,29,32,28,0,156,383,149,162,140,4,353,348,319,4,349,292
EHU001,3214,2245,-2147,3961,3873,3987,3597,3517,3573,2856,2856,2638,3306,3526,3716,-2528,-2397,-2289,-2528,-2397,-2289,747,659,773,383,303,359,611,611,393,1061,1281,1471,965,899,867,1128,1316,1514,9,24,9,11,26,27,49,121,49,56,134,135,50,47,63,19,13,13
KO7003,4694,3001,-2165,4737,4725,4655,5131,5083,5141,3154,3140,3122,3372,3620,3392,-2546,-2415,-2307,-2546,-2415,-2307,42,30,-39,436,388,446,152,138,120,370,618,390,158,142,126,573,730,593,5,6,6,21,61,60,25,31,30,105,309,303,15,12,342,49,32,48
I0171,4383,3190,-2178,4531,4533,4935,4259,3927,3925,3120,3100,3102,3318,3260,3322,-2559,-2428,-2320,-2559,-2428,-2320,148,150,552,-123,-455,-457,-69,-89,-87,128,70,132,163,174,559,178,461,476,71,48,56,78,29,28,357,240,282,391,145,140,115,120,99,315,278,286
I11442,4628,1654,-2184,4625,4591,4603,4623,4581,4595,2386,1908,1694,2260,1752,1692,-2565,-2434,-2326,-2565,-2434,-2326,-3,-37,-25,-5,-47,-33,731,253,39,605,97,37,731,256,47,605,108,50,26,69,29,45,45,27,132,348,146,226,227,137,359,351,327,359,334,318
I2568,3547,3718,-2158,4035,3769,3845,3797,3595,3541,3018,2872,2684,3260,3358,3464,-2539,-2408,-2300,-2539,-2408,-2300,487,221,297,249,47,-6,-700,-846,-1034,-458,-360,-254,853,874,1076,522,363,254,56,44,27,55,15,16,283,224,137,278,75,83,145,165,163,151,172,181
I6531,4906,3045,-2167,4599,4597,4817,5107,5155,5191,3212,3220,3220,3670,3446,3300,-2548,-2417,-2309,-2548,-2417,-2309,-306,-308,-88,201,249,285,166,174,174,624,400,254,348,354,195,656,472,382,6,13,21,57,52,102,31,69,108,289,262,510,298,299,333,17,31,48
I4895,4633,3002,-2149,4657,4001,4067,4167,3767,3953,3082,2950,2894,2970,3198,3120,-2530,-2399,-2291,-2530,-2399,-2291,24,-631,-565,-465,-865,-679,80,-51,-107,-31,196,118,83,633,575,466,887,689,46,56,49,64,66,82,232,280,245,320,334,412,16,265,259,266,282,279
HUGO_190,4387,2802,-2178,4787,4179,3883,4269,3927,3657,3146,3100,3058,2998,3064,3186,-2559,-2428,-2320,-2559,-2428,-2320,400,-207,-503,-117,-459,-729,344,298,256,196,262,384,528,363,565,229,529,824,14,43,63,37,61,45,74,216,315,185,306,227,49,325,296,329,299,297
PMI006,4645,3014,-2143,4773,4711,4425,4579,4567,4703,3250,3274,3238,3118,3154,3160,-2524,-2393,-2285,-2524,-2393,-2285,128,66,-219,-65,-77,58,235,259,223,103,139,145,268,268,313,122,159,157,9,32,66,3,8,13,48,162,334,17,41,65,28,14,315,327,331,21
RA64,4192,2720,-2141,4763,4601,4583,3833,3671,3605,2974,2902,2914,3246,3330,3430,-2522,-2391,-2283,-2522,-2391,-2283,571,409,391,-358,-520,-586,253,181,193,525,609,709,625,447,436,636,801,920,36,33,14,34,30,12,184,165,74,170,150,60,66,66,63,325,319,320
PMI001,4645,3014,-2130,4701,4593,4667,4713,4755,4665,3014,2984,3006,3026,3000,2976,-2511,-2380,-2272,-2511,-2380,-2272,56,-51,22,68,110,20,0,-30,-8,11,-14,-38,56,59,24,69,111,43,6,10,13,28,25,27,32,52,66,140,128,137,90,239,110,80,97,151
I0117,4437,3146,-2129,4523,4053,4153,4225,4195,4203,3066,3044,2946,2862,2830,2820,-2510,-2379,-2271,-2510,-2379,-2271,86,-383,-283,-211,-241,-233,-80,-102,-200,-284,-316,-326,117,397,347,354,398,401,31,49,48,8,8,6,159,247,242,40,42,30,133,255,234,216,217,215
I5042,4836,2878,-2143,4577,4105,3897,5011,4879,4861,3376,3222,2928,3816,4076,4030,-2524,-2393,-2285,-2524,-2393,-2285,-258,-730,-938,175,43,25,497,343,49,937,1197,1151,560,807,939,954,1198,1151,68,62,36,68,32,75,340,312,181,342,164,378,332,295,273,10,2,1
I6542_published,3176,2029,-2069,3259,3195,3279,3241,3211,3205,2078,2008,1988,2064,2032,1990,-2450,-2319,-2211,-2450,-2319,-2211,83,19,103,65,35,29,49,-20,-40,35,3,-38,96,28,110,74,35,48,57,37,61,12,10,8,285,185,306,61,53,44,59,137,111,61,84,142
I6543,3176,2029,-2099,3355,3507,3751,3371,3389,3469,2002,1956,1896,2052,1974,1952,-2480,-2349,-2241,-2480,-2349,-2241,179,331,575,195,213,293,-26,-72,-132,23,-54,-76,181,338,590,196,219,302,64,81,89,21,50,61,320,409,448,109,252,308,98,102,102,83,104,104
I6612,3176,2029,-2206,4133,4155,4179,3391,3371,3479,2262,2106,2006,1948,1952,1964,-2587,-2456,-2348,-2587,-2456,-2348,957,979,1003,215,195,303,233,77,-22,-80,-76,-64,985,982,1003,229,209,309,16,16,15,83,76,79,80,84,79,416,384,395,76,85,91,110,111,102
I6623,3176,2029,-2235,4267,4055,3863,3853,3715,3625,2842,2710,2614,2816,2814,2788,-2616,-2485,-2377,-2616,-2485,-2377,1091,879,687,677,539,449,813,681,585,787,785,759,1360,1112,902,1038,952,882,130,122,92,66,62,64,651,612,464,334,313,322,53,52,49,40,34,30
I6609,3176,2029,-2169,3373,3395,3371,3865,3761,4015,2014,1974,1948,2110,1990,2002,-2550,-2419,-2311,-2550,-2419,-2311,197,219,195,689,585,839,-14,-54,-80,81,-38,-26,197,225,211,693,586,839,44,64,70,66,75,48,224,322,354,333,378,244,94,103,112,83,93,91
I6622,3176,2029,-2199,3523,3473,3391,3789,3865,3929,2162,2080,1998,2048,1964,1902,-2580,-2449,-2341,-2580,-2449,-2341,347,297,215,613,689,753,133,51,-30,19,-64,-126,371,301,217,613,692,763,89,87,79,41,50,52,449,435,395,206,252,263,68,80,98,88,95,99
I4886,4639,3010,-2117,4521,4685,4755,4729,4539,4533,2784,2784,2802,2802,2744,2756,-2498,-2367,-2259,-2498,-2367,-2259,-117,46,116,90,-99,-105,-226,-226,-208,-208,-266,-254,254,230,238,226,284,275,10,12,10,17,16,15,52,61,54,88,82,75,207,168,150,156,200,202
RISE566.SG,4625,3009,-2127,4695,4607,4743,4855,4923,4945,3022,3010,3012,2956,2902,2876,-2508,-2377,-2269,-2508,-2377,-2269,70,-17,118,230,298,320,13,1,3,-52,-106,-132,71,17,118,236,317,346,6,12,16,10,12,7,30,64,80,54,61,35,79,273,88,102,109,112
I2443,3544,3247,-2163,4773,4757,4627,4145,4039,3843,3146,3116,3106,3230,3260,3294,-2544,-2413,-2305,-2544,-2413,-2305,1229,1213,1083,601,495,299,-101,-131,-141,-17,12,46,1233,1220,1092,601,495,303,12,14,46,58,67,53,61,71,233,294,338,266,94,96,97,91,88,81
BNL005,4652,3017,-2141,4669,4591,4655,4753,5113,5107,3080,3070,3076,3126,3108,2974,-2522,-2391,-2283,-2522,-2391,-2283,17,-60,3,101,461,455,63,53,59,109,91,-42,65,80,59,148,470,457,3,10,12,98,85,20,19,52,61,491,427,103,15,311,3,42,78,95
MX193,4185,2684,-2154,3305,3213,3145,2963,2903,2957,2034,1974,1954,2024,1996,1982,-2535,-2404,-2296,-2535,-2404,-2296,-879,-971,-1039,-1221,-1281,-1227,-649,-709,-729,-659,-687,-701,1093,1203,1270,1388,1454,1414,19,25,22,51,48,44,95,127,113,257,243,220,233,233,234,241,241,240
RISE98.SG,4539,3591,-2139,4813,4347,4117,4807,4783,4647,3322,3380,3148,3282,3308,3336,-2520,-2389,-2281,-2520,-2389,-2281,274,-191,-421,268,244,108,-268,-210,-442,-308,-282,-254,384,284,611,409,373,277,26,80,76,7,22,34,134,402,383,38,113,172,134,222,223,138,139,156
I2597,3501,3183,-2145,4685,3993,3983,4601,4581,4515,3140,3106,3060,3254,3308,3296,-2526,-2395,-2287,-2526,-2395,-2287,1184,492,482,1100,1080,1014,-43,-77,-123,70,124,112,1184,498,497,1102,1087,1020,79,110,88,29,14,14,396,552,444,148,73,73,92,98,104,86,83,83
I2566,3501,3183,-2119,4505,3789,3853,4243,3659,3521,3282,3074,2942,3072,3130,3190,-2500,-2369,-2261,-2500,-2369,-2261,1004,288,352,742,158,20,98,-109,-241,-111,-53,6,1009,308,426,750,166,21,91,72,59,87,40,9,458,364,295,438,203,49,84,110,124,98,108,71
SUA002,4255,1864,-2143,3721,4019,4193,4195,4273,4241,2008,1892,1904,2320,2214,2122,-2524,-2393,-2285,-2524,-2393,-2285,-533,-235,-61,-59,18,-13,144,28,40,456,350,258,552,237,73,459,350,258,91,79,3,32,18,10,456,397,15,164,94,51,285,276,303,352,3,357
I7210,4610,3041,-2128,4121,3999,4045,4107,4133,4223,2934,2816,2746,3010,2974,2938,-2509,-2378,-2270,-2509,-2378,-2270,-488,-610,-564,-502,-476,-386,-106,-224,-294,-30,-66,-102,500,650,636,503,481,399,43,32,25,64,66,63,219,160,125,323,334,317,257,249,242,266,262,255
I5665,3190,2284,-2132,3887,3765,3593,3947,3993,3629,2562,2382,2272,2536,2430,2318,-2513,-2382,-2274,-2513,-2382,-2274,697,575,403,757,803,439,278,98,-11,252,146,34,750,583,403,797,816,440,22,27,45,6,10,41,112,137,226,32,50,205,68,80,91,71,79,85
I2604,3529,3177,-2128,4733,4725,4631,4861,5087,5095,3106,3060,3058,3068,3032,2956,-2509,-2378,-2270,-2509,-2378,-2270,1204,1196,1102,1332,1558,1566,-70,-116,-118,-108,-144,-220,1206,1201,1108,1336,1564,1581,49,17,9,40,18,9,245,85,45,204,92,46,93,95,96,94,95,98
I3122,4628,1654,-2099,4457,4407,4479,4555,4571,4591,2344,2312,2040,2300,2292,2262,-2480,-2349,-2241,-2480,-2349,-2241,-171,-221,-149,-73,-57,-37,689,657,385,645,637,607,710,694,413,650,640,609,7,6,63,11,7,24,36,32,317,55,35,123,346,341,338,353,354,356
BNL006,4652,3017,-2127,4763,4741,4625,4951,5067,5097,3226,3224,3212,3202,3052,2960,-2508,-2377,-2269,-2508,-2377,-2269,111,89,-26,299,415,445,209,207,195,185,35,-56,236,225,197,351,416,448,6,7,45,27,19,12,33,36,227,139,95,62,27,23,352,58,85,97
I2445,3544,3247,-2124,4177,3911,3915,3765,3631,3575,3106,2954,2876,3222,3298,3406,-2505,-2374,-2266,-2505,-2374,-2266,633,367,371,221,87,31,-141,-293,-371,-25,50,158,649,470,525,223,101,161,103,68,51,40,18,19,518,340,259,200,92,95,102,128,134,96,60,11
I5382,3592,3547,-2107,4703,4607,4689,3809,3729,3669,3036,3016,3030,3254,3320,3376,-2488,-2357,-2249,-2488,-2357,-2249,1111,1015,1097,217,137,77,-511,-531,-517,-293,-227,-171,1223,1146,1213,365,265,188,7,14,29,19,14,12,38,74,149,97,72,63,114,117,115,143,148,155
I3484,3200,1816,-2123,4035,3951,3881,3513,3415,3237,2516,2380,2294,2906,2516,2370,-2504,-2373,-2265,-2504,-2373,-2265,835,751,681,313,215,37,700,564,478,1090,700,554,1090,939,832,1134,732,555,27,31,38,93,95,66,136,156,191,467,479,332,50,53,54,16,17,3
KNE006,4626,3009,-2107,4611,4559,4775,5045,5079,5059,3144,3162,3146,3768,3902,3778,-2488,-2357,-2249,-2488,-2357,-2249,-14,-66,149,419,453,433,134,152,136,758,892,768,135,166,203,867,1001,882,5,12,9,37,21,24,25,64,48,187,105,121,354,336,47,28,26,29
VLI058,4637,3037,-2133,4681,4597,4609,4655,4647,4691,3096,3078,3086,3182,3206,3202,-2514,-2383,-2275,-2514,-2383,-2275,44,-39,-27,18,10,54,58,40,48,144,168,164,73,56,55,145,169,173,6,7,11,4,8,9,32,37,56,23,40,48,37,316,330,7,3,18
I3874,4031,2380,-2102,4187,4125,4181,3603,3477,3747,2792,2720,2710,3218,3462,3288,-2483,-2352,-2244,-2483,-2352,-2244,156,94,150,-427,-553,-283,411,339,329,837,1081,907,440,352,362,940,1215,950,46,7,8,38,30,110,230,37,41,190,153,551,20,15,24,332,332,342
I3256,3646,3274,-2102,4565,4445,4555,3729,3595,3581,3040,2968,2992,3208,3336,3488,-2483,-2352,-2244,-2483,-2352,-2244,919,799,909,83,-50,-64,-234,-306,-282,-66,61,213,948,856,952,106,79,223,73,59,20,38,11,15,367,299,103,191,59,76,104,110,107,128,320,343
I2452,3545,3366,-2114,4805,4641,4597,3843,3679,3647,3068,3000,3022,3238,3326,3416,-2495,-2364,-2256,-2495,-2364,-2256,1260,1096,1052,298,134,102,-298,-366,-344,-128,-40,49,1295,1155,1107,324,140,113,9,25,14,50,13,5,47,129,71,253,69,27,103,108,108,113,106,64
I3485,3200,1816,-2068,3593,3365,3181,3209,3225,3231,2266,2106,2036,2212,2150,2104,-2449,-2318,-2210,-2449,-2318,-2210,393,165,-18,9,25,31,450,290,220,396,334,288,598,334,221,396,335,290,58,44,23,11,11,10,293,221,118,57,56,54,41,29,355,1,4,6
I5750,3990,3302,-2113,4801,4525,4481,4711,4565,4455,3126,3114,3106,3144,3140,3156,-2494,-2363,-2255,-2494,-2363,-2255,811,535,491,721,575,465,-176,-188,-196,-158,-162,-146,830,567,529,738,598,488,82,30,33,81,25,36,414,150,165,407,128,180,102,109,111,102,105,107
I6777,3498,3181,-2084,4603,4639,4805,4977,5053,4995,3056,3056,3056,3130,3084,3050,-2465,-2334,-2226,-2465,-2334,-2226,1105,1141,1307,1479,1555,1497,-125,-125,-125,-51,-97,-131,1112,1148,1313,1480,1558,1503,13,37,31,45,19,14,69,188,159,225,96,71,96,96,95,91,93,95
I8048,3081,1660,-2110,3869,3607,3383,3187,3179,3151,2402,2214,2146,1600,1594,1578,-2491,-2360,-2252,-2491,-2360,-2252,788,526,302,106,98,70,741,553,485,-60,-66,-82,1082,763,572,122,118,108,27,34,29,34,6,7,139,172,146,170,31,36,46,43,31,119,123,139
I2457,3501,3183,-2105,4423,3805,3951,4831,3763,3531,3254,3106,2896,3278,3006,2968,-2486,-2355,-2247,-2486,-2355,-2247,922,304,450,1330,262,30,70,-77,-287,94,-177,-215,924,313,533,1333,316,217,108,72,41,106,71,4,541,362,209,532,357,23,85,104,122,85,124,172
MX189,4185,2684,-2117,4761,4667,4619,4421,4283,4295,3074,3040,3052,2954,2930,2950,-2498,-2367,-2259,-2498,-2367,-2259,576,482,434,236,98,110,390,356,368,270,246,266,695,599,569,359,265,288,10,15,14,25,15,11,51,79,70,128,79,59,55,53,49,41,21,22
MX288,4236,2739,-2100,3875,3865,3887,3787,3977,4055,2840,2744,2580,3020,2750,2634,-2481,-2350,-2242,-2481,-2350,-2242,-360,-370,-348,-448,-258,-180,100,4,-159,280,10,-105,374,370,383,529,258,209,40,44,11,85,49,8,202,222,58,425,249,44,285,270,245,302,272,239
PDA002,4641,3014,-2128,4637,4537,4655,4609,4759,5033,3122,3126,3124,3068,3040,3038,-2509,-2378,-2270,-2509,-2378,-2270,-4,-104,13,-32,117,391,108,112,110,54,26,24,108,153,111,63,120,392,3,12,10,67,34,12,19,64,54,337,174,61,357,317,7,329,77,86
I14676_published,4201,1966,-2111,3967,4105,4197,4149,4197,4237,1988,1914,1902,2300,2182,2110,-2492,-2361,-2253,-2492,-2361,-2253,-233,-95,-3,-51,-3,36,21,-52,-64,333,215,143,234,109,64,337,215,148,76,57,4,36,42,11,384,288,24,180,213,57,275,241,183,351,359,14
MIS005,4734,3002,-2116,4603,3857,4023,5001,3913,3495,3084,3122,3026,3170,2974,2906,-2497,-2366,-2258,-2497,-2366,-2258,-130,-876,-710,267,-820,-1238,81,119,23,167,-28,-96,154,885,711,315,821,1242,63,89,80,30,64,26,318,449,404,151,324,131,301,277,271,57,268,265
I1767,3592,3547,-2095,4099,4033,4145,3545,3435,3497,2832,2818,2738,3188,3262,3276,-2476,-2345,-2237,-2476,-2345,-2237,507,441,553,-46,-156,-94,-715,-729,-809,-359,-285,-271,877,852,980,362,325,287,34,44,3,6,26,65,170,221,16,34,133,327,144,148,145,187,208,199
I2454,3643,3294,-2104,4703,4611,4625,3911,3745,3701,3136,3126,3136,3172,3268,3314,-2485,-2354,-2246,-2485,-2354,-2246,1059,967,981,267,101,57,-157,-167,-157,-121,-25,20,1071,982,994,294,105,61,7,15,34,44,15,5,36,79,171,224,79,25,98,99,99,114,104,70
I7199,4633,3002,-2079,4699,4641,4745,4953,4917,4955,3180,3176,3170,3284,3208,3108,-2460,-2329,-2221,-2460,-2329,-2221,66,8,112,320,284,322,178,174,168,282,206,106,190,174,202,426,351,339,6,7,6,23,9,10,33,37,33,115,48,52,20,2,33,48,54,71
RISE71.SG,4323,3730,-2078,4559,4909,5029,4353,4347,4333,2988,3024,2996,2878,2852,2854,-2459,-2328,-2220,-2459,-2328,-2220,236,586,706,30,24,10,-741,-705,-733,-851,-877,-875,778,917,1018,852,878,875,16,23,6,3,4,4,81,119,33,16,23,23,162,140,136,177,178,179
MX251,4236,2739,-2095,4001,3951,4163,3821,3963,3983,2912,2890,2778,3016,2794,2724,-2476,-2345,-2237,-2476,-2345,-2237,-234,-284,-72,-414,-272,-252,172,150,38,276,54,-15,291,321,82,498,277,252,58,65,4,62,27,8,294,325,23,311,137,40,306,297,298,303,281,266
KNE002,4626,3009,-2087,4721,4603,4705,4633,4561,4417,3068,3062,3072,3154,3186,3172,-2468,-2337,-2229,-2468,-2337,-2229,95,-22,79,7,-64,-208,58,52,62,144,176,162,112,57,101,145,188,264,8,5,11,5,4,7,42,25,55,27,24,37,58,337,51,3,340,308
I4888,4639,3010,-2092,4217,4293,4389,4237,4251,4305,2784,2772,2798,2800,2768,2776,-2473,-2342,-2234,-2473,-2342,-2234,-421,-345,-249,-401,-387,-333,-226,-238,-212,-210,-242,-234,478,419,327,453,457,407,5,11,13,9,4,9,27,55,65,49,24,49,241,235,229,242,238,234
I7807,4731,1547,-2083,4777,4759,4687,4573,4597,4609,2088,1888,1686,1930,1710,1662,-2464,-2333,-2225,-2464,-2333,-2225,46,28,-43,-157,-133,-121,541,341,139,383,163,115,543,342,146,414,211,167,40,61,32,61,19,5,203,308,162,309,97,28,4,4,342,337,320,313
I11737,6942,3806,-2097,6849,6869,6903,6931,6905,6893,3320,3414,3550,3682,3658,3648,-2478,-2347,-2239,-2478,-2347,-2239,-92,-72,-38,-10,-36,-48,-485,-391,-255,-123,-147,-157,494,398,258,124,152,165,10,22,21,8,8,8,53,111,105,41,43,42,190,190,188,184,193,196
KBD002,6863,2871,-2082,6927,6893,6849,6823,6853,6837,2856,2858,2874,2782,2816,2858,-2463,-2332,-2224,-2463,-2332,-2224,64,30,-13,-39,-9,-25,-15,-13,2,-89,-55,-13,66,33,13,97,56,28,2,3,3,5,1,4,11,18,15,29,9,20,103,113,281,203,189,242
POST_12,4387,2798,-2083,4517,4955,5021,4271,4317,4179,3224,3258,3202,3124,3150,3188,-2464,-2333,-2225,-2464,-2333,-2225,130,568,634,-115,-69,-207,426,460,404,326,352,390,445,731,752,345,358,441,6,27,3,26,36,111,30,136,19,132,183,558,17,51,57,340,348,332
I5373,3544,3392,-2086,4713,4593,4657,3831,3591,3719,3102,3084,3114,3162,3350,3372,-2467,-2336,-2228,-2467,-2336,-2228,1169,1049,1113,287,47,175,-290,-308,-278,-230,-42,-20,1204,1093,1147,367,63,176,9,16,29,68,10,64,47,81,149,344,53,321,103,106,104,128,131,96
MIB084,4734,3002,-2087,4789,4651,4619,4953,4871,5045,3130,3084,3104,3278,3292,2994,-2468,-2337,-2229,-2468,-2337,-2229,55,-82,-114,219,137,311,127,81,101,275,289,-8,139,116,153,352,320,311,23,45,5,23,45,20,115,225,25,117,229,103,23,314,311,38,25,91
I7198,4633,3002,-2064,4589,4775,4941,4417,4237,4341,3212,3208,3182,3246,3192,3222,-2445,-2314,-2206,-2445,-2314,-2206,-43,142,308,-215,-395,-291,210,206,180,244,190,220,214,250,357,325,439,365,3,14,5,6,21,103,19,74,29,31,105,519,348,34,59,318,295,307
I7635,3592,3547,-2069,4491,4195,4341,3755,3601,3553,3082,3074,3060,3132,3224,3292,-2450,-2319,-2211,-2450,-2319,-2211,899,603,749,163,9,-38,-465,-473,-487,-415,-323,-255,1013,767,894,446,323,258,74,79,56,21,9,9,374,396,280,109,45,49,117,128,123,158,178,188
KBD001,6863,2871,-2088,6957,6931,6899,6869,6863,6865,2826,2822,2848,2762,2778,2820,-2469,-2338,-2230,-2469,-2338,-2230,94,68,36,6,0,2,-45,-49,-23,-109,-93,-51,104,84,43,109,93,51,3,2,4,3,3,3,18,14,21,19,18,17,115,125,122,176,179,177
PSS4170.SG,3848,2843,-2085,3911,3917,3895,3557,3919,4099,2794,2664,2514,3238,2862,2620,-2466,-2335,-2227,-2466,-2335,-2227,63,69,47,-290,71,251,-48,-178,-328,395,19,-222,80,191,332,490,74,335,28,34,9,28,46,4,143,170,45,144,232,24,127,158,171,323,74,131
I1705,6761,1409,-2065,6313,6641,6683,6779,6757,6751,1940,1578,1484,1468,1430,1418,-2446,-2315,-2207,-2446,-2315,-2207,-447,-119,-77,18,-3,-9,530,168,74,58,20,8,694,207,108,61,21,13,23,53,25,2,3,0,119,268,129,13,17,3,319,324,313,17,349,311
I1502,5139,2732,-2068,3471,3457,3459,4957,5123,5121,2806,2480,2450,3650,3400,3510,-2449,-2318,-2210,-2449,-2318,-2210,-1667,-1681,-1679,-181,-15,-17,73,-252,-282,917,667,777,1669,1700,1703,935,668,778,33,5,18,93,104,108,168,28,92,465,523,543,272,261,260,348,358,358
SUC001,4189,1969,-2073,4099,4191,4191,4145,4191,4191,2164,1890,1942,1830,1856,1870,-2454,-2323,-2215,-2454,-2323,-2215,-89,2,2,-43,2,2,195,-78,-26,-138,-112,-98,214,78,26,145,112,98,24,5,4,41,4,1,124,25,24,209,21,9,335,178,174,197,178,178
I4074,3990,3302,-2059,4645,4639,4769,4045,3881,3791,3136,3130,3126,3122,3202,3232,-2440,-2309,-2201,-2440,-2309,-2201,655,649,779,55,-108,-198,-166,-172,-176,-180,-100,-70,676,672,799,188,147,210,13,34,32,23,12,10,65,171,163,117,64,52,104,104,102,162,227,250
I14675,4201,1966,-2044,4191,4197,4213,4245,4205,4219,1926,1918,1912,1920,1980,1976,-2425,-2294,-2186,-2425,-2294,-2186,-9,-3,12,44,4,18,-40,-48,-54,-46,13,9,41,48,55,64,14,20,12,0,3,12,7,5,62,4,18,60,37,27,193,184,167,136,17,61
KNE001,4626,3009,-2044,3997,3787,4189,4887,4777,4737,3084,3064,2916,3074,3010,3006,-2425,-2294,-2186,-2425,-2294,-2186,-628,-838,-436,261,151,111,74,54,-93,64,0,-3,632,839,445,269,151,111,65,63,32,10,17,9,325,318,163,53,88,48,276,273,257,76,89,91
PMI004,4645,3014,-2061,4721,4667,4725,5011,4931,4929,3176,3168,3164,3290,3186,3096,-2442,-2311,-2203,-2442,-2311,-2203,76,22,80,366,286,284,161,153,149,275,171,81,178,155,170,458,334,296,5,7,4,13,8,9,28,35,23,69,42,46,25,8,28,53,59,74
I2477,4347,2409,-2090,4275,4265,4247,3619,4255,4285,2108,2024,2068,1772,1894,1868,-2471,-2340,-2232,-2471,-2340,-2232,-71,-81,-99,-727,-91,-61,-301,-385,-341,-637,-515,-541,309,393,355,967,523,544,42,25,9,110,5,0,212,128,49,553,26,2,193,191,196,228,190,186
I1979,4347,2409,-2089,4815,4751,4815,4715,4603,4543,1846,1636,1638,2502,2530,2536,-2470,-2339,-2231,-2470,-2339,-2231,468,404,468,368,256,196,-563,-773,-771,92,120,126,732,872,902,379,283,233,45,14,27,16,12,9,225,72,137,80,61,49,140,152,148,75,64,57
I7043,5002,2743,-2063,4743,4797,4783,5031,4997,4969,2676,2686,2694,2604,2612,2632,-2444,-2313,-2205,-2444,-2313,-2205,-258,-204,-218,29,-4,-32,-66,-56,-48,-138,-130,-110,267,212,223,142,131,115,33,33,31,7,5,4,167,168,159,38,25,24,255,254,257,168,181,196
I7249,4617,3017,-2065,4621,4501,4511,4773,4667,4603,2930,2894,2924,3036,2992,2998,-2446,-2315,-2207,-2446,-2315,-2207,4,-115,-105,156,50,-13,-86,-122,-92,19,-24,-18,86,168,140,157,55,23,24,21,9,10,14,5,121,109,45,51,74,25,177,223,228,82,116,216
I0804,4450,3119,-2058,4763,4601,4567,4245,3471,3407,3124,3074,3108,3108,3180,3228,-2439,-2308,-2200,-2439,-2308,-2200,313,151,117,-204,-978,-1042,5,-44,-10,-10,61,109,313,158,118,204,980,1048,25,30,28,46,10,6,126,152,143,232,54,31,88,106,95,267,273,276
I2478,4343,2407,-2069,4465,4463,4485,4197,4149,4143,2664,2654,2656,2638,2572,2528,-2450,-2319,-2211,-2450,-2319,-2211,121,119,141,-146,-194,-200,256,246,248,230,164,120,284,274,286,273,254,233,20,9,9,4,5,4,100,48,45,24,26,23,25,25,29,327,310,301
PMI003,4645,3014,-2074,4635,4551,4819,4791,4741,4327,3090,3104,3100,3038,2990,2954,-2455,-2324,-2216,-2455,-2324,-2216,-9,-93,174,146,96,-317,75,89,85,23,-24,-60,76,129,194,148,99,322,6,10,6,31,30,58,32,53,31,157,151,292,353,313,63,80,104,259
I0070,5768,1485,-2056,5645,5823,5791,5717,5693,5691,1986,1634,1562,1410,1454,1468,-2437,-2306,-2198,-2437,-2306,-2198,-122,55,23,-50,-74,-76,500,148,76,-75,-31,-17,515,158,80,90,80,78,186,40,21,33,11,0,930,201,108,165,57,0,346,20,16,214,247,257
I0071,5768,1485,-2041,5647,5851,5773,5785,5691,5691,2000,1640,1544,1588,1468,1468,-2422,-2291,-2183,-2422,-2291,-2183,-120,83,5,17,-76,-76,514,154,58,102,-17,-17,528,175,59,104,78,78,185,33,21,42,0,0,926,168,108,214,0,0,346,28,5,9,257,257
I0073,5768,1485,-2114,5523,5759,5767,5711,5691,5691,2182,1752,1552,1382,1468,1468,-2495,-2364,-2256,-2495,-2364,-2256,-244,-8,0,-56,-76,-76,696,266,66,-103,-17,-17,738,267,67,117,78,78,229,120,23,26,0,0,1145,602,115,134,0,0,340,358,359,208,257,257
I0074,5768,1485,-2077,5777,5859,5799,5843,5743,5691,1922,1650,1580,1702,1536,1468,-2458,-2327,-2219,-2458,-2327,-2219,9,91,31,75,-24,-76,436,164,94,216,50,-17,437,188,99,229,56,78,157,38,29,43,28,0,787,191,147,217,142,0,1,28,18,19,334,257
I9005,5768,1485,-2013,5691,5745,5721,5755,5721,5691,1812,1524,1494,1548,1498,1468,-2394,-2263,-2155,-2394,-2263,-2155,-76,-22,-46,-12,-46,-76,326,38,8,62,12,-17,335,45,47,64,48,78,161,22,12,33,14,0,808,111,62,166,74,0,346,329,280,348,285,257
I0419,6909,4074,-2062,4807,5083,5319,4535,4565,4757,3180,3080,3146,3144,3136,3132,-2443,-2312,-2204,-2443,-2312,-2204,-2101,-1825,-1589,-2373,-2343,-2151,-893,-993,-927,-929,-937,-941,2283,2078,1840,2549,2524,2348,107,40,80,70,46,51,536,204,401,350,230,258,246,241,239,248,248,246
ETM018,6711,1837,-2054,6707,6697,6689,6641,6641,6643,2050,2028,1974,1820,1822,1818,-2435,-2304,-2196,-2435,-2304,-2196,-3,-13,-21,-69,-69,-67,212,190,136,-17,-15,-19,212,191,138,72,71,70,4,5,10,0,0,1,23,28,52,0,1,8,358,355,350,256,257,254
CHL002,4686,3024,-2035,4697,4651,4637,4867,4881,4873,3066,3040,3060,3128,3052,3024,-2416,-2285,-2177,-2416,-2285,-2177,11,-34,-48,181,195,187,42,16,36,104,28,0,44,37,60,209,197,187,43,8,6,7,8,6,218,43,31,39,41,33,15,295,307,60,81,89
CHL005,4686,3024,-2060,4533,4723,4889,5411,5307,5267,3088,3092,3078,3290,3108,2916,-2441,-2310,-2202,-2441,-2310,-2202,-152,37,203,725,621,581,64,68,54,266,84,-107,165,78,210,773,627,591,15,12,5,59,42,11,79,63,28,299,211,55,292,28,75,69,82,100
CHL007,4686,3024,-2058,4723,4635,4793,4797,4913,4903,3252,3238,3238,3454,3496,3478,-2439,-2308,-2200,-2439,-2308,-2200,37,-50,107,111,227,217,228,214,214,430,472,454,231,220,239,444,524,503,5,50,5,15,8,7,25,253,26,77,40,37,9,346,26,14,25,25
KO7002,4694,3001,-2052,4837,5053,5389,5589,5323,5133,3136,3072,3208,3594,3190,2992,-2433,-2302,-2194,-2433,-2302,-2194,142,358,694,894,628,438,134,70,206,592,188,-9,196,365,725,1073,656,438,60,11,171,130,93,9,300,55,858,651,469,49,46,78,73,56,73,91
ROU001,4622,3042,-2057,4587,4679,4839,4553,4719,4907,3144,3144,3132,3174,3178,3168,-2438,-2307,-2199,-2438,-2307,-2199,-34,57,217,-68,97,285,101,101,89,131,135,125,107,116,235,148,167,311,13,19,9,14,19,11,65,97,47,73,95,58,341,29,67,332,35,66
ROU006,4622,3042,-2035,4287,3891,3927,4627,4131,3789,3154,3050,3080,3300,3264,3258,-2416,-2285,-2177,-2416,-2285,-2177,-334,-730,-694,5,-490,-832,111,7,37,257,221,215,352,730,695,258,538,860,75,64,70,44,82,69,377,322,354,222,412,349,288,270,273,1,294,284
ROU007,4622,3042,-2055,4673,4799,4887,5001,4927,4989,3256,3248,3226,3386,3348,3372,-2436,-2305,-2197,-2436,-2305,-2197,51,177,265,379,305,367,213,205,183,343,305,329,220,271,322,512,432,493,10,11,7,17,12,110,54,57,37,88,60,551,13,40,55,47,44,48
VLI039,4637,3037,-2044,4625,4885,5003,4415,4359,4325,3022,3024,3014,3244,3272,3246,-2425,-2294,-2186,-2425,-2294,-2186,-11,248,366,-221,-277,-311,-15,-13,-23,206,234,208,18,249,367,302,363,374,24,19,7,38,20,11,122,97,36,194,100,55,216,93,93,313,310,303
VLI061,4637,3037,-2052,4629,4707,4787,4329,4353,4357,3032,3032,3032,2942,2950,2984,-2433,-2302,-2194,-2433,-2302,-2194,-7,70,150,-307,-283,-279,-5,-5,-5,-95,-87,-53,8,70,150,321,296,284,12,20,14,33,7,9,64,100,73,165,39,46,234,94,91,252,252,259
I2567,3547,3718,-2057,4613,4489,4437,3723,3589,3569,3140,3128,3142,3164,3232,3334,-2438,-2307,-2199,-2438,-2307,-2199,1065,941,889,175,41,21,-578,-590,-576,-554,-486,-384,1212,1111,1060,581,488,384,57,59,53,19,13,15,289,296,267,95,67,79,118,122,122,162,175,176
BNL002,4652,3017,-2057,4757,4493,4377,4779,4905,4847,3198,3188,3198,3134,3124,3116,-2438,-2307,-2199,-2438,-2307,-2199,105,-158,-274,127,253,195,181,171,181,117,107,99,209,233,329,172,274,218,34,71,81,23,11,6,173,355,408,116,56,34,30,317,303,47,67,63
BNL004,4652,3017,-2032,4741,4723,4557,4711,4777,4787,3206,3202,3192,3266,3300,3300,-2413,-2282,-2174,-2413,-2282,-2174,89,71,-94,59,125,135,189,185,175,249,283,283,209,198,199,256,309,313,5,5,61,7,6,5,29,26,308,37,33,27,25,21,331,13,23,25
ROU004,4622,3042,-2037,4681,4611,4755,4777,4767,4819,3142,3144,3138,3472,3536,3448,-2418,-2287,-2179,-2418,-2287,-2179,59,-10,133,155,145,197,99,101,95,429,493,405,116,102,164,457,514,451,8,12,7,22,18,13,40,62,35,112,90,66,30,354,54,19,16,25
I2598_published,3501,3183,-2038,4665,4579,4755,4049,3747,3651,3092,3100,3102,3172,3268,3312,-2419,-2288,-2180,-2419,-2288,-2180,1164,1078,1254,548,246,150,-91,-83,-81,-11,84,128,1167,1081,1256,548,260,197,13,26,33,76,42,4,69,134,165,383,210,24,94,94,93,91,70,49
OBKR_80,4386,2795,-2044,4275,4275,4351,4961,4903,4869,2826,2808,2840,2976,2914,2908,-2425,-2294,-2186,-2425,-2294,-2186,-110,-110,-34,575,517,483,31,13,45,181,119,113,114,111,56,603,531,496,22,14,4,11,8,8,111,73,20,56,43,44,285,276,322,72,77,76
POST_47,4387,2798,-2046,4193,4239,4287,3767,3905,3961,2744,2724,2732,3264,2828,2512,-2427,-2296,-2188,-2427,-2296,-2188,-193,-147,-99,-619,-481,-425,-53,-73,-65,466,30,-285,200,164,119,775,482,512,10,11,10,96,72,11,52,55,54,481,361,56,254,243,236,306,273,236
I4073,3990,3302,-2032,4709,4659,4759,4125,4047,3971,3174,3168,3164,3322,3280,3264,-2413,-2282,-2174,-2413,-2282,-2174,719,669,769,135,57,-18,-128,-134,-138,19,-22,-38,731,683,782,137,61,42,12,21,19,30,24,14,60,108,96,154,121,71,100,101,100,81,111,205
I3255,3646,3274,-2015,4689,4507,4591,3681,3605,3599,3084,3106,3110,3240,3324,3426,-2396,-2265,-2157,-2396,-2265,-2157,1043,861,945,35,-40,-46,-190,-168,-164,-34,49,151,1060,877,959,49,64,158,45,60,9,13,7,9,227,304,46,67,36,47,100,101,99,134,320,342
BNL003,4652,3017,-2056,4357,3779,4085,4623,4407,4455,3120,3078,3010,3002,2918,2940,-2437,-2306,-2198,-2437,-2306,-2198,-294,-872,-566,-28,-244,-196,103,61,-6,-14,-98,-76,312,874,566,32,264,211,77,66,69,31,39,32,386,334,346,155,198,163,289,274,269,242,248,248
I2618,3548,3615,-2057,4701,4631,4679,4753,4659,4597,3002,2992,3018,3266,3340,3398,-2438,-2307,-2199,-2438,-2307,-2199,1153,1083,1131,1205,1111,1049,-612,-622,-596,-348,-274,-216,1305,1249,1279,1254,1144,1071,18,8,12,38,37,27,90,44,61,193,187,139,117,119,117,106,103,101
KO1011,4690,3004,-2059,4545,4705,4961,5155,5147,5083,3072,3084,3080,3274,3004,2974,-2440,-2309,-2201,-2440,-2309,-2201,-145,14,270,464,456,392,68,80,76,270,0,-29,160,81,281,537,456,394,10,7,6,122,9,10,51,37,31,612,48,53,295,10,74,59,89,94
MIB078,4734,3002,-2042,4983,5101,5033,4689,4695,4841,3002,2954,2956,3726,3780,3488,-2423,-2292,-2184,-2423,-2292,-2184,249,367,299,-44,-38,107,0,-48,-46,723,777,485,249,370,302,725,778,497,13,7,16,32,14,27,66,39,81,160,71,139,90,97,98,356,357,12
MIG010,4734,3002,-2045,4765,4685,4477,5097,5083,5055,3234,3224,3206,3228,3068,3020,-2426,-2295,-2187,-2426,-2295,-2187,31,-48,-256,363,349,321,231,221,203,225,65,17,233,226,327,427,355,321,6,37,76,12,9,8,32,186,382,61,47,43,7,347,308,58,79,86
MIG011,4734,3002,-2022,4579,4857,4889,4805,4817,4827,2926,2942,2952,3016,3006,3040,-2403,-2272,-2164,-2403,-2272,-2164,-154,123,155,71,83,93,-76,-60,-50,13,3,37,172,137,163,72,83,100,11,10,12,6,23,31,55,54,64,31,115,158,243,116,107,79,87,67
I3875,4031,2380,-2051,3807,3961,4085,3599,3475,3745,2962,2778,2714,3148,3236,3070,-2432,-2301,-2193,-2432,-2301,-2193,-223,-69,54,-431,-555,-285,581,397,333,767,855,689,623,403,338,880,1020,746,57,42,7,30,28,78,285,214,35,153,144,393,338,350,9,330,326,337
I3743,4255,1864,-2034,4191,4211,4235,4191,4191,4203,1930,1914,1888,1914,1920,1918,-2415,-2284,-2176,-2415,-2284,-2176,-63,-43,-19,-63,-63,-51,66,50,24,50,56,54,91,66,31,80,84,74,3,7,5,1,1,2,16,35,26,5,7,11,316,319,321,308,311,316
KO7001,4694,3001,-2031,4609,5025,5015,4773,5061,5005,3034,3036,3012,3094,3086,3064,-2412,-2281,-2173,-2412,-2281,-2173,-85,330,320,78,366,310,32,34,10,92,84,62,91,332,321,121,376,317,16,6,6,28,8,6,80,33,32,144,40,32,291,84,88,40,76,78
I4068,3990,3302,-2043,4687,4493,4101,4191,3941,3897,3256,3244,3216,3256,3204,3218,-2424,-2293,-2185,-2424,-2293,-2185,697,503,111,201,-48,-92,-46,-58,-86,-46,-98,-84,699,507,141,207,109,124,24,27,34,30,16,14,124,135,174,151,80,71,93,96,127,102,206,227
I2461,3506,3178,-2048,4757,4609,4639,4893,4955,4923,3100,3090,3110,3102,3024,2998,-2429,-2298,-2190,-2429,-2298,-2190,1251,1103,1133,1387,1449,1417,-77,-87,-67,-75,-153,-179,1253,1106,1135,1389,1457,1428,15,46,8,13,10,10,76,230,43,69,52,53,93,94,93,93,96,97
I6561,6271,3311,-2037,5167,5167,5313,4653,5007,5037,3280,3044,3120,3140,3134,3108,-2418,-2287,-2179,-2418,-2287,-2179,-1103,-1103,-957,-1617,-1263,-1233,-30,-266,-190,-170,-176,-202,1103,1135,976,1626,1275,1250,69,6,21,60,45,7,348,30,109,304,227,35,268,256,258,263,262,260
RISE371.SG,5106,2621,-2032,4091,4199,4293,5485,5407,5335,2874,2800,2838,2786,2672,2674,-2413,-2282,-2174,-2413,-2282,-2174,-1014,-906,-812,379,301,229,253,179,217,165,51,53,1045,923,840,414,306,235,52,12,10,50,24,19,264,60,51,252,120,98,284,281,284,66,80,76
I0116,4437,3146,-2042,4249,4271,4383,3889,3815,4045,3082,3034,3000,2994,2966,2822,-2423,-2292,-2184,-2423,-2292,-2184,-187,-165,-53,-547,-621,-391,-64,-112,-146,-152,-180,-324,198,200,155,568,647,508,42,56,32,50,52,30,210,284,162,252,263,153,251,235,200,254,253,230
KNE007,4626,3009,-2022,4937,5069,5023,4771,4889,4879,2940,2912,2902,2906,2912,2910,-2403,-2272,-2164,-2403,-2272,-2164,311,443,397,145,263,253,-69,-97,-107,-103,-97,-99,319,454,412,178,281,272,36,9,14,16,14,9,181,47,72,82,72,48,102,102,105,125,110,111
I0803,4450,3119,-2024,4643,4979,5003,5089,5107,5233,3034,3034,3012,3458,3202,2860,-2405,-2274,-2166,-2405,-2274,-2166,193,529,553,639,657,783,-84,-84,-106,339,83,-258,211,536,563,724,662,825,42,26,6,16,11,9,213,132,31,84,58,48,113,99,100,62,82,108
BNL009,4652,3017,-2014,4809,5023,5009,4471,4371,4273,3016,3006,2978,3144,3264,3260,-2395,-2264,-2156,-2395,-2264,-2156,157,371,357,-180,-280,-378,0,-10,-38,127,247,243,157,371,359,221,374,450,25,6,7,31,18,9,126,32,38,158,92,49,90,91,96,305,311,302
KNE003,4626,3009,-2015,4401,4451,4449,4089,4091,4145,2974,2932,2970,2834,2792,2798,-2396,-2265,-2157,-2396,-2265,-2157,-224,-174,-176,-536,-534,-480,-35,-77,-39,-175,-217,-211,226,190,180,563,576,524,64,29,9,6,8,12,324,146,49,30,44,61,261,246,257,251,247,246
CHL008,4686,3024,-2021,4659,4601,4769,4605,4667,4803,3078,3082,3088,3022,3052,3064,-2402,-2271,-2163,-2402,-2271,-2163,-26,-84,83,-80,-18,117,54,58,64,-1,28,40,60,102,105,80,33,124,9,10,8,6,10,7,49,53,42,31,50,37,334,304,52,268,327,71
I4069,3990,3302,-1987,4017,3977,4111,4677,4675,4671,3130,2956,2944,3344,3330,3302,-2368,-2237,-2129,-2368,-2237,-2129,27,-12,121,687,685,681,-172,-346,-358,41,27,0,174,346,378,689,686,681,35,14,13,8,6,6,179,73,66,42,33,32,170,182,161,86,87,90
MX256,4236,2739,-2004,4253,4291,4309,3621,3961,4095,2712,2696,2700,3524,3022,2638,-2385,-2254,-2146,-2385,-2254,-2146,17,55,73,-614,-274,-140,-27,-43,-39,784,282,-101,32,70,83,996,394,173,5,5,4,55,106,14,29,26,24,276,534,72,147,128,118,321,315,234
SUC003,4189,1969,-2034,4167,4191,4197,4191,4191,4193,1964,1918,1918,1894,1918,1918,-2415,-2284,-2176,-2415,-2284,-2176,-21,2,8,2,2,4,-4,-50,-50,-74,-50,-50,21,50,51,74,50,50,20,0,1,5,0,0,103,0,7,25,0,4,257,176,170,177,176,174
MIB077,4734,3002,-1996,4595,4717,4845,5973,5815,5649,3124,3126,3114,4628,4408,3908,-2377,-2246,-2138,-2377,-2246,-2138,-138,-16,111,1239,1081,915,121,123,111,1625,1405,905,184,124,157,2044,1773,1287,7,14,8,6,109,133,38,73,40,33,546,668,311,352,44,37,37,45
POST_99,4387,2798,-2006,4285,4437,4469,3539,3539,3793,2794,2834,2858,3420,3674,3146,-2387,-2256,-2148,-2387,-2256,-2148,-101,50,82,-847,-847,-593,-3,36,60,622,876,348,101,62,102,1051,1218,687,13,14,9,16,15,87,66,74,46,81,77,436,267,54,53,306,315,300
I1770,3642,3504,-1999,4613,4533,4363,4783,4615,4427,3082,3078,3054,3346,3220,3280,-2380,-2249,-2141,-2380,-2249,-2141,971,891,721,1141,973,785,-421,-425,-449,-157,-283,-223,1058,987,849,1152,1013,816,40,53,54,98,16,56,202,266,273,491,83,281,113,115,121,97,106,105
I7670,6845,4124,-2001,6849,6935,6921,6901,6905,6887,3666,4006,4020,4068,4036,4000,-2382,-2251,-2143,-2382,-2251,-2143,4,90,76,56,60,42,-457,-117,-103,-55,-87,-123,457,148,128,79,106,130,102,41,3,5,6,5,513,208,18,27,32,28,179,142,143,134,145,161
I4075,3990,3302,-1999,4653,4595,4789,5179,5095,5013,3068,3086,3080,3048,2972,2976,-2380,-2249,-2141,-2380,-2249,-2141,663,605,799,1189,1105,1023,-234,-216,-222,-254,-330,-326,703,643,830,1216,1154,1074,9,27,16,7,6,8,47,136,81,39,31,42,109,109,105,102,106,107
POST_131,4387,2798,-1997,4009,3997,3997,4151,4209,4283,2638,2548,2494,2740,2668,2682,-2378,-2247,-2139,-2378,-2247,-2139,-377,-389,-389,-235,-177,-103,-159,-249,-303,-57,-129,-115,409,462,493,242,219,155,10,10,12,47,16,14,51,54,60,235,83,71,247,237,232,256,233,221
RISE254.SG,4997,2731,-1993,5617,5931,5941,5135,5051,5029,2236,2258,2208,2400,2416,2430,-2374,-2243,-2135,-2374,-2243,-2135,620,934,944,138,54,32,-494,-472,-522,-330,-314,-300,793,1047,1079,358,319,302,48,41,28,36,16,4,243,209,140,184,84,20,128,116,118,157,170,173
I2455,3643,3294,-1996,4681,4637,4711,4239,3769,3809,3122,3124,3130,3302,3240,3246,-2377,-2246,-2138,-2377,-2246,-2138,1037,993,1067,595,125,165,-171,-169,-163,8,-53,-47,1052,1008,1080,596,136,172,41,18,11,61,29,23,209,91,56,307,145,116,99,99,98,89,113,106
I6604,3176,2029,-1970,2963,2945,3211,3173,3487,3963,1892,1864,1852,1936,1906,1884,-2351,-2220,-2112,-2351,-2220,-2112,-212,-230,35,-2,311,787,-136,-164,-176,-92,-122,-144,252,283,180,92,334,800,48,46,71,26,85,67,242,231,359,130,428,335,237,234,168,181,111,100
NV3001,6767,2939,-1986,6827,6849,6895,6875,6829,6821,3232,3542,3712,3232,3286,3438,-2367,-2236,-2128,-2367,-2236,-2128,60,82,128,108,62,54,293,603,773,293,347,499,299,609,784,312,353,502,50,65,35,6,7,22,254,329,175,31,39,113,11,7,9,20,10,6
I7800,4731,1547,-2001,4635,4661,4703,4687,4659,4675,1814,1668,1612,2112,1824,1688,-2382,-2251,-2143,-2382,-2251,-2143,-95,-69,-27,-43,-71,-55,267,121,65,565,277,141,284,140,71,567,286,152,51,29,6,38,48,24,256,145,33,194,241,123,340,330,337,355,345,338
VLI045,4637,3037,-2010,4809,5007,4979,4341,4307,4373,3004,2992,2990,2932,2962,3004,-2391,-2260,-2152,-2391,-2260,-2152,172,370,342,-295,-329,-263,-33,-45,-47,-105,-75,-33,175,373,345,313,337,265,28,18,15,16,36,43,141,91,79,84,181,218,100,96,97,250,257,262
I2462,3720,3171,-1997,4093,4111,4137,3521,3977,4067,2662,2614,2596,3508,2768,2704,-2378,-2247,-2139,-2378,-2247,-2139,373,391,417,-198,257,347,-508,-556,-574,337,-402,-466,630,680,710,391,477,581,6,6,4,32,15,3,31,32,24,160,77,16,143,144,143,329,147,143
I2447,3544,3247,-1990,4031,3933,4227,3707,3711,3733,3118,3122,3104,3296,3362,3404,-2371,-2240,-2132,-2371,-2240,-2132,487,389,683,163,167,189,-129,-125,-143,48,114,156,504,409,698,170,203,246,104,91,70,9,35,36,522,455,351,47,177,180,104,107,101,73,55,50
CHL003,4686,3024,-1980,4723,4865,4849,4353,4097,3933,3266,3240,3204,3206,3170,3162,-2361,-2230,-2122,-2361,-2230,-2122,37,179,163,-332,-588,-752,242,216,180,182,146,138,245,281,243,378,606,764,10,4,3,10,17,28,51,23,19,50,89,143,8,39,42,298,283,280
OBKR_50,4386,2795,-1989,3981,3985,4009,3789,4121,4213,2706,2568,2532,2972,2736,2720,-2370,-2239,-2131,-2370,-2239,-2131,-404,-400,-376,-596,-264,-172,-88,-226,-262,177,-58,-74,413,460,458,622,270,187,39,12,15,78,38,6,196,61,76,392,192,31,257,240,235,286,257,246
I6679,3590,3637,-1976,3893,4123,4263,3541,3547,3801,3118,2982,2978,3278,3390,3378,-2357,-2226,-2118,-2357,-2226,-2118,303,533,673,-48,-42,211,-518,-654,-658,-358,-246,-258,600,844,941,361,250,333,73,45,22,43,42,60,365,227,111,218,214,302,149,140,134,187,189,140
VLI065,4637,3037,-1997,4839,4965,4933,4125,4137,4031,2946,2934,2952,3392,3380,3368,-2378,-2247,-2139,-2378,-2247,-2139,202,328,296,-511,-499,-605,-91,-103,-85,354,342,330,222,344,308,622,605,689,22,12,16,19,17,24,112,64,80,99,88,124,114,107,106,304,304,298
VLI060,4637,3037,-1959,4475,4543,4497,3573,3699,3951,2908,2938,2946,3274,3230,3066,-2340,-2209,-2101,-2340,-2209,-2101,-161,-93,-139,-1063,-937,-685,-129,-99,-91,236,192,28,206,136,166,1089,956,685,28,12,13,32,69,73,143,64,68,163,345,367,231,223,236,282,281,272
OBKR_93,4386,2795,-1970,4401,4449,4493,4479,4461,4477,2762,2780,2800,2768,2774,2784,-2351,-2220,-2112,-2351,-2220,-2112,15,63,107,93,75,91,-32,-14,5,-26,-20,-10,36,65,107,97,78,92,8,15,12,6,9,13,40,76,62,30,49,69,154,102,87,105,105,96
MIG009,4734,3002,-1977,4651,4581,4577,3943,3967,3917,2984,3016,3038,2932,2796,2744,-2358,-2227,-2119,-2358,-2227,-2119,-82,-152,-156,-790,-766,-816,-18,13,35,-70,-206,-258,84,153,160,794,794,856,27,9,9,52,18,12,138,45,49,260,94,60,257,275,282,264,254,252
POST_35,4387,2798,-1967,4503,4615,4581,4305,4345,4389,2836,2866,2870,2786,2794,2816,-2348,-2217,-2109,-2348,-2217,-2109,116,228,194,-81,-41,2,38,68,72,-11,-3,18,122,238,207,82,41,18,19,19,17,9,8,7,96,99,89,48,43,36,71,73,69,261,264,8
MX280,4236,2739,-1994,3975,4049,4099,4117,4177,4287,2772,2674,2672,2738,2716,2740,-2375,-2244,-2136,-2375,-2244,-2136,-260,-186,-136,-118,-58,51,32,-65,-67,-1,-23,0,262,197,152,118,63,51,42,8,12,7,8,10,212,41,64,39,40,54,277,250,243,269,248,89
MIB069,4734,3002,-1982,4553,4967,4967,4427,4365,4151,3054,3052,3032,3000,3036,3104,-2363,-2232,-2124,-2363,-2232,-2124,-180,233,233,-306,-368,-582,51,49,29,-2,33,101,188,238,234,306,370,591,10,7,7,12,9,71,52,35,35,62,46,356,285,77,82,269,275,279
POST_32,4387,2798,-1983,3931,3937,3959,3683,3793,4139,2730,2564,2524,3220,3294,2810,-2364,-2233,-2125,-2364,-2233,-2125,-455,-449,-427,-703,-593,-247,-67,-233,-273,422,496,12,460,506,507,820,773,247,40,10,15,79,106,63,202,54,77,399,532,319,261,242,237,300,309,272
MIS007,4734,3002,-1971,4373,4449,4447,3647,3637,3603,2928,2950,2984,3442,3524,3594,-2352,-2221,-2113,-2352,-2221,-2113,-360,-284,-286,-1086,-1096,-1130,-74,-52,-18,439,521,591,368,289,287,1172,1214,1276,64,21,10,7,5,7,323,108,54,36,25,39,258,259,266,292,295,297
I3132,3527,3921,-1959,4621,4589,4579,3653,3613,3611,2974,3004,3018,3328,3438,3506,-2340,-2209,-2101,-2340,-2209,-2101,1094,1062,1052,126,86,84,-946,-916,-902,-592,-482,-414,1446,1403,1386,605,490,423,16,5,5,12,10,8,81,25,25,61,54,42,130,130,130,167,169,168
BNL008,4652,3017,-1965,4585,4747,4767,4421,4499,4633,3016,3052,3054,2892,2914,2968,-2346,-2215,-2107,-2346,-2215,-2107,-66,95,115,-230,-152,-18,0,35,37,-124,-102,-48,66,101,121,262,184,52,13,10,8,18,40,5,66,51,44,91,203,26,269,69,72,241,236,201
RISE391.SG,7376,4088,-1967,4901,5075,6091,3891,3725,3705,3176,3092,3648,3158,3228,3212,-2348,-2217,-2109,-2348,-2217,-2109,-2474,-2300,-1284,-3484,-3650,-3670,-911,-995,-439,-929,-859,-875,2637,2506,1357,3606,3750,3773,66,27,219,24,6,9,333,136,1098,120,33,46,249,246,251,255,256,256
I0047_published,4393,3198,-1968,4643,4585,4577,4857,4959,4975,2970,2996,3012,2974,2924,2912,-2349,-2218,-2110,-2349,-2218,-2110,250,192,184,464,566,582,-228,-202,-186,-224,-274,-286,339,279,262,516,629,649,12,7,4,11,13,10,63,37,24,59,69,50,132,136,135,115,115,116
UNTA58_147,4387,2800,-1964,3917,4141,4207,3529,3517,3681,2896,2754,2784,3322,3548,3488,-2345,-2214,-2106,-2345,-2214,-2106,-469,-245,-179,-857,-869,-705,95,-46,-16,521,747,687,478,249,179,1003,1146,985,62,10,4,10,11,86,313,53,24,52,56,432,281,259,264,301,310,314
OBKR_6,4386,2795,-1961,4887,4951,4851,3713,4339,4315,2784,2788,2802,3494,2846,2742,-2342,-2211,-2103,-2342,-2211,-2103,501,565,465,-672,-46,-70,-10,-6,7,699,51,-52,501,565,465,970,69,87,47,15,16,83,61,15,238,77,81,419,309,77,91,90,89,316,317,233
OBKR_66,4386,2795,-1965,4651,4827,4723,3563,3981,4247,2776,2798,2812,3650,3160,2722,-2346,-2215,-2107,-2346,-2215,-2107,265,441,337,-822,-404,-138,-18,3,17,855,365,-72,266,441,338,1186,545,156,43,24,16,13,115,6,216,122,81,66,578,32,94,89,87,316,312,242
MX258,4236,2739,-1972,4217,4335,4373,3527,3463,3507,2774,2806,2826,3216,3328,3514,-2353,-2222,-2114,-2353,-2222,-2114,-18,99,137,-708,-772,-728,34,66,86,476,588,774,39,119,162,853,971,1063,5,10,10,12,10,40,29,54,53,64,51,200,331,56,57,303,307,316
KO1014,4690,3004,-1962,4543,4857,4861,4729,4759,4767,3032,3056,3046,3102,3108,3092,-2343,-2212,-2104,-2343,-2212,-2104,-147,166,170,38,68,76,28,52,42,98,104,88,149,174,176,105,125,117,9,7,8,4,3,2,46,37,41,20,15,13,280,72,76,21,33,41
MIB072,4734,3002,-1973,4601,4707,4771,4753,5077,5161,2986,3018,3020,3590,3060,2852,-2354,-2223,-2115,-2354,-2223,-2115,-132,-26,37,19,343,427,-16,15,17,587,57,-150,133,31,41,587,347,452,9,13,5,24,24,11,47,65,26,121,123,57,262,300,64,1,80,109
ETM016,6711,1837,-1959,6681,6679,6691,6717,6729,6703,2036,1994,1910,1916,1906,1876,-2340,-2209,-2101,-2340,-2209,-2101,-29,-31,-19,6,18,-7,198,156,72,78,68,38,200,159,75,78,70,39,4,11,9,1,4,3,23,59,47,9,20,18,351,348,344,4,14,348
KO1013,4690,3004,-1967,5139,5073,5037,4563,4551,4573,2994,2956,2948,3006,3054,3068,-2348,-2217,-2109,-2348,-2217,-2109,448,382,346,-127,-139,-117,-9,-47,-55,2,50,64,449,385,351,127,147,133,6,9,11,7,5,7,33,49,56,39,27,38,91,97,99,271,289,298
OBKR_73,4386,2795,-1980,4099,4201,4237,5133,5211,5177,2770,2744,2754,2924,2772,2748,-2361,-2230,-2122,-2361,-2230,-2122,-286,-184,-148,747,825,791,-24,-50,-40,129,-22,-46,287,191,153,758,825,792,32,14,9,36,40,37,163,72,49,181,202,185,265,254,254,80,91,93
UNTA85_1412,4387,2801,-1949,4873,4869,4813,3517,4041,4149,2816,2816,2818,3586,2912,2688,-2330,-2199,-2091,-2330,-2199,-2091,486,482,426,-869,-345,-237,15,15,17,785,111,-112,486,482,427,1171,362,262,25,17,17,13,84,11,129,86,86,66,421,55,88,88,87,312,287,244
OBKR_81,4386,2795,-1950,4367,4463,4437,4255,4331,4469,2730,2762,2762,2696,2696,2742,-2331,-2200,-2092,-2331,-2200,-2092,-18,77,51,-130,-54,83,-64,-32,-32,-98,-98,-52,67,84,61,163,112,98,16,5,3,14,12,7,81,26,18,72,60,39,195,112,122,232,208,122
CHL001,4686,3024,-1961,4757,4975,4915,5089,5011,4929,3000,2992,2998,3010,2970,2982,-2342,-2211,-2103,-2342,-2211,-2103,71,289,229,403,325,243,-23,-31,-25,-13,-53,-41,75,291,231,404,330,247,10,8,11,8,6,10,52,42,58,41,31,54,108,96,96,91,99,99
MIS001,4734,3002,-1952,4515,4881,4843,4749,4981,4879,3038,3058,3054,3020,3022,3038,-2333,-2202,-2094,-2333,-2202,-2094,-218,147,109,15,247,145,35,55,51,17,19,35,221,157,120,23,247,149,8,6,7,10,6,8,44,30,35,53,33,40,279,69,64,40,85,76
I0164,4399,3187,-1958,4587,4725,4775,4973,4915,4829,3038,3070,3068,3112,3068,3078,-2339,-2208,-2100,-2339,-2208,-2100,188,326,376,574,516,430,-149,-117,-119,-75,-119,-109,239,346,394,578,529,443,7,24,5,15,5,8,37,122,26,75,28,41,128,109,107,97,102,104
OBKR_67_d,4386,2795,-1942,4425,4455,4473,4423,4515,4565,2642,2646,2652,2680,2704,2718,-2323,-2192,-2084,-2323,-2192,-2084,39,69,87,37,129,179,-152,-148,-142,-114,-90,-76,157,164,167,120,158,195,5,2,2,17,8,5,28,13,13,86,41,27,165,154,148,161,124,113
KO1010,4690,3004,-1941,4935,4981,4913,4753,4731,4717,3010,2990,3004,3068,3068,3068,-2322,-2191,-2083,-2322,-2191,-2083,244,290,222,62,40,26,6,-13,0,64,64,64,245,291,222,89,76,69,12,10,11,5,2,1,62,54,58,25,11,8,88,92,89,44,32,22
OBKR_2,4386,2795,-1955,4631,4669,4575,4229,4197,4225,2714,2716,2722,2656,2612,2612,-2336,-2205,-2097,-2336,-2205,-2097,245,283,189,-156,-188,-160,-80,-78,-72,-138,-182,-182,258,294,203,208,262,243,35,35,24,10,8,9,175,178,121,53,43,45,108,105,110,228,225,221
RISE486.SG,4350,2460,-1938,4261,4237,4245,4337,4515,4575,2302,2186,2172,2200,1886,1718,-2319,-2188,-2080,-2319,-2188,-2080,-88,-112,-104,-12,165,225,-158,-274,-288,-260,-574,-742,181,296,306,260,597,775,17,7,7,71,62,36,88,36,35,357,313,181,209,202,199,182,163,163
I0945,7262,4481,-1965,4713,5597,6105,5211,5251,5231,3104,3478,3678,3718,3568,3436,-2346,-2215,-2107,-2346,-2215,-2107,-2549,-1665,-1157,-2051,-2011,-2031,-1376,-1002,-802,-762,-912,-1044,2897,1943,1408,2188,2208,2283,59,242,246,41,52,60,295,1211,1234,206,264,304,241,238,235,249,245,242
I7691,2773,2027,-1938,3341,3261,3233,3381,2929,2807,2230,2150,2112,2288,2158,2092,-2319,-2188,-2080,-2319,-2188,-2080,568,488,460,608,156,34,202,122,84,260,130,64,603,503,468,662,204,73,47,25,6,112,75,22,237,128,32,563,377,111,70,75,79,66,50,28
I7692,2773,2027,-1959,3737,3525,3353,3667,3401,3295,2322,2182,2124,2156,1918,1748,-2340,-2209,-2101,-2340,-2209,-2101,964,752,580,894,628,522,294,154,96,128,-109,-279,1008,768,588,903,637,592,77,76,68,71,74,54,386,380,341,359,372,271,73,78,80,81,99,118
SUA007,4255,1864,-1960,4191,4195,4223,4191,4191,4191,1918,1918,1918,1884,1912,1906,-2341,-2210,-2102,-2341,-2210,-2102,-63,-59,-31,-63,-63,-63,54,54,54,20,48,42,83,80,62,66,79,76,0,1,2,1,1,1,0,7,13,9,6,8,310,312,329,287,307,303
MX254,4236,2739,-1988,4175,4145,4159,4043,4085,4207,2692,2654,2636,2628,2592,2612,-2369,-2238,-2130,-2369,-2238,-2130,-60,-90,-76,-192,-150,-28,-47,-85,-103,-111,-147,-127,76,124,128,222,210,130,30,8,8,17,12,15,150,42,42,87,62,76,231,226,216,239,225,192
I20750,5149,2812,-1924,4063,4009,4083,4893,5089,5119,3032,3042,3008,3634,3244,3118,-2305,-2174,-2066,-2305,-2174,-2066,-1085,-1139,-1065,-255,-59,-29,219,229,195,821,431,305,1107,1162,1083,860,435,307,83,71,56,86,99,96,417,357,281,433,495,484,281,281,280,342,352,354
PMI010,4645,3014,-1948,4583,4945,4937,4565,4765,4829,3084,3066,3054,3042,3068,3086,-2329,-2198,-2090,-2329,-2198,-2090,-61,300,292,-79,120,184,69,51,39,27,53,71,92,305,295,83,132,198,14,7,9,15,8,10,71,38,47,79,44,51,318,80,82,289,66,68
OBKR_9A,4386,2795,-1946,4317,4373,4379,4473,4471,4447,2664,2668,2666,2712,2714,2712,-2327,-2196,-2088,-2327,-2196,-2088,-68,-12,-6,87,85,61,-130,-126,-128,-82,-80,-82,147,127,128,120,117,103,6,4,4,3,2,3,32,20,20,17,13,18,207,185,182,133,133,143
I9127,5677,1463,-1929,5919,5801,5751,5697,5691,5691,1688,1560,1516,1480,1468,1468,-2310,-2179,-2071,-2310,-2179,-2071,242,124,74,20,14,14,224,96,52,16,4,4,330,157,91,26,14,14,39,36,27,13,0,0,197,183,139,66,0,0,47,52,54,50,72,72
I9129,5677,1463,-1929,5797,5741,5691,5691,5691,5691,1594,1516,1468,1468,1468,1468,-2310,-2179,-2071,-2310,-2179,-2071,120,64,14,14,14,14,130,52,4,4,4,4,177,83,14,14,14,14,44,29,0,0,0,0,222,145,0,0,0,0,42,50,72,72,72,72
I9130,5677,1463,-1949,5661,5699,5691,5699,5691,5691,1692,1488,1468,1492,1468,1468,-2330,-2199,-2091,-2330,-2199,-2091,-15,22,14,22,14,14,228,24,4,28,4,4,229,33,14,36,14,14,130,21,0,25,0,0,653,106,0,125,0,0,356,42,72,37,72,72
I9131,5677,1463,-1892,5587,5697,5691,5691,5691,5691,1778,1480,1468,1468,1468,1468,-2273,-2142,-2034,-2273,-2142,-2034,-89,20,14,14,14,14,314,16,4,4,4,4,327,26,14,14,14,14,174,13,0,0,0,0,870,66,0,0,0,0,344,50,72,72,72,72
rath1.SG,3301,3691,-1934,4573,4763,4835,3637,3587,3611,3116,3122,3104,3216,3294,3340,-2315,-2184,-2076,-2315,-2184,-2076,1271,1461,1533,335,285,309,-574,-568,-586,-474,-396,-350,1395,1568,1642,581,489,468,23,36,11,15,6,6,115,181,56,77,31,34,114,111,110,144,144,138
CHL006,4686,3024,-1943,4591,4899,4867,5215,5159,5115,3054,3058,3050,2960,2914,2918,-2324,-2193,-2085,-2324,-2193,-2085,-94,213,181,529,473,429,30,34,26,-63,-109,-105,98,216,183,533,486,442,8,8,11,16,7,6,44,40,57,82,38,30,287,80,81,96,103,103
RISE97.SG,4514,3609,-1938,4299,4451,4433,4695,4607,4565,2992,2988,3016,3312,3450,3476,-2319,-2188,-2080,-2319,-2188,-2080,-214,-62,-80,181,93,51,-617,-621,-593,-297,-159,-133,653,624,598,348,184,143,29,13,5,61,47,37,149,66,29,308,239,185,199,185,187,148,149,158
RISE349.SG,5163,2645,-1939,5443,5303,5145,5077,5061,5053,2422,2558,2608,2566,2584,2594,-2320,-2189,-2081,-2320,-2189,-2081,280,140,-17,-85,-101,-109,-222,-86,-36,-78,-60,-50,357,164,40,116,118,120,70,48,45,10,9,22,350,241,226,52,48,111,128,121,206,227,239,245
KO1009,4690,3004,-1937,4351,4427,4429,4257,4303,4299,2790,2822,2830,2792,2768,2774,-2318,-2187,-2079,-2318,-2187,-2079,-339,-263,-261,-433,-387,-391,-213,-181,-173,-211,-235,-229,400,319,313,482,453,453,18,11,13,32,4,8,94,55,65,160,22,40,237,235,236,243,238,239
ALA024,6662,1871,-1944,6675,6683,6681,6603,6595,6607,1790,1668,1690,1906,1904,1896,-2325,-2194,-2086,-2325,-2194,-2086,13,21,19,-58,-66,-54,-81,-203,-181,34,32,24,82,204,182,67,74,59,25,27,33,7,8,8,126,136,169,38,40,41,170,173,173,300,296,294
I0946,7262,4481,-1931,4943,5031,5587,5235,5227,5213,3256,3194,3474,3784,3382,3134,-2312,-2181,-2073,-2312,-2181,-2073,-2319,-2231,-1675,-2027,-2035,-2049,-1224,-1286,-1006,-696,-1098,-1346,2622,2575,1954,2143,2312,2451,46,8,215,38,43,35,230,44,1078,192,217,177,242,240,238,251,241,236
I0418_published,6909,4074,-1927,6477,6721,6999,6873,6867,6911,3740,3946,4092,4108,4062,4048,-2308,-2177,-2069,-2308,-2177,-2069,-431,-187,90,-35,-41,2,-333,-127,18,34,-11,-25,545,226,92,49,43,25,135,128,9,66,69,5,677,642,49,333,347,27,232,235,78,313,254,174
POST_1,4387,2798,-1960,4199,4277,4293,4921,4925,4913,2752,2764,2774,2870,2868,2868,-2341,-2210,-2102,-2341,-2210,-2102,-187,-109,-93,534,538,526,-45,-33,-23,72,70,70,192,114,96,539,543,531,12,8,6,11,6,5,60,44,31,59,31,28,256,252,255,82,82,82
I5515,3490,3739,-1939,4289,4371,4407,3571,3571,3971,2836,2882,2910,3374,3554,3158,-2320,-2189,-2081,-2320,-2189,-2081,799,881,917,81,81,481,-903,-857,-829,-365,-185,-581,1206,1229,1236,374,202,754,21,6,7,33,42,95,106,34,35,168,210,479,138,134,132,167,156,140
Spiginas2,5096,3696,-1897,4875,5015,5053,5239,5165,5173,3866,3874,3846,3976,3908,3892,-2278,-2147,-2039,-2278,-2147,-2039,-220,-80,-42,143,69,77,170,178,150,280,212,196,278,195,156,314,223,210,11,13,11,107,56,7,57,67,57,535,280,39,307,335,344,27,18,21
OBKR_117_d,4386,2795,-1933,4525,4515,4501,4743,4709,4663,3012,3028,3054,3162,3178,3186,-2314,-2183,-2075,-2314,-2183,-2075,139,129,115,357,323,277,217,233,259,367,383,391,258,266,284,512,501,479,38,7,7,4,3,3,190,36,39,22,17,15,32,29,24,44,40,35
EUG11.SG,3695,2260,-1928,3779,3689,3651,3459,3513,3561,2402,2286,2236,2348,2262,2206,-2309,-2178,-2070,-2309,-2178,-2070,84,-5,-43,-235,-181,-133,142,26,-23,88,2,-53,165,26,49,251,181,143,15,20,18,38,30,25,78,103,90,191,153,128,30,348,241,290,270,248
MIB047,4734,3002,-1930,4613,4895,4847,4649,4703,4735,3050,3052,3054,3038,3068,3066,-2311,-2180,-2072,-2311,-2180,-2072,-120,161,113,-84,-30,1,47,49,51,35,65,63,129,168,124,92,72,63,8,7,8,4,2,3,43,35,43,23,14,18,291,72,65,292,334,0
I0984,7407,4447,-1931,5107,5105,5617,5253,5143,5089,3082,3016,3358,3070,2988,2996,-2312,-2181,-2073,-2312,-2181,-2073,-2299,-2301,-1789,-2153,-2263,-2317,-1364,-1430,-1088,-1376,-1458,-1450,2673,2709,2094,2555,2692,2734,5,5,237,48,4,4,28,27,1185,244,22,20,239,238,238,237,237,237
MIB046,4734,3002,-1927,4547,4821,4823,4745,4753,4727,3104,3098,3090,3318,3324,3312,-2308,-2177,-2069,-2308,-2177,-2069,-186,87,89,11,19,-6,101,95,87,315,321,309,212,129,124,315,322,309,10,10,5,10,7,7,54,54,27,53,37,39,298,42,45,2,3,358
MIB079,4734,3002,-1928,4417,4111,3797,4751,4813,4797,3170,3212,3222,3324,3308,3280,-2309,-2178,-2070,-2309,-2178,-2070,-316,-622,-936,17,79,63,167,209,219,321,305,277,358,657,962,322,315,284,80,94,69,4,4,4,404,470,345,21,23,20,297,288,283,3,14,12
WEHR_1415adult,4381,2793,-1922,4549,4795,4789,4607,4831,4789,3112,3112,3102,3184,3170,3162,-2303,-2172,-2064,-2303,-2172,-2064,168,414,408,226,450,408,318,318,308,390,376,368,360,523,512,452,587,550,5,12,5,7,6,4,26,62,27,39,32,20,27,52,52,30,50,47
KO1006,4690,3004,-1917,4607,4725,4727,5117,5093,5039,3062,3074,3068,2920,2886,2902,-2298,-2167,-2059,-2298,-2167,-2059,-83,34,36,426,402,348,58,70,64,-83,-117,-101,101,78,74,435,419,363,8,8,3,5,8,8,42,42,18,25,40,40,305,26,29,101,106,106
R22.SG,4188,1969,-1920,4193,4197,4225,3941,4191,4191,1964,1982,2038,1900,1958,1968,-2301,-2170,-2062,-2301,-2170,-2062,4,8,36,-247,2,2,-4,13,69,-68,-10,0,6,15,78,256,11,3,9,8,10,84,3,0,45,42,54,421,19,0,134,33,28,254,164,104
MIB075,4734,3002,-1900,4773,4853,4741,4725,4735,4727,2996,2992,3018,3062,3066,3060,-2281,-2150,-2042,-2281,-2150,-2042,39,119,7,-8,1,-6,-6,-10,15,59,63,57,39,119,17,60,63,58,12,13,5,2,1,3,62,69,26,14,7,17,99,94,24,351,0,353
MIB062,4734,3002,-1917,4623,4657,4657,3747,4111,4225,2988,3016,3018,3202,3026,2932,-2298,-2167,-2059,-2298,-2167,-2059,-110,-76,-76,-986,-622,-508,-14,13,15,199,23,-70,111,78,78,1006,623,513,12,10,9,65,68,34,64,54,46,325,341,172,262,280,281,281,272,262
MIB060,4734,3002,-1915,4537,4815,4775,4399,4377,3677,3068,3076,3072,3026,3066,3252,-2296,-2165,-2057,-2296,-2165,-2057,-196,81,41,-334,-356,-1056,65,73,69,23,63,249,207,109,80,335,362,1086,6,3,3,39,5,60,32,19,16,195,26,304,288,47,30,274,280,283
OBKR_96,4386,2795,-1897,4403,4425,4401,5143,5127,5121,2714,2722,2716,2610,2620,2622,-2278,-2147,-2039,-2278,-2147,-2039,17,39,15,757,741,735,-80,-72,-78,-184,-174,-172,82,82,80,779,761,755,4,5,2,7,5,5,22,29,13,37,26,25,167,151,168,103,103,103
ALA015,6662,1871,-1894,6651,6659,6683,6683,6693,6695,2008,1968,1882,1860,1846,1830,-2275,-2144,-2036,-2275,-2144,-2036,-10,-2,21,21,31,33,136,96,10,-11,-25,-41,137,97,24,24,40,53,8,12,8,3,3,3,40,61,44,19,19,17,355,358,63,116,128,140
I3756,3200,1816,-1925,3227,3229,3257,3149,3151,3173,2232,2172,2120,2216,2160,2104,-2306,-2175,-2067,-2306,-2175,-2067,27,29,57,-50,-48,-26,416,356,304,400,344,288,417,357,309,403,347,289,12,6,7,11,8,9,61,32,36,56,40,46,3,4,10,352,351,354
I7805,4731,1547,-1920,4695,4707,4739,3199,3909,4523,1742,1618,1570,996,990,1052,-2301,-2170,-2062,-2301,-2170,-2062,-35,-23,8,-1531,-821,-207,195,71,23,-550,-556,-494,198,75,24,1627,992,536,51,6,2,81,134,91,257,30,11,407,674,455,349,341,19,250,235,202
TORTF.SG,3755,2253,-1911,4043,4037,4065,3947,3941,3987,2548,2472,2458,2496,2424,2416,-2292,-2161,-2053,-2292,-2161,-2053,288,282,310,192,186,232,295,219,205,243,171,163,412,357,371,310,253,283,11,13,10,13,19,20,56,68,54,68,96,104,44,52,56,38,47,54
MIB028,4734,3002,-1900,4593,4775,4771,4615,4625,4605,3088,3094,3086,3030,3064,3068,-2281,-2150,-2042,-2281,-2150,-2042,-140,41,37,-118,-108,-128,85,91,83,27,61,65,164,100,91,122,125,144,12,9,4,8,5,6,60,46,22,41,27,31,301,24,23,283,299,296
I10268,6657,1443,-1914,6695,6687,6685,6691,6691,6691,1614,1568,1592,1768,1754,1730,-2295,-2164,-2056,-2295,-2164,-2056,38,30,28,34,34,34,171,125,149,325,311,287,175,129,152,327,313,289,37,28,34,0,4,4,187,144,173,0,22,21,12,13,10,6,6,6
N17.SG,4920,3320,-1891,4993,5323,6249,5263,5161,5117,3160,3266,3800,3448,3226,3146,-2272,-2141,-2033,-2272,-2141,-2033,73,403,1329,343,241,197,-159,-53,480,128,-93,-173,175,407,1413,366,259,263,22,164,250,69,48,43,114,820,1253,348,242,219,155,97,70,69,111,131
I2609,3548,3606,-1896,4641,4675,4683,4457,4443,4403,3006,3020,3020,2968,3002,3012,-2277,-2146,-2038,-2277,-2146,-2038,1093,1127,1135,909,895,855,-600,-586,-586,-638,-604,-594,1247,1270,1277,1110,1079,1041,12,12,10,11,5,7,63,63,54,56,27,36,118,117,117,125,124,124
PMI009,4645,3014,-1903,4529,4531,4537,4417,4417,4415,2866,2888,2898,2868,2892,2908,-2284,-2153,-2045,-2284,-2153,-2045,-115,-113,-107,-227,-227,-229,-148,-126,-116,-146,-122,-106,187,169,158,270,258,252,15,12,13,8,10,11,75,60,69,43,51,58,217,221,222,237,241,245
MIB020,4734,3002,-1883,4605,4617,4605,4479,4293,4675,3054,3096,3078,3026,3074,3066,-2264,-2133,-2025,-2264,-2133,-2025,-128,-116,-128,-254,-440,-58,51,93,75,23,71,63,138,149,149,256,446,86,11,9,7,91,115,8,59,47,39,456,575,41,291,308,300,275,279,317
UNTA58_152,4387,2800,-1915,4417,4453,4437,3429,3529,3589,2768,2786,2786,3296,2518,2428,-2296,-2165,-2057,-2296,-2165,-2057,30,66,50,-957,-857,-797,-32,-14,-14,495,-282,-372,44,68,52,1078,902,879,8,13,10,29,18,6,41,69,51,148,90,33,136,101,105,297,251,244
ALA084,6662,1871,-1905,6663,6645,6681,6741,6749,6747,2134,2100,1926,1810,1808,1802,-2286,-2155,-2047,-2286,-2155,-2047,1,-16,19,79,87,85,262,228,54,-61,-63,-69,262,229,58,100,108,110,4,5,10,6,6,4,24,28,50,30,30,22,0,355,19,127,125,128
RISE179.SG,4549,3593,-1890,4919,5111,5483,5267,5203,5163,3126,3128,3342,2878,2866,2880,-2271,-2140,-2032,-2271,-2140,-2032,370,562,934,718,654,614,-467,-465,-251,-715,-727,-713,596,730,967,1013,978,941,16,91,186,6,7,8,83,456,932,32,36,42,141,129,105,134,137,139
MIB057,4734,3002,-1900,4643,4829,4767,4635,4669,4667,3008,3018,3018,3634,3544,3502,-2281,-2150,-2042,-2281,-2150,-2042,-90,95,33,-98,-64,-66,5,15,15,631,541,499,91,96,36,639,545,504,12,7,4,17,14,15,62,37,23,89,72,75,273,80,64,351,353,352
I1020,7407,4447,-1866,6669,6939,6941,6733,6675,6831,3940,4086,4062,3328,3382,3878,-2247,-2116,-2008,-2247,-2116,-2008,-737,-467,-465,-673,-731,-575,-506,-360,-384,-1118,-1064,-568,894,590,603,1305,1291,809,161,78,13,111,96,66,809,391,65,555,482,334,235,232,230,211,214,225
SZ1.SG,4925,2606,-1900,5337,5389,5331,5409,5329,5273,2724,2678,2572,2376,2406,2440,-2281,-2150,-2042,-2281,-2150,-2042,412,464,406,484,404,348,118,72,-33,-229,-199,-165,429,470,407,536,451,385,89,98,93,48,50,50,448,492,468,243,252,251,74,81,94,115,116,115
ETM004,6711,1837,-1899,6701,6695,6691,7041,7003,6957,1946,1894,1864,2288,2290,2264,-2280,-2149,-2041,-2280,-2149,-2041,-9,-15,-19,330,292,246,108,56,26,450,452,426,109,58,33,558,538,492,5,5,2,6,6,6,25,27,13,31,31,31,354,344,323,36,32,29
ETM005,6711,1837,-1909,6643,6667,6685,6691,6691,6691,2042,1946,1868,1772,1752,1728,-2290,-2159,-2051,-2290,-2159,-2051,-67,-43,-25,-19,-19,-19,204,108,30,-65,-85,-109,215,117,40,68,87,111,7,13,13,4,4,6,38,68,66,22,23,31,341,337,319,196,193,190
ETM006,6711,1837,-1861,6671,6687,6689,6437,6443,6445,1878,1806,1844,1822,1838,1838,-2242,-2111,-2003,-2242,-2111,-2003,-39,-23,-21,-273,-267,-265,40,-31,6,-15,0,0,56,39,22,274,267,265,12,22,12,5,3,3,64,111,61,25,19,16,315,217,286,266,270,270
ETM014,6711,1837,-1945,6679,6679,6693,6613,6627,6633,2028,1980,1896,1924,1918,1914,-2326,-2195,-2087,-2326,-2195,-2087,-31,-31,-17,-97,-83,-77,190,142,58,86,80,76,193,146,61,130,116,109,5,11,8,3,3,3,28,59,40,18,19,19,350,347,342,311,313,314
ETM026,6711,1837,-1904,6687,6675,6711,6717,6711,6705,2078,2006,1856,2040,2016,1976,-2285,-2154,-2046,-2285,-2154,-2046,-23,-35,0,6,0,-5,240,168,18,202,178,138,241,172,18,202,178,138,5,15,11,5,3,3,25,79,56,25,17,18,354,347,0,1,0,357
BIS130.SG,4130,2779,-1900,4573,4573,4533,3839,4303,4275,2938,2966,2966,3434,2972,2882,-2281,-2150,-2042,-2281,-2150,-2042,443,443,403,-290,173,145,159,187,187,655,193,103,471,481,445,716,259,178,23,8,10,56,52,44,115,41,50,282,263,221,70,67,65,336,41,54
BIS385.SG,4130,2779,-1899,4023,4147,4181,3731,3969,3937,2782,2762,2784,3406,3442,3436,-2280,-2149,-2041,-2280,-2149,-2041,-106,17,51,-398,-160,-192,3,-16,5,627,663,657,106,24,52,742,682,684,37,6,8,13,24,31,189,33,41,68,123,158,271,133,84,327,346,343
I6608_published,3176,2029,-1897,3189,3575,3929,3471,3507,3655,1914,1874,1850,2048,2012,2016,-2278,-2147,-2039,-2278,-2147,-2039,13,399,753,295,331,479,-114,-154,-178,19,-16,-12,115,428,773,295,331,479,37,90,78,88,82,88,185,452,393,442,413,442,173,111,103,86,92,91
UNTA58_153,4387,2800,-1880,3881,3857,3863,3977,4043,4177,2544,2448,2416,2598,2570,2624,-2261,-2130,-2022,-2261,-2130,-2022,-505,-529,-523,-409,-343,-209,-256,-352,-384,-202,-230,-176,566,635,649,456,413,273,15,12,13,9,25,31,75,61,67,45,127,156,243,236,233,243,236,229
MIB021,4734,3002,-1886,4593,4729,4687,4751,4703,4645,3040,3068,3064,3054,3060,3066,-2267,-2136,-2028,-2267,-2136,-2028,-140,-4,-46,17,-30,-88,37,65,61,51,57,63,145,65,77,54,65,109,12,1,5,5,4,3,60,7,25,28,20,15,284,355,322,18,331,305
VK214.SG,4454,3627,-1883,4499,4185,4137,4695,4681,4645,3320,3134,3186,3498,3444,3406,-2264,-2133,-2025,-2264,-2133,-2025,45,-268,-316,241,227,191,-306,-492,-440,-128,-182,-220,309,560,542,273,291,292,50,41,43,14,7,5,250,208,219,73,38,27,171,208,215,117,128,139
MIB036,4734,3002,-1879,4661,4849,4799,4751,4763,4731,3066,3068,3066,3062,3064,3064,-2260,-2129,-2021,-2260,-2129,-2021,-72,115,65,17,29,-2,63,65,63,59,61,61,96,132,91,62,68,61,12,5,5,2,2,2,61,29,26,10,12,11,311,60,45,15,25,357
KDC001,6957,2858,-1900,7107,7043,7007,7179,7127,7071,2604,2608,2632,2628,2634,2644,-2281,-2150,-2042,-2281,-2150,-2042,150,86,50,222,170,114,-254,-250,-226,-230,-224,-214,295,264,231,320,281,242,3,4,5,3,3,3,16,23,26,16,16,19,149,160,167,135,142,151
MIB054,4734,3002,-1885,4575,4845,4801,4831,4827,4781,3104,3090,3084,3154,3120,3118,-2266,-2135,-2027,-2266,-2135,-2027,-158,111,67,97,93,47,101,87,81,151,117,115,188,141,105,180,150,124,11,5,4,6,3,2,57,25,20,31,19,10,302,51,39,32,38,22
WEHR_1586,4381,2793,-1897,4583,4673,4557,4189,4269,4335,2818,2838,2840,2722,2736,2766,-2278,-2147,-2039,-2278,-2147,-2039,202,292,176,-191,-111,-45,24,44,46,-71,-57,-27,204,296,182,203,124,52,21,30,16,10,11,6,105,152,80,50,58,31,82,81,75,249,242,239
I1027,7407,4447,-1874,4985,5003,5545,4093,4023,4601,3116,3070,3404,3204,3244,3462,-2255,-2124,-2016,-2255,-2124,-2016,-2421,-2403,-1861,-3313,-3383,-2805,-1330,-1376,-1042,-1242,-1202,-984,2762,2769,2133,3538,3590,2973,23,6,242,14,145,328,118,31,1212,72,726,1643,241,240,240,249,250,250
MIS004,4734,3002,-1879,4789,4829,4769,3513,3771,4107,3010,3018,3018,3156,3078,3040,-2260,-2129,-2021,-2260,-2129,-2021,55,95,35,-1220,-962,-626,7,15,15,153,75,37,55,96,38,1230,965,628,8,5,5,27,82,78,41,29,26,139,410,391,82,80,65,277,274,273
I1029,7407,4447,-1874,5001,5103,6241,5319,5243,5193,3162,3172,3810,2932,2918,2936,-2255,-2124,-2016,-2255,-2124,-2016,-2405,-2303,-1165,-2087,-2163,-2213,-1284,-1274,-636,-1514,-1528,-1510,2726,2632,1327,2579,2648,2679,21,108,279,11,5,4,106,543,1395,55,28,23,241,241,241,234,234,235
MIB040,4734,3002,-1892,4587,4807,4795,5131,5065,5005,3096,3088,3080,2936,2922,2946,-2273,-2142,-2034,-2273,-2142,-2034,-146,73,61,397,331,271,93,85,77,-66,-80,-56,174,112,98,402,340,276,12,10,5,8,8,11,64,50,28,40,43,58,302,40,38,99,103,101
I3124,4628,1654,-1859,4661,4689,4657,4761,4755,4773,1686,1784,2206,2410,2462,2460,-2240,-2109,-2001,-2240,-2109,-2001,32,60,28,132,126,144,31,129,551,755,807,805,45,143,552,767,817,818,42,61,68,28,7,5,213,305,340,140,37,29,45,25,2,9,8,10
WEHR_1193,4381,2793,-1872,4961,4903,4791,5117,5059,5001,2986,2984,3008,2870,2864,2882,-2253,-2122,-2014,-2253,-2122,-2014,580,522,410,736,678,620,192,190,214,76,70,88,612,556,463,740,682,627,5,9,9,7,6,10,28,49,46,35,34,53,71,69,62,84,84,81
RISE109.SG,4816,3120,-1867,4683,4903,4849,4859,4825,4805,3102,3070,3070,3230,3192,3164,-2248,-2117,-2009,-2248,-2117,-2009,-132,87,33,43,9,-10,-17,-49,-49,110,72,44,133,100,60,118,72,45,29,6,3,5,4,2,145,31,16,29,23,13,262,119,146,21,7,346
ALA035,6662,1871,-1861,6659,6681,6691,6719,6729,6717,1968,1898,1846,1728,1722,1700,-2242,-2111,-2003,-2242,-2111,-2003,-2,19,29,57,67,55,96,26,-25,-143,-149,-171,97,33,38,154,163,179,12,12,3,3,2,4,60,61,15,15,12,22,358,36,130,158,155,161
MIB007,4734,3002,-1861,4999,4935,4841,3731,4113,4145,2958,2968,2984,3102,2954,2998,-2242,-2111,-2003,-2242,-2111,-2003,265,201,107,-1002,-620,-588,-44,-34,-18,99,-48,-4,268,203,108,1007,622,588,6,9,12,71,60,61,31,49,61,357,304,308,99,99,99,275,265,269
I1057,7407,4447,-1861,5291,6319,7161,5255,6101,7045,3202,3764,4262,3090,3608,4208,-2242,-2111,-2003,-2242,-2111,-2003,-2115,-1087,-245,-2151,-1305,-361,-1244,-682,-184,-1356,-838,-238,2454,1283,307,2543,1551,433,92,233,17,7,237,161,461,1166,86,39,1186,806,239,237,233,237,237,236
I0115,4437,3146,-1870,4623,4617,4617,4851,4767,4713,3076,3112,3088,3168,3158,3144,-2251,-2120,-2012,-2251,-2120,-2012,186,180,180,414,330,276,-70,-34,-58,21,11,-2,198,183,189,414,330,276,10,7,9,7,9,11,53,37,47,38,45,59,110,100,107,86,87,90
MIB019,4734,3002,-1856,4629,4635,4601,4885,4857,4793,3108,3120,3114,3052,3002,3018,-2237,-2106,-1998,-2237,-2106,-1998,-104,-98,-132,151,123,59,105,117,111,49,0,15,148,153,173,159,123,61,10,6,7,27,9,7,53,30,38,139,49,38,315,319,310,71,90,75
RISE395.SG,7374,4390,-1870,5053,5137,6243,4839,4831,4813,3100,3110,3786,3290,3258,3218,-2251,-2120,-2012,-2251,-2120,-2012,-2320,-2236,-1130,-2534,-2542,-2560,-1290,-1280,-604,-1100,-1132,-1172,2655,2577,1281,2763,2783,2816,5,104,270,7,4,4,28,522,1352,38,20,24,240,240,241,246,245,245
MIB063,4734,3002,-1864,4867,4875,4815,4455,4273,3815,3014,3018,3016,3212,3234,3262,-2245,-2114,-2006,-2245,-2114,-2006,133,141,81,-278,-460,-918,11,15,13,209,231,259,133,141,82,348,515,954,6,7,9,19,41,66,34,39,48,95,207,331,84,83,80,306,296,285
MIB006,4734,3002,-1839,5033,4963,4863,4721,4787,4775,2968,2974,2992,3052,3034,3020,-2220,-2089,-1981,-2220,-2089,-1981,299,229,129,-12,53,41,-34,-28,-10,49,31,17,301,230,129,51,61,44,7,12,13,3,5,4,37,61,66,19,26,23,96,97,94,345,59,66
I1060,7407,4447,-1881,4857,5279,5751,4747,5025,5629,3166,3298,3548,3220,3210,3510,-2262,-2131,-2023,-2262,-2131,-2023,-2549,-2127,-1655,-2659,-2381,-1777,-1280,-1148,-898,-1226,-1236,-936,2852,2417,1883,2928,2683,2009,45,180,261,69,7,229,226,902,1305,345,36,1148,243,241,241,245,242,242
I1062,7407,4447,-1881,5245,6037,6577,5563,6007,7087,3124,3590,3910,3800,3928,4314,-2262,-2131,-2023,-2262,-2131,-2023,-2161,-1369,-829,-1843,-1399,-319,-1322,-856,-536,-646,-518,-132,2533,1615,987,1953,1492,345,103,263,258,152,220,173,515,1317,1293,764,1100,866,238,237,237,250,249,247
I1065,7407,4447,-1863,4991,5525,6179,5391,5607,5507,3064,3316,3708,3638,3342,3198,-2244,-2113,-2005,-2244,-2113,-2005,-2415,-1881,-1227,-2015,-1799,-1899,-1382,-1130,-738,-808,-1104,-1248,2783,2195,1432,2171,2111,2273,38,221,278,104,189,197,191,1109,1390,522,949,987,240,238,238,248,238,236
I1022,7407,4447,-1903,4685,5065,4925,4717,5033,5497,3128,3164,3092,3172,3214,3460,-2284,-2153,-2045,-2284,-2153,-2045,-2721,-2341,-2481,-2689,-2373,-1909,-1318,-1282,-1354,-1274,-1232,-986,3024,2669,2827,2976,2674,2149,44,109,12,41,110,240,222,549,61,208,552,1201,244,241,241,244,242,242
I1088,7407,4447,-1841,5133,6085,6923,4785,6069,7077,3180,3676,4162,3402,3850,4220,-2222,-2091,-1983,-2222,-2091,-1983,-2273,-1321,-483,-2621,-1337,-329,-1266,-770,-284,-1044,-596,-226,2602,1529,560,2821,1464,399,109,264,216,273,329,169,548,1324,1082,1369,1647,846,240,239,239,248,245,235
I1084,7407,4447,-1863,4859,5083,5527,4131,4781,5639,3080,3132,3404,3122,3444,3784,-2244,-2113,-2005,-2244,-2113,-2005,-2547,-2323,-1879,-3275,-2625,-1767,-1366,-1314,-1042,-1324,-1002,-662,2890,2669,2149,3533,2810,1887,46,109,244,53,315,381,230,549,1222,268,1578,1907,241,240,240,247,249,249
I1082,7407,4447,-1882,5013,5911,6471,5457,6221,7381,3180,3574,3878,3310,3714,4450,-2263,-2132,-2024,-2263,-2132,-2024,-2393,-1495,-935,-1949,-1185,-25,-1266,-872,-568,-1136,-732,3,2707,1731,1094,2256,1393,25,122,258,265,156,254,10,614,1290,1325,780,1273,50,242,239,238,239,238,277
I1055,7407,4447,-1866,5145,5759,6659,4939,5565,6311,3036,3406,3966,3058,3388,3808,-2247,-2116,-2008,-2247,-2116,-2008,-2261,-1647,-747,-2467,-1841,-1095,-1410,-1040,-480,-1388,-1058,-638,2665,1948,888,2831,2124,1267,8,244,256,46,239,282,42,1223,1284,230,1196,1410,238,237,237,240,240,239
I1018,7407,4447,-1866,4801,5181,5643,4877,4941,4885,3110,3200,3466,3100,3096,3100,-2247,-2116,-2008,-2247,-2116,-2008,-2605,-2225,-1763,-2529,-2465,-2521,-1336,-1246,-980,-1346,-1350,-1346,2928,2550,2017,2865,2811,2858,47,152,254,30,12,13,238,761,1272,153,64,66,242,240,240,241,241,241
I1019,7407,4447,-1835,5125,6111,6585,4951,6313,6773,3030,3638,3908,3162,3818,4068,-2216,-2085,-1977,-2216,-2085,-1977,-2281,-1295,-821,-2455,-1093,-633,-1416,-808,-538,-1284,-628,-378,2685,1527,982,2771,1261,737,12,272,263,119,268,232,60,1362,1316,596,1341,1163,238,238,236,242,240,239
I1086,7407,4447,-1897,4739,5109,5869,5279,5301,5137,3120,3142,3564,3276,3062,2980,-2278,-2147,-2039,-2278,-2147,-2039,-2667,-2297,-1537,-2127,-2105,-2269,-1326,-1304,-882,-1170,-1384,-1466,2979,2642,1772,2428,2519,2702,54,109,268,42,106,11,272,546,1340,211,532,59,243,240,240,241,236,237
I1090,7407,4447,-1855,4817,4927,4889,5173,5055,4973,3156,3142,3124,3076,3024,3046,-2236,-2105,-1997,-2236,-2105,-1997,-2589,-2479,-2517,-2233,-2351,-2433,-1290,-1304,-1322,-1370,-1422,-1400,2893,2801,2843,2620,2748,2807,37,8,11,53,11,13,188,41,58,268,55,67,243,242,242,238,238,240
I1024,7407,4447,-1862,4673,4827,4807,3605,3517,3645,3148,3124,3118,2972,2962,3054,-2243,-2112,-2004,-2243,-2112,-2004,-2733,-2579,-2599,-3801,-3889,-3761,-1298,-1322,-1328,-1474,-1484,-1392,3026,2898,2919,4077,4163,4010,30,15,10,26,8,50,152,79,52,132,44,250,244,242,242,248,249,249
I1063,7407,4447,-1881,5323,5883,6597,5337,5161,5095,3164,3448,3902,3166,2966,2984,-2262,-2131,-2023,-2262,-2131,-2023,-2083,-1523,-809,-2069,-2245,-2311,-1282,-998,-544,-1280,-1480,-1462,2446,1821,975,2433,2689,2735,149,250,258,88,9,10,748,1251,1292,442,47,51,238,236,236,238,236,237
I1089,7407,4447,-1891,4759,5391,5773,5123,5455,5447,3138,3340,3534,3084,3266,3340,-2272,-2141,-2033,-2272,-2141,-2033,-2647,-2015,-1633,-2283,-1951,-1959,-1308,-1106,-912,-1362,-1180,-1106,2953,2299,1871,2659,2280,2250,52,202,259,15,201,227,261,1014,1297,78,1007,1137,243,241,240,239,238,240
I0982,7407,4447,-1870,4677,5075,4759,5319,5203,5165,3312,3498,3322,3060,2906,2910,-2251,-2120,-2012,-2251,-2120,-2012,-2729,-2331,-2647,-2087,-2203,-2241,-1134,-948,-1124,-1386,-1540,-1536,2955,2517,2876,2506,2688,2717,63,228,137,65,8,7,318,1144,688,325,43,37,247,247,246,236,235,235
I0937,7407,4447,-1884,5025,5021,5137,3765,3725,3707,3034,3016,3142,3254,3292,3304,-2265,-2134,-2026,-2265,-2134,-2026,-2381,-2385,-2269,-3641,-3681,-3699,-1412,-1430,-1304,-1192,-1154,-1142,2768,2781,2617,3831,3858,3871,34,11,156,20,16,6,170,57,783,101,83,33,239,239,240,251,252,252
I0938,7407,4447,-1857,4857,5579,6051,5235,6019,6559,3104,3422,3688,3130,3610,3942,-2238,-2107,-1999,-2238,-2107,-1999,-2549,-1827,-1355,-2171,-1387,-847,-1342,-1024,-758,-1316,-836,-504,2881,2095,1553,2539,1620,986,47,238,278,105,265,263,238,1190,1392,527,1328,1318,242,240,240,238,238,239
I0939,7407,4447,-1887,5097,5651,6751,4985,6105,7059,3162,3390,4028,3286,3724,4212,-2268,-2137,-2029,-2268,-2137,-2029,-2309,-1755,-655,-2421,-1301,-347,-1284,-1056,-418,-1160,-722,-234,2642,2048,777,2685,1488,419,117,230,240,205,273,173,588,1151,1201,1027,1367,866,240,238,237,244,240,235
I0942,7407,4447,-1867,4815,4923,4889,4909,5579,6493,3182,3158,3144,3290,3620,4042,-2248,-2117,-2009,-2248,-2117,-2009,-2591,-2483,-2517,-2497,-1827,-913,-1264,-1288,-1302,-1156,-826,-404,2883,2797,2834,2752,2005,999,34,8,10,186,305,300,170,40,51,931,1527,1504,243,242,242,245,245,246
I0943,7407,4447,-1890,4751,4845,4809,5151,5109,5031,3196,3178,3164,3000,2960,2988,-2271,-2140,-2032,-2271,-2140,-2032,-2655,-2561,-2597,-2255,-2297,-2375,-1250,-1268,-1282,-1446,-1486,-1458,2935,2858,2896,2679,2736,2787,30,6,7,12,10,11,152,31,37,64,53,57,244,243,243,237,237,238
I0983,7407,4447,-1891,6831,6873,6881,6827,6823,6837,3400,3660,3730,3278,3490,3630,-2272,-2141,-2033,-2272,-2141,-2033,-575,-533,-525,-579,-583,-569,-1046,-786,-716,-1168,-956,-816,1194,950,888,1304,1120,995,70,55,52,45,53,40,354,277,263,226,268,203,208,214,216,206,211,214
I0986,7407,4447,-1900,4907,5437,6177,4079,3903,3937,3118,3296,3724,3190,3228,3270,-2281,-2150,-2042,-2281,-2150,-2042,-2499,-1969,-1229,-3327,-3503,-3469,-1328,-1150,-722,-1256,-1218,-1176,2830,2280,1426,3556,3709,3663,51,200,274,20,28,147,259,1004,1374,104,143,739,242,239,239,249,250,251
I0989,7407,4447,-1880,4913,5997,6549,5447,5839,6339,3192,3654,3948,3212,3470,3818,-2261,-2130,-2022,-2261,-2130,-2022,-2493,-1409,-857,-1959,-1567,-1067,-1254,-792,-498,-1234,-976,-628,2791,1617,991,2315,1846,1238,130,263,260,173,255,279,650,1319,1300,865,1275,1398,243,240,239,237,238,239
I1003,7407,4447,-1892,4991,4981,4893,4407,4121,3983,2982,2966,2980,3020,3126,3188,-2273,-2142,-2034,-2273,-2142,-2034,-2415,-2425,-2513,-2999,-3285,-3423,-1464,-1480,-1466,-1426,-1320,-1258,2824,2841,2910,3321,3540,3647,28,12,15,9,66,66,144,61,77,46,331,330,238,238,239,244,248,249
I1006,7407,4447,-1846,4869,6259,6545,4915,5119,5835,3122,3812,3964,3222,3252,3620,-2227,-2096,-1988,-2227,-2096,-1988,-2537,-1147,-861,-2491,-2287,-1571,-1324,-634,-482,-1224,-1194,-826,2862,1311,987,2776,2580,1775,50,273,264,48,104,254,254,1366,1324,242,524,1273,242,241,240,243,242,242
I1007,7407,4447,-1883,6971,6757,6675,6877,6717,6329,3592,3812,3958,3444,3450,3498,-2264,-2133,-2025,-2264,-2133,-2025,-435,-649,-731,-529,-689,-1077,-854,-634,-488,-1002,-996,-948,959,908,879,1133,1211,1435,30,67,67,7,70,103,150,335,337,37,351,516,206,225,236,207,214,228
I1008,7407,4447,-1866,5009,6167,6547,5783,6735,7319,3154,3748,3948,3614,4034,4328,-2247,-2116,-2008,-2247,-2116,-2008,-2397,-1239,-859,-1623,-671,-87,-1292,-698,-498,-832,-412,-118,2723,1422,993,1824,788,147,44,265,258,284,235,9,221,1325,1293,1423,1179,48,241,240,239,242,238,216
I1011,7407,4447,-1920,4815,5021,5171,5089,5157,4999,3084,3064,3170,3114,3098,3050,-2301,-2170,-2062,-2301,-2170,-2062,-2591,-2385,-2235,-2317,-2249,-2407,-1362,-1382,-1276,-1332,-1348,-1396,2927,2757,2574,2673,2622,2783,49,5,153,9,106,10,248,28,766,46,534,50,242,239,240,240,239,239
I1013,7407,4447,-1840,5213,6069,7115,4025,3971,4743,3234,3684,4262,3190,3240,3502,-2221,-2090,-1982,-2221,-2090,-1982,-2193,-1337,-291,-3381,-3435,-2663,-1212,-762,-184,-1256,-1206,-944,2506,1539,344,3607,3641,2825,103,253,140,33,148,347,516,1266,703,165,744,1738,241,240,237,249,250,250
I1061,7407,4447,-1882,4969,5889,6355,4983,5533,6039,3174,3602,3850,3296,3526,3762,-2263,-2132,-2024,-2263,-2132,-2024,-2437,-1517,-1051,-2423,-1873,-1367,-1272,-844,-596,-1150,-920,-684,2749,1736,1208,2682,2087,1529,46,255,268,33,212,251,233,1277,1341,168,1062,1258,242,240,240,244,243,243
I7480,7407,4447,-1893,4933,5521,6453,5073,5405,6329,3152,3370,3906,3150,3322,3854,-2274,-2143,-2035,-2274,-2143,-2035,-2473,-1885,-953,-2333,-2001,-1077,-1294,-1076,-540,-1296,-1124,-592,2791,2171,1096,2669,2295,1229,47,217,267,12,200,275,238,1086,1336,61,1001,1375,242,240,240,240,240,241
I10104,6657,1443,-1868,6707,6691,6689,6663,6507,6511,1478,1464,1458,1674,1344,1234,-2249,-2118,-2010,-2249,-2118,-2010,50,34,32,6,-149,-145,35,21,15,231,-98,-208,61,40,35,231,179,254,4,0,15,12,7,7,22,0,76,63,37,39,54,58,64,1,236,214
I10265,6657,1443,-1873,6869,6777,6761,6771,6777,6763,2104,1988,1920,1624,1612,1582,-2254,-2123,-2015,-2254,-2123,-2015,212,120,104,114,120,106,661,545,477,181,169,139,694,558,488,214,207,175,43,26,26,4,5,6,216,132,133,21,28,30,17,12,12,32,35,37
I1012_published,7407,4447,-1851,5125,5999,6737,5241,5259,5199,3218,3624,4048,3702,3308,3054,-2232,-2101,-1993,-2232,-2101,-1993,-2281,-1407,-669,-2165,-2147,-2207,-1228,-822,-398,-744,-1138,-1392,2591,1630,779,2289,2430,2610,161,266,245,39,45,12,807,1333,1227,198,228,63,241,239,239,251,242,237
I0944,7262,4481,-1870,4361,3953,4207,6911,7119,7277,3222,3200,3224,3664,3948,4168,-2251,-2120,-2012,-2251,-2120,-2012,-2901,-3309,-3055,-351,-143,14,-1258,-1280,-1256,-816,-532,-312,3162,3548,3303,888,551,313,98,92,93,176,141,72,494,460,466,881,707,363,246,248,247,203,195,177
MX252,4236,2739,-1846,4347,4373,4353,3545,3977,4125,2766,2782,2776,3710,3082,2726,-2227,-2096,-1988,-2227,-2096,-1988,111,137,117,-690,-258,-110,26,42,36,970,342,-13,114,143,123,1191,429,111,9,11,7,13,114,7,45,58,39,68,573,35,76,72,72,324,322,263
rath2.SG,3301,3691,-1877,4629,4645,4641,4179,4129,3851,3038,3056,3056,3370,3352,3366,-2258,-2127,-2019,-2258,-2127,-2019,1327,1343,1339,877,827,549,-652,-634,-634,-320,-338,-324,1479,1486,1482,934,894,638,12,10,7,60,59,62,64,51,36,300,296,310,116,115,115,110,112,120
VLI046,4637,3037,-1853,4963,4895,4819,3977,4005,4203,2966,2968,2974,2768,2746,2832,-2234,-2103,-1995,-2234,-2103,-1995,326,258,182,-659,-631,-433,-71,-69,-63,-269,-291,-205,334,267,193,712,695,479,9,10,10,17,33,49,45,54,52,86,167,246,102,104,109,247,245,244
I2601,3720,3171,-1874,3959,4225,4245,3517,3779,3963,2938,2872,2904,3394,3136,2832,-2255,-2124,-2016,-2255,-2124,-2016,239,505,525,-202,59,243,-232,-298,-266,223,-34,-338,333,586,589,301,68,416,29,5,6,22,8,4,146,25,32,114,41,23,134,120,116,317,120,144
KO1008,4690,3004,-1850,4887,4871,4787,4339,4453,4509,2908,2910,2918,2810,2848,2866,-2231,-2100,-1992,-2231,-2100,-1992,196,180,96,-351,-237,-181,-95,-93,-85,-193,-155,-137,218,203,129,400,283,227,12,13,7,21,17,7,64,66,39,109,85,39,115,117,131,241,236,232
MA2200_final.SG,6345,2126,-1852,6605,6569,6581,6375,6391,6399,1910,1874,1788,2080,2094,2098,-2233,-2102,-1994,-2233,-2102,-1994,260,224,236,30,46,54,-216,-252,-338,-46,-32,-28,338,337,412,55,56,60,39,50,59,13,7,9,197,254,299,68,38,45,129,138,145,146,124,117
MA2203_final.SG,6345,2126,-1818,6415,6389,6405,6327,6341,6355,2016,2028,1994,2084,2096,2092,-2199,-2068,-1960,-2199,-2068,-1960,70,44,60,-17,-3,10,-110,-98,-132,-42,-30,-34,130,107,145,45,30,35,47,43,52,10,7,7,238,219,263,52,36,37,147,155,155,203,187,163
MA2205_final.SG,6345,2126,-1898,6665,6671,6667,6527,6521,6501,1946,1884,1806,2006,2004,1994,-2279,-2148,-2040,-2279,-2148,-2040,320,326,322,182,176,156,-180,-242,-320,-120,-122,-132,367,406,454,218,214,204,25,29,38,6,5,7,128,148,192,30,27,35,119,126,134,123,124,130
MA2206_final.SG,6345,2126,-1849,6651,6631,6613,6437,6417,6403,1982,1962,1896,2020,2016,2012,-2230,-2099,-1991,-2230,-2099,-1991,306,286,268,92,72,58,-144,-164,-230,-106,-110,-114,338,329,353,140,131,128,24,29,43,6,6,6,122,147,215,31,34,31,115,119,130,139,146,153
MA2208_final.SG,6345,2126,-1913,6639,6623,6591,6425,6411,6401,2034,1988,1980,2048,2048,2046,-2294,-2163,-2055,-2294,-2163,-2055,294,278,246,80,66,56,-92,-138,-146,-78,-78,-80,308,310,286,111,102,97,26,30,34,10,8,9,130,150,171,50,40,47,107,116,120,134,139,145
ETM001,6711,1837,-1851,6667,6683,6691,6747,6745,6739,1796,1742,1802,1994,1944,1920,-2232,-2101,-1993,-2232,-2101,-1993,-43,-27,-19,36,34,28,-41,-95,-35,156,106,82,60,99,40,160,111,87,15,24,21,5,6,3,75,120,106,29,31,16,226,196,209,12,17,18
VLI047,4637,3037,-1872,4683,4765,4755,3531,3585,3683,3070,3070,3064,3078,3092,3118,-2253,-2122,-2014,-2253,-2122,-2014,46,128,118,-1105,-1051,-953,32,32,26,40,54,80,57,132,121,1106,1052,956,12,10,9,16,35,39,60,50,48,82,175,196,54,75,77,272,272,274
RISE394.SG,7163,4190,-1869,5123,5741,7007,5009,4897,4767,3078,3430,4204,3018,3020,3034,-2250,-2119,-2011,-2250,-2119,-2011,-2039,-1421,-155,-2153,-2265,-2395,-1112,-760,13,-1172,-1170,-1156,2322,1611,155,2451,2549,2659,4,187,156,9,11,15,21,936,780,45,57,76,241,241,275,241,242,244
MIB066,4734,3002,-1848,4653,4727,4669,4557,4501,4225,3004,3018,3016,3028,3050,3100,-2229,-2098,-1990,-2229,-2098,-1990,-80,-6,-64,-176,-232,-508,1,15,13,25,47,97,80,17,66,178,237,518,17,4,7,8,8,88,89,20,35,41,40,442,271,336,281,278,281,280
I7639,3672,3283,-1844,4913,4913,4843,3767,3767,3773,3026,3030,3036,3238,3276,3286,-2225,-2094,-1986,-2225,-2094,-1986,1241,1241,1171,95,95,101,-256,-252,-246,-44,-6,3,1268,1267,1197,105,95,101,29,11,14,24,17,15,148,57,74,121,85,75,101,101,101,115,94,88
VLI050,4637,3037,-1837,3495,3535,3577,5057,5055,5001,2470,2390,2352,3794,3898,3852,-2218,-2087,-1979,-2218,-2087,-1979,-1141,-1101,-1059,420,418,364,-567,-647,-685,756,860,814,1274,1277,1261,865,957,892,6,7,6,25,28,25,33,36,34,127,143,126,243,239,237,29,25,24
I0354,6869,4063,-1852,6879,6845,6873,6749,6781,6623,3584,3712,3666,3362,3558,3632,-2233,-2102,-1994,-2233,-2102,-1994,10,-23,4,-119,-87,-245,-479,-351,-397,-701,-505,-431,479,352,397,711,512,496,40,49,48,38,46,80,203,248,244,192,231,400,178,183,179,189,189,209
MIB035,4734,3002,-1853,4669,4775,4717,4695,4735,4711,3138,3128,3128,3250,3224,3200,-2234,-2103,-1995,-2234,-2103,-1995,-64,41,-16,-38,1,-22,135,125,125,247,221,197,150,132,126,250,221,198,10,4,4,6,3,5,51,20,22,32,17,26,334,18,352,351,0,353
MIB026,4734,3002,-1855,4541,4555,4491,4725,4703,4685,2872,2894,2876,2868,2868,2868,-2236,-2105,-1997,-2236,-2105,-1997,-192,-178,-242,-8,-30,-48,-130,-108,-126,-134,-134,-134,232,209,273,134,137,142,8,15,9,3,2,2,43,75,48,16,11,11,235,238,242,183,192,200
MIB037,4734,3002,-1856,4673,4863,4805,4313,3997,3675,3106,3082,3080,3228,3248,3256,-2237,-2106,-1998,-2237,-2106,-1998,-60,129,71,-420,-736,-1058,103,79,77,225,245,253,120,151,105,477,776,1088,14,5,4,25,51,22,74,25,23,127,257,110,329,58,42,298,288,283
I2421,3589,3589,-1842,4195,4325,4311,3553,3551,3575,2926,2962,2970,3422,3600,3624,-2223,-2092,-1984,-2223,-2092,-1984,606,736,722,-35,-37,-13,-662,-626,-618,-166,11,35,898,966,951,170,39,37,34,5,5,18,5,6,171,26,29,90,25,33,137,130,130,192,287,339
MX277,4236,2739,-1843,4167,4201,4219,4209,4197,4211,2546,2532,2540,2590,2558,2562,-2224,-2093,-1985,-2224,-2093,-1985,-68,-34,-16,-26,-38,-24,-193,-207,-199,-149,-181,-177,205,210,200,151,185,179,8,5,5,6,6,4,44,25,26,30,32,22,199,189,184,190,191,187
MIB031,4734,3002,-1839,3993,4179,3965,4571,4643,4595,3022,2990,3144,2976,3018,3018,-2220,-2089,-1981,-2220,-2089,-1981,-740,-554,-768,-162,-90,-138,19,-12,141,-26,15,15,741,555,781,165,92,139,70,25,55,49,5,3,354,126,278,249,26,19,271,268,280,260,279,276
MIB032,4734,3002,-1844,5043,4967,4865,4609,4701,4673,2964,2972,2994,2982,3014,3012,-2225,-2094,-1986,-2225,-2094,-1986,309,233,131,-124,-32,-60,-38,-30,-8,-20,11,9,311,235,131,126,34,61,6,12,13,15,9,6,34,62,67,75,45,32,97,97,93,260,289,279
MIB071,4734,3002,-1836,4871,4825,4761,4977,4909,4841,3018,3018,3018,3016,3022,3036,-2217,-2086,-1978,-2217,-2086,-1978,137,91,27,243,175,107,15,15,15,13,19,33,137,92,31,243,176,112,7,8,5,9,7,7,39,40,27,45,38,36,83,80,59,86,83,72
I1017,7407,4447,-1839,6915,6897,6843,6945,6921,6807,3550,3540,3682,3568,3548,3524,-2220,-2089,-1981,-2220,-2089,-1981,-491,-509,-563,-461,-485,-599,-896,-906,-764,-878,-898,-922,1022,1040,949,992,1021,1100,18,47,46,8,6,65,90,235,232,44,34,327,208,209,216,207,208,213
RISE154.SG,4808,3116,-1864,5077,5035,4939,4545,4539,4517,3002,2984,3012,3076,3108,3098,-2245,-2114,-2006,-2245,-2114,-2006,269,227,131,-262,-268,-290,-113,-131,-103,-39,-7,-17,292,263,167,265,268,290,6,9,12,10,13,61,32,49,63,53,69,307,112,120,128,261,268,266
oll009.SG,4574,3663,-1834,3923,4021,4103,4649,4625,4597,2790,2804,2906,3666,3604,3596,-2215,-2084,-1976,-2215,-2084,-1976,-650,-552,-470,75,51,23,-873,-859,-757,2,-59,-67,1089,1021,891,75,78,71,61,44,54,5,6,9,309,224,270,25,33,49,216,212,211,87,139,161
I1053,7407,4447,-1825,4943,4967,4889,5041,4951,4941,3090,3066,3080,3032,3046,3126,-2206,-2075,-1967,-2206,-2075,-1967,-2463,-2439,-2517,-2365,-2455,-2465,-1356,-1380,-1366,-1414,-1400,-1320,2812,2803,2864,2756,2826,2796,29,5,9,5,7,115,147,25,46,29,36,578,241,240,241,239,240,241
ALA023,6662,1871,-1821,6701,6689,6683,6643,6649,6651,1500,1490,1550,1976,1944,1922,-2202,-2071,-1963,-2202,-2071,-1963,39,27,21,-18,-12,-10,-371,-381,-321,104,72,50,373,382,321,106,74,52,5,14,30,6,5,4,25,71,153,34,27,21,173,175,176,350,350,348
WEHR_1192SkB,4381,2793,-1834,4045,4101,4153,4555,4729,4679,2660,2668,2704,2842,2914,2916,-2215,-2084,-1976,-2215,-2084,-1976,-335,-279,-227,174,348,298,-133,-125,-89,48,120,122,360,305,244,181,369,323,10,10,9,18,6,4,50,53,47,91,34,23,248,245,248,74,70,67
I2610,3573,3601,-1813,4167,4255,4235,3673,4395,4639,2860,2896,2906,2976,3054,3068,-2194,-2063,-1955,-2194,-2063,-1955,594,682,662,100,822,1066,-740,-704,-694,-624,-546,-532,949,981,960,632,987,1192,21,3,4,55,66,10,108,15,21,275,331,50,141,135,136,170,123,116
I3494,3374,1819,-1844,3273,3169,3187,3263,3263,3261,2162,2104,1984,2212,2164,2140,-2225,-2094,-1986,-2225,-2094,-1986,-100,-204,-186,-110,-110,-112,343,285,165,393,345,321,358,351,249,408,362,340,13,16,16,6,5,5,66,84,80,32,29,26,343,324,311,344,342,340
ALA095,6662,1871,-1810,6595,6667,6689,6731,6727,6709,2026,1876,1836,1880,1850,1830,-2191,-2060,-1952,-2191,-2060,-1952,-66,5,27,69,65,47,154,4,-35,8,-21,-41,168,7,44,70,69,62,11,18,5,3,3,3,58,91,25,17,17,15,336,48,141,82,107,130
MIB059,4734,3002,-1832,4613,4597,4575,4545,4513,4383,3028,3034,3020,3340,3310,3310,-2213,-2082,-1974,-2213,-2082,-1974,-120,-136,-158,-188,-220,-350,25,31,17,337,307,307,123,140,159,386,378,466,7,9,7,18,8,49,39,48,39,93,41,245,281,283,276,330,324,311
MIB001,4734,3002,-1822,4583,4555,4365,5081,5019,4951,3090,3112,3118,2914,2928,2950,-2203,-2072,-1964,-2203,-2072,-1964,-150,-178,-368,347,285,217,87,109,115,-88,-74,-52,174,209,386,358,294,223,10,9,69,6,7,8,51,45,345,33,37,44,300,301,287,104,104,103
I12809,3200,1816,-1821,3263,3313,3325,3191,3197,3197,2232,2164,2132,2240,2190,2168,-2202,-2071,-1963,-2202,-2071,-1963,63,113,125,-8,-2,-2,416,348,316,424,374,352,421,366,340,424,374,352,5,5,5,4,5,5,29,26,28,24,28,28,8,18,21,358,359,359
MIB052,4734,3002,-1829,4717,4727,4665,5109,5011,4899,3018,3018,3018,2870,2892,2922,-2210,-2079,-1971,-2210,-2079,-1971,-16,-6,-68,375,277,165,15,15,15,-132,-110,-80,23,17,70,397,298,183,9,4,5,7,12,14,48,20,28,37,62,71,312,336,282,109,111,115
ERS1790733.SG,6659,1557,-1822,6693,6699,6693,6709,6693,6691,1964,1886,1836,1732,1704,1672,-2203,-2072,-1964,-2203,-2072,-1964,34,40,34,50,34,32,407,329,279,175,147,115,408,331,281,182,151,119,12,8,5,7,4,6,61,42,28,35,22,33,4,6,6,16,13,15
AITI_72,4383,2790,-1832,4361,4377,4363,4713,4687,4681,2706,2712,2708,2764,2766,2766,-2213,-2082,-1974,-2213,-2082,-1974,-21,-5,-19,330,304,298,-83,-77,-81,-25,-23,-23,86,77,84,331,304,299,8,5,6,12,7,7,40,26,32,61,38,37,194,184,193,94,94,94
LON001,4255,1864,-1830,4221,4241,4245,4241,4241,4241,1926,1918,1914,1920,1918,1914,-2211,-2080,-1972,-2211,-2080,-1972,-33,-13,-9,-13,-13,-13,62,54,50,56,54,50,70,55,51,57,55,51,4,2,2,1,0,2,24,13,12,9,0,11,331,346,349,346,346,345
MIB042,4734,3002,-1823,4545,4499,4451,4975,4913,4869,3022,3048,3026,2906,2916,2918,-2204,-2073,-1965,-2204,-2073,-1965,-188,-234,-282,241,179,135,19,45,23,-96,-86,-84,189,239,283,259,198,159,11,9,9,9,5,4,56,48,48,45,28,21,275,281,274,111,115,121
KO1015,4690,3004,-1825,5051,4967,4857,4433,4455,4089,2970,2984,3012,3004,3022,3098,-2206,-2075,-1967,-2206,-2075,-1967,360,276,166,-257,-235,-601,-33,-19,8,0,18,94,362,277,167,257,235,608,6,9,14,6,10,100,32,48,72,31,52,502,95,94,87,270,274,278
I2463,3720,3171,-1823,4133,3855,3823,3869,3809,3755,3192,3224,3226,3224,3236,3260,-2204,-2073,-1965,-2204,-2073,-1965,413,135,103,149,89,35,21,53,55,53,65,89,414,145,117,158,110,96,79,65,52,11,9,6,397,326,264,59,49,30,87,68,61,70,53,21
AITI_50,4383,2790,-1822,4827,4773,4683,4149,4517,4555,2918,2918,2918,2804,2902,2918,-2203,-2072,-1964,-2203,-2072,-1964,444,390,300,-233,134,172,128,128,128,14,112,128,462,410,326,234,174,214,12,10,9,38,12,4,63,51,45,193,63,24,73,71,66,273,50,53
OBE3626-1.SG,4134,2819,-1818,4595,4561,4483,3511,3521,3701,3086,3102,3092,3512,3630,3354,-2199,-2068,-1960,-2199,-2068,-1960,461,427,349,-622,-612,-432,266,282,272,692,810,534,532,512,443,931,1016,688,10,8,15,21,39,94,54,40,77,105,197,473,59,56,51,318,322,321
MIB009,4734,3002,-1830,4739,4863,4803,4883,5039,5807,3112,3088,3088,3202,3266,3654,-2211,-2080,-1972,-2211,-2080,-1972,5,129,69,149,305,1073,109,85,85,199,263,651,109,154,110,249,403,1255,16,6,4,5,151,276,81,31,24,27,759,1382,2,56,38,36,49,58
VLI042,4637,3037,-1805,4839,4795,4721,5227,5183,5173,2968,2968,2968,2760,2776,2794,-2186,-2055,-1947,-2186,-2055,-1947,202,158,84,590,546,536,-69,-69,-69,-277,-261,-243,214,173,109,652,605,589,9,8,6,8,7,7,46,44,33,41,38,38,108,113,129,115,115,114
ALA004,6662,1871,-1826,6681,6687,6685,6685,6689,6691,1614,1586,1652,1840,1822,1806,-2207,-2076,-1968,-2207,-2076,-1968,19,25,23,23,27,29,-257,-285,-219,-31,-49,-65,257,286,220,39,56,71,18,26,36,3,1,4,91,131,184,15,8,20,175,174,173,142,150,155
MIB055,4734,3002,-1826,4967,4931,4835,5087,5095,4957,3052,3040,3058,3770,3780,3986,-2207,-2076,-1968,-2207,-2076,-1968,233,197,101,353,361,223,49,37,55,767,777,983,238,200,115,844,857,1008,7,7,6,138,167,159,35,36,34,690,835,799,77,79,61,24,24,12
BNL010,4652,3017,-1834,4751,4771,4727,4161,4267,4403,3050,3052,3040,2844,2886,2954,-2215,-2084,-1976,-2215,-2084,-1976,99,119,75,-490,-384,-248,33,35,23,-172,-130,-62,104,124,78,520,406,256,10,10,5,15,30,11,50,53,25,78,151,58,71,73,72,250,251,255
MIB082,4734,3002,-1823,4529,4477,4419,4861,4795,4721,2998,3018,3004,2980,2994,3006,-2204,-2073,-1965,-2204,-2073,-1965,-204,-256,-314,127,61,-12,-4,15,1,-22,-8,3,204,257,314,129,61,13,12,10,10,9,9,5,60,52,54,48,49,25,268,273,270,99,97,285
MIB005,4734,3002,-1821,4179,4273,3953,4633,4639,4601,3032,3056,3188,3006,3018,3018,-2202,-2071,-1963,-2202,-2071,-1963,-554,-460,-780,-100,-94,-132,29,53,185,3,15,15,555,464,802,100,96,133,70,45,68,11,5,4,353,226,344,59,26,24,273,276,283,272,279,276
MIB058,4734,3002,-1819,4813,4773,4727,4603,4641,4633,3064,3062,3050,3116,3112,3086,-2200,-2069,-1961,-2200,-2069,-1961,79,39,-6,-130,-92,-100,61,59,47,113,109,83,100,71,48,173,143,131,8,4,4,3,7,8,43,22,23,19,35,41,52,33,351,310,319,309
I4076,3990,3302,-1820,4691,4759,4703,4311,3965,3813,3132,3120,3116,3244,3180,3188,-2201,-2070,-1962,-2201,-2070,-1962,701,769,713,321,-24,-176,-170,-182,-186,-58,-122,-114,722,791,737,327,124,209,28,8,6,22,4,16,140,40,32,110,22,80,103,103,104,100,191,237
I2602,3720,3171,-1807,4373,4375,4333,3973,4159,4383,2900,2926,2920,2698,2766,2872,-2188,-2057,-1949,-2188,-2057,-1949,653,655,613,253,439,663,-270,-244,-250,-472,-404,-298,707,699,662,536,597,727,10,7,6,4,14,8,54,35,30,23,72,41,112,110,112,151,132,114
MIB013,4734,3002,-1807,4943,4861,4791,4943,4843,4761,3006,3016,3020,2984,3002,3012,-2188,-2057,-1949,-2188,-2057,-1949,209,127,57,209,109,27,3,13,17,-18,0,9,209,127,59,209,109,28,7,10,7,11,12,6,39,51,36,55,61,32,88,83,72,95,90,70
AITI_92,4383,2790,-1804,4311,4307,4293,4739,4741,4729,2718,2716,2718,2768,2782,2784,-2185,-2054,-1946,-2185,-2054,-1946,-71,-75,-89,356,358,346,-71,-73,-71,-21,-7,-5,101,105,115,356,358,346,5,6,1,13,9,9,28,32,6,65,47,48,225,225,231,93,91,90
TU911_SX23,4267,2704,-1824,4395,4391,4385,3919,3953,4055,2764,2768,2768,2548,2512,2564,-2205,-2074,-1966,-2205,-2074,-1966,128,124,118,-347,-313,-211,60,64,64,-155,-191,-139,141,139,134,380,367,253,10,2,2,11,10,27,54,12,13,56,53,137,64,62,61,245,238,236
AITI_66,4383,2790,-1820,4349,4349,4349,3911,3959,3987,2674,2672,2672,2432,2394,2404,-2201,-2070,-1962,-2201,-2070,-1962,-33,-33,-33,-471,-423,-395,-115,-117,-117,-357,-395,-385,120,122,122,592,579,552,2,2,2,7,7,16,14,10,10,36,35,84,196,196,196,232,226,225
AITI_43,4383,2790,-1808,4459,4469,4453,4393,4397,4391,2708,2712,2708,2664,2666,2668,-2189,-2058,-1950,-2189,-2058,-1950,76,86,70,10,14,8,-81,-77,-81,-125,-123,-121,111,115,107,126,124,121,2,3,3,4,2,3,13,15,16,20,14,17,137,132,139,175,173,176
I5377,3610,3201,-1816,4591,4607,4557,3585,3623,3913,2998,3018,2998,3568,3548,2950,-2197,-2066,-1958,-2197,-2066,-1958,981,997,947,-24,13,303,-202,-182,-202,367,347,-250,1002,1014,968,368,347,393,10,8,5,13,12,12,51,41,25,66,63,61,101,100,102,356,2,129
I4884,4639,3010,-1811,4707,4723,4695,4889,4837,4763,3162,3156,3132,3180,3166,3166,-2192,-2061,-1953,-2192,-2061,-1953,68,84,56,250,198,124,151,145,121,169,155,155,166,168,134,302,252,199,4,2,4,5,4,4,23,13,24,27,22,23,24,30,24,55,51,38
MX279,4236,2739,-1806,4201,4239,4233,3899,4057,4093,2748,2766,2772,2906,2616,2646,-2187,-2056,-1948,-2187,-2056,-1948,-34,3,-2,-336,-178,-142,8,26,32,166,-123,-93,35,26,32,375,216,170,7,2,3,91,11,10,38,14,19,459,55,52,284,7,355,296,235,236
I4892,4639,3010,-1806,4127,4091,3937,4745,4761,4765,3016,3028,3136,3348,3274,3194,-2187,-2056,-1948,-2187,-2056,-1948,-511,-547,-701,106,122,126,5,17,125,337,263,183,511,547,712,354,290,223,38,15,19,10,8,11,191,76,95,52,44,59,270,271,280,17,24,34
kzb008.SG,7074,4355,-1808,5701,7157,7053,5269,5161,5325,3414,4246,4198,3276,3160,3216,-2189,-2058,-1950,-2189,-2058,-1950,-1373,82,-21,-1805,-1913,-1749,-940,-108,-156,-1078,-1194,-1138,1664,136,158,2102,2255,2087,178,6,10,71,5,98,892,34,53,355,26,490,235,142,187,239,238,236
mur004.SG,7242,4271,-1794,5601,7109,7093,5239,5177,5689,3372,4232,4220,3050,3064,3438,-2175,-2044,-1936,-2175,-2044,-1936,-1640,-132,-148,-2002,-2064,-1552,-899,-39,-51,-1221,-1207,-833,1870,138,157,2345,2391,1761,185,91,14,6,3,180,927,457,73,32,17,902,241,253,251,238,239,241
ALA037,6662,1871,-1798,6693,6691,6691,6753,6743,6729,1924,1864,1834,2022,1982,1960,-2179,-2048,-1940,-2179,-2048,-1940,31,29,29,91,81,67,52,-7,-37,150,110,88,61,30,47,176,137,111,5,2,2,4,4,5,29,13,14,24,21,26,30,103,141,31,36,37
I4420_all,3571,1775,-1804,3979,4031,4019,3945,4017,4041,2284,2268,2272,2264,2262,2268,-2185,-2054,-1946,-2185,-2054,-1946,408,460,448,374,446,470,508,492,496,488,486,492,652,674,669,615,660,681,6,2,8,9,11,0,31,13,43,47,59,0,38,43,42,37,42,43
AITI_2,4383,2790,-1804,4357,4349,4305,5043,4983,4957,2776,2780,2770,2768,2790,2804,-2185,-2054,-1946,-2185,-2054,-1946,-25,-33,-77,660,600,574,-13,-9,-19,-21,0,14,29,35,80,660,600,574,1,4,4,5,8,7,6,21,22,26,44,37,242,254,255,91,89,88
RISE373.SG,5106,2621,-1795,4845,4815,4801,4979,4943,4925,2726,2734,2722,2624,2646,2652,-2176,-2045,-1937,-2176,-2045,-1937,-260,-290,-304,-126,-162,-180,105,113,101,3,25,31,280,311,320,126,164,182,27,16,15,9,6,6,139,84,79,48,34,32,292,291,288,271,278,279
ALA008,6662,1871,-1806,6669,6689,6691,6623,6623,6613,1924,1880,1834,1952,1932,1918,-2187,-2056,-1948,-2187,-2056,-1948,7,27,29,-38,-38,-48,52,8,-37,80,60,46,53,29,47,89,72,67,14,4,2,4,4,3,73,21,14,22,21,16,8,72,141,334,327,314
I10264,6657,1443,-1804,6691,6691,6689,6759,6747,6745,1940,1872,1832,1612,1592,1568,-2185,-2054,-1946,-2185,-2054,-1946,34,34,32,102,90,88,497,429,389,169,149,125,498,430,390,197,174,153,7,5,4,4,5,4,38,28,22,21,26,22,3,4,4,31,31,35
AITI_78,4383,2790,-1787,4419,4405,4381,3785,3827,3831,2774,2774,2768,2602,2456,2458,-2168,-2037,-1929,-2168,-2037,-1929,36,22,-1,-597,-555,-551,-15,-15,-21,-187,-333,-331,39,27,21,626,648,643,9,8,1,38,8,9,45,40,9,192,42,45,113,125,185,252,239,238
I5441,3362,3124,-1782,4671,4681,4659,4429,4173,3879,2986,2976,2972,2998,3080,3170,-2163,-2032,-1924,-2163,-2032,-1924,1309,1319,1297,1067,811,517,-137,-147,-151,-125,-43,46,1316,1327,1306,1074,812,519,14,15,9,13,69,74,70,77,47,66,345,371,95,96,96,96,93,84
ERS1790729.SG,6659,1557,-1813,6631,6685,6697,6715,6715,6697,2060,1904,1832,1658,1636,1592,-2194,-2063,-1955,-2194,-2063,-1955,-27,26,38,56,56,38,503,347,275,101,79,35,503,348,277,115,97,51,16,25,12,4,7,5,84,125,63,24,35,27,356,4,7,29,35,47
ERS1790731.SG,6659,1557,-1810,6681,6691,6691,6691,6691,6691,1954,1874,1832,1618,1580,1526,-2191,-2060,-1952,-2191,-2060,-1952,22,32,32,32,32,32,397,317,275,61,23,-30,397,318,277,69,39,44,10,7,4,4,3,5,50,36,22,20,16,25,3,5,6,27,54,133
I10092,6657,1443,-1781,6689,6687,6685,6691,6691,6691,1474,1460,1446,1590,1544,1476,-2162,-2031,-1923,-2162,-2031,-1923,32,30,28,34,34,34,31,17,3,147,101,33,45,34,28,151,107,47,17,21,22,4,5,4,86,106,112,24,27,23,45,60,83,13,18,45
I10093,6657,1443,-1803,6699,6691,6691,6691,6691,6687,1462,1442,1428,1578,1518,1450,-2184,-2053,-1945,-2184,-2053,-1945,42,34,34,34,34,30,19,0,-14,135,75,7,46,34,37,139,82,31,3,0,0,6,8,5,16,0,0,31,41,29,65,90,113,14,24,76
KDC002,6957,2858,-1795,6989,6965,6961,7119,7061,7023,2550,2588,2634,2586,2598,2618,-2176,-2045,-1937,-2176,-2045,-1937,32,8,4,162,104,66,-308,-270,-224,-272,-260,-240,309,270,224,317,280,249,6,6,4,3,4,3,33,32,23,17,20,17,173,178,178,149,158,164
AITI_119,4383,2790,-1792,4397,4389,4351,4327,4351,4393,2770,2774,2768,2714,2724,2748,-2173,-2042,-1934,-2173,-2042,-1934,14,6,-31,-55,-31,10,-19,-15,-21,-75,-65,-41,24,16,38,94,73,42,7,6,1,5,2,4,36,34,9,29,10,20,144,158,235,216,205,166
OBE3722.SG,4134,2819,-1832,4009,4217,3967,3879,4209,4253,3122,3084,3186,2930,2824,2866,-2213,-2082,-1974,-2213,-2082,-1974,-124,83,-166,-254,75,119,302,264,366,110,4,46,327,277,403,277,75,128,40,35,39,70,10,8,204,176,195,352,52,44,337,17,335,293,86,68
AITI_40,4383,2790,-1813,4893,4813,4727,3567,3697,3721,2814,2822,2818,3706,2840,2512,-2194,-2063,-1955,-2194,-2063,-1955,510,430,344,-815,-685,-661,24,32,28,916,50,-277,510,431,345,1226,687,717,16,17,20,23,56,14,84,87,101,119,281,71,87,85,85,318,274,247
RISE150.SG,4809,3112,-1797,4921,4895,4833,4965,4843,4743,3144,3116,3118,3030,3060,3068,-2178,-2047,-1939,-2178,-2047,-1939,112,86,24,156,34,-65,31,3,5,-82,-52,-44,116,86,25,176,62,79,5,8,4,9,7,7,28,41,23,48,38,38,74,87,76,117,146,235
I7162_published,2869,1634,-1794,4029,3833,3837,4223,4271,4315,2274,2268,2268,2396,2396,2418,-2175,-2044,-1936,-2175,-2044,-1936,1160,964,968,1354,1402,1446,640,634,634,762,762,784,1325,1154,1157,1554,1596,1645,10,68,75,8,9,12,52,344,376,42,49,61,61,56,56,60,61,61
AITI_77B,4383,2790,-1780,4877,4729,4683,4371,4359,4309,2846,2866,2860,2792,2800,2798,-2161,-2030,-1922,-2161,-2030,-1922,494,346,300,-11,-23,-73,56,76,70,2,10,8,497,354,308,12,26,74,14,9,10,4,7,7,72,45,54,22,36,39,83,77,76,280,293,276
ALA029,6662,1871,-1788,6685,6685,6665,6611,6609,6599,1796,1806,1778,1970,1952,1932,-2169,-2038,-1930,-2169,-2038,-1930,23,23,3,-50,-52,-62,-75,-65,-93,98,80,60,78,69,93,111,96,87,26,26,31,2,4,4,133,131,157,14,20,20,162,159,177,333,327,314
MX257,4236,2739,-1778,4307,4329,4303,4379,4445,4417,2752,2764,2766,2746,2772,2776,-2159,-2028,-1920,-2159,-2028,-1920,71,93,67,143,209,181,12,24,26,6,32,36,72,96,72,143,211,185,8,7,4,19,16,13,41,39,23,96,84,69,79,75,68,87,81,78
ISB001,4255,1864,-1791,4253,4283,4285,4289,4291,4291,1952,1926,1912,1932,1898,1876,-2172,-2041,-1933,-2172,-2041,-1933,-1,28,30,34,36,36,88,62,48,68,34,12,88,68,57,76,50,38,4,3,3,4,3,2,20,15,17,20,18,10,359,24,32,26,47,71
KO1007,4690,3004,-1769,4719,4725,4677,4899,4791,4709,3086,3076,3066,2978,3002,3014,-2150,-2019,-1911,-2150,-2019,-1911,28,34,-13,208,100,18,82,72,62,-25,-1,10,87,80,63,210,100,21,8,5,1,10,11,7,41,26,9,53,59,39,19,25,348,97,90,61
I1064,7407,4447,-1773,4949,4925,4867,4957,4925,5181,3178,3148,3148,3198,3172,3312,-2154,-2023,-1915,-2154,-2023,-1915,-2457,-2481,-2539,-2449,-2481,-2225,-1268,-1298,-1298,-1248,-1274,-1134,2765,2800,2852,2749,2789,2497,4,6,8,5,5,181,22,32,44,26,28,907,242,242,242,242,242,242
I7182,6662,1380,-1776,6679,6663,6651,6361,6371,6383,1370,1344,1328,1282,1250,1216,-2157,-2026,-1918,-2157,-2026,-1918,17,1,-10,-300,-290,-278,-10,-36,-52,-98,-130,-164,20,36,53,316,318,323,2,3,2,3,4,3,13,16,13,19,22,18,120,177,191,251,245,239
I6923,6662,1380,-1796,6693,6687,6681,6783,6789,6795,1516,1490,1442,1368,1360,1350,-2177,-2046,-1938,-2177,-2046,-1938,31,25,19,121,127,133,135,109,61,-12,-20,-30,139,112,64,121,128,136,26,21,17,6,6,7,131,108,85,31,33,36,12,12,17,95,99,102
I7003,6662,1380,-1768,6691,6681,6667,6691,6685,6665,1418,1386,1360,1586,1514,1414,-2149,-2018,-1910,-2149,-2018,-1910,29,19,5,29,23,3,37,5,-20,205,133,33,47,20,20,207,135,33,4,2,2,7,13,10,24,14,13,39,65,53,37,73,165,8,9,5
pir001.SG,3062,1712,-1781,3515,3401,3285,3311,3109,3111,2230,2178,2170,2242,2168,2136,-2162,-2031,-1923,-2162,-2031,-1923,453,339,223,249,47,49,517,465,457,529,455,423,688,576,509,585,458,426,42,28,6,67,10,9,214,144,33,339,51,45,41,36,25,25,5,6
I6618,3151,2009,-1780,3259,3285,3297,3279,3281,3279,2170,2114,2076,2236,2196,2172,-2161,-2030,-1922,-2161,-2030,-1922,108,134,146,128,130,128,161,105,67,227,187,163,194,171,161,261,228,208,4,6,6,5,5,5,24,34,33,27,26,29,33,51,65,29,34,38
ALA013,6662,1871,-1776,6659,6677,6683,6719,6699,6691,1584,1536,1554,1990,1942,1918,-2157,-2026,-1918,-2157,-2026,-1918,-2,15,21,57,37,29,-287,-335,-317,118,70,46,287,335,317,132,80,55,7,18,30,7,6,3,38,92,152,38,33,18,180,177,176,25,27,32
AITI_65adult,4383,2790,-1763,4399,4403,4357,4241,4231,4213,2726,2728,2718,2670,2664,2668,-2144,-2013,-1905,-2144,-2013,-1905,16,20,-25,-141,-151,-169,-63,-61,-71,-119,-125,-121,65,64,76,185,197,209,4,3,1,4,5,5,20,15,5,24,27,28,165,161,199,229,230,234
I7796,4731,1547,-1795,4715,4741,4741,4807,4731,4741,1608,1568,1568,1664,1610,1602,-2176,-2045,-1937,-2176,-2045,-1937,-15,10,10,76,0,10,61,21,21,117,63,55,63,23,23,140,63,56,8,0,0,45,5,4,40,0,0,228,28,23,345,25,25,32,0,10
I0358,6869,4063,-1761,5365,7263,7363,6373,7139,7069,3274,4362,4426,3802,4210,4196,-2142,-2011,-1903,-2142,-2011,-1903,-1503,394,494,-495,270,200,-789,298,362,-261,146,132,1697,494,613,560,307,240,93,58,6,158,8,10,467,291,34,792,43,53,242,52,53,242,61,56
I4071,3990,3302,-1782,4055,4101,4083,4829,4759,4711,2880,2942,2990,3108,3026,2970,-2163,-2032,-1924,-2163,-2032,-1924,65,111,93,839,769,721,-422,-360,-312,-194,-276,-332,427,377,326,862,817,794,8,10,9,25,13,10,44,54,48,127,68,54,171,162,163,103,109,114
mur003.SG,7242,4271,-1781,5177,6531,7351,6447,7081,7111,3218,3946,4422,3884,4188,4222,-2162,-2031,-1923,-2162,-2031,-1923,-2064,-710,109,-794,-160,-130,-1053,-325,150,-387,-83,-49,2317,781,186,883,180,139,88,222,8,229,95,11,443,1110,41,1147,475,56,242,245,35,244,242,249
VLI051,4637,3037,-1775,4985,5041,5037,5271,5175,5193,3824,3762,3700,4002,3922,3906,-2156,-2025,-1917,-2156,-2025,-1917,348,404,400,634,538,556,786,724,662,964,884,868,860,830,774,1154,1035,1031,16,12,11,118,9,6,84,60,58,590,46,30,23,29,31,33,31,32
OTTM_154,4384,2790,-1748,4433,4409,4411,4031,4161,4293,2652,2644,2646,2448,2496,2572,-2129,-1998,-1890,-2129,-1998,-1890,49,25,27,-352,-222,-90,-137,-145,-143,-341,-293,-217,146,148,146,490,368,235,3,3,3,16,32,31,16,19,19,82,161,159,160,170,169,225,217,202
ALA025,6662,1871,-1786,6687,6691,6683,6685,6685,6663,1920,1864,1842,2022,1984,1968,-2167,-2036,-1928,-2167,-2036,-1928,25,29,21,23,23,1,48,-7,-29,150,112,96,55,30,36,152,115,97,6,2,3,3,5,2,33,12,17,19,27,14,27,103,143,8,11,1
RISE479.SG,4991,2732,-1697,4011,4269,4709,5077,4979,4975,3108,3200,3524,3728,3828,3734,-2078,-1947,-1839,-2078,-1947,-1839,-980,-722,-282,85,-12,-16,376,468,792,996,1096,1002,1049,860,840,999,1096,1002,46,33,47,82,63,66,233,168,238,412,316,331,291,302,340,4,359,359
RISE483.SG,4991,2732,-1835,4755,4687,4627,5019,4999,4997,2764,2766,2768,2650,2664,2668,-2216,-2085,-1977,-2216,-2085,-1977,-236,-304,-364,27,7,5,32,34,36,-81,-67,-63,238,305,365,86,68,63,36,34,27,6,4,2,183,171,137,34,23,12,277,276,275,161,173,174
RISE484.SG,4991,2732,-1789,4757,4687,4607,4979,4955,4935,2828,2824,2824,2712,2716,2724,-2170,-2039,-1931,-2170,-2039,-1931,-234,-304,-384,-12,-36,-56,96,92,92,-19,-15,-7,253,317,394,23,39,56,29,31,21,5,6,6,146,157,107,28,33,34,292,286,283,211,246,262
I4070,3990,3302,-1756,4843,4771,4711,3593,3615,3629,3018,3018,3018,3362,3366,3328,-2137,-2006,-1898,-2137,-2006,-1898,853,781,721,-396,-374,-360,-284,-284,-284,59,63,25,899,831,775,400,379,361,7,8,6,2,5,4,39,43,33,11,25,23,108,109,111,278,279,274
I1028,7407,4447,-1751,5835,5671,5865,5995,5531,5553,3332,3396,3740,3496,3358,3346,-2132,-2001,-1893,-2132,-2001,-1893,-1571,-1735,-1541,-1411,-1875,-1853,-1114,-1050,-706,-950,-1088,-1100,1926,2028,1695,1701,2168,2155,90,79,114,124,50,50,451,396,574,621,252,251,234,238,245,236,239,239
kzb002.SG,7074,4355,-1748,5813,6835,7049,6593,7063,6981,3524,4062,4178,3892,4190,4156,-2129,-1998,-1890,-2129,-1998,-1890,-1261,-239,-25,-481,-11,-93,-830,-292,-176,-462,-164,-198,1510,378,178,667,165,219,198,158,14,180,6,10,993,790,73,902,33,51,236,219,188,226,183,205
oll010.SG,4574,3663,-1752,4051,4113,4133,5021,4981,4963,2742,2784,2820,2820,2836,2846,-2133,-2002,-1894,-2133,-2002,-1894,-522,-460,-440,447,407,389,-921,-879,-843,-843,-827,-817,1059,992,951,954,922,905,13,7,7,6,7,7,65,35,38,30,38,38,209,207,207,152,153,154
ALA028,6662,1871,-1747,6655,6691,6681,6679,6651,6635,1524,1432,1482,2126,2100,2070,-2128,-1997,-1889,-2128,-1997,-1889,-6,29,19,17,-10,-26,-347,-439,-389,254,228,198,347,440,389,255,229,200,7,4,25,3,5,5,39,22,125,19,28,27,181,176,177,3,357,352
ALA034,6662,1871,-1760,6673,6691,6691,6743,6737,6709,1940,1862,1830,1962,1928,1886,-2141,-2010,-1902,-2141,-2010,-1902,11,29,29,81,75,47,68,-9,-41,90,56,14,69,31,50,122,94,50,12,2,2,5,4,5,60,14,13,25,21,29,9,106,144,41,53,72
I2981,3615,4081,-1682,4147,4185,4237,4639,4559,4485,2844,2846,2878,2964,2958,2966,-2063,-1932,-1824,-2063,-1932,-1824,532,570,622,1024,944,870,-1237,-1235,-1203,-1117,-1123,-1115,1347,1360,1354,1515,1467,1414,20,5,6,7,11,15,101,28,34,36,55,75,156,155,152,137,139,142
I11541_published,7397,4084,-1746,5653,7009,7209,7049,7047,6941,3422,4204,4314,4096,4142,4122,-2127,-1996,-1888,-2127,-1996,-1888,-1743,-387,-187,-347,-349,-455,-661,120,230,12,58,38,1864,405,296,347,354,457,189,144,5,58,12,11,946,721,29,291,64,58,249,287,320,272,279,274
I0234,6841,4061,-1699,5703,7197,7389,5779,7175,7379,3462,4350,4446,3546,4338,4458,-2080,-1949,-1841,-2080,-1949,-1841,-1137,356,548,-1061,334,538,-598,289,385,-514,277,397,1285,459,670,1179,434,669,126,78,3,133,79,5,632,390,18,669,396,26,242,50,54,244,50,53
I0424,6751,4001,-1741,5629,7093,7385,5483,6601,7427,3418,4272,4438,3182,3974,4516,-2122,-1991,-1883,-2122,-1991,-1883,-1121,342,634,-1267,-149,676,-583,270,436,-819,-27,514,1264,436,770,1509,152,849,101,78,4,66,101,4,507,391,22,334,507,20,242,51,55,237,259,52
I0430,6864,4067,-1724,5185,5517,5637,5421,6373,7139,3194,3422,3526,3374,3884,4272,-2105,-1974,-1866,-2105,-1974,-1866,-1678,-1346,-1226,-1442,-490,275,-873,-645,-541,-693,-183,204,1892,1493,1340,1600,523,343,80,131,160,126,160,94,403,657,800,632,800,471,242,244,246,244,249,53
I0431,6864,4067,-1738,5917,7193,7389,6525,7155,7071,3556,4318,4422,3906,4224,4204,-2119,-1988,-1880,-2119,-1988,-1880,-946,329,525,-338,291,207,-511,250,354,-161,156,136,1075,414,633,375,330,248,137,81,3,152,9,12,688,407,17,760,49,61,241,52,55,244,61,56
I8187,6657,1443,-1708,6691,6685,6667,6695,6691,6691,1426,1458,1418,1700,1672,1634,-2089,-1958,-1850,-2089,-1958,-1850,34,28,10,38,34,34,-16,15,-24,257,229,191,38,32,26,260,231,194,0,22,23,5,3,5,0,113,117,25,19,27,115,61,157,8,8,10
I0235,6841,4061,-1709,5193,5925,6457,5909,7231,7349,3184,3636,3972,3836,4328,4366,-2090,-1959,-1851,-2090,-1959,-1851,-1647,-915,-383,-931,390,508,-876,-424,-88,-224,267,305,1866,1009,393,958,473,592,77,144,155,245,107,8,389,724,775,1226,539,41,241,245,257,256,55,58
I8144,3215,1718,-1753,3371,3277,3279,3033,3085,3231,2202,2180,2166,2150,2016,1814,-2134,-2003,-1895,-2134,-2003,-1895,156,62,64,-181,-129,16,484,462,448,432,298,96,509,466,452,468,325,97,20,10,7,12,38,30,102,50,37,64,192,152,17,7,8,337,336,9
I6788,7529,4529,-1721,4845,4797,4769,5461,5385,4783,3234,3216,3188,3362,3382,3124,-2102,-1971,-1863,-2102,-1971,-1863,-2683,-2731,-2759,-2067,-2143,-2745,-1294,-1312,-1340,-1166,-1146,-1404,2979,3030,3067,2373,2430,3083,5,5,5,226,233,9,26,29,26,1132,1168,47,244,244,244,240,241,242
kzb007.SG,7074,4355,-1707,6803,7351,7371,5735,7353,7345,4066,4396,4406,3550,4388,4378,-2088,-1957,-1849,-2088,-1957,-1849,-271,276,296,-1339,278,270,-288,41,51,-804,33,23,396,279,301,1562,280,271,181,8,7,203,7,3,907,43,37,1019,37,15,223,81,80,238,83,85
I6680,3590,3637,-1737,4723,4639,4599,4285,4247,3823,2968,2968,2968,2942,2916,3194,-2118,-1987,-1879,-2118,-1987,-1879,1133,1049,1009,695,657,233,-668,-668,-668,-694,-720,-442,1315,1244,1210,982,975,500,8,8,4,30,6,75,44,43,23,150,30,379,120,122,123,134,137,152
AITI_95,4383,2790,-1710,4389,4407,4407,4391,4423,4479,2524,2526,2526,2518,2530,2552,-2091,-1960,-1852,-2091,-1960,-1852,6,24,24,8,40,96,-265,-263,-263,-271,-259,-237,265,264,264,271,262,256,4,3,3,0,2,3,23,18,18,2,11,16,178,174,174,178,171,157
SUC009,4189,1969,-1713,4205,4221,4211,4191,4191,4191,1922,1924,1920,1958,1968,1968,-2094,-1963,-1855,-2094,-1963,-1855,16,32,22,2,2,2,-46,-44,-48,-10,0,0,49,55,53,11,2,2,3,4,3,3,0,0,18,21,17,19,0,0,160,143,154,165,105,105
I6800,7529,4529,-1719,6203,7301,7391,5545,7137,7333,3692,4366,4418,3454,4266,4362,-2100,-1969,-1861,-2100,-1969,-1861,-1325,-227,-137,-1983,-391,-195,-836,-162,-110,-1074,-262,-166,1567,279,176,2255,471,256,270,106,0,228,144,4,1350,530,0,1142,724,22,237,234,231,241,236,229
RIX4.SG,4125,2740,-1698,4317,4313,4291,4811,4803,4801,2758,2764,2770,2760,2762,2764,-2079,-1948,-1840,-2079,-1948,-1840,192,188,166,686,678,676,18,24,30,20,22,24,193,189,168,686,678,676,8,6,4,6,5,8,41,32,21,32,29,40,84,82,79,88,88,87
MIB034,4734,3002,-1701,4741,4689,4707,3693,4231,4215,3078,3070,3038,3092,3050,3120,-2082,-1951,-1843,-2082,-1951,-1843,7,-44,-26,-1040,-502,-518,75,67,35,89,47,117,75,81,44,1044,505,532,8,3,8,73,61,52,42,16,44,369,309,260,5,326,322,274,275,282
PMI012,4645,3014,-1694,4801,4745,4659,5139,5079,5019,2980,2974,2982,2796,2824,2854,-2075,-1944,-1836,-2075,-1944,-1836,156,100,14,494,434,374,-34,-40,-32,-218,-190,-160,160,108,35,540,474,407,16,7,40,9,11,13,83,36,203,47,58,69,102,111,155,113,113,113
kzb003.SG,7074,4355,-1703,5247,7091,7387,7053,7245,7325,3248,4292,4464,4206,4316,4362,-2084,-1953,-1845,-2084,-1953,-1845,-1827,16,312,-21,170,250,-1106,-62,109,-148,-38,7,2136,65,331,150,175,251,113,136,3,140,85,4,567,680,17,700,426,23,238,164,70,188,102,88
I1310,3663,2082,-1650,3271,3269,3271,3439,3447,3457,2112,2056,2024,1998,1956,1942,-2031,-1900,-1792,-2031,-1900,-1792,-391,-393,-391,-223,-215,-205,29,-26,-58,-84,-126,-140,392,394,395,238,249,248,16,9,8,18,13,8,83,48,41,92,67,41,274,266,261,249,239,235
I3965,6670,1460,-1689,6675,6681,6677,6691,6679,6649,1510,1548,1550,1838,1818,1816,-2070,-1939,-1831,-2070,-1939,-1831,5,11,7,21,9,-20,49,87,89,377,357,355,49,88,89,378,357,356,30,33,35,4,0,2,151,165,175,24,0,10,6,7,4,3,1,356
I3966,6670,1460,-1700,6689,6679,6675,6695,6691,6691,1510,1596,1600,1616,1560,1488,-2081,-1950,-1842,-2081,-1950,-1842,19,9,5,25,21,21,49,135,139,155,99,27,53,135,139,157,101,34,19,36,36,6,7,6,95,183,183,31,39,30,21,3,2,9,12,37
ERS1790730.SG,6659,1557,-1700,6693,6691,6691,6691,6691,6689,1892,1832,1814,1664,1616,1506,-2081,-1950,-1842,-2081,-1950,-1842,34,32,32,32,32,30,335,275,257,107,59,-50,336,277,259,111,67,59,7,4,3,3,5,10,37,22,19,18,29,52,5,6,7,16,28,149
ERS1790732.SG,6659,1557,-1703,6649,6687,6685,6691,6691,6689,1710,1728,1838,1580,1520,1448,-2084,-1953,-1845,-2084,-1953,-1845,-9,28,26,32,32,30,153,171,281,23,-36,-108,153,173,282,39,48,112,43,26,4,3,5,8,216,133,24,16,27,44,356,9,5,54,138,164
VAD002,3263,2239,-1717,3611,3583,3465,3517,3539,3541,2220,2192,2182,2228,2188,2182,-2098,-1967,-1859,-2098,-1967,-1859,348,320,202,254,276,278,-18,-46,-56,-10,-50,-56,349,324,210,255,281,284,40,45,27,10,7,8,202,227,136,52,35,42,93,98,105,92,100,101
VAD003,3263,2239,-1666,4199,4221,4227,3069,3107,2985,2444,2454,2472,3088,2500,2304,-2047,-1916,-1808,-2047,-1916,-1808,936,958,964,-193,-155,-277,205,215,233,849,261,65,959,982,992,871,304,284,11,9,8,97,99,78,55,46,42,487,498,394,77,77,76,347,329,283
VAD004,3263,2239,-1669,4079,4095,4071,3241,3237,3233,2322,2320,2316,2230,2208,2210,-2050,-1919,-1811,-2050,-1919,-1811,816,832,808,-21,-25,-29,83,81,77,-8,-30,-28,821,836,812,22,39,40,7,8,14,9,6,4,38,40,73,45,32,24,84,84,84,248,219,225
S1249,4255,1864,-1703,4247,4257,4255,4191,4191,4191,1930,1926,1908,1966,1968,1968,-2084,-1953,-1845,-2084,-1953,-1845,-7,2,0,-63,-63,-63,66,62,44,102,104,104,66,62,44,120,122,122,4,4,3,1,0,0,21,22,17,7,0,0,353,2,1,328,328,328
S1250,4255,1864,-1711,4231,4235,4227,4295,4275,4259,1916,1912,1908,1832,1812,1816,-2092,-1961,-1853,-2092,-1961,-1853,-23,-19,-27,40,20,4,52,48,44,-31,-51,-47,57,52,52,51,55,47,2,3,4,19,19,13,14,17,22,96,95,68,336,338,328,127,157,174
S1252,4255,1864,-1708,4289,4291,4271,4203,4199,4193,1878,1868,1866,1868,1870,1872,-2089,-1958,-1850,-2089,-1958,-1850,34,36,16,-51,-55,-61,14,4,2,4,6,8,37,37,17,51,55,61,2,0,2,4,3,0,13,0,11,21,16,4,67,83,81,275,276,277
S1253,4255,1864,-1676,4291,4289,4287,4457,4385,4351,1880,1866,1866,1712,1542,1528,-2057,-1926,-1818,-2057,-1926,-1818,36,34,32,202,130,96,16,2,2,-151,-321,-335,40,34,32,253,347,349,2,0,1,12,5,5,12,2,5,63,28,27,65,85,85,126,157,163
kzb006.SG,7074,4355,-1700,6357,7193,7387,5919,7083,7345,3830,4326,4422,3640,4256,4382,-2081,-1950,-1842,-2081,-1950,-1842,-717,118,312,-1155,8,270,-524,-28,67,-714,-98,27,888,122,320,1358,99,272,209,113,2,215,143,5,1049,566,14,1076,716,26,233,103,77,238,174,84
ASH033,6643,1332,-1673,6655,6701,6691,6691,6691,6691,1912,1820,1818,1674,1634,1582,-2054,-1923,-1815,-2054,-1923,-1815,12,58,48,48,48,48,580,488,486,342,302,250,580,491,488,345,306,254,29,4,2,4,5,6,147,21,14,21,27,33,1,6,5,7,9,10
RISE374.SG,5106,2621,-1690,5551,5361,5287,5161,5203,5101,2332,2362,2336,2078,2134,2232,-2071,-1940,-1832,-2071,-1940,-1832,445,255,181,55,97,-4,-288,-258,-284,-542,-486,-388,531,363,337,545,496,388,61,60,52,50,45,23,307,304,264,252,228,119,122,135,147,174,168,180
I3997,3415,1888,-1677,3223,3243,3245,2997,2931,2983,2092,2020,1980,2030,1958,1894,-2058,-1927,-1819,-2058,-1927,-1819,-191,-171,-169,-417,-483,-431,203,131,91,141,69,5,279,216,192,440,488,431,11,11,10,14,20,32,58,59,52,71,103,164,316,307,298,288,278,270
kzb009.SG,7074,4355,-1685,6815,7381,7389,6781,7369,7347,4082,4420,4416,4078,4398,4378,-2066,-1935,-1827,-2066,-1935,-1827,-259,306,314,-293,294,272,-272,65,61,-276,43,23,376,313,320,403,298,273,182,4,2,187,6,4,910,24,11,936,31,23,223,78,79,226,81,85
I2163,5596,2246,-1686,6983,7367,7379,6481,7405,7401,4178,4402,4410,3890,4486,4470,-2067,-1936,-1828,-2067,-1936,-1828,1387,1771,1783,885,1809,1805,1932,2156,2164,1644,2240,2224,2378,2790,2804,1867,2879,2864,135,7,5,195,5,4,676,39,26,979,29,23,35,39,39,28,38,39
I5516,3454,3761,-1684,4319,4309,4303,4159,4223,4151,2852,2856,2868,2868,2890,2932,-2065,-1934,-1826,-2065,-1934,-1826,865,855,849,705,769,697,-909,-905,-893,-893,-871,-829,1255,1245,1232,1138,1162,1083,3,3,3,27,4,31,16,16,15,135,23,158,136,136,136,141,138,139
VAD001,3263,2239,-1681,3379,3367,3383,3371,3423,3455,2194,2166,2150,2236,2188,2170,-2062,-1931,-1823,-2062,-1931,-1823,116,104,120,108,160,192,-44,-72,-88,-2,-50,-68,124,127,149,108,168,204,30,11,14,14,14,12,153,57,70,72,71,64,110,124,126,91,107,109
COV20126.SG,3043,1713,-1689,3235,3229,3215,3187,3165,3147,2058,2000,1966,2034,1986,1952,-2070,-1939,-1831,-2070,-1939,-1831,192,186,172,144,122,104,345,287,253,321,273,239,395,342,306,352,299,261,7,11,11,5,6,6,38,58,55,25,30,32,29,33,34,24,24,23
ALA014_d,6662,1871,-1682,6687,6691,6671,6767,6753,6729,1810,1838,1834,1842,1818,1794,-2063,-1932,-1824,-2063,-1932,-1824,25,29,9,105,91,67,-61,-33,-37,-29,-53,-77,66,44,38,109,105,102,23,3,3,5,3,3,115,15,18,28,19,17,157,137,165,105,120,138
ATP9.SG,3210,2238,-1698,4005,3971,3935,3495,3501,3509,2274,2268,2266,2178,2150,2140,-2079,-1948,-1840,-2079,-1948,-1840,795,761,725,285,291,299,35,29,27,-60,-88,-98,796,762,726,291,304,315,6,41,46,9,8,7,33,206,232,46,41,37,87,87,87,101,106,108
ALA026,6662,1871,-1681,6669,6691,6677,6683,6653,6641,1738,1794,1836,1862,1824,1818,-2062,-1931,-1823,-2062,-1931,-1823,7,29,15,21,-8,-20,-133,-77,-35,-9,-47,-53,133,82,38,23,47,56,26,22,3,2,1,0,131,112,18,10,9,0,176,158,155,112,189,200
ALA011,6662,1871,-1682,6681,6685,6665,6695,6691,6691,1550,1656,1708,1816,1780,1762,-2063,-1932,-1824,-2063,-1932,-1824,19,23,3,33,29,29,-321,-215,-163,-55,-91,-109,321,216,163,64,95,112,10,36,38,2,4,3,54,181,191,13,20,16,176,173,178,148,161,164
I2464,3502,3181,-1667,4859,4789,4745,4779,4671,4605,3030,3028,3020,2958,2968,2968,-2048,-1917,-1809,-2048,-1917,-1809,1356,1286,1242,1276,1168,1102,-150,-152,-160,-222,-212,-212,1365,1296,1253,1296,1188,1123,10,9,8,18,8,7,51,48,40,91,42,36,96,96,97,99,100,100
I4562,3571,2065,-1658,3321,3351,3379,3463,3529,3547,2182,2146,2122,2146,2084,2072,-2039,-1908,-1800,-2039,-1908,-1800,-249,-219,-191,-107,-41,-23,117,81,57,81,19,7,275,233,199,134,45,24,13,15,10,17,5,3,67,75,52,89,29,19,295,290,286,307,294,286
I11538_published,7419,4133,-1674,5975,7197,7389,5161,5077,5083,3616,4354,4432,2974,3016,3094,-2055,-1924,-1816,-2055,-1924,-1816,-1443,-221,-29,-2257,-2341,-2335,-517,220,298,-1159,-1117,-1039,1533,312,300,2537,2594,2556,229,129,4,6,7,98,1148,646,22,34,38,490,250,314,354,242,244,246
I6470,3815,2200,-1665,3391,3421,3451,3399,3467,3503,2186,2142,2110,2226,2176,2154,-2046,-1915,-1807,-2046,-1915,-1807,-423,-393,-363,-415,-347,-311,-13,-57,-89,26,-23,-45,424,398,374,416,348,315,12,8,8,19,14,8,61,42,40,98,71,43,268,261,256,273,266,261
RISE247.SG,4997,2731,-1649,4725,4717,4753,4913,4925,4933,2688,2670,2654,2592,2584,2572,-2030,-1899,-1791,-2030,-1899,-1791,-271,-279,-243,-83,-71,-63,-42,-60,-76,-138,-146,-158,274,285,255,161,163,170,23,24,23,5,5,5,119,123,116,26,28,25,261,257,252,210,205,201
AITI_98,4383,2790,-1663,4455,4415,4399,4947,4927,4929,2688,2676,2674,2716,2726,2726,-2044,-1913,-1805,-2044,-1913,-1805,72,32,16,564,544,546,-101,-113,-115,-73,-63,-63,124,118,116,568,547,549,5,2,1,6,6,4,27,10,6,33,34,22,144,164,172,97,96,96
I3487,3372,1795,-1650,3277,3287,3287,2899,2887,2997,2100,2052,2012,2092,2046,1990,-2031,-1900,-1792,-2031,-1900,-1792,-94,-84,-84,-472,-484,-374,305,257,217,297,251,195,319,271,233,558,546,422,6,10,12,10,10,38,34,51,63,52,51,193,342,341,338,302,297,297
OTTM_151ind1_d,4384,2790,-1656,4353,4325,4351,4789,4713,4677,2878,2876,2888,2862,2866,2866,-2037,-1906,-1798,-2037,-1906,-1798,-30,-58,-32,405,329,293,88,86,98,72,76,76,93,103,103,412,338,303,4,3,3,15,8,7,24,17,18,78,42,37,341,325,341,79,77,75
GBVPO.SG,3755,2252,-1632,4103,4143,4119,3985,3985,3915,2426,2462,2466,2268,2268,2246,-2013,-1882,-1774,-2013,-1882,-1774,348,388,364,230,230,160,173,209,213,15,15,-6,388,441,422,230,230,160,12,10,26,3,4,10,61,50,130,16,21,50,63,61,59,86,86,92
I10940,2937,1590,-1647,3549,3503,3491,3669,3421,3117,2210,2184,2188,1914,1744,1592,-2028,-1897,-1789,-2028,-1897,-1789,612,566,554,732,484,180,619,593,597,323,153,1,871,820,815,801,508,180,34,26,29,23,71,63,170,133,148,117,357,319,44,43,42,66,72,89
I10941,2937,1590,-1681,3225,3251,3253,3265,3209,3137,2142,2124,2108,2130,2074,2004,-2062,-1931,-1823,-2062,-1931,-1823,288,314,316,328,272,200,551,533,517,539,483,413,622,619,607,632,555,459,18,7,6,8,24,34,92,36,31,41,122,170,27,30,31,31,29,25
QUIN234.SG,3668,2278,-1595,3597,3559,3555,3599,3615,3615,2244,2228,2220,2218,2202,2202,-1976,-1845,-1737,-1976,-1845,-1737,-70,-108,-112,-68,-52,-52,-33,-49,-57,-59,-75,-75,78,119,126,90,91,91,15,14,14,12,4,5,77,71,71,64,24,28,244,245,242,229,214,214
QUIN58.SG,3668,2278,-1617,3775,3715,3651,4235,4241,4175,2312,2288,2276,2648,2610,2602,-1998,-1867,-1759,-1998,-1867,-1759,107,47,-16,567,573,507,34,10,-1,370,332,324,112,48,16,677,662,602,16,12,13,36,9,17,81,62,66,181,46,88,72,77,264,56,59,57
RIX15.SG,4125,2740,-1642,4029,4031,4065,4153,4123,4125,2538,2550,2608,2800,2720,2718,-2023,-1892,-1784,-2023,-1892,-1784,-95,-93,-59,28,-1,0,-201,-189,-131,60,-19,-21,223,211,144,66,19,21,15,23,31,67,51,2,78,117,156,339,258,12,205,206,204,25,185,179
RIX2.SG,4125,2740,-1641,4379,4333,4339,4355,4347,4373,2810,2796,2814,2706,2718,2746,-2022,-1891,-1783,-2022,-1891,-1783,254,208,214,230,222,248,70,56,74,-33,-21,6,263,215,226,232,223,248,8,9,7,8,3,8,44,46,35,40,16,40,74,74,70,98,95,88
VAD005,3263,2239,-1629,3387,3401,3419,3365,3401,3417,2190,2164,2150,2228,2192,2186,-2010,-1879,-1771,-2010,-1879,-1771,124,138,156,102,138,154,-48,-74,-88,-10,-46,-52,133,157,180,103,146,163,23,13,12,11,10,10,117,69,64,56,54,54,111,118,119,95,108,108
kzb001.SG,7074,4355,-1633,7187,7389,7379,4977,5009,5757,4314,4420,4410,3120,3188,3572,-2014,-1883,-1775,-2014,-1883,-1775,112,314,304,-2097,-2065,-1317,-40,65,55,-1234,-1166,-782,120,321,309,2433,2371,1532,117,2,5,6,86,217,586,10,27,34,430,1085,109,78,79,239,240,239
mur001.SG,7242,4271,-1648,7159,7141,7055,7111,7411,7443,4270,4252,4208,4250,4472,4514,-2029,-1898,-1790,-2029,-1898,-1790,-82,-100,-186,-130,169,201,-1,-19,-63,-21,200,242,82,102,196,132,262,315,93,15,16,86,8,3,466,75,84,430,43,18,269,259,251,260,40,39
Pir6.SG,3769,2263,-1635,4477,4461,4447,4015,4081,4169,2768,2768,2768,2382,2436,2520,-2016,-1885,-1777,-2016,-1885,-1777,708,692,678,246,312,400,505,505,505,119,173,257,870,857,845,273,357,475,10,4,4,10,18,27,50,20,21,52,90,139,54,53,53,64,60,57
rath3.SG,3301,3691,-1627,4549,4539,4627,3707,3703,3629,3074,3040,3016,3354,3316,3290,-2008,-1877,-1769,-2008,-1877,-1769,1247,1237,1325,405,401,327,-616,-650,-674,-336,-374,-400,1392,1398,1487,527,549,518,10,10,13,85,66,14,50,52,65,426,332,72,116,117,116,129,133,140
TU907_SX20,4267,2704,-1641,4125,4149,4173,4297,4283,4247,2496,2520,2558,2602,2612,2622,-2022,-1891,-1783,-2022,-1891,-1783,-141,-117,-93,30,16,-19,-207,-183,-145,-101,-91,-81,251,218,173,106,93,84,10,9,10,3,3,3,52,47,52,18,17,16,214,212,212,163,169,193
I3486,3372,1795,-1628,3277,3285,3287,3219,3355,3441,2182,2162,2158,2018,1906,1818,-2009,-1878,-1770,-2009,-1878,-1770,-94,-86,-84,-152,-16,69,387,367,363,223,111,23,398,377,373,270,112,73,12,8,7,43,36,0,62,44,38,219,181,0,346,346,346,325,351,71
I3488,3372,1795,-1624,3225,3213,3223,3695,3699,3727,2122,2014,2028,1854,1856,1864,-2005,-1874,-1766,-2005,-1874,-1766,-146,-158,-148,323,327,355,327,219,233,59,61,69,358,270,276,328,332,362,14,16,20,21,22,13,72,83,101,107,114,68,335,324,327,79,79,78
I7570,3624,3337,-1606,4245,4209,4345,4359,4341,4225,2938,2964,2994,2976,2990,3058,-1987,-1856,-1748,-1987,-1856,-1748,621,585,721,735,717,601,-398,-372,-342,-360,-346,-278,738,693,798,818,796,662,5,26,50,8,8,40,27,132,252,40,41,203,122,122,115,116,115,114
TV32032extra.SG,2675,1770,-1607,3797,3639,3537,2917,3029,3189,2250,2212,2198,1974,1900,1830,-1988,-1857,-1749,-1988,-1857,-1749,1122,964,862,242,354,514,480,442,428,204,130,60,1220,1060,962,316,377,517,70,68,62,30,40,47,352,343,310,154,203,236,66,65,63,49,69,83
TV3831.SG,2675,1770,-1631,4005,4061,4001,3421,3407,3395,2276,2294,2282,2162,2148,2146,-2012,-1881,-1773,-2012,-1881,-1773,1330,1386,1326,746,732,720,506,524,512,392,378,376,1423,1482,1421,843,824,812,46,35,47,7,7,6,232,176,235,37,38,33,69,69,68,62,62,62
ValeOuro10207.SG,2737,1851,-1614,3907,3923,3769,3183,3055,2989,2268,2278,2228,2098,1982,1918,-1995,-1864,-1756,-1995,-1864,-1756,1170,1186,1032,446,318,252,416,426,376,246,130,66,1242,1260,1098,509,343,260,70,69,85,8,39,39,354,345,428,42,196,195,70,70,69,61,67,75
RISE480.SG,4991,2732,-1618,4819,4849,4933,5131,5177,5155,2742,2720,2662,2512,2444,2438,-1999,-1868,-1760,-1999,-1868,-1760,-172,-142,-58,139,185,163,10,-11,-69,-219,-287,-293,172,142,90,260,342,336,15,13,11,33,22,13,76,65,57,167,110,69,273,265,219,147,147,150
I4559,3571,2065,-1621,3397,3397,3409,3271,3287,3303,2126,2096,2066,2218,2188,2176,-2002,-1871,-1763,-2002,-1871,-1763,-173,-173,-161,-299,-283,-267,61,31,1,153,123,111,183,176,161,336,308,289,12,11,9,7,8,9,60,59,46,37,44,45,289,280,270,297,293,292
I4560,3571,2065,-1591,3359,3385,3373,3523,3581,3601,2178,2152,2158,2144,2108,2098,-1972,-1841,-1733,-1972,-1841,-1733,-211,-185,-197,-47,10,30,113,87,93,79,43,33,239,204,218,92,44,44,15,13,12,30,21,4,79,68,63,150,106,23,298,295,295,329,13,42
I4561,3571,2065,-1587,3409,3427,3431,3257,3257,3271,2150,2122,2110,2260,2246,2244,-1968,-1837,-1729,-1968,-1837,-1729,-161,-143,-139,-313,-313,-299,85,57,45,195,181,179,182,154,146,369,361,348,13,11,10,8,8,7,65,56,54,44,40,37,297,291,287,301,300,300
I10106,6657,1443,-1623,6669,6667,6659,6693,6691,6691,1714,1602,1422,1620,1564,1500,-2004,-1873,-1765,-2004,-1873,-1765,12,10,2,36,34,34,271,159,-20,177,121,57,271,159,20,181,126,66,37,36,23,4,6,3,185,181,115,23,30,19,2,3,173,11,15,30
I10771,6657,1443,-1596,6665,6665,6677,6643,6529,6517,1786,1634,1418,1814,1686,1488,-1977,-1846,-1738,-1977,-1846,-1738,8,8,20,-13,-127,-139,343,191,-24,371,243,45,343,191,31,371,274,146,31,35,18,4,8,3,155,176,90,22,42,17,1,2,140,357,332,288
ASH034,6643,1332,-1607,6685,6661,6659,6657,6641,6639,1858,1788,1690,1922,1902,1880,-1988,-1857,-1749,-1988,-1857,-1749,42,18,16,14,-1,-3,526,456,358,590,570,548,527,456,358,590,570,548,4,23,34,4,4,4,20,119,174,20,23,21,4,2,2,1,359,359
VLI053,4637,3037,-1599,4025,4461,4663,5035,4985,4955,3202,3092,3046,3192,3258,3280,-1980,-1849,-1741,-1980,-1849,-1741,-611,-175,26,398,348,318,164,54,8,154,220,242,633,183,28,427,412,400,89,59,5,12,11,10,448,296,29,64,59,54,285,287,71,68,57,52
I10100,6657,1443,-1582,6849,6855,6771,6669,6851,7083,2634,2712,2702,2576,2704,2828,-1963,-1832,-1724,-1963,-1832,-1724,192,198,114,12,194,426,1191,1269,1259,1133,1261,1385,1206,1284,1264,1133,1276,1449,14,4,23,54,59,48,72,24,119,274,295,240,9,8,5,0,8,17
MonteGato104.SG,2778,1830,-1583,3301,3319,3313,3337,3319,3211,2170,2152,2154,2156,2148,2096,-1964,-1833,-1725,-1964,-1833,-1725,523,541,535,559,541,433,340,322,324,326,318,266,624,630,626,647,628,508,16,11,8,6,8,43,80,56,43,33,42,216,56,59,58,59,59,58
RISE471.SG,4381,2784,-1597,4519,4485,4509,4899,4905,4907,2724,2718,2718,2670,2672,2670,-1978,-1847,-1739,-1978,-1847,-1739,138,104,128,518,524,526,-59,-65,-65,-113,-111,-113,150,123,144,530,536,538,11,4,21,6,5,4,55,21,105,30,27,24,113,122,117,102,102,102
OTTM_87_d,4384,2790,-1594,4381,4355,4349,4913,4913,4913,2718,2718,2728,2710,2714,2712,-1975,-1844,-1736,-1975,-1844,-1736,-2,-28,-34,529,529,529,-71,-71,-61,-79,-75,-77,72,77,70,535,535,535,0,1,5,7,6,6,4,5,26,39,32,30,181,201,208,98,98,98
mur002.SG,7242,4271,-1580,7363,7385,7317,5439,6971,7011,4422,4420,4386,3502,4272,4268,-1961,-1830,-1722,-1961,-1830,-1722,121,143,75,-1802,-270,-230,150,148,114,-769,0,-3,193,206,137,1959,270,230,8,2,11,189,91,8,40,13,59,947,455,42,38,43,33,246,270,269
I1836,3629,2051,-1579,3639,3461,3355,3491,3489,3513,2224,2204,2168,2000,1970,1984,-1960,-1829,-1721,-1960,-1829,-1721,9,-168,-274,-138,-140,-116,173,153,117,-50,-80,-66,173,227,298,147,161,133,12,11,26,3,3,7,60,59,130,19,15,38,3,312,293,249,240,240
OTTM_142,4384,2790,-1576,4377,4347,4343,4117,4083,4017,2814,2814,2822,2678,2706,2738,-1957,-1826,-1718,-1957,-1826,-1718,-6,-36,-40,-266,-300,-366,24,24,32,-111,-83,-51,24,43,51,288,311,369,3,3,3,6,7,7,18,16,15,31,36,36,345,303,308,247,254,261
I7573,3667,3287,-1575,4379,4385,4555,4091,3777,3707,2968,2966,2968,3026,3246,3272,-1956,-1825,-1717,-1956,-1825,-1717,712,718,888,424,110,40,-319,-321,-319,-261,-41,-15,780,786,943,498,117,43,5,7,12,26,26,4,27,36,64,131,134,21,114,114,109,121,110,110
I4331,4918,2261,-1559,4823,4915,5009,4673,4695,4693,2676,2614,2520,2668,2666,2662,-1940,-1809,-1701,-1940,-1809,-1701,-94,-2,91,-244,-222,-224,415,353,259,407,405,401,426,353,275,475,462,460,7,9,7,4,3,5,37,48,38,21,18,26,347,359,19,329,331,330
I4109,4628,1654,-1575,4741,4711,4655,4693,4691,4663,1568,1598,1618,1616,1618,1618,-1956,-1825,-1717,-1956,-1825,-1717,112,82,26,64,62,34,-86,-56,-36,-38,-36,-36,141,100,45,75,72,50,0,6,3,2,0,3,0,34,15,13,0,17,127,124,143,120,119,135
ALA019,6662,1871,-1551,7045,7021,7005,7217,7159,7129,2868,2904,2912,2868,2892,2900,-1932,-1801,-1693,-1932,-1801,-1693,383,359,343,555,497,467,996,1032,1040,996,1020,1028,1068,1093,1096,1141,1135,1130,4,5,6,5,5,4,24,29,31,25,25,21,21,19,18,29,25,24
ASH029,6643,1332,-1566,6687,6665,6681,6705,6691,6689,1624,1690,1514,1588,1492,1394,-1947,-1816,-1708,-1947,-1816,-1708,44,22,38,62,48,46,292,358,182,256,160,62,295,358,186,263,167,77,37,39,32,8,5,5,189,196,162,41,28,29,8,3,11,13,16,36
I10359_published,6657,1443,-1565,6691,6677,6677,6673,6649,6649,1822,1766,1680,1820,1812,1804,-1946,-1815,-1707,-1946,-1815,-1707,34,20,20,16,-7,-7,379,323,237,377,369,361,380,324,238,377,369,361,8,13,23,2,3,6,43,67,115,10,16,33,5,3,4,2,358,358
OTTM_152,4384,2790,-1552,4473,4497,4621,3691,3689,3707,2926,2918,2918,2550,2612,2794,-1933,-1802,-1694,-1933,-1802,-1694,89,113,237,-692,-694,-676,136,128,128,-239,-177,4,162,171,270,732,716,676,5,6,10,7,8,16,29,31,54,36,44,83,33,41,61,250,255,270
I4332,4918,2261,-1559,4817,4903,5001,4489,4485,4495,2662,2610,2512,2670,2672,2686,-1940,-1809,-1701,-1940,-1809,-1701,-100,-14,83,-428,-432,-422,401,349,251,409,411,425,413,349,264,592,597,599,4,8,5,4,4,3,23,41,27,20,22,19,345,357,18,313,313,315
OTTM_151ind2,4384,2790,-1563,4409,4397,4373,4535,4581,4593,2606,2610,2614,2622,2632,2640,-1944,-1813,-1705,-1944,-1813,-1705,25,13,-10,151,197,209,-183,-179,-175,-167,-157,-149,185,180,176,226,253,257,4,3,3,5,6,8,20,19,16,25,31,40,172,175,183,137,128,125
I2200,6657,1443,-1549,6403,6345,6297,6397,6333,6421,2300,2268,2244,2372,2360,2274,-1930,-1799,-1691,-1930,-1799,-1691,-253,-311,-359,-259,-323,-235,857,825,801,929,917,831,894,882,878,965,972,864,11,10,15,7,7,28,55,54,76,35,38,144,343,339,335,344,340,344
I4525,6657,1443,-1551,6665,6641,6641,6691,6691,6673,1342,1318,1318,1606,1478,1376,-1932,-1801,-1693,-1932,-1801,-1693,8,-15,-15,34,34,16,-100,-124,-124,163,35,-66,100,125,125,166,49,68,4,0,0,5,4,7,22,0,0,25,20,39,175,187,187,11,44,166
I10097,6657,1443,-1545,6673,6673,6687,6691,6691,6691,1646,1578,1452,1640,1538,1440,-1926,-1795,-1687,-1926,-1795,-1687,16,16,30,34,34,34,203,135,9,197,95,-2,204,136,31,200,101,34,38,34,19,4,9,1,192,174,99,24,49,8,4,6,72,9,19,94
I10099,6657,1443,-1542,6691,6649,6683,6727,6691,6691,1834,1848,1524,1660,1560,1476,-1923,-1792,-1684,-1923,-1792,-1684,34,-7,26,70,34,34,391,405,81,217,117,33,392,405,85,228,122,47,4,4,25,6,6,3,23,24,129,31,32,15,5,358,17,17,16,45
I10101,6657,1443,-1545,6689,6669,6669,6757,6741,6739,1710,1802,1638,1516,1464,1428,-1926,-1795,-1687,-1926,-1795,-1687,32,12,12,100,84,82,267,359,195,73,21,-14,269,359,195,124,86,83,34,24,37,7,3,1,171,122,189,35,17,9,6,1,3,53,75,100
I10768,6657,1443,-1555,6685,6667,6683,6691,6661,6641,1600,1690,1494,1680,1428,1318,-1936,-1805,-1697,-1936,-1805,-1697,28,10,26,34,4,-15,157,247,51,237,-14,-124,159,247,57,239,15,125,36,38,25,5,4,0,184,192,129,25,21,0,10,2,27,8,163,187
I10263_published,6657,1443,-1542,6677,6643,6641,6701,6697,6709,1388,1320,1318,1482,1434,1418,-1923,-1792,-1684,-1923,-1792,-1684,20,-13,-15,44,40,52,-54,-122,-124,39,-8,-24,58,123,125,59,41,57,16,1,0,5,3,4,83,8,0,26,15,22,159,186,187,48,102,115
ALA016,6662,1871,-1551,6689,6663,6675,6715,6691,6685,1790,1750,1572,1876,1866,1824,-1932,-1801,-1693,-1932,-1801,-1693,27,1,13,53,29,23,-81,-121,-299,4,-5,-47,85,121,299,53,30,52,23,34,36,5,1,2,116,172,183,27,6,10,161,179,177,84,99,153
I2471,3286,2249,-1548,4059,3945,3937,3975,3653,3687,2278,2264,2264,2444,2374,2402,-1929,-1798,-1690,-1929,-1798,-1690,772,658,650,688,366,400,28,14,14,194,124,152,773,659,651,715,387,429,7,47,37,83,91,91,38,236,189,417,458,455,87,88,88,74,71,69
I3125,4628,1654,-1530,4741,4703,4659,5225,4739,4701,1568,1606,1620,1544,1572,1608,-1911,-1780,-1672,-1911,-1780,-1672,112,74,30,596,110,72,-86,-48,-34,-110,-82,-46,141,89,46,606,137,86,0,6,3,81,2,5,0,30,16,406,14,28,127,122,137,100,126,122
I7569,3624,3337,-1535,4683,4709,4499,3557,3533,3545,3068,3036,3090,3492,3428,3348,-1916,-1785,-1677,-1916,-1785,-1677,1059,1085,875,-66,-90,-78,-268,-300,-246,155,91,11,1092,1126,909,169,128,79,7,10,77,10,16,11,36,53,387,53,81,58,104,105,105,336,315,278
I0233,7402,3752,-1483,7153,7269,7187,5379,5429,5851,4260,4334,4278,3030,2990,3164,-1864,-1733,-1625,-1864,-1733,-1625,-249,-133,-215,-2023,-1973,-1551,508,582,526,-721,-761,-587,565,597,568,2148,2115,1658,95,5,7,13,85,185,476,28,38,69,429,929,333,347,337,250,248,249
I0423,6904,4020,-1531,6031,6677,6759,7027,7157,7187,3678,4016,4054,4222,4306,4314,-1912,-1781,-1673,-1912,-1781,-1673,-872,-226,-144,123,253,283,-342,-4,33,201,285,293,937,226,148,236,381,408,180,155,149,105,73,38,900,778,746,529,369,191,248,268,283,31,41,43
I0232,7402,3752,-1505,7063,7157,7199,6651,7157,7313,4254,4292,4294,4000,4242,4314,-1886,-1755,-1647,-1886,-1755,-1647,-339,-245,-203,-751,-245,-89,502,540,542,248,490,562,605,593,578,791,548,569,116,72,13,160,104,29,584,363,69,804,521,146,325,335,339,288,333,350
I0359,6869,4063,-1563,5249,5427,5897,4969,5083,5489,3264,3392,3612,3224,3296,3496,-1944,-1813,-1705,-1944,-1813,-1705,-1619,-1441,-971,-1899,-1785,-1379,-799,-671,-451,-839,-767,-567,1805,1590,1071,2076,1943,1491,141,190,220,94,158,222,707,953,1102,472,792,1112,243,245,245,246,246,247
I0361,6869,4063,-1527,6969,7293,7245,6715,7229,7189,4172,4364,4326,4044,4316,4296,-1908,-1777,-1669,-1908,-1777,-1669,100,424,376,-153,360,320,108,300,262,-19,252,232,148,520,459,154,440,396,111,31,37,141,38,36,559,159,188,708,190,184,42,54,55,262,54,54
I0422,6904,4020,-1528,6847,7137,7127,6415,6821,7277,4082,4256,4252,3840,4020,4298,-1909,-1778,-1670,-1909,-1778,-1670,-56,233,223,-488,-82,373,61,235,231,-180,0,277,84,331,321,520,82,465,121,31,30,139,130,50,606,156,150,697,653,251,317,44,43,249,269,53
ALA017,6662,1871,-1526,6641,6641,6641,6491,6529,6597,1318,1318,1318,1668,1500,1268,-1907,-1776,-1668,-1907,-1776,-1668,-20,-20,-20,-170,-132,-64,-553,-553,-553,-203,-371,-603,553,553,553,264,393,606,0,0,0,0,36,17,0,0,0,0,184,87,182,182,182,219,199,186
I1977,3286,2249,-1523,3513,3451,3389,3169,3187,3217,2178,2172,2192,2238,2222,2212,-1904,-1773,-1665,-1904,-1773,-1665,226,164,102,-117,-99,-69,-71,-77,-57,-11,-27,-37,237,182,117,117,102,78,42,29,12,6,10,13,211,149,61,34,51,65,107,115,119,264,254,241
I1840,3286,2249,-1510,3415,3425,3387,3093,3267,3419,2126,2108,2122,2172,1966,1872,-1891,-1760,-1652,-1891,-1760,-1652,128,138,100,-193,-19,132,-123,-141,-127,-77,-283,-377,178,197,162,207,283,399,10,11,10,14,21,15,50,56,53,73,108,78,133,135,141,248,183,160
ALA030,6662,1871,-1513,6689,6667,6669,6615,6597,6587,1736,1818,1632,2028,2008,1982,-1894,-1763,-1655,-1894,-1763,-1655,27,5,7,-46,-64,-74,-135,-53,-239,156,136,110,137,53,239,163,151,133,30,20,39,4,4,5,153,103,195,23,22,26,168,173,178,343,334,326
I10266,6657,1443,-1493,6687,6671,6669,6693,6667,6663,1820,1776,1664,1830,1798,1754,-1874,-1743,-1635,-1874,-1743,-1635,30,14,12,36,10,6,377,333,221,387,355,311,378,333,221,389,355,311,3,19,29,4,6,15,17,98,148,23,34,79,4,2,3,5,1,1
I3490,3169,2177,-1577,3357,3355,3349,3281,3275,3263,2154,2136,2124,2226,2210,2202,-1958,-1827,-1719,-1958,-1827,-1719,188,186,180,112,106,94,-22,-40,-52,49,33,25,189,190,187,122,111,97,11,13,18,7,7,7,59,66,92,36,35,39,96,102,106,66,72,74
I3491,3103,2180,-1484,3399,3377,3361,3335,3317,3295,2108,2092,2096,2182,2178,2172,-1865,-1734,-1626,-1865,-1734,-1626,296,274,258,232,214,192,-71,-87,-83,2,-1,-7,305,288,272,232,214,192,14,20,22,5,7,8,70,100,113,28,35,40,103,107,107,89,90,92
I8045,2689,1880,-1502,3099,3061,2935,2989,2763,2647,1884,1856,1904,2656,2190,1970,-1883,-1752,-1644,-1883,-1752,-1644,410,372,246,300,74,-41,3,-24,23,775,309,89,410,373,247,831,318,98,30,39,42,118,97,10,151,198,213,592,486,50,89,93,84,21,13,335
I3492,3030,2104,-1511,3385,3349,3325,3385,3265,3227,2158,2156,2156,2326,2300,2278,-1892,-1761,-1653,-1892,-1761,-1653,355,319,295,355,235,197,53,51,51,221,195,173,359,323,299,418,305,262,23,13,15,79,57,43,117,65,77,398,289,216,81,80,80,58,50,48
I10770,6657,1443,-1506,6687,6653,6679,6707,6691,6691,1824,1780,1552,1802,1768,1736,-1887,-1756,-1648,-1887,-1756,-1648,30,-3,22,50,34,34,381,337,109,359,325,293,382,337,111,362,327,295,3,22,29,5,0,4,16,113,145,25,0,24,4,359,11,7,6,6
OTTM_156,4384,2790,-1498,4325,4335,4325,4393,4447,4483,2578,2604,2624,2580,2614,2650,-1879,-1748,-1640,-1879,-1748,-1640,-58,-48,-58,9,63,99,-211,-185,-165,-209,-175,-139,219,192,175,210,187,171,5,5,5,7,2,5,26,28,27,39,14,26,195,194,199,177,160,144
I16161,4178,1949,-1483,4243,4219,4193,4265,4247,4243,1870,1876,1888,1842,1824,1820,-1864,-1733,-1625,-1864,-1733,-1625,65,41,15,87,69,65,-78,-72,-60,-106,-124,-128,102,83,62,137,142,144,1,5,5,0,0,0,9,25,25,3,2,1,140,150,165,140,150,153
I2639,3501,3183,-1481,4429,4549,4069,3529,3471,3471,2970,2982,3158,3370,3452,3408,-1862,-1731,-1623,-1862,-1731,-1623,928,1048,568,28,-29,-29,-213,-201,-25,186,268,224,952,1067,568,189,270,226,7,38,99,22,30,24,38,192,497,113,154,123,102,100,92,8,353,352
I2472,3286,2249,-1485,3297,3307,3277,3489,3489,3493,2138,2126,2138,2096,2018,2038,-1866,-1735,-1627,-1866,-1735,-1627,10,20,-9,202,202,206,-111,-123,-111,-153,-231,-211,111,124,111,254,307,295,8,9,7,37,3,4,42,47,37,187,16,20,174,170,184,127,138,135
I8136,3215,1718,-1475,3177,3185,3217,3317,3387,3451,1898,1908,2014,1766,1786,1816,-1856,-1725,-1617,-1856,-1725,-1617,-37,-29,2,102,172,236,180,190,296,48,68,98,184,192,296,113,185,256,29,26,21,10,21,19,147,131,107,52,108,99,348,351,0,64,68,67
I4519,6657,1443,-1475,6645,6641,6641,6641,6641,6629,1322,1318,1318,1834,1818,1810,-1856,-1725,-1617,-1856,-1725,-1617,-11,-15,-15,-15,-15,-27,-120,-124,-124,391,375,367,121,125,125,391,375,368,2,0,0,4,0,3,12,0,0,23,0,15,185,187,187,357,357,355
I2198,6657,1443,-1471,6675,6685,6661,6691,6691,6691,1568,1448,1358,1720,1682,1628,-1852,-1721,-1613,-1852,-1721,-1613,18,28,4,34,34,34,125,5,-84,277,239,185,126,28,84,279,241,188,35,19,8,1,4,4,179,99,41,9,22,24,8,79,177,7,8,10
RISE523.SG,7222,4322,-1465,6973,7137,7241,7437,7405,7363,4148,4250,4350,4498,4472,4446,-1846,-1715,-1607,-1846,-1715,-1607,-248,-84,19,215,183,141,-174,-72,27,175,149,123,303,110,34,278,237,188,13,13,12,4,9,10,68,68,64,21,46,50,234,229,35,50,50,48
I10365_published,4255,1864,-1468,4393,4387,4397,4591,4567,4503,2306,2280,2266,1656,1658,1632,-1849,-1718,-1610,-1849,-1718,-1610,138,132,142,336,312,248,442,416,402,-207,-205,-231,463,437,427,395,374,339,8,7,6,2,5,7,43,39,34,11,26,39,17,17,19,121,123,132
I7568,3643,3294,-1430,4219,4531,4183,3729,3587,3587,3006,2980,3124,3246,3312,3326,-1811,-1680,-1572,-1811,-1680,-1572,575,887,539,85,-56,-56,-287,-313,-169,-47,18,32,643,941,565,98,58,64,49,29,92,46,3,3,245,148,464,234,19,19,116,109,107,119,288,299
esp005.SG,3299,2219,-1452,3581,3499,3447,3485,3467,3427,2186,2198,2220,2214,2224,2244,-1833,-1702,-1594,-1833,-1702,-1594,282,200,148,186,168,128,-33,-21,0,-5,4,24,284,201,148,186,168,130,24,14,14,6,6,8,122,74,73,30,31,42,96,96,89,91,88,79
I1656,7108,2561,-1444,6929,6939,7009,6815,6715,6693,2768,2802,2774,2756,2802,2824,-1825,-1694,-1586,-1825,-1694,-1586,-178,-168,-98,-292,-392,-414,206,240,212,194,240,262,273,293,234,351,460,490,3,5,7,8,16,25,15,25,39,43,82,126,319,325,335,303,301,302
ALA020,6662,1871,-1440,6709,6689,6687,6683,6667,6641,1802,1824,1840,1916,1898,1868,-1821,-1690,-1582,-1821,-1690,-1582,47,27,25,21,5,-20,-69,-47,-31,44,26,-3,83,54,40,49,27,20,7,2,3,1,2,0,35,13,16,7,13,0,145,149,140,25,11,261
I7572,3643,3294,-1440,4371,4481,4039,3999,3751,3673,2958,2992,3160,3178,3250,3284,-1821,-1690,-1582,-1821,-1690,-1582,727,837,395,355,107,29,-335,-301,-133,-115,-43,-9,801,890,417,374,116,31,11,52,97,30,21,5,58,264,486,150,107,25,114,109,108,108,112,107
ALA002,6662,1871,-1437,6689,6661,6687,6599,6593,6577,1824,1702,1496,1936,1918,1916,-1818,-1687,-1579,-1818,-1687,-1579,27,0,25,-62,-68,-84,-47,-169,-375,64,46,44,54,169,375,90,82,95,2,37,19,4,1,5,11,185,96,24,6,26,149,180,176,316,304,298
ALA018,6662,1871,-1438,6697,6691,6685,6629,6621,6615,1808,1816,1824,1952,1920,1918,-1819,-1688,-1580,-1819,-1688,-1580,35,29,23,-32,-40,-46,-63,-55,-47,80,48,46,72,62,52,87,63,65,4,1,2,5,3,4,22,9,13,25,19,21,150,151,153,338,320,315
I2195,6657,1443,-1421,6675,6679,6689,6691,6691,6691,1620,1530,1434,1520,1452,1420,-1802,-1671,-1563,-1802,-1671,-1563,18,22,32,34,34,34,177,87,-8,77,9,-22,178,90,33,84,35,41,37,30,13,7,3,0,187,153,66,37,17,0,5,14,104,23,74,123
RISE47.SG,4293,3763,-1436,4727,3997,3657,3505,3443,3449,3006,3170,3302,3214,3250,3364,-1817,-1686,-1578,-1817,-1686,-1578,434,-295,-635,-787,-849,-843,-756,-592,-460,-548,-512,-398,872,662,785,959,992,933,10,40,30,12,5,11,50,203,151,61,25,57,150,206,234,235,238,244
ALA001_d,6662,1871,-1422,6679,6679,6691,6641,6641,6641,1828,1558,1468,1862,1820,1818,-1803,-1672,-1564,-1803,-1672,-1564,17,17,29,-20,-20,-20,-43,-313,-403,-9,-51,-53,46,313,404,22,54,56,3,31,0,2,1,0,16,159,0,12,7,0,157,176,175,246,201,200
I4518,6657,1443,-1437,6667,6689,6691,6691,6691,6691,1648,1414,1420,1556,1452,1426,-1818,-1687,-1579,-1818,-1687,-1579,10,32,34,34,34,34,205,-28,-22,113,9,-16,205,43,41,118,35,38,37,3,0,11,3,0,186,16,0,56,15,0,2,131,123,16,74,115
I2573,3520,3724,-1392,4563,4207,3683,4563,4495,4309,2968,3096,3276,2950,2970,3162,-1773,-1642,-1534,-1773,-1642,-1534,1043,687,163,1043,975,789,-756,-628,-448,-774,-754,-562,1288,931,477,1299,1233,969,11,88,52,8,8,86,56,441,262,44,42,431,125,132,159,126,127,125
I2190,6657,1443,-1402,6689,6661,6679,6691,6701,6729,1820,1774,1586,1484,1468,1470,-1783,-1652,-1544,-1783,-1652,-1544,32,4,22,34,44,72,377,331,143,41,25,27,378,331,145,53,51,77,1,26,27,3,3,4,9,134,139,19,18,20,4,0,8,39,60,69
I16170_published,4178,1949,-1386,4229,4193,4191,4229,4235,4241,1876,1894,1914,2044,2076,2106,-1767,-1636,-1528,-1767,-1636,-1528,51,15,13,51,57,63,-72,-54,-34,95,127,157,89,56,37,108,139,169,3,5,2,10,10,7,17,25,13,52,52,36,144,164,158,28,24,21
ALA039,6662,1871,-1394,6691,6681,6651,6671,6641,6641,1818,1828,1854,1914,1870,1866,-1775,-1644,-1536,-1775,-1644,-1536,29,19,-10,9,-20,-20,-53,-43,-17,42,-1,-5,60,47,19,44,20,20,2,3,3,1,1,1,11,16,17,9,6,7,150,155,211,12,267,256
I8571,3476,1948,-1380,3555,3507,3299,4415,4425,4425,2182,2200,2130,2474,2502,2504,-1761,-1630,-1522,-1761,-1630,-1522,79,31,-176,939,949,949,233,251,181,525,553,555,246,253,253,1076,1099,1100,38,33,24,12,6,8,191,165,120,63,30,42,18,7,315,60,59,59
I2458,3501,3183,-1382,4287,4427,4417,3917,3561,3551,2842,2892,2948,2950,3178,3188,-1763,-1632,-1524,-1763,-1632,-1524,786,926,916,416,60,50,-341,-291,-235,-233,-5,4,856,970,945,477,60,50,8,10,56,44,17,3,40,53,284,224,85,19,113,107,104,119,94,84
RISE210.SG,4577,3662,-1361,4569,4117,3653,4217,4045,3937,3020,3174,3312,3106,3162,3212,-1742,-1611,-1503,-1742,-1611,-1503,-7,-459,-923,-359,-531,-639,-641,-487,-349,-555,-499,-449,641,669,987,661,729,781,15,36,15,27,6,11,75,182,78,136,32,59,180,223,249,212,226,234
I2655,3335,4020,-1367,4329,4457,4115,4077,3751,3687,2880,2920,3062,3036,3238,3268,-1748,-1617,-1509,-1748,-1617,-1509,994,1122,780,742,416,352,-1140,-1100,-958,-984,-782,-752,1513,1571,1236,1233,886,830,5,8,76,38,20,2,29,44,380,192,102,10,138,134,140,142,151,154
I7640,3647,3275,-1365,4211,4517,3869,3877,3765,3741,3056,3022,3234,3178,3270,3284,-1746,-1615,-1507,-1746,-1615,-1507,564,870,222,230,118,94,-219,-253,-41,-97,-5,8,605,906,225,249,118,94,67,53,82,37,12,0,337,267,410,189,63,4,111,106,100,112,92,84
I9123,5612,1496,-1357,5119,4975,5069,4941,5209,5511,2192,2240,2060,1900,1868,1740,-1738,-1607,-1499,-1738,-1607,-1499,-492,-636,-542,-670,-402,-100,696,744,564,404,372,244,852,979,782,782,548,264,41,6,61,18,62,4,205,32,307,93,312,20,324,319,316,301,312,337
I7571,3643,3294,-1329,4597,3833,3605,3687,3663,3645,3016,3256,3338,3320,3312,3308,-1710,-1579,-1471,-1710,-1579,-1471,953,189,-38,43,19,1,-277,-37,44,26,18,14,993,193,58,51,27,14,43,83,5,5,3,3,216,417,27,25,19,19,106,101,319,59,47,7
I3832,6670,1460,-1362,6673,6685,6689,6691,6691,6707,1578,1426,1414,1380,1372,1384,-1743,-1612,-1504,-1743,-1612,-1504,3,15,19,21,21,37,117,-34,-46,-80,-88,-76,117,37,50,83,90,84,36,13,3,4,2,5,180,66,19,20,13,26,1,155,157,165,166,153
Turlojiske5,5182,3552,-1307,4957,5037,5039,5227,5141,5213,3556,3634,3702,3654,3620,3532,-1688,-1557,-1449,-1688,-1557,-1449,-224,-144,-142,45,-40,31,3,81,149,101,67,-20,224,166,206,111,79,37,25,31,26,87,49,27,125,157,134,435,249,135,271,299,316,24,329,122
I3493,3030,2104,-1360,3339,3291,3263,4167,4179,3981,2158,2174,2174,2490,2530,2470,-1741,-1610,-1502,-1741,-1610,-1502,309,261,233,1137,1149,951,53,69,69,385,425,365,313,270,243,1200,1225,1018,21,6,5,72,66,96,108,34,27,361,331,483,80,75,73,71,69,68
I9033,5367,1618,-1348,5425,5253,5475,5315,5447,5441,1628,1642,1592,1684,1636,1640,-1729,-1598,-1490,-1729,-1598,-1490,58,-113,108,-51,80,74,10,24,-25,66,18,22,58,116,111,84,82,77,29,40,5,38,4,1,147,201,25,194,20,7,80,281,103,321,77,73
I2654,3520,3724,-1345,4655,4419,3761,3607,3593,3579,3044,3150,3352,3370,3386,3388,-1726,-1595,-1487,-1726,-1595,-1487,1135,899,241,87,73,59,-680,-574,-372,-354,-338,-336,1323,1067,443,365,346,341,18,74,54,24,11,5,90,373,271,120,58,26,120,122,147,166,167,169
I9006,5508,1759,-1349,5565,5489,5477,5817,5475,5441,1606,1570,1582,1830,1652,1638,-1730,-1599,-1491,-1730,-1599,-1491,57,-18,-30,309,-32,-66,-152,-188,-176,71,-106,-120,163,189,179,317,111,137,14,1,3,55,24,4,70,7,16,276,120,21,159,185,189,77,197,208
I2574_published,3409,3444,-1322,4353,4433,3955,3333,3339,3343,2914,2980,3142,3324,3322,3316,-1703,-1572,-1464,-1703,-1572,-1464,944,1024,546,-75,-69,-65,-530,-464,-302,-120,-122,-128,1083,1124,624,142,140,144,15,54,94,7,1,1,77,271,471,37,8,6,119,114,118,212,209,206
SUA001_d,4255,1864,-1330,4291,4285,4287,4247,4243,4249,1868,1870,1868,1812,1808,1778,-1711,-1580,-1472,-1711,-1580,-1472,36,30,32,-7,-11,-5,4,6,4,-51,-55,-85,36,31,32,52,57,86,0,1,1,10,10,18,0,7,6,50,50,93,83,78,82,188,191,183
I2470_published,3286,2249,-1319,3409,3325,3259,3421,3381,3353,2182,2204,2216,2230,2262,2268,-1700,-1569,-1461,-1700,-1569,-1461,122,38,-27,134,94,66,-67,-45,-33,-19,12,18,140,59,42,136,95,69,36,23,2,6,7,7,182,115,14,31,35,38,118,139,219,98,82,74
I2051,6501,2804,-1307,6973,7025,7099,6791,6739,6711,2786,2754,2678,2774,2798,2792,-1688,-1557,-1449,-1688,-1557,-1449,472,524,598,290,238,210,-18,-50,-126,-30,-6,-12,472,526,611,291,238,210,7,14,14,5,6,7,37,74,71,26,30,35,92,95,101,95,91,93
I7574,3647,3275,-1329,4491,4021,3649,3797,3729,3729,3048,3208,3316,3310,3330,3330,-1710,-1579,-1471,-1710,-1579,-1471,844,374,2,150,82,82,-227,-67,40,34,54,54,874,380,41,154,98,98,63,94,36,20,2,2,317,474,184,104,13,13,105,100,3,76,56,56
I7627,3603,3275,-1327,4337,4555,4061,3667,3627,3603,2910,2962,3126,3244,3232,3236,-1708,-1577,-1469,-1708,-1577,-1469,733,951,457,63,23,0,-364,-312,-148,-30,-42,-38,819,1002,481,71,49,38,26,20,93,8,5,4,134,102,467,42,25,21,116,108,108,115,150,180
DA35.SG,7176,2613,-1322,6957,7025,7101,6891,7167,7215,2772,2746,2670,2650,2686,2604,-1703,-1572,-1464,-1703,-1572,-1464,-218,-150,-74,-284,-8,39,158,132,56,36,72,-9,269,200,93,286,73,40,5,10,7,62,28,5,26,50,39,314,143,27,306,311,307,277,353,103
I9010,5512,1707,-1300,4749,4705,4689,5077,5429,5497,1592,1624,1622,1536,1512,1536,-1681,-1550,-1442,-1681,-1550,-1442,-762,-806,-822,-434,-82,-14,-115,-83,-85,-171,-195,-171,771,811,827,467,212,171,5,5,2,41,45,34,28,26,10,208,227,172,261,264,264,248,203,184
I9041,5512,1707,-1304,5505,5491,5469,5611,5467,5451,1576,1568,1590,1650,1594,1610,-1685,-1554,-1446,-1685,-1554,-1446,-6,-20,-42,99,-44,-60,-131,-139,-117,-57,-113,-97,131,140,124,114,121,114,7,0,2,19,3,2,38,0,13,99,16,13,182,188,200,119,201,212
I12208,3048,2169,-1299,3287,3235,3183,3425,3465,3495,2134,2144,2138,1854,1936,1978,-1680,-1549,-1441,-1680,-1549,-1441,239,187,135,377,417,447,-34,-24,-30,-314,-232,-190,241,188,138,491,477,486,11,6,4,4,1,7,55,34,24,24,9,35,98,97,102,129,119,113
I12209,3048,2169,-1310,3353,3321,3257,3379,3445,3343,2160,2168,2178,2178,2140,2166,-1691,-1560,-1452,-1691,-1560,-1452,305,273,209,331,397,295,-8,0,9,9,-28,-2,305,273,209,331,398,295,9,8,6,48,18,19,46,40,33,243,94,99,91,90,87,88,94,90
RISE423.SG,7218,2587,-1298,6945,7015,7125,7125,7193,7243,2820,2784,2694,2820,2738,2622,-1679,-1548,-1440,-1679,-1548,-1440,-272,-202,-92,-92,-24,25,232,196,106,232,150,34,358,282,141,250,152,43,7,19,9,34,30,7,38,96,47,170,152,35,310,314,319,338,350,36
I7626,3603,3275,-1292,4405,4079,3591,3471,3443,3445,3010,3154,3308,3204,3254,3286,-1673,-1542,-1434,-1673,-1542,-1434,801,475,-12,-132,-160,-158,-264,-120,33,-70,-20,11,844,491,35,149,161,158,63,102,2,16,2,3,316,511,12,81,12,15,108,104,339,241,262,274
RISE175.SG,4549,3593,-1291,4413,4515,4243,4591,4521,4505,2916,2986,3130,3598,3660,3662,-1672,-1541,-1433,-1672,-1541,-1433,-135,-33,-305,42,-27,-43,-677,-607,-463,4,66,68,690,608,554,43,72,81,15,18,54,43,5,4,76,93,272,215,26,22,191,183,213,83,337,327
I10552,4272,1843,-1279,4207,4193,4205,4193,4191,4191,1884,1906,1896,1932,1960,1962,-1660,-1529,-1421,-1660,-1529,-1421,-64,-78,-66,-78,-80,-80,40,62,52,88,116,118,76,100,84,118,141,143,5,3,6,3,2,2,25,16,31,19,14,12,302,308,308,318,325,325
ORC004,4271,1841,-1285,4277,4263,4271,4241,4241,4247,1870,1870,1868,2058,2068,2058,-1666,-1535,-1427,-1666,-1535,-1427,6,-7,0,-29,-29,-23,28,28,26,216,226,216,29,29,26,218,228,217,1,1,0,8,6,8,9,9,3,42,34,43,12,345,0,352,352,353
I2653,3520,3724,-1264,4437,4065,3703,4209,3951,3619,3022,3166,3276,2970,3080,3466,-1645,-1514,-1406,-1645,-1514,-1406,917,545,183,689,431,99,-702,-558,-448,-754,-644,-258,1155,780,484,1021,775,276,61,90,54,19,36,56,305,453,273,97,183,284,127,135,157,137,146,158
I3878,4568,1627,-1284,4651,4601,4593,4699,4687,4655,1630,1658,1666,1664,1664,1632,-1665,-1534,-1426,-1665,-1534,-1426,83,33,25,131,119,87,3,31,39,37,37,5,83,45,46,136,124,87,5,2,1,3,3,5,29,10,5,17,15,25,87,46,32,74,72,86
ASH2-3,6643,1332,-1246,5843,6093,6581,6275,6331,6373,1768,1562,1332,1288,1254,1230,-1627,-1496,-1388,-1627,-1496,-1388,-799,-549,-61,-367,-311,-269,436,230,0,-43,-77,-101,911,596,61,370,321,288,40,108,52,33,26,20,202,541,260,169,134,101,298,292,270,263,256,249
DA31.SG,7176,2613,-1246,6853,7023,7167,7113,7091,7137,2822,2746,2662,2876,2764,2676,-1627,-1496,-1388,-1627,-1496,-1388,-322,-152,-8,-62,-84,-38,208,132,48,262,150,62,384,202,49,269,172,73,28,38,8,30,50,48,141,192,44,151,254,242,302,311,350,346,330,328
ASH067,6643,1332,-1273,6641,6641,6641,6375,6385,6361,1318,1318,1318,2004,1992,1970,-1654,-1523,-1415,-1654,-1523,-1415,-1,-1,-1,-267,-257,-281,-13,-13,-13,672,660,638,13,13,13,723,708,697,0,0,0,8,9,23,0,0,0,40,46,119,188,188,188,338,338,336
I20749,5177,2819,-1225,4135,4331,4429,5215,5165,5175,2672,2862,2948,2724,2782,2786,-1606,-1475,-1367,-1606,-1475,-1367,-1041,-845,-747,38,-11,-1,-146,43,129,-94,-36,-32,1052,846,758,102,38,32,96,79,76,27,30,12,483,399,383,136,152,61,261,272,279,158,197,183
I20751,5096,2731,-1325,4201,4327,4437,5075,5039,4979,2704,2778,2862,2752,2780,2828,-1706,-1575,-1467,-1706,-1575,-1467,-894,-768,-658,-20,-56,-116,-26,47,131,21,49,97,894,769,671,29,74,151,31,51,37,8,26,42,158,258,186,43,130,210,268,273,281,316,311,309
WEZ15.SG,4539,3408,-1244,4905,4923,4765,4483,4395,4425,3754,3344,3168,3598,3400,3440,-1625,-1494,-1386,-1625,-1494,-1386,366,384,226,-55,-143,-113,345,-64,-240,189,-8,31,504,389,330,197,143,117,25,25,21,12,16,9,128,126,106,61,82,45,46,99,136,343,266,285
WEZ24.SG,4539,3408,-1258,4793,4739,4607,5027,5043,5209,3454,3070,3266,3974,3704,3150,-1639,-1508,-1400,-1639,-1508,-1400,254,200,68,488,504,670,45,-338,-142,565,295,-258,258,393,157,747,584,718,43,17,16,26,33,37,218,85,82,130,167,189,79,149,154,40,59,111
WEZ35.SG,4539,3408,-1249,3695,4319,4761,5175,5101,4865,2406,2724,2992,2738,2864,3248,-1630,-1499,-1391,-1630,-1499,-1391,-843,-219,222,636,562,326,-1002,-684,-416,-670,-544,-160,1309,718,471,924,782,363,27,84,17,6,29,54,138,424,86,34,149,270,220,197,151,136,134,116
WEZ39.SG,4539,3408,-1246,4709,4707,4569,5261,5233,5197,3014,3018,3234,2602,2660,2718,-1627,-1496,-1388,-1627,-1496,-1388,170,168,30,722,694,658,-394,-390,-174,-806,-748,-690,429,424,176,1082,1020,953,26,18,24,7,9,10,132,91,123,38,45,50,156,156,170,138,137,136
WEZ40.SG,4539,3408,-1247,4851,4765,4639,4841,4841,4831,3460,3086,3246,3868,3868,3808,-1628,-1497,-1389,-1628,-1497,-1389,312,226,100,302,302,292,51,-322,-162,459,459,399,316,393,190,550,550,495,30,21,20,0,0,18,150,105,101,0,0,90,80,144,148,33,33,36
WEZ51.SG,4539,3408,-1245,4451,4685,4615,4971,4769,4705,2818,2966,3052,3354,3634,3612,-1626,-1495,-1387,-1626,-1495,-1387,-87,146,76,432,230,166,-590,-442,-356,-54,225,203,596,465,364,435,322,263,50,18,19,55,38,31,251,94,96,275,192,157,188,161,167,97,45,39
WEZ53.SG,4539,3408,-1240,4417,4453,4067,4145,4083,4075,2888,2934,3064,3132,3190,3228,-1621,-1490,-1382,-1621,-1490,-1382,-121,-85,-471,-393,-455,-463,-520,-474,-344,-276,-218,-180,534,481,583,480,504,497,7,3,53,4,6,7,36,18,268,24,30,35,193,190,233,234,244,248
WEZ54.SG,4539,3408,-1247,4239,4153,3949,3803,3795,3533,2586,2576,2534,2532,2560,2486,-1628,-1497,-1389,-1628,-1497,-1389,-299,-385,-589,-735,-743,-1005,-822,-832,-874,-876,-848,-922,874,916,1054,1143,1127,1364,9,54,83,73,61,64,47,272,416,367,307,320,200,204,213,220,221,227
WEZ56.SG,4539,3408,-1253,4761,4631,4691,4975,4927,4933,3260,3322,3450,4200,4202,4102,-1634,-1503,-1395,-1634,-1503,-1395,222,92,152,436,388,394,-148,-86,41,791,793,693,267,126,158,904,883,798,12,8,47,15,19,20,61,41,239,77,98,103,123,132,74,28,26,29
WEZ57.SG,4539,3408,-1248,4313,4437,4483,5093,5057,5021,2802,2868,2906,2562,2616,2658,-1629,-1498,-1390,-1629,-1498,-1390,-225,-101,-55,554,518,482,-606,-540,-502,-846,-792,-750,646,549,505,1011,946,891,7,3,13,9,10,10,39,18,66,47,50,52,200,190,186,146,146,147
WEZ58.SG,4539,3408,-1253,4729,4681,4555,4671,4631,4635,3232,3060,3336,3714,3590,3512,-1634,-1503,-1395,-1634,-1503,-1395,190,142,16,132,92,96,-176,-348,-72,305,181,103,259,376,73,333,204,141,48,14,23,6,7,9,242,70,116,33,37,47,132,157,167,23,26,42
WEZ59.SG,4539,3408,-1245,4909,4879,4755,4387,4371,4385,3710,3318,3122,3470,3478,3498,-1626,-1495,-1387,-1626,-1495,-1387,370,340,216,-151,-167,-153,301,-90,-286,61,69,89,477,352,358,163,181,177,27,21,22,18,15,2,139,108,113,94,78,14,50,104,142,292,292,300
WEZ61.SG,4539,3408,-1247,4535,4625,4537,4917,4487,4451,2886,2966,3040,3048,3664,3620,-1628,-1497,-1389,-1628,-1497,-1389,-3,86,-1,378,-51,-87,-522,-442,-368,-360,255,211,522,450,368,522,261,229,17,11,5,35,1,4,86,58,25,176,9,23,180,168,180,133,348,337
WEZ64.SG,4539,3408,-1248,4897,4901,4727,4729,4695,4725,3748,3330,3256,3794,3726,3628,-1629,-1498,-1390,-1629,-1498,-1390,358,362,188,190,156,186,339,-78,-152,385,317,219,494,370,242,430,354,288,25,27,21,9,6,10,125,135,105,48,30,50,46,102,128,26,26,40
WEZ71.SG,4539,3408,-1251,4861,4839,4669,4745,4725,4779,3648,3210,3278,3814,3680,3518,-1632,-1501,-1393,-1632,-1501,-1393,322,300,130,206,186,240,239,-198,-130,405,271,109,402,359,184,455,329,264,31,26,16,8,15,5,157,132,84,42,78,28,53,123,134,26,34,65
WEZ83.SG,4539,3408,-1249,4733,4597,4521,3847,3727,3675,3020,3176,3430,3274,3316,3338,-1630,-1499,-1391,-1630,-1499,-1391,194,58,-17,-691,-811,-863,-388,-232,21,-134,-92,-70,434,239,28,704,816,866,21,25,11,20,4,7,107,129,59,104,22,35,153,165,321,259,263,265
I7577,3603,3275,-1267,4355,3951,3661,3679,3619,3595,2974,3140,3238,3154,3210,3238,-1648,-1517,-1409,-1648,-1517,-1409,751,347,57,75,15,-8,-300,-134,-36,-120,-64,-36,809,373,68,142,66,37,61,92,50,27,5,4,306,464,254,135,28,22,111,111,122,147,166,192
I10372,4568,1627,-1258,4671,4615,4597,4699,4689,4657,1642,1644,1660,1668,1666,1634,-1639,-1508,-1400,-1639,-1508,-1400,103,47,29,131,121,89,15,17,33,41,39,7,104,50,44,137,127,89,5,2,2,3,2,5,28,13,10,17,11,26,81,69,40,72,71,85
ASH066,6643,1332,-1226,6621,6643,6653,6691,6691,6691,1740,1618,1544,1374,1372,1376,-1607,-1476,-1368,-1607,-1476,-1368,-21,0,10,48,48,48,408,286,212,42,40,44,408,286,212,63,62,65,53,50,45,2,2,2,266,254,228,12,10,14,356,0,2,48,50,47
ORC003,4271,1841,-1251,4191,4193,4231,4243,4261,4277,1930,1934,1918,1870,1868,1868,-1632,-1501,-1393,-1632,-1501,-1393,-79,-77,-39,-27,-9,6,88,92,76,28,26,26,119,120,86,39,28,27,3,5,8,1,0,0,17,25,41,8,3,2,318,320,332,316,340,13
ORC007,4271,1841,-1221,4249,4271,4287,4237,4245,4275,1872,1870,1868,2020,2048,1988,-1602,-1471,-1363,-1602,-1471,-1363,-21,0,16,-33,-25,4,30,28,26,178,206,146,37,28,31,181,208,146,2,1,0,9,9,8,12,9,1,48,47,40,324,0,31,349,352,1
I2062,6674,1457,-1230,6643,6641,6647,6539,6563,6609,1322,1318,1326,1748,1736,1720,-1611,-1480,-1372,-1611,-1480,-1372,-30,-32,-26,-134,-110,-64,-135,-139,-131,290,278,262,138,143,133,320,300,270,4,0,4,4,13,18,20,0,24,23,69,94,192,193,191,335,338,346
ASH068,6643,1332,-1220,5171,5349,5483,4983,5209,5417,1564,1568,1576,1776,1696,1678,-1601,-1470,-1362,-1601,-1470,-1362,-1471,-1293,-1159,-1659,-1433,-1225,232,236,244,444,364,346,1490,1315,1185,1718,1479,1273,74,57,4,55,59,25,374,286,22,275,296,126,278,280,281,284,284,285
ORC001,4271,1841,-1214,4241,4239,4273,4291,4291,4291,1882,1870,1868,1868,1868,1868,-1595,-1464,-1356,-1595,-1464,-1356,-29,-31,2,20,20,20,40,28,26,26,26,26,50,42,26,33,33,33,4,2,0,0,0,0,22,14,3,0,0,0,323,312,5,37,37,37
I10502_published,4267,1862,-1201,4239,4239,4265,4371,4185,4249,1882,1870,1868,2156,2094,2130,-1582,-1451,-1343,-1582,-1451,-1343,-27,-27,-1,104,-81,-17,20,8,6,294,232,268,34,28,6,312,246,268,3,2,0,60,99,82,19,13,0,302,499,411,306,286,346,19,340,356
ORC005,4271,1841,-1200,4267,4285,4289,4291,4289,4255,1872,1868,1868,1868,1866,1832,-1581,-1450,-1342,-1581,-1450,-1342,-3,14,18,20,18,-15,30,26,26,26,24,-9,30,30,32,33,30,18,2,0,0,0,0,0,13,2,1,0,0,1,353,28,34,37,36,239
MJ-31.SG,5968,2897,-1179,7207,7195,7177,7125,7127,7009,4318,4302,4264,4250,4246,4128,-1560,-1429,-1321,-1560,-1429,-1321,1239,1227,1209,1157,1159,1041,1420,1404,1366,1352,1348,1230,1885,1865,1825,1780,1778,1612,23,12,11,35,23,88,118,61,58,176,116,444,41,41,41,40,40,40
s19_V14_2.SG,5193,4139,-1187,4979,5061,5195,5239,5237,5235,3460,3602,4080,4032,4058,4068,-1568,-1437,-1329,-1568,-1437,-1329,-213,-131,2,46,44,42,-679,-537,-59,-107,-81,-71,712,553,59,116,92,82,24,58,6,6,4,3,124,291,34,31,22,16,197,193,177,156,151,149
SUA006,4255,1864,-1184,4191,4191,4201,4239,4239,4241,1918,1918,1914,1942,1946,1948,-1565,-1434,-1326,-1565,-1434,-1326,-63,-63,-53,-15,-15,-13,54,54,50,78,82,84,83,83,73,79,83,85,0,0,3,4,4,4,0,0,16,24,24,24,310,310,313,348,349,350
I10554,4272,1843,-1169,4265,4285,4291,4193,4199,4209,1874,1868,1868,1964,1968,1954,-1550,-1419,-1311,-1550,-1419,-1311,-6,13,19,-78,-72,-62,30,24,24,120,124,110,31,28,31,144,144,127,3,0,0,2,1,4,15,2,0,11,7,21,348,28,38,327,329,330
ORC006,4271,1841,-1168,4247,4277,4291,4205,4209,4209,1892,1872,1868,1996,2000,1988,-1549,-1418,-1310,-1549,-1418,-1310,-23,6,20,-65,-61,-61,50,30,26,154,158,146,55,31,33,168,170,159,4,2,0,7,7,6,24,13,0,36,38,34,335,11,37,337,338,337
SUA003,4255,1864,-1152,4191,4193,4195,4191,4193,4193,1918,1918,1916,1870,1858,1852,-1533,-1402,-1294,-1533,-1402,-1294,-63,-61,-59,-63,-61,-61,54,54,52,6,-5,-11,83,81,79,63,61,62,0,1,1,0,2,2,0,5,8,3,12,12,310,311,311,275,264,259
I10553,4272,1843,-1168,4201,4235,4269,4291,4291,4291,1914,1884,1868,1868,1868,1868,-1549,-1418,-1310,-1549,-1418,-1310,-70,-36,-2,19,19,19,70,40,24,24,24,24,99,54,25,31,31,31,3,5,0,0,0,0,17,28,3,0,0,0,315,318,354,38,38,38
I7575,3603,3275,-1163,3593,3591,3591,3469,3481,3483,3280,3288,3318,3238,3262,3300,-1544,-1413,-1305,-1544,-1413,-1305,-10,-12,-12,-134,-122,-120,5,13,43,-36,-12,25,11,17,44,139,122,122,2,3,2,5,4,12,13,15,11,25,20,63,296,317,344,254,263,281
I8570_published,3476,1948,-1136,3347,3225,3211,3445,3343,3291,2200,2174,2152,2098,2110,2112,-1517,-1386,-1278,-1517,-1386,-1278,-128,-250,-264,-30,-132,-184,251,225,203,149,161,163,282,336,333,152,208,246,13,7,12,13,16,14,65,38,60,65,84,74,332,312,307,348,320,311
I10371,4568,1627,-1188,4661,4617,4597,4591,4591,4591,1612,1618,1618,1668,1668,1668,-1569,-1438,-1330,-1569,-1438,-1330,93,49,29,23,23,23,-14,-8,-8,41,41,41,94,49,30,47,47,47,8,4,3,0,0,0,40,24,16,0,0,0,98,99,106,29,29,29
ASH087,6643,1332,-1145,6641,6673,6691,6641,6653,6685,1318,1376,1406,1318,1340,1408,-1526,-1395,-1287,-1526,-1395,-1287,-1,30,48,-1,10,42,-13,44,74,-13,8,76,13,53,88,13,12,87,0,7,3,0,6,6,0,39,16,0,34,32,188,34,32,188,50,28
ASH135,6643,1332,-1151,6641,6643,6647,7039,7001,6975,1318,1320,1324,1112,1084,1068,-1532,-1401,-1293,-1532,-1401,-1293,-1,0,4,396,358,332,-13,-11,-7,-219,-247,-263,13,11,8,452,435,424,0,1,3,5,5,3,0,9,15,25,26,18,188,179,152,119,124,128
ASH008,6643,1332,-1162,6673,6681,6695,6691,6691,6691,1818,1786,1708,1440,1428,1454,-1543,-1412,-1304,-1543,-1412,-1304,30,38,52,48,48,48,486,454,376,108,96,122,487,455,379,118,107,131,13,10,14,4,3,4,66,52,73,23,18,20,3,4,7,23,26,21
I3741,4272,1843,-1135,4191,4193,4199,4241,4241,4235,1918,1918,1904,1818,1818,1818,-1516,-1385,-1277,-1516,-1385,-1277,-80,-78,-72,-30,-30,-36,74,74,60,-25,-25,-25,109,108,94,39,39,44,0,1,4,0,0,2,0,5,21,0,0,14,313,313,310,230,230,235
I7580,3603,3275,-1116,4027,3665,3591,3647,3631,3615,3232,3324,3322,3264,3284,3332,-1497,-1366,-1258,-1497,-1366,-1258,423,61,-12,43,27,11,-42,49,47,-10,9,57,426,79,48,45,29,58,96,49,2,5,2,25,480,249,13,27,12,128,95,51,345,103,71,11
I7578,3603,3275,-1140,3913,3591,3591,3557,3547,3543,3216,3316,3318,3324,3328,3326,-1521,-1390,-1282,-1521,-1390,-1282,309,-12,-12,-46,-56,-60,-58,41,43,49,53,51,315,42,44,67,77,78,92,1,0,5,3,3,461,6,0,28,19,15,100,343,344,316,313,310
s19_X10_1.SG,5194,4140,-1111,4751,4939,5175,5191,5189,5189,3352,3602,4030,4062,4076,4080,-1492,-1361,-1253,-1492,-1361,-1253,-442,-254,-18,-2,-4,-4,-788,-538,-110,-78,-64,-60,903,595,111,78,64,60,16,67,6,7,5,5,80,338,33,36,28,26,209,205,189,181,183,184
s19_V9_2.SG,5174,4129,-1132,4997,5175,5207,5233,5231,5211,3436,3820,4084,3976,4022,4050,-1513,-1382,-1274,-1513,-1382,-1274,-176,1,33,59,57,37,-692,-308,-44,-152,-106,-78,714,308,55,163,121,87,45,57,7,5,5,5,229,289,36,28,29,27,194,179,142,158,151,154
ORC009,4271,1841,-1100,4241,4269,4269,4261,4249,4235,1878,1868,1866,1866,1836,1838,-1481,-1350,-1242,-1481,-1350,-1242,-29,-1,-1,-9,-21,-35,36,26,24,24,-5,-3,47,26,24,26,22,35,3,0,0,0,0,3,17,3,3,3,1,15,321,356,356,338,256,264
I20748,5118,2802,-1016,5017,4995,4955,4831,4815,4803,2506,2474,2432,2598,2562,2506,-1397,-1266,-1158,-1397,-1266,-1158,-100,-122,-162,-286,-302,-314,-295,-327,-369,-203,-239,-295,312,349,403,351,386,431,14,19,27,14,24,37,73,97,136,74,124,187,198,200,203,234,231,226
RISE408.SG,7262,2612,-1115,7067,7163,7205,6573,6835,7085,2744,2654,2608,2820,2768,2710,-1496,-1365,-1257,-1496,-1365,-1257,-195,-99,-57,-689,-427,-177,132,42,-3,208,156,98,235,107,57,719,454,202,26,9,4,11,54,32,131,48,20,56,271,162,304,293,266,286,290,298
I2327,7377,2275,-1090,7075,7127,7187,7185,7191,7245,2626,2572,2514,2470,2382,2356,-1471,-1340,-1232,-1471,-1340,-1232,-301,-249,-189,-191,-185,-131,351,297,239,195,107,81,463,388,305,273,214,154,5,5,5,5,2,3,26,26,28,28,12,19,319,319,321,315,299,301
I7576,3603,3275,-1087,4265,3691,3591,3683,3665,3645,3028,3194,3222,3148,3202,3242,-1468,-1337,-1229,-1468,-1337,-1229,661,87,-12,79,61,41,-246,-80,-52,-126,-72,-32,706,119,54,149,95,53,77,55,2,17,7,5,386,278,12,87,38,25,110,132,192,147,139,128
Turlojiske1932,5182,3552,-1066,4589,4441,4201,5039,5055,5081,3260,3410,3402,3674,3622,3596,-1447,-1316,-1208,-1447,-1316,-1208,-592,-740,-980,-142,-126,-100,-292,-142,-150,121,69,43,660,753,991,187,144,109,8,54,90,8,6,6,42,270,451,44,33,31,243,259,261,310,298,293
s19_X15_2.SG,5260,4008,-1106,4881,5177,5215,5205,5197,5191,3354,3742,4042,4014,4044,4076,-1487,-1356,-1248,-1487,-1356,-1248,-378,-82,-44,-54,-62,-68,-654,-266,33,5,35,67,755,278,55,54,71,96,32,70,10,5,5,4,164,354,53,25,26,20,210,197,307,276,300,314
I7628,3603,3275,-1079,4081,3657,3591,3599,3589,3589,3080,3204,3226,3230,3264,3288,-1460,-1329,-1221,-1460,-1329,-1221,477,53,-12,-4,-14,-14,-194,-70,-48,-44,-10,13,516,89,50,45,17,19,89,47,3,7,4,3,446,235,16,35,20,18,112,142,193,185,232,312
I7949,4588,3055,-1066,3593,3591,3591,3663,3501,3497,3314,3322,3328,3574,3756,3806,-1447,-1316,-1208,-1447,-1316,-1208,-994,-996,-996,-924,-1086,-1090,259,267,273,519,701,751,1027,1031,1033,1060,1293,1324,2,0,1,71,33,28,12,3,5,356,165,141,284,285,285,299,302,304
I0099_published,4393,3198,-1065,3591,3591,3591,4343,4159,4177,3316,3318,3332,3080,3254,3308,-1446,-1315,-1207,-1446,-1315,-1207,-801,-801,-801,-49,-233,-215,117,119,133,-118,55,109,809,810,812,128,239,241,0,0,0,10,10,7,1,0,4,54,50,35,278,278,279,202,283,297
ORC008,4271,1841,-1072,4215,4285,4287,4203,4203,4195,1932,1880,1868,1818,1818,1818,-1453,-1322,-1214,-1453,-1322,-1214,-55,14,16,-67,-67,-75,90,38,26,-23,-23,-23,106,41,31,71,71,79,7,4,0,3,3,2,38,20,1,19,19,12,328,20,31,250,250,252
RISE412.SG,7201,2613,-1073,7065,7125,7189,7183,7205,7245,2700,2632,2572,2672,2580,2530,-1454,-1323,-1215,-1454,-1323,-1215,-135,-75,-11,-17,4,44,86,18,-41,58,-33,-83,160,77,42,61,33,94,10,6,5,10,6,5,53,33,26,50,30,28,302,284,195,343,171,151
RISE396.SG,7348,2537,-1044,7101,7173,7221,7073,7143,7185,2726,2646,2596,2702,2650,2610,-1425,-1294,-1186,-1425,-1294,-1186,-246,-174,-126,-274,-204,-162,188,108,58,164,112,72,310,205,139,320,233,178,12,6,6,25,6,7,61,33,30,126,34,37,307,302,295,301,298,294
RISE524.SG,7222,4322,-1049,7199,7207,7153,6457,6105,6039,4312,4308,4242,3182,3046,3080,-1430,-1299,-1191,-1430,-1299,-1191,-22,-14,-68,-764,-1116,-1182,-10,-14,-80,-1140,-1276,-1242,24,20,105,1372,1695,1714,16,7,77,160,142,150,83,35,385,804,713,753,245,225,220,213,221,223
RISE525.SG,7222,4322,-1015,7213,7201,7209,7297,7191,7061,4316,4306,4300,4430,4340,4202,-1396,-1265,-1157,-1396,-1265,-1157,-8,-20,-12,75,-30,-160,-6,-16,-22,107,17,-120,10,25,25,131,35,200,18,7,5,21,71,119,90,39,27,106,357,596,233,231,208,35,300,233
I3642,4178,1940,-1037,4255,4285,4245,4275,4247,4237,1868,1868,1842,1648,1788,1818,-1418,-1287,-1179,-1418,-1287,-1179,77,107,67,97,69,59,-71,-71,-97,-291,-151,-121,105,129,119,307,167,135,3,2,4,23,16,0,17,12,20,119,83,4,132,123,145,161,155,153
I4517,6657,1443,-995,6689,6691,6691,6741,6741,6741,1544,1520,1506,1454,1452,1446,-1376,-1245,-1137,-1376,-1245,-1137,32,34,34,84,84,84,101,77,63,11,9,3,106,84,72,85,84,84,12,5,4,1,1,1,63,26,24,5,6,5,17,23,28,82,83,87
I5383,3510,3519,-1014,3627,3607,3595,3741,3741,3733,3394,3466,3484,3318,3318,3320,-1395,-1264,-1156,-1395,-1264,-1156,117,97,85,231,231,223,-125,-53,-35,-201,-201,-199,171,110,92,306,306,299,8,7,3,0,0,4,40,37,19,0,0,22,136,118,112,131,131,131
RISE407.SG,7262,2612,-985,7049,7231,7259,6527,6685,7023,2710,2630,2618,2820,2796,2734,-1366,-1235,-1127,-1366,-1235,-1127,-213,-31,-3,-735,-577,-239,98,18,6,208,184,122,234,36,6,764,605,268,57,5,0,41,59,53,286,28,3,208,299,267,294,300,333,285,287,297
I3876,4568,1627,-957,4689,4657,4609,4899,4637,4597,1666,1634,1662,1614,1620,1644,-1338,-1207,-1099,-1338,-1207,-1099,121,89,41,331,69,29,39,7,35,-12,-6,17,127,89,54,331,69,33,2,5,5,75,3,3,11,26,27,377,17,15,71,85,49,92,95,58
I10364,4177,1940,-986,4221,4219,4215,4193,4191,4191,1890,1872,1880,1964,1958,1950,-1367,-1236,-1128,-1367,-1236,-1128,44,42,38,16,14,14,-50,-68,-60,23,17,9,67,80,71,29,23,17,6,4,5,1,0,0,34,20,28,7,1,2,138,147,147,35,39,56
s19_0LS11_1.SG,5174,4129,-972,5137,5189,5191,5217,5203,5193,3886,4080,4104,4080,4110,4118,-1353,-1222,-1114,-1353,-1222,-1114,-36,15,17,43,29,19,-242,-48,-24,-48,-18,-10,245,51,30,65,35,22,55,4,3,6,5,1,277,23,19,31,26,9,188,161,143,137,121,117
RISE397.SG,7348,2537,-964,7175,7223,7271,7173,7193,7237,2630,2586,2538,2628,2582,2556,-1345,-1214,-1106,-1345,-1214,-1106,-172,-124,-76,-174,-154,-110,92,48,0,90,44,18,195,133,76,196,160,111,9,7,5,6,5,4,49,35,25,30,25,24,298,291,270,297,286,279
s19_X11_1.SG,5278,4148,-952,5189,5191,5191,5241,5241,5241,4008,4104,4118,4104,4110,4108,-1333,-1202,-1094,-1333,-1202,-1094,-88,-86,-86,-36,-36,-36,-140,-44,-30,-44,-38,-40,165,97,92,57,53,54,26,2,0,3,3,3,134,12,0,18,15,16,212,243,250,220,224,222
MA2197_final.SG,6345,2126,-1009,5175,5121,5227,4915,4853,4979,2168,2156,2144,2444,2450,2414,-1390,-1259,-1151,-1390,-1259,-1151,-1169,-1223,-1117,-1429,-1491,-1365,41,29,17,317,323,287,1170,1224,1118,1464,1526,1395,48,47,79,17,20,78,243,237,397,86,104,392,272,271,270,282,282,281
MA2198_final.SG,6345,2126,-948,7103,7097,6985,6397,6359,6405,2590,2500,2448,2318,2286,2250,-1329,-1198,-1090,-1329,-1198,-1090,758,752,640,52,14,60,463,373,321,191,159,123,888,839,716,198,160,137,39,59,78,47,9,9,195,296,392,235,45,46,58,63,63,15,5,25
I2201,6687,1531,-943,6681,6691,6687,6691,6691,6691,1390,1414,1414,1446,1470,1494,-1324,-1193,-1085,-1324,-1193,-1085,-5,4,0,4,4,4,-141,-117,-117,-85,-61,-37,141,117,117,85,61,37,8,2,6,5,3,5,42,13,33,25,17,25,182,177,179,177,175,173
cim359.SG,5745,2881,-933,7147,6775,6293,6923,7161,7211,4236,3816,3316,4118,4360,4390,-1314,-1183,-1075,-1314,-1183,-1075,1402,1030,548,1178,1416,1466,1355,935,435,1237,1479,1509,1950,1391,700,1708,2048,2104,98,179,171,210,150,124,493,899,858,1053,754,624,45,47,51,43,43,44
BR2.SG,5075,2786,-903,4505,4485,4497,5081,5027,5003,2962,3070,3140,2780,2810,2814,-1284,-1153,-1045,-1284,-1153,-1045,-569,-589,-577,6,-47,-71,176,284,354,-5,24,28,596,654,677,8,53,77,38,24,5,5,26,21,192,124,28,26,134,107,287,295,301,131,297,291
IR1.SG,5063,2795,-897,5865,5627,5599,5641,5627,5665,2858,2710,2746,2680,2720,2734,-1278,-1147,-1039,-1278,-1147,-1039,801,563,535,577,563,601,63,-84,-48,-114,-74,-60,804,570,538,589,568,604,114,23,16,28,20,16,570,119,83,141,100,80,85,98,95,101,97,95
MJ-12.SG,5750,2645,-887,5385,5485,5319,5565,5845,5983,2130,2322,2376,2092,2200,2228,-1268,-1137,-1029,-1268,-1137,-1029,-364,-264,-430,-184,95,233,-514,-322,-268,-552,-444,-416,630,417,507,582,455,477,14,18,22,22,23,16,72,91,110,114,116,84,215,219,238,198,167,150
I3130,3527,3921,-896,3591,3591,3577,3603,3605,3571,3318,3334,3446,3294,3330,3572,-1277,-1146,-1038,-1277,-1146,-1038,64,64,50,76,78,44,-602,-586,-474,-626,-590,-348,605,590,477,631,595,351,0,4,38,5,20,52,0,23,191,27,104,264,173,173,173,173,172,172
I2861,3527,3921,-884,3591,3593,3807,3733,3719,3625,3242,3264,3396,3272,3272,3514,-1265,-1134,-1026,-1265,-1134,-1026,64,66,280,206,192,98,-678,-656,-524,-648,-648,-406,681,659,594,680,676,418,5,2,119,2,3,57,25,14,598,13,15,286,174,174,151,162,163,166
Turlojiske3,5182,3552,-905,5129,5185,5193,5115,5161,5173,3790,4006,3990,3508,3502,3506,-1286,-1155,-1047,-1286,-1155,-1047,-52,3,11,-66,-20,-8,237,453,437,-44,-50,-46,243,453,438,79,54,46,38,13,19,6,4,3,191,66,97,31,23,19,347,0,1,236,202,190
R1.SG,4639,2205,-888,5239,5303,5225,4977,4911,4855,2302,2430,2466,2436,2468,2444,-1269,-1138,-1030,-1269,-1138,-1030,599,663,585,337,271,215,97,225,261,231,263,239,607,701,641,409,378,322,53,80,77,9,8,8,268,403,388,47,44,41,80,71,65,55,45,42
F38.SG,7376,2275,-880,7165,7273,7335,6841,7225,7333,2544,2436,2374,2106,2202,2218,-1261,-1130,-1022,-1261,-1130,-1022,-210,-102,-40,-534,-150,-42,268,160,98,-169,-73,-57,341,190,106,560,167,71,9,9,4,15,30,2,45,48,22,75,152,13,321,327,337,252,244,216
NIED.SG,4126,2766,-881,4531,4505,4495,3865,3863,3879,2874,2960,3032,2842,2874,2894,-1262,-1131,-1023,-1262,-1131,-1023,405,379,369,-260,-262,-246,107,193,265,75,107,127,419,425,454,271,284,277,38,21,10,7,6,5,191,109,52,38,32,27,75,62,54,286,292,297
I2469_published,3286,2249,-883,3281,3287,3331,3341,3339,3421,2238,2202,2176,2108,2094,2078,-1264,-1133,-1025,-1264,-1133,-1025,-5,0,44,54,52,134,-11,-47,-73,-141,-155,-171,12,47,85,151,163,217,3,5,6,9,11,15,15,29,32,45,55,78,204,178,148,158,161,141
I2860,3527,3921,-868,3591,3591,3551,3583,3589,3581,3268,3282,3532,3278,3306,3384,-1249,-1118,-1010,-1249,-1118,-1010,64,64,24,56,62,54,-652,-638,-388,-642,-614,-536,655,641,389,645,617,539,0,4,55,4,4,33,0,22,276,21,21,165,174,174,176,174,174,174
cim358.SG,5801,2784,-877,6201,6133,6089,5985,6193,6389,2820,2818,2822,2838,3132,3354,-1258,-1127,-1019,-1258,-1127,-1019,400,332,288,184,392,588,35,33,37,53,347,569,401,334,290,192,524,819,6,9,11,133,194,217,31,48,55,667,971,1087,84,84,82,73,48,45
Turlojiske1,5182,3552,-869,5093,5149,5169,5217,5249,5253,3830,3944,3808,3496,3502,3502,-1250,-1119,-1011,-1250,-1119,-1011,-88,-32,-12,35,67,71,277,391,255,-56,-50,-50,291,393,256,66,84,87,37,26,23,7,5,5,186,133,119,37,29,27,342,355,357,147,126,124
s19_X08_1.SG,5194,4140,-876,5185,5191,5191,5175,5161,5165,4032,4082,4072,4014,4022,4000,-1257,-1126,-1018,-1257,-1126,-1018,-8,-2,-2,-18,-32,-28,-108,-58,-68,-126,-118,-140,108,58,68,127,122,143,27,4,2,4,5,7,135,22,13,24,27,38,184,182,181,188,195,191
s19_X17_2.SG,5160,4125,-867,5193,5191,5191,5201,5191,5191,4094,4118,4118,4016,4026,4024,-1248,-1117,-1009,-1248,-1117,-1009,33,31,31,41,31,31,-31,-7,-7,-109,-99,-101,45,32,32,116,104,106,4,0,0,4,3,3,23,0,0,24,17,15,132,103,103,159,162,162
I3315_published,3797,1899,-856,3235,3273,3367,3199,3269,3415,2176,2136,2094,2194,2182,2148,-1237,-1106,-998,-1237,-1106,-998,-561,-523,-429,-597,-527,-381,277,237,195,295,283,249,626,574,471,666,598,455,12,18,22,8,13,19,61,91,110,42,67,97,296,294,294,296,298,303
I2859,3527,3921,-852,3591,3591,3595,3641,3641,3515,3268,3268,3614,3218,3224,3760,-1233,-1102,-994,-1233,-1102,-994,64,64,68,114,114,-11,-652,-652,-306,-702,-696,-160,655,655,314,711,705,160,0,0,86,0,3,47,0,0,432,0,16,236,174,174,167,170,170,184
cim357.SG,5801,2784,-854,6795,5825,5795,6967,6237,5935,3788,2830,2860,3996,3270,3008,-1235,-1104,-996,-1235,-1104,-996,994,24,-5,1166,436,134,1003,45,75,1211,485,223,1413,52,76,1682,653,261,165,6,6,137,161,68,829,33,32,685,808,341,44,27,355,43,41,30
R1015.SG,4495,2103,-852,4517,4503,4549,4567,4587,4549,2566,2454,2210,2442,2240,2148,-1233,-1102,-994,-1233,-1102,-994,22,8,54,72,92,54,462,350,106,338,136,44,463,350,119,346,164,70,11,27,7,17,11,4,55,138,35,85,56,22,2,1,26,12,34,50
s19_X20_1.SG,5161,4125,-831,5195,5193,5193,5203,5205,5227,4070,4092,4102,4168,4256,4268,-1212,-1081,-973,-1212,-1081,-973,34,32,32,42,44,66,-54,-32,-22,43,131,143,64,45,39,60,138,157,5,3,3,10,5,1,28,19,19,52,28,8,148,135,125,44,18,24
DA111.SG,4608,3052,-806,4657,4507,4441,4369,4335,4293,2886,3004,3022,2908,2924,2900,-1187,-1056,-948,-1187,-1056,-948,49,-100,-166,-238,-272,-314,-165,-47,-29,-143,-127,-151,172,110,168,278,300,348,31,19,27,6,7,8,157,97,139,30,37,40,163,244,259,238,244,244
VIL011,4231,1836,-802,4935,4693,4603,6223,6195,6173,1644,1636,1662,1336,1394,1460,-1183,-1052,-944,-1183,-1052,-944,704,462,372,1992,1964,1942,-192,-200,-174,-500,-442,-376,730,504,411,2054,2014,1978,61,4,6,26,26,25,307,20,30,132,134,127,105,113,115,104,102,100
R1016.SG,4523,2075,-793,4701,4647,4575,4661,4615,4579,2394,2222,2144,2338,2198,2170,-1174,-1043,-935,-1174,-1043,-935,178,124,52,138,92,56,319,147,69,263,123,95,365,192,86,297,153,110,15,18,9,21,5,5,75,92,46,108,26,28,29,40,37,27,36,30
VIL010,4231,1836,-790,4827,4695,4599,6299,6317,6251,1660,1664,1668,1682,1660,1856,-1171,-1040,-932,-1171,-1040,-932,596,464,368,2068,2086,2020,-176,-172,-168,-154,-176,19,622,495,405,2074,2094,2020,45,3,5,25,24,27,228,17,25,129,121,138,106,110,114,94,94,89
I3313,4801,2328,-778,4945,4849,4781,4905,4845,4793,2484,2456,2352,2462,2422,2346,-1159,-1028,-920,-1159,-1028,-920,144,48,-19,104,44,-7,156,128,24,134,94,18,212,136,31,169,103,19,8,13,10,10,9,4,44,66,54,50,46,23,42,20,320,37,25,336
Kivutkalns42,5185,3836,-767,5153,5157,5173,5165,5159,5173,4026,3992,3882,4000,3984,3916,-1148,-1017,-909,-1148,-1017,-909,-32,-28,-12,-20,-26,-12,190,156,46,164,148,80,192,158,47,165,150,81,7,9,9,11,15,16,35,45,45,55,77,83,350,349,345,353,350,351
SFI-55.SG,6661,1597,-729,6691,6691,6691,6691,6691,6691,1510,1538,1566,1538,1558,1572,-1110,-979,-871,-1110,-979,-871,30,30,30,30,30,30,-86,-58,-30,-58,-38,-24,91,65,43,65,49,39,4,6,4,5,4,3,22,31,21,25,20,18,160,152,135,152,141,128
SFI-56.SG,6661,1597,-777,6691,6691,6691,6691,6691,6691,1520,1524,1536,1416,1448,1470,-1158,-1027,-919,-1158,-1027,-919,30,30,30,30,30,30,-76,-72,-60,-180,-148,-126,82,78,67,183,151,130,4,6,6,5,8,9,20,32,31,26,41,48,158,157,153,170,168,166
MSR002,4190,1789,-696,4819,4713,4633,5303,4897,4749,1706,1782,1864,1828,1798,1864,-1077,-946,-838,-1077,-946,-838,629,523,443,1113,707,559,-83,-7,74,38,8,74,635,523,450,1114,707,564,39,12,27,85,76,30,195,62,135,427,383,153,97,90,80,87,89,82
NOR2B6.SG,4148,2817,-743,5061,4993,4869,4585,4449,4379,2690,2718,2732,2698,2680,2610,-1124,-993,-885,-1124,-993,-885,913,845,721,437,301,231,-126,-98,-84,-118,-136,-206,921,850,726,453,330,310,12,12,50,37,26,13,62,62,254,189,131,69,97,96,96,105,114,131
NOR3-15.SG,4148,2817,-749,5001,4661,4285,4205,4187,4167,2708,2818,2866,2952,2944,2904,-1130,-999,-891,-1130,-999,-891,853,513,137,57,39,19,-108,1,49,135,127,87,860,513,145,146,133,89,12,60,8,5,5,5,63,300,40,27,29,25,97,89,70,22,17,12
Kivutkalns25,5185,3836,-679,5171,5185,5189,5193,5201,5213,4026,3952,3876,4066,4044,4028,-1060,-929,-821,-1060,-929,-821,-14,0,3,7,15,27,190,116,40,230,208,192,190,116,40,230,208,194,5,13,9,3,5,6,27,69,49,16,25,30,355,359,5,1,4,8
Kivutkalns153,5185,3836,-673,5185,5189,5191,5191,5191,5191,4030,3958,3896,4068,4054,4016,-1054,-923,-815,-1054,-923,-815,0,3,5,5,5,5,194,122,60,232,218,180,194,122,60,232,218,180,6,11,6,0,4,6,30,57,33,0,22,30,359,1,5,1,1,1
Kivutkalns209,5185,3836,-661,5191,5191,5191,5241,5241,5241,4078,4050,4024,4108,4086,4050,-1042,-911,-803,-1042,-911,-803,5,5,5,55,55,55,242,214,188,272,250,214,242,214,188,277,256,221,4,6,7,3,6,8,24,34,36,19,34,41,1,1,1,11,12,14
VIL006,4231,1836,-696,4633,4551,4405,5303,4443,4275,1666,1784,1864,1738,1618,1712,-1077,-946,-838,-1077,-946,-838,402,320,174,1072,212,44,-170,-52,27,-98,-218,-124,437,325,177,1077,304,132,9,22,35,118,23,27,45,111,176,591,115,136,112,99,81,95,135,160
R1021.SG,4564,2064,-654,4381,4447,4441,4263,4449,4471,2656,2366,2218,2648,2366,2236,-1035,-904,-796,-1035,-904,-796,-182,-116,-122,-300,-114,-92,591,301,153,583,301,171,619,323,196,656,322,195,20,40,4,14,34,4,103,202,24,71,172,22,342,338,321,332,339,331
R473.SG,4467,2111,-647,4715,4621,4555,4463,4531,4483,2366,2180,2134,2426,2230,2170,-1028,-897,-789,-1028,-897,-789,248,154,88,-3,64,16,255,69,23,315,119,59,356,169,91,315,135,61,17,4,6,32,6,3,87,21,30,161,31,16,44,65,75,359,28,15
R474.SG,4467,2111,-651,4837,4683,4589,4377,4481,4579,2560,2392,2246,2664,2448,2268,-1032,-901,-793,-1032,-901,-793,370,216,122,-89,14,112,449,281,135,553,337,157,582,354,182,560,337,193,14,16,4,25,38,2,74,81,20,125,194,11,39,37,42,350,2,35
R475.SG,4467,2111,-652,4733,4647,4575,5199,4663,4321,2040,2040,2058,1844,1792,1906,-1033,-902,-794,-1033,-902,-794,266,180,108,732,196,-145,-70,-70,-52,-266,-318,-204,275,193,120,779,374,251,9,6,8,88,52,13,49,31,43,444,262,69,104,111,115,110,148,215
R850.SG,4530,2059,-640,6297,6219,6225,6391,6421,6423,2056,2060,2048,2026,1992,1974,-1021,-890,-782,-1021,-890,-782,1766,1688,1694,1860,1890,1892,-2,1,-10,-32,-66,-84,1766,1688,1695,1861,1892,1894,36,70,81,17,17,33,181,352,405,85,85,165,90,89,90,91,92,92
R851.SG,4530,2059,-658,4507,4511,4413,4443,4503,4427,2438,2220,2156,2438,2268,2218,-1039,-908,-800,-1039,-908,-800,-23,-19,-117,-87,-27,-103,379,161,97,379,209,159,380,162,152,389,211,189,39,13,15,37,18,16,195,65,75,185,93,83,356,353,309,347,352,327
s19_0LS10_1.SG,5250,4152,-657,5203,5195,5193,5223,5235,5239,4116,4118,4118,3668,3646,3668,-1038,-907,-799,-1038,-907,-799,-46,-54,-56,-26,-14,-10,-36,-34,-34,-484,-506,-484,59,64,66,485,506,484,2,1,1,7,4,16,14,9,6,37,24,82,232,237,238,183,181,181
RISE276.SG,4418,3646,-668,4383,4879,5065,3709,4279,4319,3224,3054,2974,3572,3774,3776,-1049,-918,-810,-1049,-918,-810,-35,460,646,-709,-139,-99,-422,-592,-672,-74,127,129,423,750,932,712,188,163,30,21,28,79,36,6,150,107,140,396,180,31,184,142,136,264,312,322
MJ-42.SG,7464,4532,-626,6049,6439,7131,7277,7353,7411,3004,3456,4132,4420,4478,4486,-1007,-876,-768,-1007,-876,-768,-1414,-1024,-332,-186,-110,-52,-1527,-1075,-399,-111,-53,-45,2081,1485,519,217,122,69,76,180,138,91,10,13,381,900,694,455,50,65,222,223,219,239,244,229
scy010.SG,5802,2774,-629,4703,5129,5257,5183,5213,5273,3092,2906,2856,2872,2854,2844,-1010,-879,-771,-1010,-879,-771,-1098,-672,-544,-618,-588,-528,317,131,81,97,79,69,1143,685,550,626,593,533,174,77,29,10,9,13,870,385,147,54,47,66,286,281,278,278,277,277
I16163,4178,1949,-638,4547,4389,4219,4533,4421,4339,2088,2038,1964,2108,2092,2086,-1019,-888,-780,-1019,-888,-780,369,211,41,355,243,161,139,89,15,159,143,137,394,229,44,389,282,211,7,28,17,7,21,23,37,143,86,36,109,116,69,67,69,65,59,49
Kivutkalns207,5185,3836,-671,5187,5189,5191,5241,5241,5241,4078,4010,3922,4116,4096,4066,-1052,-921,-813,-1052,-921,-813,1,3,5,55,55,55,242,174,86,280,260,230,242,174,86,285,266,236,8,11,12,1,4,6,40,57,62,9,24,32,0,1,3,11,12,13
I12171_published,2909,1752,-652,3403,3569,3623,3499,3547,3523,2110,2074,2070,2020,2026,1998,-1033,-902,-794,-1033,-902,-794,494,660,714,590,638,614,357,321,317,267,273,245,610,735,782,648,695,662,36,27,11,11,15,14,181,139,55,59,79,70,54,64,66,65,66,68
I12641,3663,2082,-647,3449,3527,3553,3545,3581,3539,2080,2070,2064,2044,2048,2016,-1028,-897,-789,-1028,-897,-789,-213,-135,-109,-117,-81,-123,-2,-12,-18,-38,-34,-66,213,135,110,123,88,139,19,17,17,17,18,18,95,87,86,87,91,94,269,264,260,252,247,241
MJ-14.SG,5810,3134,-614,3561,3791,4683,5053,5109,5157,3628,3674,3196,3082,3010,2954,-995,-864,-756,-995,-864,-756,-2249,-2019,-1127,-757,-701,-653,493,539,61,-52,-124,-180,2302,2089,1128,758,712,677,15,121,153,18,7,8,76,605,767,92,38,44,282,284,273,266,259,254
JK2911,6378,1049,-625,6647,6661,6659,6721,6533,6477,1330,1402,1466,1288,1180,1140,-1006,-875,-767,-1006,-875,-767,269,283,281,343,155,99,280,352,416,238,130,90,389,452,502,418,203,134,7,20,29,15,7,6,35,100,147,76,38,34,43,38,34,55,49,47
MJ-08.SG,6123,3228,-628,6019,5937,6019,6037,6051,6231,3152,3110,3200,3112,3134,3236,-1009,-878,-770,-1009,-878,-770,-103,-185,-103,-85,-71,108,-75,-117,-27,-115,-93,8,128,219,107,144,118,108,78,67,77,45,7,76,392,336,388,227,35,383,233,237,254,216,217,85
BSB001,7651,3967,-662,6059,5905,6029,6091,6193,6373,3126,3018,3146,3124,3216,3304,-1043,-912,-804,-1043,-912,-804,-1591,-1745,-1621,-1559,-1457,-1277,-840,-948,-820,-842,-750,-662,1800,1986,1817,1772,1639,1439,116,64,85,92,112,130,580,324,428,462,563,652,242,241,243,241,242,242
I5769,5605,2364,-615,4697,4633,4363,4779,4973,5421,1664,1762,1804,1704,1946,2260,-996,-865,-757,-996,-865,-757,-907,-971,-1241,-825,-631,-183,-700,-602,-560,-660,-418,-104,1146,1143,1362,1057,757,211,6,20,28,47,94,42,31,104,144,238,472,214,232,238,245,231,236,240
s19_X14_1.SG,5171,4131,-620,5205,5195,5191,5173,5161,5157,4110,4118,4118,3920,3918,3912,-1001,-870,-762,-1001,-870,-762,34,24,20,2,-9,-13,-21,-13,-13,-211,-213,-219,40,28,24,211,213,219,5,2,0,13,15,16,25,13,0,69,75,80,121,118,122,179,182,183
MX265,4236,2739,-656,4615,4389,4189,5055,5083,5123,2932,2954,2840,2932,2870,2818,-1037,-906,-798,-1037,-906,-798,379,153,-46,819,847,887,192,214,100,192,130,78,425,263,110,841,857,890,43,29,9,13,11,7,217,148,49,66,58,39,63,35,335,76,81,84
DA195.SG,5101,2634,-626,5033,4997,5087,5083,5099,5121,2722,2706,2696,2710,2672,2654,-1007,-876,-768,-1007,-876,-768,-67,-103,-13,-17,-1,20,87,71,61,75,37,19,110,126,63,77,37,28,31,33,44,8,5,5,156,165,221,40,28,26,322,304,347,346,357,45
s19_V10_2.SG,5250,4152,-597,5193,5197,5191,5133,5133,5125,3926,3820,3968,3602,3588,3586,-978,-847,-739,-978,-847,-739,-56,-52,-58,-116,-116,-124,-226,-332,-184,-550,-564,-566,233,336,193,562,576,579,26,33,27,4,4,4,132,167,135,22,21,21,194,189,197,191,191,192
scy009.SG,5802,2774,-604,4587,4501,4647,4765,4855,4941,3328,3404,3256,3308,3222,3094,-985,-854,-746,-985,-854,-746,-1214,-1300,-1154,-1036,-946,-860,553,629,481,533,447,319,1334,1445,1251,1165,1047,918,96,148,138,16,23,26,484,743,692,84,115,132,294,295,292,297,295,290
Kivutkalns215,5185,3836,-625,5185,5189,5191,5183,5187,5175,4022,3944,3900,3782,3750,3758,-1006,-875,-767,-1006,-875,-767,0,3,5,-2,1,-10,186,108,64,-53,-85,-77,186,108,64,53,85,78,9,13,9,9,4,4,48,68,47,47,23,21,359,2,5,182,178,187
MJ-33.SG,5810,3134,-596,5973,6073,6201,6571,6179,6101,2872,2954,3040,3346,3142,3158,-977,-846,-738,-977,-846,-738,162,262,390,760,368,290,-262,-180,-94,211,7,23,308,318,402,789,368,291,9,26,31,152,131,108,48,131,155,763,655,542,148,124,103,74,88,85
I8209,3750,2140,-601,4221,4069,3935,3499,3593,3639,2772,2622,2420,2264,2218,2172,-982,-851,-743,-982,-851,-743,471,319,185,-250,-156,-110,632,482,280,124,78,32,788,578,336,279,174,114,51,51,41,26,29,13,257,257,207,134,149,69,36,33,33,296,296,286
I12561,2909,1752,-609,3505,3719,3647,3551,3603,3621,2058,2090,2070,2066,2068,2068,-990,-859,-751,-990,-859,-751,596,810,738,642,694,712,305,337,317,313,315,315,670,878,804,715,763,779,47,41,14,11,8,6,236,205,72,57,41,32,62,67,66,63,65,66
I12640,3663,2082,-590,3447,3517,3505,3471,3503,3499,2092,2078,2068,2298,2248,2206,-971,-840,-732,-971,-840,-732,-215,-145,-157,-191,-159,-163,9,-4,-14,215,165,123,215,145,157,288,230,205,19,18,14,7,6,5,97,90,70,37,32,28,272,268,264,318,316,307
I4556,3631,2067,-598,3401,3655,3677,3523,3643,3671,2152,2152,2116,2376,2306,2226,-979,-848,-740,-979,-848,-740,-229,24,46,-107,12,40,85,85,49,309,239,159,244,88,67,327,239,164,25,30,17,27,18,6,125,154,85,137,94,34,290,15,43,340,2,14
MJ-16.SG,5810,3134,-579,5789,5827,5889,6125,6201,6273,2826,2896,2978,2804,2882,2932,-960,-829,-721,-960,-829,-721,-21,16,78,314,390,462,-308,-238,-156,-330,-252,-202,309,238,175,456,465,505,8,10,9,9,17,16,44,50,47,45,89,84,183,175,153,136,122,113
I3322,3508,1985,-547,3495,3581,3569,3475,3531,3525,2080,2072,2068,2126,2096,2076,-928,-797,-689,-928,-797,-689,-12,73,61,-32,23,17,94,86,82,140,110,90,95,113,103,144,113,92,6,6,6,5,4,4,34,31,30,26,21,21,352,40,36,346,11,10
MSR003,4190,1789,-562,4607,4481,4329,4609,4487,4397,2050,2030,1962,2058,2034,2006,-943,-812,-704,-943,-812,-704,417,291,139,419,297,207,260,240,172,268,244,216,492,378,222,498,385,300,21,30,26,15,23,25,109,152,132,75,119,127,58,50,38,57,50,43
NOR3-6.SG,4148,2817,-568,4653,4577,4399,4017,4037,4045,3052,3016,2850,2952,2900,2848,-949,-818,-710,-949,-818,-710,505,429,251,-130,-110,-102,235,199,33,135,83,31,557,473,253,188,138,107,34,41,70,5,5,2,173,208,352,29,26,11,65,65,82,315,306,286
NOR4.SG,4148,2817,-551,4325,4223,4297,4505,4407,4431,2806,2732,2654,2670,2568,2422,-932,-801,-693,-932,-801,-693,177,75,149,357,259,283,-10,-84,-162,-146,-248,-394,177,113,220,386,359,485,38,21,62,29,31,33,194,107,312,149,158,166,93,138,137,112,133,144
I8215,3750,2140,-570,4911,4715,4523,4805,4743,4741,1620,1746,1780,1794,1838,1926,-951,-820,-712,-951,-820,-712,1161,965,773,1055,993,991,-519,-393,-359,-345,-301,-213,1272,1043,853,1110,1038,1014,118,92,72,24,7,4,591,464,361,124,37,23,114,112,114,108,106,102
MJ-35.SG,6085,3319,-597,5805,5845,5907,6443,6357,6353,2768,2826,2896,3202,3254,3282,-978,-847,-739,-978,-847,-739,-279,-239,-177,358,272,268,-551,-493,-423,-117,-65,-37,617,547,458,377,280,271,7,15,20,94,79,84,38,76,100,473,399,423,206,205,202,108,103,97
DA112.SG,4608,3052,-539,4533,4335,4265,4551,4631,4727,3146,2958,2848,3228,3114,3000,-920,-789,-681,-920,-789,-681,-74,-272,-342,-56,23,119,94,-93,-203,176,62,-51,120,287,398,185,66,130,28,55,56,12,14,30,141,279,283,62,73,152,321,251,239,342,20,113
MJ-13.SG,6085,3319,-489,5269,5437,5553,5189,5257,5381,3084,3048,3060,3000,2962,2958,-870,-739,-631,-870,-739,-631,-815,-647,-531,-895,-827,-703,-235,-271,-259,-319,-357,-361,848,701,590,950,900,790,69,21,20,7,12,22,348,105,101,36,61,110,253,247,244,250,246,242
s19_VII4_1.SG,5212,4147,-517,5191,5191,5187,5187,5181,5177,4066,4098,4096,3562,3554,3550,-898,-767,-659,-898,-767,-659,-20,-20,-24,-24,-30,-34,-81,-49,-51,-585,-593,-597,83,53,56,585,594,598,1,4,5,3,4,5,9,23,26,16,22,27,193,202,205,182,182,183
SFI-43.SG,6661,1597,-522,6691,6691,6691,6601,6539,6493,1538,1560,1568,1290,1226,1194,-903,-772,-664,-903,-772,-664,30,30,30,-59,-121,-167,-58,-36,-28,-306,-370,-402,65,47,41,312,389,435,6,3,0,19,17,10,31,15,0,98,89,52,152,140,133,190,198,202
DA202.SG,7468,3512,-493,5871,5987,6103,6065,6077,6077,2968,3080,3158,3158,3220,3236,-874,-743,-635,-874,-743,-635,-1596,-1480,-1364,-1402,-1390,-1390,-544,-432,-354,-354,-292,-276,1686,1542,1410,1446,1421,1417,17,30,32,76,58,48,85,153,160,384,292,242,251,253,255,255,258,258
BES1248.SG,3787,2273,-485,4253,4913,5079,3783,3825,3843,3402,2950,2810,3072,3022,2980,-866,-735,-627,-866,-735,-627,466,1126,1292,-3,38,56,1128,676,536,798,748,706,1221,1314,1399,798,749,709,23,14,9,5,6,7,116,74,47,28,31,37,22,58,67,359,2,4
Jeb8.SG,4125,2769,-495,4453,4113,3931,4449,4439,4407,3050,2748,2536,3076,3000,2940,-876,-745,-637,-876,-745,-637,328,-11,-193,324,314,282,280,-21,-233,306,230,170,431,24,303,446,389,329,41,36,30,5,6,11,209,183,151,27,33,57,49,209,219,46,53,58
MJ-41.SG,7298,4393,-518,6693,7097,7341,6825,6983,7027,3742,4068,4298,3788,3822,3810,-899,-768,-660,-899,-768,-660,-605,-201,42,-473,-315,-271,-650,-324,-94,-604,-570,-582,888,382,104,767,652,642,193,149,58,168,142,140,967,748,294,843,711,704,222,211,155,218,208,204
Kivutkalns222,5185,3836,-515,5187,5189,5191,5199,5193,5191,3958,3882,3860,4084,4034,3990,-896,-765,-657,-896,-765,-657,1,3,5,13,7,5,122,46,24,248,198,154,122,46,24,248,198,154,13,10,3,5,8,8,68,50,18,27,44,43,0,4,13,3,2,2
DA191.SG,5124,2774,-488,4409,4797,4961,4667,4813,5013,3432,3134,2956,3492,3268,2988,-869,-738,-630,-869,-738,-630,-714,-326,-162,-456,-310,-110,658,360,182,718,494,214,971,485,243,850,583,240,133,67,22,24,64,42,669,339,112,121,323,214,312,317,318,327,327,332
DA198.SG,5101,2634,-494,4709,4629,4567,5157,5611,5635,2216,2156,2098,2318,2448,2478,-875,-744,-636,-875,-744,-636,-391,-471,-533,56,510,534,-418,-478,-536,-316,-186,-156,572,671,756,321,543,556,28,23,15,32,25,19,140,115,78,161,126,97,223,224,224,169,110,106
Kivutkalns19,5185,3836,-482,5189,5191,5191,5245,5241,5241,3956,3878,3872,4114,4074,4020,-863,-732,-624,-863,-732,-624,3,5,5,59,55,55,120,42,36,278,238,184,120,42,36,284,244,192,9,6,3,2,5,7,46,33,19,11,29,35,1,8,9,12,13,16
s19_V16_1.SG,5161,4125,-490,5199,5191,5191,5193,5195,5207,4118,4118,4118,4012,3976,3944,-871,-740,-632,-871,-740,-632,38,30,30,32,34,46,-6,-6,-6,-112,-148,-180,39,31,31,117,152,186,3,0,0,5,4,7,18,0,0,25,23,37,99,102,102,163,166,165
MJ-56.SG,7344,4268,-475,6261,6909,7153,6001,6205,6359,3322,3898,4058,3014,3166,3240,-856,-725,-617,-856,-725,-617,-1082,-434,-190,-1342,-1138,-984,-945,-369,-209,-1253,-1101,-1027,1437,570,283,1836,1584,1423,158,158,118,12,62,66,794,794,591,60,312,332,228,229,222,226,225,223
I12879,3616,2064,-485,3751,3743,3691,4083,4053,3985,2356,2236,2176,2630,2518,2362,-866,-735,-627,-866,-735,-627,135,127,75,467,437,369,291,171,111,565,453,297,321,213,134,734,630,474,36,24,9,12,15,21,181,123,45,61,76,106,24,36,34,39,43,51
MJ-47.SG,6115,3000,-471,5885,6021,6081,5773,5823,5867,2742,2826,2878,2726,2800,2854,-852,-721,-613,-852,-721,-613,-229,-93,-33,-341,-291,-247,-258,-174,-122,-274,-200,-146,345,197,126,437,353,287,14,14,10,10,10,8,70,74,51,53,52,42,221,208,195,231,235,239
Kivutkalns164,5185,3836,-470,5147,5161,5163,5191,5191,5191,3772,3784,3822,4060,4002,3952,-851,-720,-612,-851,-720,-612,-38,-24,-22,5,5,5,-63,-51,-13,224,166,116,74,57,26,224,166,116,6,5,3,6,8,8,33,28,18,31,44,44,210,204,237,1,2,2
DA197.SG,5101,2634,-480,4479,4775,4845,5095,5149,5195,3210,3000,2912,2884,2820,2806,-861,-730,-622,-861,-730,-622,-621,-325,-255,-5,48,94,575,365,277,249,185,171,847,489,377,249,192,196,138,101,110,18,8,7,691,506,551,92,40,37,312,318,317,358,14,28
VIL007,4231,1836,-457,4541,4289,4253,5025,4341,4241,2004,1868,1868,1804,1814,1818,-838,-707,-599,-838,-707,-599,310,58,22,794,110,10,167,31,31,-32,-22,-18,353,66,39,795,113,21,29,1,3,133,62,0,148,7,16,665,311,0,61,61,35,92,101,149
SFI-42.SG,6661,1597,-479,6691,6691,6691,6691,6691,6691,1576,1610,1612,1664,1664,1668,-860,-729,-621,-860,-729,-621,30,30,30,30,30,30,-20,13,15,67,67,71,36,33,34,74,74,77,3,0,0,5,3,0,16,1,1,25,17,0,123,66,62,24,24,23
I8344,3750,2140,-446,4649,4519,4603,4519,4543,4823,3240,2976,2772,3508,3410,2954,-827,-696,-588,-827,-696,-588,899,769,853,769,793,1073,1100,836,632,1368,1270,814,1421,1136,1062,1569,1497,1347,17,69,88,13,17,19,89,345,442,65,86,97,39,42,53,29,32,52
I12877,3622,2067,-461,3525,3549,3517,3611,3583,3521,2098,2082,2070,2126,2082,2050,-842,-711,-603,-842,-711,-603,-96,-72,-104,-10,-38,-100,31,15,3,59,15,-16,101,74,104,60,41,102,13,9,9,7,7,10,68,49,47,35,38,52,287,281,271,349,291,260
VIL009,4231,1836,-433,4595,4401,4271,5069,4457,4269,1682,1782,1808,1896,1844,1808,-814,-683,-575,-814,-683,-575,364,170,40,838,226,38,-154,-54,-28,59,7,-28,396,179,49,840,226,48,41,65,20,164,112,20,209,327,104,822,561,104,112,107,124,85,88,126
PECH5.SG,3746,2242,-467,3489,3573,3577,3461,3473,3457,2200,2186,2172,2230,2218,2200,-848,-717,-609,-848,-717,-609,-256,-172,-168,-284,-272,-288,-41,-55,-69,-11,-23,-41,259,181,182,284,273,291,18,11,9,9,8,6,94,57,49,45,43,34,260,252,247,267,265,261
PECH8.SG,3746,2242,-448,3733,3695,3665,3645,3613,3561,2180,2106,2086,2084,2050,2018,-829,-698,-590,-829,-698,-590,-12,-50,-80,-100,-132,-184,-61,-135,-155,-157,-191,-223,62,144,175,187,233,289,20,7,7,15,19,17,100,39,38,77,97,89,191,200,207,212,214,219
CLK001,7682,4492,-450,5941,6193,6651,6551,7383,7551,3086,3272,3494,3588,4108,4066,-831,-700,-592,-831,-700,-592,-1740,-1488,-1030,-1130,-298,-130,-1406,-1220,-998,-904,-384,-426,2237,1925,1435,1447,486,445,78,115,143,197,75,27,390,579,718,987,377,138,231,230,225,231,217,197
SFI-34.SG,6661,1597,-411,6691,6691,6691,6691,6691,6691,1574,1590,1594,1610,1626,1618,-792,-661,-553,-792,-661,-553,30,30,30,30,30,30,-22,-6,-2,13,29,21,37,31,30,33,42,37,3,2,0,2,3,0,18,13,2,13,16,0,126,101,94,66,45,54
SFI-35.SG,6661,1597,-416,6691,6691,6691,6691,6691,6691,1586,1606,1612,1578,1598,1598,-797,-666,-558,-797,-666,-558,30,30,30,30,30,30,-10,9,15,-18,1,1,32,31,34,35,30,30,1,0,0,1,0,0,9,1,1,8,2,2,108,72,62,121,87,87
SFI-36.SG,6661,1597,-438,6691,6691,6691,6691,6697,6691,1600,1608,1614,1666,1666,1652,-819,-688,-580,-819,-688,-580,30,30,30,30,36,30,3,11,17,69,69,55,30,32,35,75,78,63,0,0,0,4,3,3,2,1,1,23,18,19,83,69,60,23,27,28
SFI-39.SG,6661,1597,-442,6691,6691,6691,6691,6691,6691,1548,1576,1584,1598,1612,1618,-823,-692,-584,-823,-692,-584,30,30,30,30,30,30,-48,-20,-12,1,15,21,57,36,32,30,34,37,4,0,0,2,1,0,21,1,2,11,8,0,147,123,112,87,62,54
SFI-45.SG,6661,1597,-441,6691,6691,6691,6689,6691,6691,1578,1610,1618,1684,1674,1664,-822,-691,-583,-822,-691,-583,30,30,30,28,30,30,-18,13,21,87,77,67,35,33,37,92,83,74,0,0,0,8,4,3,1,1,0,41,23,17,121,66,54,18,21,24
SFI-47.SG,6661,1597,-435,6691,6691,6691,6691,6691,6691,1584,1604,1618,1626,1632,1620,-816,-685,-577,-816,-685,-577,30,30,30,30,30,30,-12,7,21,29,35,23,32,31,37,42,46,38,0,0,0,3,3,1,2,2,0,17,18,8,112,76,54,45,40,52
SFI-50.SG,6661,1597,-429,6691,6691,6691,6673,6691,6691,1568,1604,1614,1708,1704,1684,-810,-679,-571,-810,-679,-571,30,30,30,12,30,30,-28,7,17,111,107,87,41,31,35,112,111,92,1,0,0,10,4,4,8,2,1,52,21,22,133,76,60,6,15,19
SFI-44.SG,6661,1597,-442,6691,6691,6691,6689,6691,6691,1570,1600,1608,1478,1522,1526,-823,-692,-584,-823,-692,-584,30,30,30,28,30,30,-26,3,11,-118,-74,-70,40,30,32,121,80,76,2,0,0,8,2,3,14,2,1,43,11,15,130,83,69,166,157,156
I8341,3750,2140,-428,4015,3889,3803,3791,3755,3729,2584,2346,2250,2292,2188,2150,-809,-678,-570,-809,-678,-570,265,139,53,41,5,-20,444,206,110,152,48,10,517,249,122,157,48,22,25,29,14,32,12,3,128,146,74,163,62,15,30,34,26,15,6,296
I8210,3750,2140,-418,4055,3955,3805,3969,3993,3999,2506,2298,2178,2686,2670,2702,-799,-668,-560,-799,-668,-560,305,205,55,219,243,249,366,158,38,546,530,562,477,259,67,588,583,615,32,25,19,6,6,9,163,129,99,30,30,46,39,52,55,21,24,23
I8212,3750,2140,-425,4249,4093,4107,3417,3611,3263,2892,2746,2744,1920,1916,1894,-806,-675,-567,-806,-675,-567,499,343,357,-332,-138,-486,752,606,604,-219,-223,-245,903,696,702,398,263,544,47,6,6,120,140,110,236,30,31,600,701,552,33,29,30,236,211,243
I8214,3750,2140,-418,3853,3777,3715,3585,3617,3617,2436,2268,2220,2352,2294,2268,-799,-668,-560,-799,-668,-560,103,27,-34,-164,-132,-132,296,128,80,212,154,128,313,131,87,268,203,184,27,13,3,6,5,3,139,67,19,33,27,18,19,12,336,322,319,314
PT2.SG,3840,2322,-422,4121,4047,3909,3903,3903,3873,2742,2600,2366,2762,2666,2486,-803,-672,-564,-803,-672,-564,281,207,69,63,63,33,419,277,43,439,343,163,505,346,81,444,349,166,27,25,27,8,19,31,138,129,138,43,99,158,33,36,57,8,10,11
VIL004,4231,1836,-427,4675,4299,4241,5305,5531,5555,1824,1844,1818,2086,2262,2286,-808,-677,-569,-808,-677,-569,444,68,10,1074,1300,1324,-12,7,-18,249,425,449,445,69,21,1103,1368,1399,43,57,0,76,4,5,217,287,0,383,20,26,91,83,149,76,71,71
I12410,3622,2067,-418,3579,3527,3463,3571,3493,3433,2062,2042,2018,2066,2028,2008,-799,-668,-560,-799,-668,-560,-42,-94,-158,-50,-128,-188,-4,-24,-48,0,-38,-58,43,98,166,50,134,197,11,12,6,10,9,9,58,61,34,54,46,45,263,255,252,268,253,252
I12878,3622,2067,-394,3755,3659,3625,3663,3609,3561,2128,2078,2062,2140,2096,2070,-775,-644,-536,-775,-644,-536,133,37,3,41,-12,-60,61,11,-4,73,29,3,146,38,5,83,31,60,33,8,7,7,6,6,168,44,36,36,31,31,65,73,146,29,336,272
R435.SG,4552,2081,-418,4125,4025,3945,3955,3851,3759,2616,2436,2290,2348,2172,2130,-799,-668,-560,-799,-668,-560,-426,-526,-606,-596,-700,-792,535,355,209,267,91,49,684,635,642,654,706,794,11,9,17,31,34,10,56,45,87,158,174,54,321,303,289,294,277,273
AIG001,7467,3193,-417,6957,7305,7313,7109,7375,7501,4002,4272,4238,4060,4232,4082,-798,-667,-559,-798,-667,-559,-510,-162,-154,-358,-92,33,808,1078,1044,866,1038,888,956,1090,1056,937,1042,889,29,8,18,37,24,36,149,43,90,186,124,181,327,351,351,337,354,2
AIG002,7467,3193,-399,6109,6291,6457,6393,6539,6981,3086,3198,3268,3082,3206,3696,-780,-649,-541,-780,-649,-541,-1358,-1176,-1010,-1074,-928,-486,-107,4,74,-111,12,502,1362,1176,1012,1079,928,699,39,23,26,18,6,54,195,115,133,93,33,273,265,270,274,264,270,315
AIG006,7467,3193,-388,5873,6005,6071,6807,7149,7295,3026,3150,3216,3784,4068,4198,-769,-638,-530,-769,-638,-530,-1594,-1462,-1396,-660,-318,-172,-167,-43,22,590,874,1004,1602,1462,1396,885,930,1019,15,13,5,39,16,17,75,69,28,197,83,88,264,268,270,311,340,350
SBL001,7651,3967,-390,7013,7149,7341,7467,7619,7683,4052,4180,4336,4518,4446,4214,-771,-640,-532,-771,-640,-532,-637,-501,-309,-183,-31,32,85,213,369,551,479,247,643,545,481,580,480,249,129,103,17,27,40,44,648,518,86,137,204,221,277,293,319,341,356,7
SGZ002,7331,3860,-421,6425,7057,7289,6439,7031,7201,3458,3964,4064,3396,3740,3928,-802,-671,-563,-802,-671,-563,-905,-273,-41,-891,-299,-129,-402,103,203,-464,-120,67,991,293,208,1005,323,146,104,67,58,105,85,63,524,335,292,528,429,318,246,290,348,242,248,297
s19_X04_1.SG,5022,3973,-398,5199,5189,5181,5111,5095,5153,4048,4118,4112,3730,3796,4072,-779,-648,-540,-779,-648,-540,177,167,159,89,73,131,74,144,138,-243,-177,98,192,221,211,259,192,164,16,1,4,5,7,8,84,7,24,25,37,42,67,49,49,159,157,53
DA194.SG,5101,2634,-382,4717,4955,5049,4751,4939,5033,3194,2944,2840,3138,2924,2840,-763,-632,-524,-763,-632,-524,-383,-145,-51,-349,-161,-67,559,309,205,503,289,205,678,342,212,613,331,216,85,21,11,21,19,7,429,106,56,106,99,36,325,334,345,325,330,341
LS-13.SG,7194,4217,-367,7145,7351,7365,7279,7367,7027,4166,4304,4340,3804,3774,3642,-748,-617,-509,-748,-617,-509,-48,157,171,85,173,-166,-50,87,123,-412,-442,-574,70,179,211,421,475,598,106,44,13,100,73,80,532,224,67,504,369,404,223,60,54,168,158,196
MJ-43.SG,7323,4363,-342,7283,7379,7341,7051,7239,7311,4280,4382,4352,3958,4158,4238,-723,-592,-484,-723,-592,-484,-39,56,18,-271,-83,-11,-83,18,-11,-405,-205,-125,91,59,21,487,221,125,87,7,6,135,93,56,436,37,33,676,466,280,205,71,120,213,202,185
Kivutkalns194,5185,3836,-347,5183,5189,5183,5071,5081,5105,3812,3832,3854,3900,3874,3856,-728,-597,-489,-728,-597,-489,-2,3,-2,-114,-104,-80,-23,-3,18,64,38,20,23,5,18,130,110,82,4,1,2,8,6,5,21,8,12,44,32,25,184,134,353,299,290,284
I3757,3289,2248,-354,3825,3721,3687,3693,3689,3675,2194,2120,2104,2162,2126,2118,-735,-604,-496,-735,-604,-496,536,432,398,404,400,386,-54,-128,-144,-86,-122,-130,538,450,423,413,418,407,27,4,5,6,5,4,137,23,26,31,28,22,95,106,109,102,106,108
DA134.SG,6489,3128,-336,6711,6785,7031,6867,7001,7151,3604,3644,3770,3756,3882,4008,-717,-586,-478,-717,-586,-478,222,296,542,378,512,662,475,515,641,627,753,879,525,594,840,732,911,1101,126,127,122,111,96,79,633,635,610,555,482,398,25,29,40,31,34,36
DA139.SG,6489,3128,-371,6181,6175,6259,6089,6089,6145,3042,3056,3108,3058,3092,3136,-752,-621,-513,-752,-621,-513,-307,-313,-229,-399,-399,-343,-86,-72,-20,-70,-36,7,319,321,230,405,401,343,58,39,30,47,33,29,292,197,152,235,165,147,254,257,264,260,264,271
DA141.SG,6489,3127,-367,6453,6341,6427,6469,6491,6435,3202,3154,3208,3284,3242,3192,-748,-617,-509,-748,-617,-509,-35,-147,-61,-19,2,-53,75,27,81,157,115,65,82,149,101,158,115,84,91,78,88,87,85,71,458,392,442,437,429,355,334,280,322,353,1,320
DA143.SG,6489,3128,-360,6799,7017,7079,6659,6645,6775,3788,3986,4012,3604,3548,3630,-741,-610,-502,-741,-610,-502,310,528,590,170,156,286,659,857,883,475,419,501,729,1007,1063,505,448,577,95,84,112,102,118,132,479,422,561,511,590,661,25,31,33,19,20,29
DA144.SG,6489,3128,-281,6843,6941,6833,7099,6907,6957,3770,3862,3696,3780,3666,3716,-662,-531,-423,-662,-531,-423,354,452,344,610,418,468,641,733,567,651,537,587,733,861,664,892,681,751,106,117,134,68,111,112,531,586,673,341,557,563,28,31,31,43,37,38
DA145.SG,6489,3127,-358,6231,6215,6275,6711,6577,6537,2994,3036,3068,3452,3030,2882,-739,-608,-500,-739,-608,-500,-257,-273,-213,222,88,48,-132,-90,-58,325,-96,-244,290,288,221,393,131,249,39,35,31,114,87,22,198,178,157,573,435,112,242,251,254,34,137,168
DA26.SG,7648,4579,-317,6829,6967,7097,6653,6889,7065,3814,3914,4036,3612,3798,3952,-698,-567,-459,-698,-567,-459,-818,-680,-550,-994,-758,-582,-764,-664,-542,-966,-780,-626,1120,951,773,1386,1088,855,183,166,137,173,160,132,917,834,687,869,804,660,226,225,225,225,224,222
DA136.SG,6489,3127,-296,6101,6183,6243,6311,6315,6361,3058,3144,3180,3042,3018,3044,-677,-546,-438,-677,-546,-438,-387,-305,-245,-177,-173,-127,-68,17,53,-84,-108,-82,393,305,250,196,204,151,33,47,46,69,39,32,169,236,230,348,196,161,259,273,282,244,237,236
BSB002,7651,3967,-334,6147,6271,6247,6913,7107,7137,3082,3140,3170,3812,3978,3944,-715,-584,-476,-715,-584,-476,-1503,-1379,-1403,-737,-543,-513,-884,-826,-796,-154,11,-22,1744,1608,1614,753,543,514,36,14,7,117,92,100,180,73,35,585,463,504,239,239,240,258,271,267
BSB004,7651,3967,-338,6407,6489,6469,6741,6327,6233,3138,3138,3138,4634,4584,4414,-719,-588,-480,-719,-588,-480,-1243,-1161,-1181,-909,-1323,-1417,-828,-828,-828,667,617,447,1494,1427,1443,1128,1460,1486,51,55,58,61,50,39,256,275,290,305,252,199,236,234,234,306,294,287
KBU001,7651,3967,-334,6903,7025,7183,6895,7223,7279,3860,3908,4068,3806,4146,4174,-715,-584,-476,-715,-584,-476,-747,-625,-467,-755,-427,-371,-106,-58,101,-160,179,207,755,628,478,772,463,425,126,100,82,121,64,55,632,501,412,609,321,278,261,264,282,257,292,299
KBU002,7651,3967,-356,6917,7201,7297,6297,6901,7205,3892,4084,4194,3310,3620,3782,-737,-606,-498,-737,-606,-498,-733,-449,-353,-1353,-749,-445,-74,117,227,-656,-346,-184,737,464,420,1504,826,482,130,89,61,134,153,107,652,446,306,670,769,535,264,284,302,244,245,247
KBU003,7651,3967,-359,7013,7313,7315,7149,7357,7441,4038,4204,4242,4140,4182,4154,-740,-609,-501,-740,-609,-501,-637,-337,-335,-501,-293,-209,71,237,275,173,215,187,641,412,433,530,363,280,127,64,43,100,52,36,638,321,216,503,260,180,276,305,309,289,306,311
KSK002,7651,3967,-344,5959,6063,6165,6295,6259,6425,3102,3198,3248,3346,3358,3554,-725,-594,-486,-725,-594,-486,-1691,-1587,-1485,-1355,-1391,-1225,-864,-768,-718,-620,-608,-412,1899,1764,1650,1491,1519,1293,30,22,40,112,98,107,152,112,201,563,493,538,242,244,244,245,246,251
COL11.SG,4124,2777,-339,5051,5149,5311,4223,4155,4137,2946,2868,2876,2974,2868,2830,-720,-589,-481,-720,-589,-481,927,1025,1187,99,31,13,169,91,99,197,91,53,943,1029,1191,220,96,54,10,22,26,14,7,5,52,112,134,74,37,27,79,84,85,26,19,14
COL153A.SG,4124,2777,-338,4161,4125,4547,4117,4091,4089,2806,2738,2744,2922,2832,2810,-719,-588,-480,-719,-588,-480,37,1,423,-6,-32,-34,29,-38,-32,145,55,33,47,38,425,145,63,47,36,36,96,24,4,2,180,184,484,124,21,10,52,177,94,357,329,314
COL153i.SG,4124,2777,-341,4191,4221,4379,3999,3925,3891,2818,2794,2742,2392,2276,2262,-722,-591,-483,-722,-591,-483,67,97,255,-124,-198,-232,41,17,-34,-384,-500,-514,79,99,258,404,538,564,0,36,84,9,4,8,0,181,424,47,23,41,58,80,97,197,201,204
I0574,7124,4096,-289,6315,6561,7005,6837,7121,7137,3228,3334,3630,3190,3250,3958,-670,-539,-431,-670,-539,-431,-808,-562,-118,-286,-2,13,-867,-761,-465,-905,-845,-137,1185,946,480,949,845,138,55,61,77,35,52,83,277,306,385,175,263,419,222,216,194,197,180,174
I0575,7124,4096,-285,7055,7429,7403,6441,6943,7203,3958,3974,3992,3166,3672,4032,-666,-535,-427,-666,-535,-427,-68,305,279,-682,-180,79,-137,-121,-103,-929,-423,-63,153,329,298,1153,460,102,94,46,48,40,92,70,471,234,243,203,462,350,206,111,110,216,203,128
R437.SG,4552,2081,-320,5295,5179,4845,4667,4641,4641,2128,2142,2102,2016,2018,2018,-701,-570,-462,-701,-570,-462,743,627,293,115,89,89,47,61,21,-64,-62,-62,744,630,293,131,108,108,125,129,96,5,0,0,626,649,483,28,0,0,86,84,85,119,125,125
PEY163.SG,3791,2267,-304,3843,3735,3691,3757,3727,3701,2280,2178,2170,2226,2176,2170,-685,-554,-446,-685,-554,-446,52,-55,-99,-33,-63,-89,12,-89,-97,-41,-91,-97,53,105,139,53,111,132,18,6,6,5,6,4,94,32,32,27,34,22,76,211,225,219,214,222
PEY53.SG,3791,2267,-291,4197,4127,4083,3855,3849,3813,2820,2794,2776,2988,2990,3054,-672,-541,-433,-672,-541,-433,406,336,292,64,58,22,552,526,508,720,722,786,686,625,586,723,725,787,33,6,4,6,8,14,165,30,21,33,44,74,36,32,29,5,4,1
I3324,3746,2126,-283,3689,3641,3581,3569,3531,3473,2138,2120,2118,2092,2076,2072,-664,-533,-425,-664,-533,-425,-56,-104,-164,-176,-214,-272,11,-6,-8,-34,-50,-54,57,104,164,179,220,277,7,6,9,11,8,15,36,34,45,56,44,79,281,266,267,259,256,258
I3759,3289,2248,-261,3691,3635,3573,3803,3745,3705,2142,2120,2118,2214,2144,2126,-642,-511,-403,-642,-511,-403,402,346,284,514,456,416,-106,-128,-130,-34,-104,-122,415,369,312,515,467,433,11,8,8,19,5,5,55,40,43,99,29,28,104,110,114,93,102,106
scy305.SG,5817,2818,-305,5751,5785,5841,5427,5601,5659,2572,2638,2690,2592,2640,2664,-686,-555,-447,-686,-555,-447,-65,-31,24,-389,-215,-157,-246,-180,-128,-226,-178,-154,254,182,130,450,279,220,36,36,6,25,15,7,181,180,31,128,75,38,194,189,169,239,230,225
MJ-40.SG,7329,4336,-300,7343,7299,7323,6595,7049,7191,4304,4250,4300,3342,3434,3834,-681,-550,-442,-681,-550,-442,14,-29,-5,-733,-279,-137,-31,-85,-35,-993,-901,-501,34,90,36,1235,944,520,60,78,8,67,75,77,303,391,41,339,379,387,155,199,189,216,197,195
MJ-46.SG,6115,3000,-257,6211,6197,6147,6407,6275,6269,3030,3044,3060,3030,3040,3052,-638,-507,-399,-638,-507,-399,96,82,32,292,160,154,29,43,59,29,39,51,101,93,68,294,165,163,19,9,3,56,6,4,95,49,19,280,32,24,72,61,28,84,76,71
scy300.SG,5817,2818,-310,5169,4973,4963,5587,5665,5415,2264,2184,2202,2460,2506,2438,-691,-560,-452,-691,-560,-452,-647,-843,-853,-229,-151,-401,-554,-634,-616,-358,-312,-380,852,1055,1052,425,346,552,96,98,103,9,5,103,481,490,518,46,25,519,229,233,234,212,205,226
MS10614.SG,3564,1809,-260,4473,4321,4387,5401,4699,4287,2034,1966,2006,2346,2084,1942,-641,-510,-402,-641,-510,-402,909,757,823,1837,1135,723,225,157,197,537,275,133,937,773,846,1914,1168,735,27,17,26,89,131,3,136,89,131,446,657,15,76,78,76,73,76,79
scy304.SG,5817,2818,-255,5817,5853,5855,6121,6137,6163,2714,2782,2806,2466,2546,2624,-636,-505,-397,-636,-505,-397,0,36,38,304,320,346,-104,-36,-12,-352,-272,-194,104,51,40,465,420,397,7,5,4,37,33,26,35,25,22,188,167,130,179,134,107,139,130,119
MJ-15.SG,6126,3306,-293,7329,7373,7319,7485,7643,7689,4346,4394,4338,4208,4054,3946,-674,-543,-435,-674,-543,-435,1203,1247,1193,1359,1517,1563,1040,1088,1032,902,748,640,1590,1655,1577,1631,1691,1689,50,11,12,10,13,5,251,55,60,50,65,26,49,48,49,56,63,67
MJ-32.SG,6100,3297,-280,7381,7361,7309,7567,7597,6567,4396,4374,4324,3836,3778,3462,-661,-530,-422,-661,-530,-422,1280,1260,1208,1466,1496,466,1099,1077,1027,539,481,165,1687,1658,1586,1562,1572,495,11,6,11,56,60,127,56,32,58,280,302,636,49,49,49,69,72,70
MJ-44.SG,7084,4332,-263,7313,7337,7297,6495,6363,6273,4280,4300,4274,3348,3266,3234,-644,-513,-405,-644,-513,-405,229,253,213,-588,-720,-810,-51,-31,-57,-983,-1065,-1097,235,255,221,1146,1286,1364,59,43,7,83,41,3,298,217,38,415,208,19,102,97,105,210,214,216
I0247,6947,4034,-260,6389,6935,7239,7333,7517,7567,3324,3616,3834,4242,4104,3984,-641,-510,-402,-641,-510,-402,-558,-12,291,385,569,619,-709,-417,-199,208,70,-49,902,417,353,438,574,621,47,46,50,22,11,6,235,230,250,113,59,32,218,181,124,61,82,94
I3323,3746,2126,-271,3537,3473,3427,3239,3169,3317,2016,1972,1968,1892,1852,1900,-652,-521,-413,-652,-521,-413,-208,-272,-318,-506,-576,-428,-110,-154,-158,-234,-274,-226,235,313,355,558,638,484,16,5,7,60,42,28,80,26,37,301,213,142,242,240,243,245,244,242
I3758,3289,2248,-276,3677,3615,3555,3609,3591,3541,2176,2152,2150,2236,2218,2216,-657,-526,-418,-657,-526,-418,388,326,266,320,302,252,-72,-96,-98,-12,-30,-32,394,340,283,320,303,254,12,7,6,4,4,4,64,35,30,24,20,24,100,106,110,92,95,97
scy311.SG,5817,2818,-290,5891,5903,5915,5837,5843,5865,2672,2788,2820,2660,2722,2776,-671,-540,-432,-671,-540,-432,74,86,98,20,26,48,-146,-30,1,-158,-96,-42,164,91,98,159,99,64,35,13,12,6,6,3,176,68,60,33,31,17,152,109,88,172,164,130
s19_V11_1.SG,5020,3981,-266,5191,5167,5145,5199,5141,5067,4078,4042,4018,3594,3786,4022,-647,-516,-408,-647,-516,-408,171,147,125,179,121,47,96,60,36,-387,-195,40,197,159,130,426,229,62,2,6,3,5,16,23,11,32,15,26,80,116,60,67,73,155,148,49
scy301.SG,5817,2818,-281,5869,5935,5923,5863,5899,5921,2810,2864,2904,2796,2858,2900,-662,-531,-423,-662,-531,-423,52,118,106,46,82,104,-8,45,85,-22,39,81,53,127,137,51,91,132,6,8,4,4,6,7,31,41,20,23,32,36,98,68,51,115,64,51
scy303.SG,5817,2818,-258,5317,5475,5507,4423,4421,4399,2978,2986,2984,3552,3512,3492,-639,-508,-400,-639,-508,-400,-499,-341,-309,-1393,-1395,-1417,159,167,165,733,693,673,524,380,350,1574,1558,1569,20,14,10,8,9,8,103,70,51,44,45,44,287,296,298,297,296,295
MJ-34.SG,6097,3283,-291,5807,5853,5855,5723,5777,5813,2912,2994,3028,2874,2944,2984,-672,-541,-433,-672,-541,-433,-289,-243,-241,-373,-319,-283,-370,-288,-254,-408,-338,-298,470,377,350,553,465,411,10,8,7,10,8,7,53,44,36,51,40,38,217,220,223,222,223,223
MJ-39.SG,7335,4258,-263,6957,7483,7459,6797,7235,7331,3866,4032,4044,3436,4030,4180,-644,-513,-405,-644,-513,-405,-377,148,124,-537,-99,-3,-391,-225,-213,-821,-227,-77,544,270,247,982,248,78,142,54,23,114,92,6,711,270,119,570,462,31,223,146,149,213,203,182
ORC002,4271,1841,-281,3139,3051,3237,2785,2771,2731,1728,1698,1716,1400,1396,1370,-662,-531,-423,-662,-531,-423,-1131,-1219,-1033,-1485,-1499,-1539,-113,-143,-125,-441,-445,-471,1137,1227,1041,1549,1564,1610,85,59,50,8,6,12,429,298,251,43,34,62,264,263,263,253,253,252
scy192.SG,5817,2818,-298,5069,5227,5283,5047,5383,5297,2306,2352,2406,2274,2408,2400,-679,-548,-440,-679,-548,-440,-747,-589,-533,-769,-433,-519,-512,-466,-412,-544,-410,-418,905,751,673,942,596,666,95,113,119,88,105,116,477,565,595,444,527,584,235,231,232,234,226,231
scy193.SG,5817,2818,-258,6215,6331,6393,6227,6209,6541,3188,3266,3374,3206,3218,3622,-639,-508,-400,-639,-508,-400,398,514,576,410,392,724,369,447,555,387,399,803,543,682,801,564,560,1082,68,84,107,62,61,147,344,424,535,310,309,737,47,48,46,46,44,42
scy197.SG,5817,2818,-278,5493,5387,5413,4651,4609,4583,2424,2388,2456,2184,2162,2172,-659,-528,-420,-659,-528,-420,-323,-429,-403,-1165,-1207,-1233,-394,-430,-362,-634,-656,-646,509,607,541,1326,1374,1392,89,108,114,14,5,3,446,543,573,72,28,17,219,224,228,241,241,242
I8208,3750,2140,-276,5083,4959,5595,5431,5467,5515,1528,1588,1700,2220,2246,2270,-657,-526,-418,-657,-526,-418,1333,1209,1845,1681,1717,1765,-611,-551,-439,80,106,130,1467,1329,1897,1683,1721,1770,197,184,185,4,7,10,985,923,928,20,38,52,114,114,103,87,86,85
I10366,4221,1858,-312,4245,4209,4205,4289,4281,4265,1844,1834,1824,1866,1864,1868,-693,-562,-454,-693,-562,-454,24,-11,-15,68,60,44,-13,-23,-33,8,6,10,28,26,36,69,61,45,3,2,1,1,2,5,15,10,7,5,14,25,118,205,204,83,84,76
AIG003,7467,3193,-276,7025,7363,7463,6581,7103,7349,3920,3870,4028,3338,3970,4278,-657,-526,-418,-657,-526,-418,-442,-104,-4,-886,-364,-118,726,676,834,144,776,1084,850,684,834,897,857,1091,32,31,23,21,10,4,160,156,116,108,54,20,328,351,359,279,334,353
SGZ001,7331,3860,-280,6905,7223,7399,7037,7337,7413,3752,3950,4098,3884,4248,4228,-661,-530,-422,-661,-530,-422,-425,-107,68,-293,6,82,-108,89,237,23,387,367,439,140,247,294,387,376,77,66,34,64,26,11,389,332,174,320,133,55,255,309,15,274,0,12
Pr10.SG,7206,4125,-271,7297,7433,7401,6861,7279,7223,4228,4100,4124,3452,3878,4122,-652,-521,-413,-652,-521,-413,91,227,195,-344,73,17,103,-24,0,-672,-246,-2,137,228,195,756,257,17,63,40,30,86,76,13,316,204,153,432,384,65,41,96,90,207,163,99
Pr4.SG,7206,4125,-265,7183,7329,7373,6757,7093,7279,4066,4046,4144,3522,3820,4202,-646,-515,-407,-646,-515,-407,-22,123,167,-448,-112,73,-58,-78,19,-602,-304,77,63,146,168,751,325,106,87,65,31,105,98,4,438,327,156,525,491,24,201,122,83,216,200,43
I20752,5096,2731,-230,4857,4755,4869,4967,5071,5111,2834,2794,2784,2910,2812,2792,-611,-480,-372,-611,-480,-372,-238,-340,-226,-128,-24,15,103,63,53,179,81,61,259,346,232,220,85,63,75,96,90,49,12,9,375,482,451,249,60,45,293,280,283,324,343,14
ATT26.SG,3817,2946,-258,4189,4111,4081,3807,3823,3837,2808,2780,2782,2704,2736,2842,-639,-508,-400,-639,-508,-400,372,294,264,-9,6,20,-137,-165,-163,-241,-209,-103,397,337,311,241,209,105,39,4,5,20,19,6,198,23,26,101,97,31,110,119,121,182,178,168
ERS1164.SG,4148,2814,-255,5121,5191,4689,4033,4033,4023,2804,2806,2850,2862,2834,2838,-636,-505,-397,-636,-505,-397,973,1043,541,-114,-114,-124,-10,-8,35,47,19,23,973,1043,543,123,115,126,55,86,118,5,3,5,276,431,590,26,18,27,90,90,86,292,279,280
ERS86.SG,4148,2814,-228,4079,3925,3851,4241,4177,4163,2558,2430,2378,2768,2770,2754,-609,-478,-370,-609,-478,-370,-68,-222,-296,93,29,15,-256,-384,-436,-46,-44,-60,265,443,527,104,53,62,53,50,48,39,2,4,267,252,242,198,13,21,194,210,214,116,146,165
ERS88.SG,4148,2814,-240,4475,4151,4067,4053,4067,4083,2606,2398,2306,2680,2726,2768,-621,-490,-382,-621,-490,-382,327,3,-80,-94,-80,-64,-208,-416,-508,-134,-88,-46,388,416,514,164,119,79,83,52,30,16,16,4,415,264,153,83,83,21,122,179,188,215,222,234
I3326,3746,2126,-225,4359,4237,4107,3495,3523,3543,2792,2782,2764,3754,3556,3494,-606,-475,-367,-606,-475,-367,613,491,361,-250,-222,-202,665,655,637,1627,1429,1367,905,819,733,1647,1447,1382,54,48,33,23,21,8,270,244,166,119,106,40,42,36,29,351,351,351
I3327,3746,2126,-225,3665,3641,3539,3531,3469,3413,2080,2068,2022,2118,2096,2094,-606,-475,-367,-606,-475,-367,-80,-104,-206,-214,-276,-332,-46,-58,-104,-8,-30,-32,92,119,231,214,278,334,9,0,14,5,4,4,48,0,72,28,24,23,240,240,243,267,263,264
BFM265.SG,3841,2941,-231,4147,4133,4135,4017,4013,4017,2780,2772,2764,2748,2740,2766,-612,-481,-373,-612,-481,-373,305,291,293,175,171,175,-160,-168,-176,-192,-200,-174,345,337,342,260,264,247,2,3,41,4,5,3,11,16,205,24,29,18,117,120,121,137,139,134
I8203,3750,2140,-199,3937,3805,3741,3743,3709,3657,2328,2248,2228,2238,2218,2218,-580,-449,-341,-580,-449,-341,187,55,-8,-6,-40,-92,188,108,88,98,78,78,265,121,88,98,87,120,28,10,5,5,2,4,142,51,28,25,12,23,44,27,354,356,332,310
I8205,3750,2140,-204,5553,5447,5179,6495,6551,6589,2186,2234,2232,1864,1800,1794,-585,-454,-346,-585,-454,-346,1803,1697,1429,2745,2801,2839,46,94,92,-275,-339,-345,1804,1700,1432,2759,2822,2860,138,143,133,25,17,14,692,719,668,128,87,73,88,86,86,95,96,96
I3320_published,3461,1950,-199,3649,3603,3509,3713,3645,3639,2072,2064,2026,2104,2070,2068,-580,-449,-341,-580,-449,-341,188,142,48,252,184,178,121,113,75,153,119,117,224,182,90,295,220,213,6,7,8,10,4,1,30,38,44,51,22,7,57,51,32,58,57,56
I3321_published,3461,1950,-201,3455,3383,3331,3377,3333,3309,2036,2022,2038,2074,2064,2062,-582,-451,-343,-582,-451,-343,-5,-77,-129,-83,-127,-151,85,71,87,123,113,111,85,105,156,149,170,188,5,8,10,4,6,5,29,40,54,22,31,25,356,312,304,326,311,306
scy011.SG,5777,3075,-244,6009,6041,6025,6127,6105,6101,3068,3142,3172,3180,3194,3208,-625,-494,-386,-625,-494,-386,232,264,248,350,328,324,-7,66,96,104,118,132,232,272,266,365,349,350,15,8,8,14,8,5,75,40,41,72,40,25,91,75,68,73,70,67
I0789.SG,3657,3265,-220,5311,5489,5391,3777,3731,3653,2848,2870,2888,3276,3218,3316,-601,-470,-362,-601,-470,-362,1654,1832,1734,120,74,-3,-416,-394,-376,11,-46,51,1706,1874,1775,121,88,51,42,27,88,31,18,8,210,135,441,159,92,41,104,102,102,84,122,356
SFI-5.SG,6661,1597,-227,6691,6691,6691,6705,6693,6691,1608,1610,1614,1654,1634,1612,-608,-477,-369,-608,-477,-369,30,30,30,44,32,30,11,13,17,57,37,15,32,33,34,72,49,33,0,0,0,5,4,0,1,1,1,29,21,1,69,65,59,37,40,62
SFI-12.SG,6661,1597,-175,6691,6691,6691,6691,6691,6691,1618,1618,1614,1588,1580,1572,-556,-425,-317,-556,-425,-317,30,30,30,30,30,30,21,21,17,-8,-16,-24,37,37,34,31,34,38,0,0,0,0,0,0,0,0,1,2,1,1,54,54,59,105,118,129
I8206,3750,2140,-151,4819,4219,4037,4027,3871,3825,2774,2830,2876,3148,3010,3072,-532,-401,-293,-532,-401,-293,1069,469,287,277,121,75,634,690,736,1008,870,932,1243,834,790,1045,878,935,69,74,49,69,29,24,345,373,248,346,146,123,59,34,21,15,7,4
I20767,5143,2824,-170,5015,5099,5123,4413,4407,4365,2900,2830,2816,3544,3494,3454,-551,-420,-312,-551,-420,-312,-127,-43,-19,-729,-735,-777,75,5,-8,719,669,629,148,44,21,1024,994,1000,34,17,6,21,19,30,171,86,34,106,95,152,300,277,247,314,312,308
I20766,5143,2824,-173,4921,4999,5085,4819,4941,5025,2960,2834,2814,3072,2932,2854,-554,-423,-315,-554,-423,-315,-221,-143,-57,-323,-201,-117,135,9,-10,247,107,29,259,144,58,407,228,121,81,50,8,74,55,36,408,254,41,370,275,180,301,273,259,307,298,284
s19_V12_1.SG,5020,3981,-136,5163,5129,5107,5191,4897,4841,4048,4044,4020,3458,3800,3868,-517,-386,-278,-517,-386,-278,143,109,87,171,-122,-178,66,62,38,-523,-181,-113,158,126,95,550,218,211,17,7,8,9,26,0,86,36,41,45,133,0,65,60,66,161,214,237
SFI-20.SG,6661,1597,-80,6691,6691,6691,6691,6691,6691,1624,1618,1618,1600,1586,1578,-461,-330,-222,-461,-330,-222,30,30,30,30,30,30,27,21,21,3,-10,-18,40,37,37,30,31,35,2,0,0,0,0,0,13,0,0,2,2,1,47,54,54,83,109,121
M1489.SG,3628,3452,-110,5561,5579,5093,3685,3683,3663,2880,2892,2964,3246,3270,3296,-491,-360,-252,-491,-360,-252,1933,1951,1465,57,55,35,-571,-559,-487,-205,-181,-155,2015,2029,1544,213,190,159,24,11,154,9,5,7,124,59,774,45,28,38,106,106,108,164,163,167
TU905_SX18,4267,2704,-71,3741,3717,3669,3741,3717,3649,2118,2106,2082,2118,2118,2114,-452,-321,-213,-452,-321,-213,-525,-549,-597,-525,-549,-617,-585,-597,-621,-585,-585,-589,787,812,862,787,803,853,0,9,9,0,4,6,0,45,48,0,20,30,221,222,223,221,223,226
SFI-15.SG,6661,1597,-73,6691,6691,6691,6691,6691,6691,1618,1618,1618,1608,1602,1600,-454,-323,-215,-454,-323,-215,30,30,30,30,30,30,21,21,21,11,5,3,37,37,37,32,30,30,0,0,0,0,0,0,0,0,0,1,2,2,54,54,54,69,79,83
MJ-38.SG,6896,2895,-76,6495,6463,6475,6425,6401,6437,3056,3070,3076,3142,3110,3112,-457,-326,-218,-457,-326,-218,-401,-433,-421,-471,-495,-459,160,174,180,246,214,216,432,466,458,531,539,507,9,10,11,38,3,8,45,53,55,192,18,42,291,291,293,297,293,295
SFI-11.SG,6661,1597,-46,6691,6691,6691,6691,6691,6691,1600,1606,1614,1618,1616,1618,-427,-296,-188,-427,-296,-188,30,30,30,30,30,30,3,9,17,21,19,21,30,31,34,37,35,37,0,0,0,0,0,0,2,1,1,0,0,0,83,72,59,54,57,54
I0156.SG,3650,3264,-21,5489,5229,4287,3723,3689,3685,2928,2928,3096,3196,3206,3230,-402,-271,-163,-402,-271,-163,1839,1579,637,73,39,35,-335,-335,-167,-67,-57,-33,1870,1615,659,100,70,49,14,115,163,25,9,7,70,575,817,126,48,38,100,101,104,132,145,133
I0160.SG,3650,3264,-20,5573,5163,4039,3897,3829,3751,2924,2972,3184,2962,3044,3124,-401,-270,-162,-401,-270,-162,1923,1513,389,247,179,101,-339,-291,-79,-301,-219,-139,1953,1541,397,390,283,172,11,152,146,8,13,12,55,761,734,43,65,60,100,100,101,140,140,143
SFI-24.SG,6661,1597,7,6691,6691,6691,6691,6691,6691,1618,1618,1618,1558,1562,1568,-373,-242,-134,-373,-242,-134,30,30,30,30,30,30,21,21,21,-38,-34,-28,37,37,37,48,45,41,0,0,0,3,2,0,0,0,0,17,14,0,54,54,54,141,138,133
I10866,3750,2140,-6,3905,3747,3715,4935,4403,4165,2268,2194,2196,2574,2622,2652,-387,-256,-148,-387,-256,-148,155,-2,-34,1185,653,415,128,54,56,434,482,512,201,54,65,1262,812,659,3,7,3,65,64,21,18,39,16,327,322,109,50,357,328,69,53,39
s19_VII15_1.SG,5373,4180,41,5119,5109,5193,5131,5123,5151,4044,4026,4080,4100,4068,4078,-339,-208,-100,-339,-208,-100,-253,-263,-179,-241,-249,-221,-136,-154,-100,-80,-112,-102,287,305,205,254,273,244,6,5,9,5,5,5,33,27,47,25,26,28,241,239,240,251,245,245
VK582.SG,4317,3660,56,5591,5499,5119,4361,4295,4305,3056,3040,3218,3580,3572,3600,-324,-193,-85,-324,-193,-85,1274,1182,802,44,-21,-11,-604,-620,-442,-80,-88,-60,1410,1335,916,91,90,61,8,49,116,4,25,4,43,247,580,21,127,22,115,117,118,150,193,190
R42.SG,4509,2074,85,6691,6691,6691,6691,6691,6691,1618,1618,1618,1610,1616,1618,-295,-164,-56,-295,-164,-56,2182,2182,2182,2182,2182,2182,-455,-455,-455,-463,-457,-455,2229,2229,2229,2231,2229,2229,0,0,0,0,0,0,0,0,0,4,2,0,101,101,101,102,101,101
R111.SG,4528,2093,99,4603,4503,4437,4519,4421,4349,2108,2146,2216,2094,2170,2268,-281,-150,-42,-281,-150,-42,75,-24,-90,-8,-106,-178,14,52,122,0,76,174,76,58,152,8,131,249,53,6,11,4,18,25,265,33,57,23,90,128,79,335,323,274,305,314
R113.SG,4528,2093,102,4559,4491,4413,4621,4509,4451,2068,2110,2158,2072,2100,2144,-278,-147,-39,-278,-147,-39,31,-36,-114,93,-18,-76,-25,16,64,-21,6,50,40,40,131,95,19,91,7,11,18,49,4,14,35,57,93,248,22,71,128,294,299,102,289,303
R114.SG,4528,2093,104,6135,5081,4629,5779,4713,4599,1784,2000,2098,1906,2038,2086,-276,-145,-37,-276,-145,-37,1607,553,101,1251,185,71,-309,-93,4,-187,-55,-7,1636,561,101,1265,193,71,185,167,7,204,82,4,926,837,39,1024,414,20,100,99,87,98,106,95
R115.SG,4528,2093,113,6611,5377,4687,5375,4687,4569,1656,1904,2044,1932,2040,2086,-267,-136,-28,-267,-136,-28,2083,849,159,847,159,41,-437,-189,-49,-161,-53,-7,2128,870,166,862,168,42,81,205,85,200,84,5,409,1025,425,1004,421,26,101,102,107,100,108,100
R116.SG,4528,2093,117,3895,3899,3881,3655,3509,3437,2416,2488,2464,2166,2144,2114,-263,-132,-24,-263,-132,-24,-632,-628,-646,-872,-1018,-1090,322,394,370,72,50,20,710,742,745,875,1019,1090,5,10,12,10,11,8,29,52,64,52,58,42,297,302,299,274,272,271
R131.SG,4528,2093,99,4807,4569,4521,4549,4519,4489,2124,2078,2116,2038,2090,2126,-281,-150,-42,-281,-150,-42,279,41,-6,21,-8,-38,30,-15,22,-55,-3,32,281,44,23,59,9,50,92,7,4,17,1,6,462,39,24,87,7,33,83,110,343,158,248,310
R436.SG,4552,2081,90,5033,4635,4581,4639,4571,4549,2168,2088,2118,2024,2074,2120,-290,-159,-51,-290,-159,-51,481,83,29,87,19,-2,87,7,37,-56,-6,39,488,83,47,103,20,39,126,7,4,8,5,4,630,36,20,44,25,21,79,84,37,123,109,355
R75.SG,4528,2094,104,6691,6281,5357,6691,6691,6281,1610,1694,1894,1682,1680,1752,-276,-145,-37,-276,-145,-37,2163,1753,829,2163,2163,1753,-483,-399,-199,-411,-413,-341,2217,1798,853,2202,2202,1786,1,170,208,0,0,168,5,851,1042,4,3,843,102,102,103,100,100,101
R76.SG,4528,2094,92,6691,6691,5789,6691,6365,5381,1622,1618,1814,1718,1768,1912,-288,-157,-49,-288,-157,-49,2163,2163,1261,2163,1837,853,-471,-475,-279,-375,-325,-181,2214,2215,1292,2196,1866,872,0,0,212,0,153,201,2,0,1062,0,766,1008,102,102,102,99,100,102
R78.SG,4528,2094,97,6691,6443,5265,6667,6565,5303,1598,1650,1904,1806,1788,1930,-283,-152,-44,-283,-152,-44,2163,1915,737,2139,2037,775,-495,-443,-189,-287,-305,-163,2219,1966,761,2158,2060,792,1,139,203,64,112,195,5,698,1019,324,560,977,102,103,104,97,98,101
R81.SG,4528,2094,89,6611,5785,4859,6307,5159,4611,1644,1800,1998,1820,1948,2034,-292,-161,-53,-292,-161,-53,2083,1257,331,1779,631,83,-449,-293,-95,-273,-145,-59,2131,1291,345,1800,648,102,81,212,140,162,175,11,406,1062,704,813,879,58,102,103,106,98,102,125
VK532.SG,4462,3618,84,5529,4957,4415,5253,5215,5147,2966,3036,3190,2916,2890,2914,-296,-165,-57,-296,-165,-57,1067,495,-46,791,753,685,-652,-582,-428,-702,-728,-704,1251,764,430,1058,1048,982,8,35,67,9,7,38,43,178,339,48,38,193,121,139,186,131,134,135
R80.SG,4528,2094,105,4741,4561,4509,4739,4395,4301,2038,2062,2100,1852,1934,1990,-275,-144,-36,-275,-144,-36,213,33,-18,211,-132,-226,-55,-31,6,-241,-159,-103,220,46,19,321,207,248,88,8,4,138,75,12,443,43,22,692,375,63,104,133,289,138,219,245
chy001.SG,7249,4057,123,7329,7207,7223,7009,6957,7207,4088,4100,4112,3636,3742,4038,-257,-126,-18,-257,-126,-18,80,-41,-25,-239,-291,-41,30,42,54,-421,-315,-19,86,59,60,484,429,45,24,46,43,93,108,46,123,230,216,468,544,233,69,315,335,209,222,244
R1547.SG,4535,2110,132,6691,6691,6691,6691,6691,6691,1612,1606,1608,1618,1624,1634,-248,-117,-9,-248,-117,-9,2156,2156,2156,2156,2156,2156,-497,-503,-501,-491,-485,-475,2212,2214,2213,2211,2210,2207,0,1,0,0,0,1,3,5,4,0,3,5,103,103,103,102,102,102
R1548.SG,4535,2110,141,5695,4775,4659,5475,4809,4641,2028,2098,2144,1968,2082,2138,-239,-108,0,-239,-108,0,1160,240,124,940,274,106,-81,-11,34,-141,-27,28,1162,240,128,950,275,109,185,81,4,200,112,2,927,407,24,1002,563,13,94,92,74,98,95,75
R1549.SG,4535,2110,138,5333,4797,4629,4765,4559,4557,2502,2340,2334,2232,2218,2272,-242,-111,-3,-242,-111,-3,798,262,94,230,24,22,392,230,224,122,108,162,889,348,242,260,110,163,126,90,18,94,11,10,630,454,93,474,55,50,63,48,22,62,12,7
R1550.SG,4535,2110,97,6691,6691,6445,6691,6691,6691,1618,1618,1672,1646,1650,1654,-283,-152,-44,-283,-152,-44,2156,2156,1910,2156,2156,2156,-491,-491,-437,-463,-459,-455,2211,2211,1959,2205,2204,2203,0,0,139,1,1,0,0,0,695,5,5,4,102,102,102,102,102,101
R835.SG,4617,2252,109,4795,4575,4527,4587,4535,4501,2082,2084,2120,2046,2086,2132,-271,-140,-32,-271,-140,-32,178,-41,-89,-29,-81,-115,-169,-167,-131,-205,-165,-119,245,172,159,207,184,166,87,5,4,3,4,4,435,27,21,19,21,22,133,194,214,188,206,224
R836.SG,4617,2252,168,4685,4577,4531,4585,4565,4555,2102,2124,2156,2084,2158,2222,-212,-81,26,-212,-81,26,68,-39,-85,-31,-51,-61,-149,-127,-95,-167,-93,-29,164,133,128,170,107,68,41,5,4,6,8,6,209,28,20,31,42,31,155,197,221,190,209,244
s19_VIII7_1.SG,5373,4180,128,5109,5183,5293,5605,5581,5569,4006,4006,4110,4118,4174,4190,-252,-121,-13,-252,-121,-13,-263,-189,-79,232,208,196,-174,-174,-70,-62,-6,9,315,257,106,240,208,196,9,41,8,11,7,7,49,209,42,57,39,36,236,227,228,104,91,87
s19_VIII8_1.SG,5373,4180,131,5401,5129,4881,5405,5399,5403,2978,3158,3496,4190,4208,4214,-249,-118,-10,-249,-118,-10,28,-243,-491,32,26,30,-1202,-1022,-684,9,27,33,1202,1050,842,33,38,45,8,46,79,4,3,3,41,230,398,20,15,16,178,193,215,72,43,41
s19_VIII9_1.SG,5373,4180,145,5139,5151,5301,5135,5141,5173,4060,4086,4154,4182,4142,4130,-235,-104,3,-235,-104,3,-233,-221,-71,-237,-231,-199,-120,-94,-26,1,-38,-50,262,240,76,237,234,205,36,50,47,6,5,9,181,253,238,30,29,47,242,247,250,270,260,255
SFI-33.SG,6661,1597,153,6691,6691,6691,6691,6691,6691,1618,1618,1618,1570,1580,1596,-227,-96,11,-227,-96,11,30,30,30,30,30,30,21,21,21,-26,-16,0,37,37,37,40,34,30,0,0,0,0,0,0,0,0,0,0,1,2,54,54,54,131,118,91
I8474,3750,2140,144,3547,3561,3631,3699,3557,3527,2184,2222,2252,2120,2100,2108,-237,-106,2,-237,-106,2,-202,-188,-118,-50,-192,-222,44,82,112,-19,-39,-31,206,205,162,54,196,224,7,36,49,6,13,28,36,184,247,34,65,140,282,293,313,248,258,261
I8475,3750,2140,149,4169,3823,3757,4425,4445,4407,2184,2168,2132,2170,2326,2398,-231,-100,7,-231,-100,7,419,73,7,675,695,657,44,28,-7,30,186,258,422,78,11,676,720,706,35,24,11,14,9,33,177,122,57,74,47,167,83,69,135,87,75,68
I10865,3750,2140,160,3697,3701,3719,4545,4163,4059,1868,2062,2098,1828,1742,1662,-221,-90,18,-221,-90,18,-52,-48,-30,795,413,309,-271,-77,-41,-311,-397,-477,276,91,51,854,574,569,0,18,12,132,57,12,2,93,63,663,289,64,190,211,215,111,133,147
I8338,3750,2140,153,4621,4549,4499,4681,4651,4611,2042,2078,2110,2124,2242,2324,-227,-96,11,-227,-96,11,871,799,749,931,901,861,-97,-61,-29,-15,102,184,877,802,750,931,907,881,8,7,4,7,20,27,40,38,24,38,101,136,96,94,92,90,83,77
R39.SG,4509,2074,148,5641,4629,4577,5459,4599,4551,1860,2062,2084,1924,2042,2064,-232,-101,6,-232,-101,6,1132,120,68,950,90,42,-213,-11,10,-149,-31,-9,1152,120,68,962,95,43,209,8,5,203,10,6,1047,42,29,1018,52,31,100,95,81,98,109,103
R1551.SG,4535,2110,158,6691,6691,5899,6665,5713,4779,1644,1636,1812,1796,1892,1984,-222,-91,16,-222,-91,16,2156,2156,1364,2130,1178,244,-465,-473,-297,-313,-217,-125,2205,2207,1396,2153,1198,274,1,1,202,76,194,4,5,5,1013,384,971,24,102,102,102,98,100,117
I8216,3750,2140,154,4505,4371,4291,6553,6561,5935,1976,1986,1956,1618,1620,1708,-226,-95,12,-226,-95,12,755,621,541,2803,2811,2185,-163,-153,-183,-521,-519,-431,773,640,572,2851,2859,2228,30,20,1,23,25,212,153,104,7,116,129,1061,102,103,108,100,100,101
AIG005,7467,3193,166,6325,6397,7079,7681,7729,7641,2806,2810,3014,2818,2994,3118,-214,-83,24,-214,-83,24,-1142,-1070,-388,213,261,173,-387,-383,-179,-375,-199,-75,1205,1136,427,431,329,189,12,21,99,29,11,0,64,107,495,149,55,0,251,250,245,150,127,113
chy002.SG,7249,4057,165,7251,7165,7243,6475,6531,7101,4162,4034,4122,3082,3084,3892,-215,-84,23,-215,-84,23,2,-83,-5,-773,-717,-147,104,-23,64,-975,-973,-165,104,86,64,1244,1209,221,7,71,43,4,5,94,39,359,215,23,26,471,1,254,355,218,216,221
R123.SG,4584,2070,179,5715,4623,4573,4745,4617,4561,1834,2066,2072,1998,2040,2068,-201,-70,37,-201,-70,37,1131,39,-10,161,33,-22,-235,-3,2,-71,-29,-1,1155,39,10,176,44,22,210,6,4,79,6,3,1053,32,20,396,34,17,101,95,282,113,131,265
I8339,3750,2140,166,3473,3443,3465,3559,3505,3485,2110,2076,2062,2138,2146,2132,-214,-83,24,-214,-83,24,-276,-306,-284,-190,-244,-264,-29,-63,-77,-1,6,-7,277,312,294,190,244,264,8,8,7,4,5,5,40,42,39,24,26,26,263,258,254,269,271,268
AMC005,4180,1942,171,3741,3741,3741,4195,4191,4137,1868,1868,1868,1842,1856,1842,-209,-78,29,-209,-78,29,-438,-438,-438,15,11,-42,-74,-74,-74,-100,-86,-100,444,444,444,101,86,108,0,0,0,5,5,23,0,0,0,25,25,115,260,260,260,171,172,203
AMC001,4180,1942,179,4601,4517,4365,6487,4685,4301,2038,2080,2020,1718,1904,1968,-201,-70,37,-201,-70,37,421,337,185,2307,505,121,95,137,77,-224,-38,25,432,364,201,2318,506,124,9,10,24,132,179,10,49,54,120,661,896,53,77,67,67,95,94,77
s19_VIII5_2.SG,5374,4181,210,5115,5231,5311,5273,5323,5367,4018,4088,4138,3928,3944,3952,-170,-39,68,-170,-39,68,-258,-142,-62,-100,-50,-6,-162,-92,-42,-252,-236,-228,305,170,76,272,242,229,6,15,8,5,6,7,33,77,44,28,34,36,237,236,235,201,192,181
tem002.SG,7279,4361,197,7211,7247,7255,6181,6451,7057,4148,4160,4192,3276,3516,4100,-183,-52,55,-183,-52,55,-67,-31,-23,-1097,-827,-221,-212,-200,-168,-1084,-844,-260,223,203,170,1543,1182,342,4,6,5,4,125,104,24,30,29,23,625,523,197,188,187,225,224,220
3DT16.SG,3596,3483,214,4159,3851,3767,4833,4691,4583,3106,3238,3304,2772,2848,2924,-166,-35,72,-166,-35,72,563,255,171,1237,1095,987,-376,-244,-178,-710,-634,-558,677,353,247,1426,1265,1134,146,98,82,53,52,38,734,494,414,265,264,192,123,133,136,119,120,119
3DT26.SG,3596,3483,181,6691,6691,6691,6691,6691,6691,1592,1592,1594,1468,1480,1494,-199,-68,39,-199,-68,39,3095,3095,3095,3095,3095,3095,-1890,-1890,-1888,-2014,-2002,-1988,3626,3626,3625,3693,3686,3679,2,2,2,0,2,2,13,13,13,0,11,13,121,121,121,123,122,122
6DT18.SG,3596,3483,212,4395,4089,3839,3997,3957,3801,3004,3122,3254,2972,3098,3222,-168,-37,70,-168,-37,70,799,493,243,401,361,205,-478,-360,-228,-510,-384,-260,931,611,333,649,527,331,147,128,100,31,51,49,738,642,501,156,255,247,120,126,133,141,136,141
6DT21.SG,3596,3483,185,4565,3927,3707,3795,3723,3677,3092,3234,3338,3220,3296,3312,-195,-64,43,-195,-64,43,969,331,111,199,127,81,-390,-248,-144,-262,-186,-170,1044,414,182,329,226,189,181,122,61,28,21,8,906,612,308,142,109,41,111,126,142,142,145,154
6DT22.SG,3596,3483,206,4459,4431,4223,3593,3597,3593,2920,2998,3102,3486,3620,3714,-174,-43,64,-174,-43,64,863,835,627,-2,1,-2,-562,-484,-380,3,137,231,1030,965,733,4,137,231,131,143,136,21,33,38,656,717,681,106,166,191,123,120,121,316,0,359
6DT23.SG,3596,3483,210,4507,3785,3765,3673,3661,3659,3130,3292,3328,3288,3336,3376,-170,-39,68,-170,-39,68,911,189,169,77,65,63,-352,-190,-154,-194,-146,-106,977,268,229,209,160,124,185,87,84,14,12,13,929,436,422,71,62,69,111,135,132,158,156,149
6DT3.SG,3596,3483,205,5051,4277,4383,4843,4609,4413,3016,3262,3364,2940,3032,3154,-175,-44,63,-175,-44,63,1455,681,787,1247,1013,817,-466,-220,-118,-542,-450,-328,1528,715,795,1360,1108,880,152,146,118,97,88,81,763,732,590,488,442,407,107,107,98,113,113,111
I8202,3750,2140,205,3461,3443,3469,3585,3527,3505,2102,2070,2054,2172,2170,2148,-175,-44,63,-175,-44,63,-288,-306,-280,-164,-222,-244,-37,-69,-85,32,30,8,290,314,293,167,224,244,6,9,6,7,6,5,31,45,31,37,30,27,262,257,252,281,277,271
R125.SG,4584,2070,200,4629,4519,4481,4567,4539,4531,2118,2138,2166,2114,2198,2258,-180,-49,58,-180,-49,58,45,-64,-102,-16,-44,-52,48,68,96,44,128,188,66,93,140,47,135,195,53,11,8,12,15,11,265,58,44,60,75,55,43,316,313,339,340,344
R128.SG,4584,2070,200,6527,5703,5199,5543,4949,4609,1654,1834,1942,1912,2002,2050,-180,-49,58,-180,-49,58,1943,1119,615,959,365,25,-415,-235,-127,-157,-67,-19,1987,1144,628,972,371,32,116,214,194,208,156,6,580,1074,970,1041,781,34,102,101,101,99,100,127
R1543.SG,4513,2124,173,5077,4679,4553,5255,4651,4541,2006,2064,2102,1962,2044,2070,-207,-76,31,-207,-76,31,564,166,40,742,138,28,-117,-59,-21,-161,-79,-53,576,176,45,759,159,60,164,85,9,197,85,4,822,428,46,988,426,24,101,109,118,102,119,152
R1544.SG,4513,2124,205,4841,4639,4569,4805,4551,4505,2154,2160,2154,2050,2074,2090,-175,-44,63,-175,-44,63,328,126,56,292,38,-7,30,36,30,-73,-49,-33,329,131,63,301,62,34,109,53,7,109,12,10,547,267,35,547,63,50,84,73,61,104,142,193
R1545.SG,4513,2124,169,6115,5201,4753,4979,4681,4567,1740,1930,2032,1978,2032,2062,-211,-80,27,-211,-80,27,1602,688,240,466,168,54,-383,-193,-91,-145,-91,-61,1647,714,257,488,191,82,190,192,118,148,84,6,954,963,593,742,420,34,103,105,110,107,118,138
R37.SG,4509,2074,214,3519,3493,3511,3415,3383,3373,2106,2098,2086,2100,2078,2054,-166,-35,72,-166,-35,72,-989,-1015,-997,-1093,-1125,-1135,32,24,12,26,4,-19,990,1016,997,1094,1125,1135,12,7,7,8,6,4,64,36,35,41,34,24,271,271,270,271,270,268
R38.SG,4509,2074,235,6691,6691,6691,6527,5461,4809,1618,1618,1618,1740,1898,1992,-145,-14,93,-145,-14,93,2182,2182,2182,2018,952,300,-455,-455,-455,-333,-175,-81,2229,2229,2229,2045,968,311,0,0,0,114,206,114,0,0,0,572,1033,571,101,101,101,99,100,105
R40.SG,4509,2074,200,5127,4675,4553,4643,4595,4561,1950,2048,2074,2020,2064,2096,-180,-49,58,-180,-49,58,618,166,44,134,86,52,-123,-25,0,-53,-9,22,630,168,44,144,86,56,182,86,6,15,10,5,914,430,32,77,51,28,101,98,89,111,96,67
R41.SG,4509,2074,210,5939,5089,4729,6089,5491,4885,1776,1946,2022,1798,1902,2008,-170,-39,68,-170,-39,68,1430,580,220,1580,982,376,-297,-127,-51,-275,-171,-65,1460,594,226,1604,997,381,209,188,121,200,220,163,1045,940,607,1000,1101,816,101,102,103,99,99,99
R43.SG,4509,2074,213,6103,5509,4827,5433,4587,4557,1728,1846,2004,1934,2048,2062,-167,-36,71,-167,-36,71,1594,1000,318,924,78,48,-345,-227,-69,-139,-25,-11,1631,1025,325,934,82,49,197,219,144,213,10,7,985,1095,720,1065,52,37,102,102,102,98,108,103
R44.SG,4509,2074,215,5413,4581,4539,4833,4537,4515,1878,2050,2076,2018,2078,2094,-165,-34,73,-165,-34,73,904,72,30,324,28,6,-195,-23,2,-55,4,20,925,76,30,329,28,21,211,11,3,137,7,1,1056,56,16,687,35,7,102,108,86,99,81,17
R45.SG,4509,2074,205,4833,4557,4519,4837,4387,4367,1996,2070,2094,1934,2000,2018,-175,-44,63,-175,-44,63,324,48,10,328,-121,-141,-77,-3,20,-139,-73,-55,333,48,22,356,142,152,127,9,4,165,22,19,638,49,22,828,110,97,103,94,27,113,238,248
R49.SG,4533,2085,242,4603,4509,4483,4581,4557,4549,2152,2178,2202,2128,2192,2226,-138,-7,100,-138,-7,100,70,-23,-49,48,24,16,66,92,116,42,106,140,96,95,126,64,109,141,53,8,7,5,9,8,267,43,37,27,49,42,46,345,336,48,12,6
R51.SG,4533,2085,234,4699,4601,4517,4575,4531,4511,2062,2116,2110,2038,2104,2138,-146,-15,92,-146,-15,92,166,68,-15,42,-1,-21,-23,30,24,-47,18,52,168,74,29,63,18,56,82,51,3,17,7,5,410,257,18,88,38,29,97,65,327,138,355,337
R66.SG,4526,2084,192,6445,5027,4571,4821,4587,4549,1656,1960,2062,1992,2046,2064,-188,-57,50,-188,-57,50,1919,501,45,295,61,23,-427,-123,-21,-91,-37,-19,1966,516,50,309,71,30,138,173,7,111,11,6,691,867,37,556,55,30,102,103,115,107,121,130
R67.SG,4526,2084,185,6691,6613,5595,6713,6713,6707,1650,1658,1880,1690,1690,1698,-195,-64,43,-195,-64,43,2165,2087,1069,2187,2187,2181,-433,-425,-203,-393,-393,-385,2208,2130,1088,2222,2222,2214,1,79,202,6,5,5,5,398,1014,30,29,27,101,101,100,100,100,100
R68.SG,4526,2084,220,6691,6691,6137,6713,6631,5757,1638,1634,1746,1696,1706,1840,-160,-29,78,-160,-29,78,2165,2165,1611,2187,2105,1231,-445,-449,-337,-387,-377,-243,2210,2211,1646,2221,2138,1255,0,0,184,5,79,200,4,4,924,29,395,1000,101,101,101,100,100,101
R69.SG,4526,2084,203,5069,4601,4549,4681,4617,4581,1972,2066,2082,2018,2078,2112,-178,-47,61,-178,-47,61,543,75,23,155,91,55,-111,-17,-1,-65,-5,28,554,77,23,168,91,61,169,7,3,8,4,3,845,39,17,42,24,16,101,103,94,113,93,63
R70.SG,4526,2084,207,6691,5865,4855,6691,6691,5683,1612,1782,2008,1654,1664,1850,-173,-42,65,-173,-42,65,2165,1339,329,2165,2165,1157,-471,-301,-75,-429,-419,-233,2215,1372,337,2207,2205,1180,0,210,141,0,0,217,3,1052,707,4,3,1085,102,102,102,101,100,101
R71.SG,4526,2084,206,6691,6609,6019,5489,4785,4565,1600,1616,1754,1912,2010,2056,-174,-43,64,-174,-43,64,2165,2083,1493,963,259,39,-483,-467,-329,-171,-73,-27,2218,2135,1529,978,269,48,1,83,204,200,112,9,5,417,1023,1001,560,48,102,102,102,100,105,125
R72.SG,4526,2084,199,6361,4939,4559,5309,4701,4549,1672,1980,2064,1928,2020,2064,-181,-50,57,-181,-50,57,1835,413,33,783,175,23,-411,-103,-19,-155,-63,-19,1880,425,38,798,186,30,157,159,6,196,83,6,788,797,33,980,419,30,102,104,121,101,110,130
R73.SG,4526,2084,199,5471,4621,4573,6359,4995,4553,1896,2080,2092,1758,1986,2062,-181,-50,57,-181,-50,57,945,95,47,1833,469,27,-187,-3,8,-325,-97,-21,963,95,47,1861,479,34,207,9,6,156,175,7,1037,45,31,783,875,36,101,92,80,100,101,129
AMC014,4180,1942,198,4191,4101,3885,3903,3741,3741,1846,1858,1862,1880,1868,1868,-182,-51,56,-182,-51,56,11,-78,-294,-276,-438,-438,-96,-84,-80,-62,-74,-74,96,115,305,283,444,444,5,29,33,39,0,0,25,147,167,197,0,0,173,223,254,257,260,260
tem001.SG,7279,4361,231,7207,7233,7241,6833,7229,7215,4154,4184,4218,3692,4174,4230,-149,-18,89,-149,-18,89,-71,-45,-37,-445,-49,-63,-206,-176,-142,-668,-186,-130,218,182,147,803,193,145,4,5,4,135,52,6,24,25,24,676,264,30,199,194,194,213,194,205
R50.SG,4533,2085,254,4639,4589,4563,4597,4587,4577,2128,2174,2188,2088,2164,2188,-126,4,112,-126,4,112,106,56,30,64,54,44,42,88,102,2,78,102,114,105,107,64,95,111,6,4,5,4,3,5,30,21,28,20,19,27,68,32,16,87,34,23
tem003.SG,7279,4361,258,7201,7213,7287,6575,7065,7261,4078,4084,4198,3146,3766,4140,-122,8,116,-122,8,116,-77,-65,8,-703,-213,-17,-282,-276,-162,-1214,-594,-220,293,284,163,1403,632,221,68,68,4,45,116,49,344,342,24,225,584,248,195,193,177,210,199,184
R132.SG,4529,2090,263,4545,4415,4299,5993,4467,4289,2072,2054,1974,1716,1946,1972,-117,13,121,-117,13,121,16,-113,-229,1464,-61,-239,-18,-36,-116,-374,-144,-118,24,119,257,1511,156,266,7,22,8,154,95,0,35,111,44,773,478,4,137,252,243,104,203,243
R47.SG,4533,2085,294,4555,4505,4491,4569,4555,4551,2158,2220,2242,2142,2248,2276,-86,44,152,-86,44,152,22,-27,-41,36,22,18,72,134,156,56,162,190,76,137,162,67,164,191,4,4,4,4,5,3,20,22,23,23,26,18,17,348,345,32,7,5
R126.SG,4584,2070,309,5457,4575,4541,4633,4547,4541,1856,2064,2068,2022,2066,2068,-71,59,167,-71,59,167,873,-8,-42,49,-36,-42,-213,-5,-1,-47,-3,-1,899,10,42,68,36,42,209,4,0,1,2,0,1046,22,0,9,10,0,103,235,267,133,264,267
I4055_published,3109,1675,286,3933,3841,3799,3937,3949,4093,2252,2218,2190,2286,2360,2458,-94,36,144,-94,36,144,824,732,690,828,840,984,577,543,515,611,685,783,1006,911,861,1029,1084,1257,18,21,20,26,52,62,90,108,100,130,261,311,54,53,53,53,50,51
I3982,3109,1675,279,3741,3741,3741,3733,3697,3677,2118,2118,2118,2114,2096,2086,-101,29,137,-101,29,137,632,632,632,624,588,568,443,443,443,439,421,411,772,772,772,763,723,701,0,0,0,6,11,10,0,0,0,30,55,54,54,54,54,54,54,54
FN2.SG,4425,2781,300,3675,3665,3657,3733,3677,3665,2168,2154,2132,2120,2116,2098,-80,50,158,-80,50,158,-750,-760,-768,-692,-748,-760,-613,-627,-649,-661,-665,-683,968,985,1005,957,1001,1022,3,7,6,3,4,6,18,37,32,15,20,33,230,230,229,226,228,228
VK521.SG,4462,3616,311,5083,4761,4559,4671,4489,4499,3010,3408,3610,3336,3610,3664,-69,61,169,-69,61,169,621,299,97,209,27,37,-606,-208,-6,-280,-6,47,868,364,97,349,28,60,72,91,35,91,36,6,360,456,179,456,181,30,134,124,93,143,102,38
VK579.SG,4716,3728,290,5045,5145,5043,4955,4623,4655,3954,4068,4014,3222,3646,3718,-90,40,148,-90,40,148,329,429,327,239,-92,-60,225,339,285,-506,-82,-10,399,547,434,560,124,61,60,59,63,77,31,6,301,295,318,386,155,31,55,51,48,154,228,260
QED-7.SG,6680,1621,328,6691,6691,6691,6691,6691,6691,1618,1618,1618,1570,1606,1618,-52,78,186,-52,78,186,11,11,11,11,11,11,-3,-3,-3,-51,-15,-3,12,12,12,52,19,12,0,0,0,1,3,0,0,0,0,8,18,0,104,104,104,166,142,104
MJ-37.SG,6011,3253,313,4197,3763,3987,3641,3637,3617,3028,3338,3190,3386,3430,3460,-67,63,171,-67,63,171,-1813,-2247,-2023,-2369,-2373,-2393,-224,85,-62,133,177,207,1827,2249,2024,2373,2380,2402,119,81,93,0,2,5,599,408,469,1,14,26,262,272,268,273,274,274
QED-2.SG,6680,1621,348,6691,6691,6691,6691,6691,6691,1612,1614,1618,1618,1618,1618,-32,98,206,-32,98,206,11,11,11,11,11,11,-9,-7,-3,-3,-3,-3,14,13,12,12,12,12,2,2,0,0,0,0,13,11,0,0,0,0,127,121,104,104,104,104
I6490,3580,2062,341,3619,3617,3623,3329,3325,3337,2136,2122,2108,2220,2386,2580,-39,91,199,-39,91,199,39,37,43,-250,-254,-242,74,60,46,158,324,518,83,70,63,296,412,572,6,4,5,65,119,146,34,24,25,328,599,733,27,31,43,302,321,334
DA119.SG,5072,2937,353,3805,3619,3717,5035,4937,4853,3336,3426,3378,2768,2810,2842,-27,103,211,-27,103,211,-1266,-1452,-1354,-36,-134,-218,398,488,440,-169,-127,-95,1327,1532,1424,172,184,238,55,7,66,13,18,20,276,36,333,65,90,100,287,288,288,192,226,246
DA171.SG,5208,3714,404,5225,5239,5233,5335,5349,5359,3890,3864,3800,3848,3762,3674,23,154,262,23,154,262,17,31,25,127,141,151,175,149,85,133,47,-40,176,153,89,184,149,156,11,11,7,7,9,12,55,59,39,39,46,64,5,11,16,43,71,104
Ker1.SG,6348,2837,338,5019,4693,4691,4697,4689,4691,2188,2116,2112,2096,2118,2106,-42,88,196,-42,88,196,-1328,-1654,-1656,-1650,-1658,-1656,-648,-720,-724,-740,-718,-730,1478,1804,1808,1809,1807,1810,114,0,1,2,1,1,572,4,6,12,6,8,243,246,246,245,246,246
VK203.SG,3562,4074,385,4627,4199,4147,3689,3633,3559,3224,3430,3496,3510,3694,3954,4,135,243,4,135,243,1065,637,585,127,71,-2,-850,-644,-578,-564,-380,-120,1363,906,823,578,387,120,131,84,60,41,47,19,658,422,304,208,235,98,128,135,134,167,169,181
I12223,4247,1788,346,4561,4509,4399,4593,4555,4555,2058,2082,1996,2070,2120,2126,-34,96,204,-34,96,204,314,262,152,346,308,308,270,294,208,282,332,338,414,393,257,446,452,457,4,12,28,4,5,6,20,63,144,22,26,32,49,41,36,50,42,42
HUN001,5000,2751,374,6875,7271,7361,7635,7741,7741,3286,3900,4134,3292,4252,4380,-6,124,232,-6,124,232,1875,2271,2361,2635,2741,2741,535,1149,1383,541,1501,1629,1950,2545,2736,2690,3125,3188,91,72,6,57,18,12,458,361,34,289,92,62,74,63,59,78,61,59
VK213.SG,4454,3627,371,4481,4595,4429,3699,3673,3645,3116,3386,3626,3210,3282,3312,-9,121,229,-9,121,229,27,141,-24,-754,-780,-808,-510,-240,0,-416,-344,-314,511,279,24,861,853,867,63,93,33,4,3,1,319,467,165,24,19,8,176,149,268,241,246,248
R130.SG,4529,2090,396,4565,4543,4541,4557,4541,4541,2062,2068,2068,2062,2068,2068,15,146,254,15,146,254,36,14,12,28,12,12,-28,-22,-22,-28,-22,-22,46,26,25,40,25,25,7,1,0,7,0,0,36,8,0,36,0,0,127,146,150,134,150,150
R133.SG,4529,2090,408,4557,4535,4539,4525,4531,4541,2104,2116,2094,2084,2078,2068,27,158,266,27,158,266,28,6,10,-3,2,12,13,25,3,-6,-12,-22,31,26,11,7,12,25,3,1,0,2,1,0,17,5,4,10,8,0,64,14,70,208,167,150
R134.SG,4529,2090,415,4575,4545,4553,4553,4541,4541,2092,2088,2072,2092,2088,2072,34,165,273,34,165,273,46,16,24,24,12,12,1,-2,-18,1,-2,-18,46,16,30,24,12,22,6,2,3,6,0,0,32,11,17,30,2,1,87,97,126,85,99,145
R136.SG,4529,2090,410,4579,4555,4555,4513,4501,4511,2162,2166,2128,2128,2132,2102,29,160,268,29,160,268,50,26,26,-15,-27,-17,71,75,37,37,41,11,87,80,46,40,49,21,3,4,5,4,3,2,17,21,27,21,18,12,35,19,35,337,326,304
R137.SG,4529,2090,405,4537,4509,4521,4533,4525,4535,2096,2116,2094,2076,2084,2074,24,155,263,24,155,263,8,-19,-7,4,-3,6,5,25,3,-14,-6,-16,10,32,8,14,7,17,1,1,2,1,2,1,9,8,10,7,10,6,56,323,297,162,208,157
VK522.SG,4727,3733,398,4781,4549,4505,4735,4557,4581,3192,3520,3648,3204,3526,3626,17,148,256,17,148,256,54,-177,-221,8,-169,-145,-540,-212,-84,-528,-206,-106,543,276,236,528,267,180,67,44,7,59,31,7,338,223,35,298,155,37,174,219,249,179,219,233
I3983,3109,1675,402,4127,4013,3807,3283,3143,3103,2216,2236,2084,1736,1676,1668,21,152,260,21,152,260,1018,904,698,174,34,-5,541,561,409,61,1,-6,1153,1064,809,184,34,8,12,43,102,60,4,1,64,219,511,303,20,5,61,58,59,70,87,222
KRY001,7397,4087,396,6865,7381,7389,7741,7741,7727,3124,3964,4084,3878,4272,4334,15,146,254,15,146,254,-531,-15,-7,344,344,330,-962,-122,-2,-208,185,247,1099,123,7,402,391,413,70,44,3,142,13,9,354,223,16,710,69,45,208,187,251,121,61,53
MJ-19.SG,5805,3063,404,4921,4721,5103,5533,5583,5649,3110,3118,2896,3108,3128,3158,23,154,262,23,154,262,-883,-1083,-701,-271,-221,-155,47,55,-166,45,65,95,885,1085,721,275,231,182,173,169,76,30,32,25,869,847,381,152,164,129,273,272,256,279,286,301
R31.SG,4527,2092,409,4273,4167,3961,3665,3709,3787,3064,3128,3224,3286,3340,3406,28,159,267,28,159,267,-253,-359,-565,-861,-817,-739,972,1036,1132,1194,1248,1314,1004,1096,1265,1472,1491,1507,59,63,63,7,5,7,296,316,317,36,27,38,345,340,333,324,326,330
AED513.SG,4462,2799,439,4353,4721,4811,5217,5227,5121,3004,2744,2666,2706,2754,2726,58,189,297,58,189,297,-108,259,349,755,765,659,204,-55,-133,-93,-45,-73,231,265,374,761,766,663,60,47,33,61,80,76,304,239,169,309,401,383,332,102,110,97,93,96
Alh2.SG,4483,2832,421,3655,3639,3669,4449,3967,4089,3336,3392,3384,3006,3266,3190,40,171,279,40,171,279,-827,-843,-813,-33,-515,-393,504,560,552,174,434,358,969,1012,983,177,674,532,8,3,37,69,78,99,42,17,185,345,392,495,301,303,304,349,310,312
QED-12.SG,6680,1621,466,6691,6691,6691,6691,6691,6691,1618,1618,1618,1618,1618,1618,85,216,324,85,216,324,11,11,11,11,11,11,-3,-3,-3,-3,-3,-3,12,12,12,12,12,12,0,0,0,0,0,0,0,0,0,0,0,0,104,104,104,104,104,104
AEHIb.SG,4482,2868,456,4347,4317,4389,4189,4177,4379,2220,2214,2198,2312,2308,2246,75,206,314,75,206,314,-134,-164,-92,-292,-304,-102,-648,-654,-670,-556,-560,-622,661,674,676,628,637,630,10,11,6,7,6,5,54,58,33,37,31,27,191,194,187,207,208,189
AED125b.SG,4462,2799,468,4699,4735,4791,6489,6185,6205,2552,2560,2516,2726,2712,2712,87,218,326,87,218,326,237,273,329,2027,1723,1743,-247,-239,-283,-73,-87,-87,342,363,434,2028,1725,1745,19,15,10,39,27,30,99,79,50,197,139,150,136,131,130,92,92,92
STR328c.SG,4509,2867,459,5953,5927,5735,5933,5433,5225,3016,3024,2950,2984,2808,2710,78,209,317,78,209,317,1444,1418,1226,1424,924,716,149,157,83,117,-58,-156,1452,1427,1229,1429,926,733,40,76,95,65,101,77,201,381,476,329,509,388,84,83,86,85,93,102
DA27.SG,7521,4558,454,7127,7363,7379,7741,7741,7741,3628,4082,4200,1976,4018,4410,73,204,312,73,204,312,-393,-157,-141,220,220,220,-929,-475,-357,-2581,-539,-147,1009,500,384,2590,582,265,115,7,12,307,220,13,578,35,64,1539,1101,67,202,198,201,175,157,123
Alh1.SG,4483,2832,456,4311,4093,4223,4535,4461,4505,3324,3434,3484,3452,3614,3644,75,206,314,75,206,314,-171,-389,-259,52,-21,22,492,602,652,620,782,812,521,717,702,622,782,812,26,23,24,12,11,6,132,116,121,63,57,31,340,327,338,4,358,1
Alh3a.SG,4483,2832,470,3693,4007,4509,4473,4417,4423,3412,3272,3020,3458,3612,3616,89,220,328,89,220,328,-789,-475,26,-9,-65,-59,580,440,188,626,780,784,979,648,190,626,783,786,19,48,62,15,4,9,98,241,312,75,21,48,306,312,8,359,355,355
STR535.SG,4509,2867,470,4709,4725,4763,4699,4739,4761,2444,2444,2394,2600,2570,2536,89,220,328,89,220,328,200,216,254,190,230,252,-422,-422,-472,-266,-296,-330,467,474,536,327,375,416,6,6,10,35,11,13,32,34,51,177,58,66,154,152,151,144,142,142
NW54.SG,4477,2876,458,4393,4527,4601,4063,4207,4551,2466,2546,2492,2392,2422,2504,77,208,316,77,208,316,-83,50,124,-413,-269,74,-409,-329,-383,-483,-453,-371,418,333,403,636,527,379,38,10,10,45,47,14,190,53,53,225,236,72,191,171,162,220,210,168
I0773.SG,3645,3285,472,4445,4493,4473,4359,4315,4075,3474,3618,3650,3586,3576,3480,91,222,330,91,222,330,800,848,828,714,670,430,189,333,365,301,291,195,822,911,905,775,731,472,78,23,34,8,51,86,393,118,173,41,259,430,76,68,66,67,66,65
Alh10.SG,4483,2832,469,3657,3641,3671,4399,4423,4479,3346,3386,3400,3522,3582,3620,88,219,327,88,219,327,-825,-841,-811,-83,-59,-3,514,554,568,690,750,788,972,1007,990,695,752,788,8,3,8,5,8,8,41,15,42,29,44,40,301,303,305,353,355,359
BIM33.SG,4478,2879,464,3651,3695,3831,4969,4877,4817,3356,3370,3288,2798,2840,2862,83,214,322,83,214,322,-826,-782,-646,491,399,339,476,490,408,-81,-39,-17,954,923,764,498,401,340,7,17,83,22,19,14,37,85,417,111,95,70,299,302,302,99,95,92
STR228.SG,4509,2867,475,3885,4307,4975,5173,4999,4939,3330,3090,2680,2680,2652,2608,94,225,333,94,225,333,-623,-201,466,664,490,430,463,223,-186,-186,-214,-258,776,300,502,690,535,502,44,65,9,77,51,10,223,325,49,389,255,51,306,317,111,105,113,121
I0774.SG,3645,3285,472,3651,3639,3671,3725,3679,3641,3360,3396,3374,3336,3354,3350,91,222,330,91,222,330,6,-5,26,80,34,-3,75,111,89,51,69,65,75,111,93,95,77,65,5,5,32,37,30,4,27,29,161,189,152,24,4,357,16,57,26,356
AED1108.SG,4462,2799,490,6045,6209,6189,6399,6243,6119,2932,3016,3054,2658,2708,2724,109,240,348,109,240,348,1583,1747,1727,1937,1781,1657,132,216,254,-141,-91,-75,1589,1761,1746,1942,1783,1659,64,7,9,88,84,73,321,38,46,442,421,367,85,82,81,94,92,92
I3576,3077,1697,496,3779,3399,3093,4233,4241,4239,2142,1882,1670,2170,2140,2082,115,246,354,115,246,354,702,322,16,1156,1164,1162,445,185,-26,473,443,385,831,371,31,1249,1245,1224,21,73,1,5,1,3,105,367,7,27,9,18,57,60,148,67,69,71
NW255a.SG,4477,2876,472,3877,4153,4539,3645,3585,3549,3314,3212,3026,3850,3950,3994,91,222,330,91,222,330,-599,-323,62,-831,-891,-927,438,336,150,974,1074,1118,742,466,162,1281,1396,1452,27,40,57,32,17,10,136,202,289,160,88,54,306,316,22,319,320,320
SZ27,4925,2606,484,4635,4523,4519,4349,4359,4357,2656,2698,2686,2734,2782,2752,103,234,342,103,234,342,-289,-401,-405,-575,-565,-567,50,92,80,128,176,146,293,411,413,589,592,586,42,24,26,51,21,4,211,121,131,259,109,21,279,282,281,282,287,284
I0777.SG,3645,3285,485,4149,4041,3913,4109,4017,4107,3234,3418,3468,3514,3510,3568,104,235,343,104,235,343,504,396,268,464,372,462,-50,133,183,229,225,283,507,418,325,518,435,542,129,94,78,66,79,87,648,470,394,332,395,436,95,71,55,63,58,58
SZ13,4925,2606,491,3833,3641,3745,4971,4867,4839,3282,3384,3390,2902,2954,2938,110,241,349,110,241,349,-1091,-1283,-1179,46,-57,-85,676,778,784,296,348,332,1283,1500,1416,299,352,342,80,2,42,30,33,18,402,12,213,151,168,94,301,301,303,8,350,345
SZ19,4925,2606,483,4245,4233,4249,4217,4229,4301,2036,1968,1968,2188,2182,2178,102,233,341,102,233,341,-679,-691,-675,-707,-695,-623,-569,-637,-637,-417,-423,-427,886,940,929,821,814,756,5,2,3,7,10,15,28,13,17,37,50,76,230,227,226,239,238,235
AED106.SG,4462,2799,494,4487,4497,4533,4381,4401,4469,3664,3668,3678,3608,3618,3648,113,244,352,113,244,352,25,35,71,-80,-60,7,864,868,878,808,818,848,865,869,881,812,820,848,2,0,4,3,0,4,13,1,20,17,1,24,1,2,4,354,355,0
AED204.SG,4462,2799,493,4527,4491,4505,3951,3959,3825,3526,3660,3672,3774,3858,3932,112,243,351,112,243,351,65,29,43,-510,-502,-636,726,860,872,974,1058,1132,729,861,873,1100,1171,1299,12,3,4,49,49,36,60,19,20,245,249,184,5,1,2,332,334,330
AED249.SG,4462,2799,497,4591,4433,4429,3701,3741,3787,3392,3632,3648,3292,3342,3392,116,247,355,116,247,355,129,-28,-32,-760,-720,-674,592,832,848,492,542,592,606,833,849,906,901,897,19,8,8,6,6,4,96,44,40,31,33,24,12,358,357,302,306,311
AED92b.SG,4462,2799,495,4247,4219,4155,3679,3647,3547,3360,3526,3552,3760,3958,4000,114,245,353,114,245,353,-214,-242,-306,-782,-814,-914,560,726,752,960,1158,1200,600,766,812,1238,1416,1509,27,21,14,54,34,9,139,106,71,270,173,49,339,341,337,320,324,322
STR241.SG,4509,2867,493,4667,4531,4611,4369,4097,4013,3270,3622,3724,3214,3298,3432,112,243,351,112,243,351,158,22,102,-139,-411,-495,403,755,857,347,431,565,433,755,863,374,596,751,20,17,23,17,49,16,103,85,116,87,245,83,21,1,6,338,316,318
STR316b.SG,4509,2867,500,4187,4081,4119,3833,3915,3797,3282,3464,3544,3684,3816,3834,119,250,358,119,250,358,-321,-427,-389,-675,-593,-711,415,597,677,817,949,967,525,734,781,1060,1119,1200,35,28,21,44,54,42,179,144,106,221,274,211,322,324,330,320,327,323
STR393b.SG,4509,2867,495,3831,3787,3777,4665,4579,4569,3282,3316,3426,2812,2858,2836,114,245,353,114,245,353,-677,-721,-731,156,70,60,415,449,559,-54,-8,-30,794,849,920,165,70,67,26,44,16,30,14,6,134,224,84,152,70,33,301,301,307,109,97,117
STR486.SG,4509,2867,506,3931,3755,4225,4247,4091,4079,3288,3366,3160,3436,3528,3524,125,256,364,125,256,364,-577,-753,-283,-261,-417,-429,421,499,293,569,661,657,714,903,407,626,782,785,35,26,72,32,27,27,179,130,360,161,137,137,306,303,315,335,327,326
I0769.SG,3645,3285,501,4473,4485,4515,4453,4509,4569,3598,3658,3670,3632,3672,3692,120,251,359,120,251,359,828,840,870,808,864,924,313,373,385,347,387,407,885,919,952,879,947,1010,28,6,4,6,5,13,140,31,24,32,28,67,69,66,66,66,65,66
I3981,3109,1675,518,3693,3327,3105,3613,3123,3091,2086,1844,1710,1828,1676,1668,137,268,376,137,268,376,584,218,-3,504,14,-17,411,169,35,153,1,-6,714,276,35,526,14,19,39,68,2,51,23,0,198,343,11,259,118,0,54,52,353,73,83,250
I3574,3077,1697,498,3741,3451,3141,4417,3981,3305,2118,1924,1724,2464,2210,1826,117,248,356,117,248,356,664,374,64,1340,904,228,421,227,27,767,513,129,786,437,69,1544,1039,262,0,73,29,68,148,107,0,368,149,342,744,536,57,58,67,60,60,60
I3575,3077,1697,495,3925,3285,3091,3377,3101,3091,2214,1784,1668,1782,1668,1668,114,245,353,114,245,353,848,208,14,300,24,14,517,87,-28,85,-28,-28,993,225,32,312,37,32,31,82,0,99,3,0,159,411,0,495,15,0,58,67,153,74,139,153
I3577,3077,1697,486,3647,3231,3101,3365,3289,3185,1998,1776,1718,1766,1752,1738,105,236,344,105,236,344,570,154,24,288,212,108,301,79,21,69,55,41,644,173,32,296,219,115,42,49,3,57,59,48,213,246,18,289,297,242,62,62,48,76,75,69
I3578,3077,1697,509,3741,3499,3143,3703,3155,3097,2118,1958,1734,2080,1706,1676,128,259,367,128,259,367,664,422,66,626,78,20,421,261,37,383,9,-20,786,496,76,734,78,29,0,72,29,75,41,2,0,361,149,378,206,12,57,58,60,58,83,135
I3579,3077,1697,493,3821,3831,3773,3885,3827,4009,2202,2194,2138,2046,1948,2026,112,243,351,112,243,351,744,754,696,808,750,932,505,497,441,349,251,329,899,903,824,880,791,988,22,24,71,48,40,48,110,124,359,240,202,240,55,56,57,66,71,70
I3581,3077,1697,485,3679,3341,3097,3987,3945,3423,2070,1834,1672,2268,2234,1884,104,235,343,104,235,343,602,264,20,910,868,346,373,137,-24,571,537,187,708,297,32,1074,1021,393,60,72,2,5,45,103,304,360,12,26,226,518,58,62,140,57,58,61
I3582,3077,1697,515,3669,3297,3107,3735,3317,3085,2070,1830,1718,1872,1744,1668,134,265,373,134,265,373,592,220,30,658,240,8,373,133,21,175,47,-28,700,257,37,681,244,29,47,67,4,35,72,0,238,336,20,177,361,4,57,58,55,75,78,163
I3583_published,3077,1697,498,3643,3133,3089,4093,3727,3141,1846,1676,1668,2084,1924,1692,117,248,356,117,248,356,566,56,12,1016,650,64,149,-20,-28,387,227,-4,585,60,31,1087,688,64,79,25,0,51,116,61,397,129,2,258,581,305,75,110,156,69,70,94
R105.SG,4527,2091,497,4017,4295,4419,3799,3975,3997,2432,2598,2584,2334,2430,2372,116,247,355,116,247,355,-509,-231,-107,-727,-551,-529,341,507,493,243,339,281,613,557,504,766,647,599,19,15,17,15,21,26,96,78,86,75,106,134,303,335,347,288,301,297
R106.SG,4527,2091,511,3623,3979,4419,3645,3633,3621,3404,3202,2928,3352,3374,3368,130,261,369,130,261,369,-903,-547,-107,-881,-893,-905,1313,1111,837,1261,1283,1277,1593,1238,844,1538,1563,1565,6,84,57,5,5,5,30,420,285,28,26,26,325,333,352,325,325,324
R107.SG,4527,2091,507,4485,4491,4513,4521,4525,4529,2232,2196,2126,2270,2236,2162,126,257,365,126,257,365,-41,-35,-13,-5,-1,2,141,105,35,179,145,71,147,111,37,179,145,71,4,7,6,3,7,8,21,38,32,17,35,42,343,341,339,358,359,2
R108.SG,4527,2091,511,4405,4475,4553,4447,4407,4581,2704,2756,2696,2662,2646,2618,130,261,369,130,261,369,-121,-51,26,-79,-119,54,613,665,605,571,555,527,625,667,605,576,567,530,11,6,9,14,15,14,59,31,49,73,76,72,348,355,2,352,347,5
R109.SG,4527,2091,507,3797,3855,3915,3741,3741,3823,2246,2258,2278,2210,2178,2222,126,257,365,126,257,365,-729,-671,-611,-785,-785,-703,155,167,187,119,87,131,745,691,639,794,790,715,11,14,15,0,0,14,57,71,78,2,2,71,282,283,287,278,276,280
R110.SG,4527,2091,484,3777,3765,3825,3741,3741,3761,2192,2180,2206,2118,2118,2130,103,234,342,103,234,342,-749,-761,-701,-785,-785,-765,101,89,115,27,27,39,756,766,710,785,785,766,11,9,15,0,0,12,56,48,79,0,0,61,277,276,279,271,271,272
R117.SG,4512,2075,487,4453,4457,4493,4527,4531,4535,2170,2160,2120,2244,2226,2162,106,237,345,106,237,345,-58,-54,-18,15,19,23,95,85,45,169,151,87,111,101,48,169,152,90,2,5,6,5,5,7,13,25,30,25,28,36,328,327,337,5,7,14
R118.SG,4512,2075,507,4521,4545,4565,4541,4563,4581,2326,2304,2214,2316,2284,2216,126,257,365,126,257,365,9,33,53,29,51,69,251,229,139,241,209,141,251,231,149,242,215,157,3,5,10,1,5,7,18,27,51,7,29,35,2,8,20,6,13,26
R120.SG,4512,2075,491,4441,4431,4483,4441,4451,4475,2330,2296,2240,2326,2308,2238,110,241,349,110,241,349,-70,-80,-28,-70,-60,-36,255,221,165,251,233,163,264,235,167,260,240,167,7,14,13,6,6,11,35,72,68,31,33,57,344,339,350,344,345,347
R121.SG,4512,2075,514,4527,4543,4547,4507,4527,4541,2300,2264,2164,2318,2284,2214,133,264,372,133,264,372,15,31,35,-4,15,29,225,189,89,243,209,139,225,191,95,243,209,142,4,6,7,2,6,6,24,30,36,14,34,31,3,9,21,358,4,11
R122.SG,4512,2075,493,4471,4479,4509,4449,4459,4435,2168,2150,2104,2160,2150,2062,112,243,351,112,243,351,-40,-32,-2,-62,-52,-76,93,75,29,85,75,-12,101,81,29,105,91,77,3,5,3,5,6,20,17,29,17,25,33,102,336,336,354,323,324,260
R30.SG,4527,2092,487,4527,4517,4547,4513,4503,4509,2128,2110,2086,2096,2088,2054,106,237,345,106,237,345,0,-9,20,-13,-23,-17,36,18,-5,4,-3,-37,36,20,21,13,23,41,3,3,7,1,11,18,19,15,39,7,58,92,1,333,106,286,260,204
R32.SG,4527,2092,518,4493,4497,4519,4477,4483,4511,2188,2160,2126,2132,2118,2092,137,268,376,137,268,376,-33,-29,-7,-49,-43,-15,96,68,34,40,26,0,101,73,34,63,50,15,5,9,9,6,11,11,27,48,48,34,59,58,340,336,348,309,301,270
R33.SG,4527,2092,495,3925,3979,4053,3893,3895,3969,2278,2290,2280,2268,2266,2280,114,245,353,114,245,353,-601,-547,-473,-633,-631,-557,186,198,188,176,174,188,629,581,509,657,654,587,10,18,32,5,8,19,53,90,162,25,42,99,287,289,291,285,285,288
R34.SG,4527,2092,521,4525,4519,4545,4541,4541,4581,2092,2090,2044,2086,2084,2052,140,271,379,140,271,379,-1,-7,18,14,14,54,0,-1,-47,-5,-7,-39,1,7,51,16,16,67,2,1,17,0,0,10,10,7,86,0,0,54,270,254,158,111,118,126
R35.SG,4528,2090,495,4491,4493,4519,4503,4505,4525,2160,2140,2092,2154,2134,2088,114,245,353,114,245,353,-36,-34,-8,-24,-22,-2,70,50,2,64,44,-1,79,60,8,68,49,3,3,4,2,4,4,1,19,21,10,20,20,9,332,325,284,339,332,233
R36.SG,4528,2090,504,4543,4571,4593,4217,4377,4533,2338,2316,2236,2488,2466,2384,123,254,362,123,254,362,15,43,65,-310,-150,5,248,226,146,398,376,294,248,230,160,504,405,294,8,11,11,16,20,22,43,57,57,84,103,111,3,10,24,322,338,1
VK201.SG,3561,4075,493,3643,3633,3949,3659,3609,3597,3402,3420,3252,3328,3594,3852,112,243,351,112,243,351,81,71,387,97,47,35,-672,-654,-822,-746,-480,-222,677,658,909,752,482,225,6,3,78,11,61,54,31,18,391,57,309,271,173,173,154,172,174,170
VK390.SG,4297,4013,485,4653,4529,4547,4433,4483,4489,3694,3674,3692,3634,3724,3786,104,235,343,104,235,343,356,232,250,136,186,192,-318,-338,-320,-378,-288,-226,478,410,406,402,343,297,55,3,8,4,9,6,279,19,43,24,45,34,131,145,142,160,147,139
VK391.SG,4297,4013,512,4499,4513,4551,4391,4447,4489,3666,3674,3710,3612,3644,3690,131,262,370,131,262,370,202,216,254,94,150,192,-346,-338,-302,-400,-368,-322,401,401,395,411,398,375,2,2,11,2,4,7,11,14,55,13,20,36,149,147,139,166,157,149
VK523.SG,4306,4525,483,5017,4979,4875,4519,4511,4489,3722,3782,3668,3742,3822,3900,102,233,341,102,233,341,711,673,569,213,205,183,-802,-742,-856,-782,-702,-624,1072,1002,1028,811,732,650,76,61,71,29,45,55,384,309,358,146,226,278,138,137,146,164,163,163
AED1135b.SG,4462,2799,506,3603,3749,4655,5239,5385,5363,3454,3388,2832,2858,2952,2954,125,256,364,125,256,364,-858,-712,193,777,923,901,654,588,32,58,152,154,1079,924,196,779,936,914,6,43,50,71,92,93,30,216,250,359,460,469,307,309,80,85,80,80
AED432b.SG,4462,2799,498,3641,3727,4307,4407,4495,4529,3424,3384,3088,3636,3710,3734,117,248,356,117,248,356,-820,-734,-154,-54,33,67,624,584,288,836,910,934,1031,938,327,838,911,937,3,31,72,8,9,8,15,155,362,44,49,41,307,308,331,356,2,4
STR220c.SG,4509,2867,503,3701,3641,3703,4835,4681,4587,3360,3404,3398,2928,3018,3030,122,253,361,122,253,361,-807,-867,-805,326,172,78,493,537,531,61,151,163,946,1020,964,332,229,181,17,2,14,25,29,18,87,14,71,126,146,92,301,301,303,79,48,25
SZ12,4925,2606,504,4221,4085,3945,4251,4225,4165,3072,3150,3226,3546,3562,3544,123,254,362,123,254,362,-703,-839,-979,-673,-699,-759,466,544,620,940,956,938,843,1000,1159,1156,1184,1207,110,100,97,26,30,34,550,503,486,133,153,174,303,302,302,324,323,321
SZ14,4925,2606,510,3635,3799,4195,3693,3665,3825,3394,3318,3078,3338,3358,3270,129,260,368,129,260,368,-1289,-1125,-729,-1231,-1259,-1099,788,712,472,732,752,664,1511,1331,868,1432,1466,1284,5,81,102,55,34,80,26,406,513,275,172,401,301,302,302,300,300,301
SZ16,4925,2606,504,4259,4221,4115,4205,4175,4125,3344,3518,3536,3584,3610,3624,123,254,362,123,254,362,-665,-703,-809,-719,-749,-799,738,912,930,978,1004,1018,993,1151,1233,1214,1253,1294,88,53,35,14,13,15,443,266,177,70,67,75,317,322,318,323,323,321
SZ18,4925,2606,514,4539,4475,4545,5221,5267,5191,2684,2716,2668,2706,2738,2706,133,264,372,133,264,372,-385,-449,-379,296,342,266,78,110,62,100,132,100,393,462,384,312,367,284,37,14,28,74,90,86,189,74,144,370,453,430,281,283,279,71,68,69
SZ23,4925,2606,531,3769,4473,4539,4597,4533,4515,3324,2854,2804,2828,2852,2820,150,281,389,150,281,389,-1155,-451,-385,-327,-391,-409,718,248,198,222,246,214,1360,515,433,395,462,462,92,7,20,21,7,5,461,35,104,107,39,25,301,298,297,304,302,297
SZ25,4925,2606,507,3633,3609,4225,4943,4859,4687,3410,3434,3070,2764,2796,2860,126,257,365,126,257,365,-1291,-1315,-699,18,-65,-237,804,828,464,158,190,254,1521,1554,839,159,201,347,5,6,101,11,21,35,27,31,505,57,107,177,301,302,303,6,340,316
SZ28,4925,2606,488,3741,3741,3629,3771,3741,3741,2142,2120,2044,2136,2118,2118,107,238,346,107,238,346,-1183,-1183,-1295,-1153,-1183,-1183,-463,-485,-561,-469,-487,-487,1271,1279,1412,1245,1280,1280,1,0,59,33,0,0,9,3,299,168,0,0,248,247,246,247,247,247
SZ30,4925,2606,511,3637,3725,4405,3831,3777,3835,3388,3358,2952,3280,3326,3310,130,261,369,130,261,369,-1287,-1199,-519,-1093,-1147,-1089,782,752,346,674,720,704,1506,1415,624,1284,1354,1297,4,68,69,89,68,74,21,340,346,448,342,370,301,302,303,301,302,302
SZ31,4925,2606,523,4135,4195,4325,4289,4169,4431,2296,2278,2240,2332,2292,2256,142,273,381,142,273,381,-789,-729,-599,-635,-755,-493,-309,-327,-365,-273,-313,-349,848,799,702,691,818,604,30,29,26,59,48,45,151,149,134,295,240,229,248,245,238,246,247,234
SZ32,4925,2606,488,4053,4071,4203,4313,4421,4513,2276,2278,2254,2360,2382,2332,107,238,346,107,238,346,-871,-853,-721,-611,-503,-411,-329,-327,-351,-245,-223,-273,931,914,802,659,551,494,18,20,29,46,33,4,94,101,145,234,168,20,249,248,244,248,246,236
SZ38,4925,2606,511,3785,4085,4467,4511,4387,4533,3290,3136,2900,2912,2974,2886,130,261,369,130,261,369,-1139,-839,-457,-413,-537,-391,684,530,294,306,368,280,1329,992,543,514,651,481,77,107,64,50,54,58,389,535,322,252,272,294,300,302,302,306,304,305
SZ40,4925,2606,510,4423,4417,4433,4443,4463,4497,2166,2138,2092,2214,2178,2132,129,260,368,129,260,368,-501,-507,-491,-481,-461,-427,-439,-467,-513,-391,-427,-473,667,690,711,620,629,638,10,17,21,3,4,4,51,89,108,19,22,21,228,227,223,230,227,222
SZ41,4925,2606,490,4373,4271,4181,4835,4721,4639,3252,3444,3558,2904,2966,2998,109,240,348,109,240,348,-551,-653,-743,-89,-203,-285,646,838,952,298,360,392,849,1062,1208,311,413,485,99,72,35,21,22,12,496,362,175,108,112,63,319,322,322,343,330,323
SZ42,4925,2606,511,3873,3963,4291,3641,3733,3921,3240,3206,3024,3418,3390,3272,130,261,369,130,261,369,-1051,-961,-633,-1283,-1191,-1003,634,600,418,812,784,666,1227,1133,759,1518,1426,1204,93,97,100,2,65,98,467,489,503,13,325,490,301,301,303,302,303,303
SZ6,4925,2606,518,4625,4515,4617,3825,3799,3751,2674,2714,2654,3094,3126,3080,137,268,376,137,268,376,-299,-409,-307,-1099,-1125,-1173,68,108,48,488,520,474,307,423,311,1202,1239,1265,41,24,37,24,26,31,205,122,185,121,132,157,282,284,278,293,294,292
SZ9,4925,2606,511,4479,4445,4285,4433,4489,4553,3410,3632,3608,3570,3620,3646,130,261,369,130,261,369,-445,-479,-639,-491,-435,-371,804,1026,1002,964,1014,1040,919,1132,1188,1082,1103,1104,73,16,30,4,5,5,366,82,150,21,26,26,331,334,327,332,336,340
SZ11.SG,4925,2606,515,3643,3631,3993,3685,3719,3913,3408,3416,3224,3310,3364,3498,134,265,373,134,265,373,-1281,-1293,-931,-1239,-1205,-1011,802,810,618,704,758,892,1511,1526,1117,1425,1424,1348,4,5,97,5,16,24,21,25,487,27,80,124,302,302,303,299,302,311
SZ15.SG,4925,2606,503,3639,3621,4127,3805,3851,3887,3400,3424,3142,3382,3428,3472,122,253,361,122,253,361,-1285,-1303,-797,-1119,-1073,-1037,794,818,536,776,822,866,1511,1538,960,1362,1352,1351,4,5,107,23,23,25,20,29,535,117,117,129,301,302,303,304,307,309
SZ2.SG,4925,2606,507,4515,4497,4505,4349,4337,4281,3574,3664,3676,3672,3718,3704,126,257,365,126,257,365,-409,-427,-419,-575,-587,-643,968,1058,1070,1066,1112,1098,1051,1141,1149,1211,1257,1272,41,1,4,10,10,13,209,9,23,51,53,69,337,338,338,331,332,329
SZ36.SG,4925,2606,502,4325,4375,4495,4517,4547,4589,2426,2432,2384,2524,2508,2458,121,252,360,121,252,360,-599,-549,-429,-407,-377,-335,-179,-173,-221,-81,-97,-147,625,576,483,415,389,366,48,41,6,11,12,16,240,209,30,57,61,82,253,252,242,258,255,246
SZ3.SG,4925,2606,511,3783,4163,4537,4537,4525,4621,3310,3068,2824,2902,2912,2840,130,261,369,130,261,369,-1141,-761,-387,-387,-399,-303,704,462,218,296,306,234,1341,890,444,487,503,383,91,102,20,43,28,34,458,514,103,217,143,171,301,301,299,307,307,307
SZ45.SG,4925,2606,509,4543,4503,4581,4193,4273,4351,2776,2740,2698,2708,2712,2678,128,259,367,128,259,367,-381,-421,-343,-731,-651,-573,170,134,92,102,106,72,417,442,355,738,660,578,93,23,35,47,44,44,469,116,177,237,223,220,294,287,285,277,279,277
SZ4.SG,4925,2606,514,4439,4487,4517,3991,4107,4189,3592,3658,3668,3512,3600,3676,133,264,372,133,264,372,-485,-437,-407,-933,-817,-735,986,1052,1062,906,994,1070,1099,1139,1137,1300,1287,1298,34,2,3,28,25,22,173,10,16,141,129,110,333,337,339,314,320,325
SZ5.SG,4925,2606,497,3605,4021,4485,4813,4755,4715,3420,3168,2860,2754,2788,2794,116,247,355,116,247,355,-1319,-903,-439,-111,-169,-209,814,562,254,148,182,188,1550,1064,507,185,248,281,7,109,48,18,17,16,38,545,242,90,87,82,301,301,300,323,317,311
AED1119.SG,4462,2799,520,4467,4491,4503,5017,4949,4909,3588,3666,3672,2858,2886,2882,139,270,378,139,270,378,5,29,41,555,487,447,788,866,872,58,86,82,788,867,873,558,495,455,7,2,2,17,13,10,37,10,14,87,67,54,0,1,2,83,79,79
STR266b.SG,4509,2867,519,3641,3625,4121,4507,4509,4527,3404,3418,3130,2946,2942,2902,138,269,377,138,269,377,-867,-883,-387,-1,0,18,537,551,263,79,75,35,1020,1041,468,79,75,39,2,5,99,6,5,2,11,26,496,32,26,14,301,301,304,358,0,27
STR300b.SG,4509,2867,518,4485,4419,4381,4419,4473,4435,2124,2064,1964,2156,2108,2048,137,268,376,137,268,376,-23,-89,-127,-89,-35,-73,-742,-802,-902,-710,-758,-818,743,807,911,716,759,822,3,17,18,8,10,15,15,86,92,42,50,76,181,186,188,187,182,185
STR310.SG,4509,2867,517,4745,4753,4809,4761,4763,4821,2496,2476,2414,2494,2478,2432,136,267,375,136,267,375,236,244,300,252,254,312,-370,-390,-452,-372,-388,-434,439,460,543,450,464,535,7,7,6,7,8,5,39,39,31,37,43,26,147,147,146,145,146,144
STR355c.SG,4509,2867,519,3641,3827,4683,4953,4899,4863,3436,3342,2912,2892,2880,2858,138,269,377,138,269,377,-867,-681,174,444,390,354,569,475,45,25,13,-8,1037,830,180,445,390,354,2,45,54,21,18,20,13,225,272,106,94,100,303,304,75,86,88,91
STR360c.SG,4509,2867,520,4487,4501,4537,4535,4601,4737,3664,3672,3684,3690,3722,3826,139,270,378,139,270,378,-21,-7,28,26,92,228,797,805,817,823,855,959,797,805,817,823,860,986,2,2,4,5,7,14,13,13,23,25,39,74,358,359,1,1,6,13
STR480.SG,4509,2867,520,3641,3639,3727,4757,4631,4571,3380,3406,3338,2840,2900,2906,139,270,378,139,270,378,-867,-869,-781,248,122,62,513,539,471,-26,33,39,1008,1023,912,249,126,73,3,3,62,24,11,3,15,19,314,123,55,19,300,301,301,96,74,57
SZ37,4925,2606,524,4515,4579,4655,4179,4467,4713,2510,2496,2402,2446,2492,2454,143,274,382,143,274,382,-409,-345,-269,-745,-457,-211,-95,-109,-203,-159,-113,-151,420,362,337,762,471,260,29,12,14,73,68,30,145,64,72,365,340,150,256,252,232,257,256,234
STR248b.SG,4509,2867,545,3805,4559,4865,5409,5489,5303,3378,3016,2846,2870,2960,2898,164,295,403,164,295,403,-703,50,356,900,980,794,511,149,-20,3,93,31,869,157,357,900,984,795,33,55,36,55,74,75,167,277,182,279,373,376,306,18,93,89,84,87
Vim2b.SG,5208,2468,551,6165,6123,6081,5493,5473,5667,3080,3090,3136,2716,2702,2770,170,301,409,170,301,409,957,915,873,285,265,459,611,621,667,247,233,301,1136,1106,1099,377,353,549,11,40,40,78,80,101,57,200,202,392,404,506,57,55,52,49,48,56
JK1968,4950,4483,580,5229,5135,5057,5049,5023,4983,4322,4366,4410,4502,4536,4564,199,330,438,199,330,438,279,185,107,99,73,33,-160,-116,-72,19,53,81,322,219,129,101,91,88,28,31,26,9,5,7,144,157,131,45,29,38,119,122,123,78,54,22
JK1970,4950,4483,572,5233,5137,5043,5229,5147,5081,4338,4400,4450,4468,4526,4576,191,322,430,191,322,430,283,187,93,279,197,131,-144,-82,-32,-14,43,93,318,205,99,280,202,161,28,30,20,10,10,7,140,151,101,52,51,36,116,113,109,92,77,54
JK2065,4950,4483,545,4671,4697,4791,4549,4581,4631,3494,3686,3772,3588,3644,3814,164,295,403,164,295,403,-278,-252,-158,-400,-368,-318,-988,-796,-710,-894,-838,-668,1026,835,727,979,915,740,55,38,29,38,37,39,276,194,147,192,186,198,195,197,192,204,203,205
QED-4.SG,6680,1621,549,6691,6691,6691,6691,6691,6691,1618,1618,1618,1618,1618,1618,168,299,407,168,299,407,11,11,11,11,11,11,-3,-3,-3,-3,-3,-3,12,12,12,12,12,12,0,0,0,0,0,0,0,0,0,0,0,0,104,104,104,104,104,104
RISE174.SG,4516,3608,535,4461,4497,4531,4373,4415,4411,3638,3664,3670,3648,3670,3738,154,285,393,154,285,393,-54,-18,15,-142,-100,-104,29,55,61,39,61,129,62,58,63,148,118,166,2,0,1,7,9,40,12,2,9,38,46,203,298,341,13,285,301,321
SZ43.SG,4925,2606,564,4475,4539,4575,3975,4025,4215,2454,2398,2278,2268,2268,2280,183,314,422,183,314,422,-449,-385,-349,-949,-899,-709,-151,-207,-327,-337,-337,-325,474,437,479,1007,960,780,25,14,8,4,4,31,128,74,44,22,22,155,251,241,226,250,249,245
I3980,3109,1675,540,4217,4199,4197,4245,3429,3041,2032,1984,1980,2172,1814,1668,159,290,398,159,290,398,1108,1090,1088,1136,320,-67,357,309,305,497,139,-6,1164,1133,1130,1240,349,68,8,5,5,6,110,0,43,28,25,31,550,0,72,74,74,66,66,264
DA237.SG,4950,4477,555,7011,5907,5199,5019,4997,4995,4372,4472,4544,4504,4542,4576,174,305,413,174,305,413,2061,957,249,69,47,45,-105,-5,66,26,64,98,2063,957,258,74,80,108,117,211,118,17,12,8,586,1056,591,85,60,43,92,90,74,68,36,24
STR502b.SG,4509,2867,586,4541,4563,4635,4541,4761,6611,2120,2070,2024,2068,2016,1700,205,336,444,205,336,444,32,54,126,32,252,2102,-746,-796,-842,-798,-850,-1166,747,798,852,799,887,2404,1,2,3,0,90,65,9,10,18,0,453,325,177,176,171,177,163,119
AV1,4925,2606,592,3919,3963,3919,5047,4975,4925,3356,3446,3472,2898,2906,2918,211,342,450,211,342,450,-1005,-961,-1005,122,50,0,750,840,866,292,300,312,1254,1276,1327,316,304,312,70,57,30,14,5,6,350,286,154,72,28,31,306,311,310,22,9,0
BIM37b.SG,4478,2879,604,4243,4119,4089,4477,4523,4555,3508,3540,3530,3432,3606,3622,223,354,462,223,354,462,-234,-358,-388,0,45,77,628,660,650,552,726,742,671,751,757,552,728,746,24,18,17,40,23,10,120,93,87,202,115,51,339,331,329,359,3,5
I12031,3724,2129,582,4609,4541,4683,4781,4819,4709,2668,2678,2586,2646,2612,2608,201,332,440,201,332,440,885,817,959,1057,1095,985,538,548,456,516,482,478,1036,984,1062,1176,1196,1095,24,17,36,17,12,37,124,89,181,85,60,189,58,56,64,63,66,64
I12032_published,3724,2129,613,4049,3651,3763,3599,3651,3535,2526,2186,2204,3624,3678,3504,232,363,471,232,363,471,325,-72,39,-124,-72,-188,396,56,74,1494,1548,1374,512,92,84,1499,1550,1387,89,2,60,35,59,142,445,12,300,175,296,710,39,307,27,355,357,352
I12033_published,3724,2129,601,4169,3927,4097,3639,3615,3811,3106,3230,3136,3376,3412,3536,220,351,459,220,351,459,445,203,373,-84,-108,87,976,1100,1006,1246,1282,1406,1073,1119,1073,1249,1287,1409,19,14,7,5,8,38,96,73,37,28,40,193,24,10,20,356,355,3
I12034,3724,2129,574,3583,3593,3609,3503,3549,3595,2098,2080,2072,2120,2098,2078,193,324,432,193,324,432,-140,-130,-114,-220,-174,-128,-31,-49,-57,-9,-31,-51,144,139,128,221,177,138,4,4,4,4,6,7,20,20,23,22,33,36,257,249,243,267,259,248
I12163,3724,2129,598,4425,4537,4689,4599,4529,4421,2894,2762,2678,2830,2828,2818,217,348,456,217,348,456,701,813,965,875,805,697,764,632,548,700,698,688,1037,1030,1110,1121,1066,979,32,18,31,30,24,15,160,92,156,151,124,76,42,52,60,51,49,45
I12162,3724,2129,603,4117,4521,4695,4369,4477,4479,3082,2832,2736,2970,2876,2822,222,353,461,222,353,461,393,797,971,645,753,755,952,702,606,840,746,692,1030,1062,1145,1059,1060,1024,25,7,17,17,5,5,128,39,86,87,27,25,22,48,58,37,45,47
CL121,4130,2443,607,4355,4455,4511,4483,4487,4491,2184,2154,2098,2294,2214,2122,226,357,465,226,357,465,225,325,381,353,357,361,-259,-289,-345,-149,-229,-321,343,435,514,384,425,483,4,6,7,4,3,1,23,32,35,22,18,8,138,131,132,112,122,131
CL146,4130,2443,607,3641,3667,4099,3685,3907,4013,3406,3366,3268,3362,3522,3608,226,357,465,226,357,465,-488,-462,-30,-444,-222,-116,962,922,824,918,1078,1164,1079,1031,825,1020,1101,1170,4,17,46,9,22,22,23,87,232,48,114,111,333,333,357,334,348,354
CL23,4130,2443,601,3853,3911,3959,4209,4451,4593,2248,2274,2276,2496,2546,2472,220,351,459,220,351,459,-276,-218,-170,79,321,463,-195,-169,-167,52,102,28,338,276,238,95,337,464,16,8,8,19,12,17,84,42,43,95,61,88,234,232,225,56,72,86
CL25,4130,2443,600,4489,4527,4547,4541,4541,4637,2124,2082,2066,2070,2068,2020,219,350,458,219,350,458,359,397,417,411,411,507,-319,-361,-377,-373,-375,-423,481,537,563,555,557,661,3,6,4,1,0,4,16,32,22,6,0,21,131,132,132,132,132,129
CL30,4130,2443,601,4481,4511,4461,4541,4541,4557,2128,2098,2008,2120,2068,2060,220,351,459,220,351,459,351,381,331,411,411,427,-315,-345,-435,-323,-375,-383,472,514,547,523,557,574,5,7,3,1,0,8,28,35,18,5,0,40,131,132,142,128,132,131
CL36,4130,2443,604,4083,4297,4509,3891,4263,4389,2298,2322,2246,2272,2420,2408,223,354,462,223,354,462,-46,167,379,-238,133,259,-145,-121,-197,-171,-23,-35,152,207,428,293,135,262,6,18,8,11,23,28,32,92,44,56,117,140,197,125,117,234,99,97
CL38,4130,2443,606,4491,4537,4569,4545,4559,4641,2118,2072,2062,2072,2068,2018,225,356,464,225,356,464,361,407,439,415,429,511,-325,-371,-381,-371,-375,-425,486,551,582,557,570,665,0,3,7,0,3,0,0,19,35,2,18,0,131,132,130,131,131,129
CL47,4130,2443,609,4475,4499,4837,3939,4277,4795,2702,2664,2522,2434,2568,2568,228,359,467,228,359,467,345,369,707,-190,147,665,258,220,78,-9,124,124,431,430,712,190,193,677,10,13,4,5,16,2,51,69,23,25,81,13,53,59,83,267,49,79
CL57,4130,2443,610,4523,4511,4861,3821,3869,4265,2712,2698,2546,2368,2362,2442,229,360,468,229,360,468,393,381,731,-308,-260,135,268,254,102,-75,-81,-1,476,458,739,317,272,135,19,16,5,5,6,46,96,83,25,29,32,230,55,56,82,256,252,90
CL63,4130,2443,605,4393,4013,3911,4869,4871,4905,2854,2478,2308,2704,2684,2648,224,355,463,224,355,463,263,-116,-218,739,741,775,410,34,-135,260,240,204,488,121,256,784,779,802,7,8,11,12,8,4,37,41,57,64,42,24,32,286,238,70,72,75
CL87,4130,2443,602,4375,4283,4673,3645,3643,3681,2936,2906,2708,3312,3312,3362,221,352,460,221,352,460,245,153,543,-484,-486,-448,492,462,264,868,868,918,550,487,604,994,995,1022,28,43,9,4,22,17,141,216,47,20,113,85,26,18,64,330,330,333
CL93,4130,2443,601,3881,3879,4019,3683,3739,3903,3366,3458,3500,3268,3340,3452,220,351,459,220,351,459,-248,-250,-110,-446,-390,-226,922,1014,1056,824,896,1008,955,1045,1062,937,977,1033,12,20,24,1,24,37,63,101,123,9,120,185,344,346,354,331,336,347
CL94,4130,2443,606,3735,3741,3765,3685,3723,3741,2216,2186,2186,2168,2156,2136,225,356,464,225,356,464,-394,-388,-364,-444,-406,-388,-227,-257,-257,-275,-287,-307,455,465,445,522,497,495,3,4,13,2,6,2,17,23,67,14,30,14,240,236,234,238,234,231
NIEcap1,4338,2825,607,4063,3947,3987,3641,3783,4075,3362,3478,3498,3420,3474,3552,226,357,465,226,357,465,-274,-390,-350,-696,-554,-262,537,653,673,595,649,727,603,760,758,916,853,773,16,5,6,1,12,16,82,28,30,6,64,81,332,329,332,310,319,340
NIEcap12a,4338,2825,605,5293,5103,4987,5567,5383,5373,2910,2834,2892,3246,2994,2852,224,355,463,224,355,463,955,765,649,1229,1045,1035,85,9,67,421,169,27,959,765,653,1299,1059,1036,68,7,36,84,60,37,343,38,182,424,303,186,84,89,84,71,80,88
NIEcap3c,4338,2825,612,4011,4093,4507,3795,3971,4045,2288,2288,2278,2166,2268,2270,231,362,470,231,362,470,-326,-244,169,-542,-366,-292,-536,-536,-546,-658,-556,-554,628,589,572,853,666,627,18,15,3,21,2,3,94,75,18,106,13,17,211,204,162,219,213,207
NIEcap3b,4338,2825,605,4547,4605,4591,4375,4565,4405,2476,2382,2234,2408,2406,2398,224,355,463,224,355,463,209,267,253,37,227,67,-348,-442,-590,-416,-418,-426,406,517,642,418,476,432,10,8,5,16,7,20,53,41,25,80,37,103,148,148,156,174,151,170
NIEcap12c,4338,2825,604,4469,4471,4491,4459,4509,4549,3644,3658,3666,3636,3674,3680,223,354,462,223,354,462,131,133,153,121,171,211,819,833,841,811,849,855,829,843,855,820,866,881,5,2,4,5,5,17,29,11,23,27,25,88,9,9,10,8,11,13
R104.SG,4527,2091,627,3709,3299,2925,3775,3705,3599,1860,1768,1680,1508,1500,1548,246,377,485,246,377,485,-817,-1227,-1601,-751,-821,-927,-230,-322,-410,-582,-590,-542,849,1269,1653,950,1011,1074,32,88,34,56,76,91,164,444,174,282,380,457,254,255,255,232,234,239
I3775,3682,2130,659,3701,3735,3741,3389,3473,3539,2114,2116,2118,1940,1954,1944,278,409,517,278,409,517,19,53,59,-292,-208,-142,-15,-13,-11,-189,-175,-185,24,54,60,348,272,234,4,1,0,10,6,1,24,9,0,51,32,5,128,104,100,237,229,217
I3776,3682,2130,656,3655,3685,3691,5315,5721,5641,2126,2116,2118,2528,2674,2678,275,406,514,275,406,514,-26,3,9,1633,2039,1959,-3,-13,-11,398,544,548,26,13,14,1681,2110,2034,1,2,0,91,51,79,9,13,0,457,255,398,262,166,141,76,75,74
I3777,3682,2130,648,3629,3647,3653,3529,3575,3629,2142,2122,2122,2148,2120,2110,267,398,506,267,398,506,-52,-34,-28,-152,-106,-52,12,-7,-7,18,-9,-19,54,35,29,153,107,56,3,1,2,4,5,5,18,5,10,20,27,28,283,257,255,276,264,249
I3866,3682,2130,646,3641,3661,3673,5743,5849,5873,2118,2100,2100,2816,2890,2940,265,396,504,265,396,504,-40,-20,-8,2061,2167,2191,-11,-29,-29,686,760,810,42,36,30,2172,2296,2336,0,5,5,92,43,40,0,26,28,462,218,201,254,215,196,71,70,69
DA146.SG,7013,2825,654,7211,7057,7003,7177,7157,7187,3044,2916,2878,2974,2956,2910,273,404,512,273,404,512,198,44,-9,164,144,174,219,91,53,149,131,85,295,101,54,222,195,194,44,12,4,19,25,7,220,62,21,97,128,36,42,25,349,47,47,63
DA160.SG,7013,2825,608,6771,6753,6889,6801,6843,6899,2910,2862,2846,2748,2796,2814,227,358,466,227,358,466,-241,-259,-123,-211,-169,-113,85,37,21,-76,-28,-10,256,262,125,224,171,114,32,41,40,14,13,9,161,205,202,71,67,48,289,278,279,250,260,264
DA161.SG,7010,2818,678,7083,6945,6985,6693,6717,6755,2998,2862,2860,2760,2808,2824,297,428,536,297,428,536,73,-64,-24,-316,-292,-254,179,43,41,-58,-10,5,194,77,48,321,292,254,46,20,4,15,11,11,233,100,20,78,59,56,22,304,329,259,267,271
DA162.SG,7022,2874,666,6457,6597,6843,6705,6845,6939,2884,2896,2866,2824,2824,2816,285,416,524,285,416,524,-564,-424,-178,-316,-176,-82,10,22,-7,-49,-49,-57,564,425,178,320,183,100,15,48,50,27,24,4,78,241,253,139,124,21,271,273,267,261,254,234
I12220_published,4247,1788,669,4291,4291,4291,4313,4129,3495,1966,1914,1872,2020,1876,1726,288,419,527,288,419,527,44,44,44,66,-117,-751,178,126,84,232,88,-61,183,133,94,241,147,754,1,7,2,20,79,120,9,35,12,100,395,601,13,19,27,15,306,265
I8343,3750,2140,662,3773,3841,3979,3335,3955,3737,2172,2192,2268,1852,2138,1884,281,412,520,281,412,520,23,91,229,-414,205,-12,32,52,128,-287,-1,-255,39,105,263,504,205,256,14,21,5,34,57,1,70,109,26,171,288,9,36,60,60,235,90,182
DA190.SG,6186,3390,694,6691,6917,6961,6977,6797,6721,2850,2842,2842,2786,2920,3018,313,444,552,313,444,552,505,731,775,791,611,535,-539,-547,-547,-603,-469,-371,739,913,949,995,771,651,32,29,31,49,69,82,161,148,155,245,349,413,136,126,125,127,127,124
VK506.SG,5038,3958,698,4541,4719,5043,4865,5049,5103,3688,3818,3970,3850,3974,3992,317,448,556,317,448,556,-497,-319,4,-173,10,64,-269,-139,12,-107,16,34,565,348,13,203,19,73,6,48,2,29,10,8,30,244,13,148,53,40,241,246,22,238,34,62
I0159.SG,3650,3264,713,4393,4437,4463,3925,3957,4127,3636,3662,3680,3396,3426,3532,332,463,571,332,463,571,743,787,813,275,307,477,372,398,416,132,162,268,831,882,914,305,347,547,53,47,85,75,85,88,265,237,428,379,428,444,63,63,62,64,62,60
VK296.SG,4440,3562,722,4331,4507,4545,4859,4671,4717,3604,3554,3602,2938,3044,3632,341,472,580,341,472,580,-108,67,105,419,231,277,42,-7,40,-623,-517,70,116,68,113,751,566,286,57,36,31,23,25,38,289,184,158,115,129,190,291,96,69,146,155,75
RISE569.SG,4617,3017,717,3873,4515,4493,5007,4975,4775,3284,2968,2958,2852,2840,2940,336,467,575,336,467,575,-743,-101,-123,390,358,158,267,-48,-58,-164,-176,-76,790,112,137,423,399,175,90,4,1,12,16,36,451,22,9,63,84,184,289,244,244,112,116,115
I0157.SG,3650,3264,723,4509,4463,4497,4567,4519,4403,3668,3642,3692,3696,3674,3656,342,473,581,342,473,581,859,813,847,917,869,753,404,378,428,432,410,392,950,897,949,1014,961,849,4,51,86,7,83,116,22,255,431,39,419,581,64,65,63,64,64,62
I3585,3060,1659,750,3597,3189,3261,3635,3433,4209,2034,1792,1838,2054,1928,2270,369,500,608,369,500,608,536,128,200,574,372,1148,375,133,179,395,269,611,655,185,269,697,460,1301,59,38,55,58,96,60,298,190,279,291,483,300,55,44,48,55,54,61
VK483.SG,5038,3958,753,4509,4529,4809,4771,4935,5025,3680,3716,3858,3778,3844,3854,372,503,611,372,503,611,-529,-509,-229,-267,-103,-13,-277,-241,-99,-179,-113,-103,597,563,249,321,153,104,5,68,85,24,17,7,29,341,425,121,88,38,242,244,246,236,222,187
RISE568.SG,4617,3017,756,5167,5075,5123,5379,5357,5305,3942,3864,3866,3786,3548,3388,375,506,614,375,506,614,550,458,506,762,740,688,925,847,849,769,531,371,1076,963,988,1083,911,781,28,16,10,39,48,38,140,84,51,196,244,191,30,28,30,44,54,61
NO3423.SG,3585,3448,752,4509,4587,4703,3691,3581,3535,3688,3732,3804,3830,3926,3978,371,502,610,371,502,610,924,1002,1118,106,-3,-49,239,283,355,381,477,529,955,1042,1174,396,477,532,8,71,78,39,29,19,44,358,392,197,145,96,75,74,72,15,359,354
VK297.SG,4440,3562,742,4537,4701,5013,4623,4767,4827,3698,3800,3890,3708,3822,3884,361,492,600,361,492,600,97,261,573,183,327,387,136,238,328,146,260,322,167,354,661,234,418,504,14,52,20,12,15,8,70,263,103,62,78,41,35,47,60,51,51,50
VK379.SG,4746,3826,751,4519,4391,4795,4501,4353,4219,3670,3636,3842,3278,3550,3664,370,501,609,370,501,609,-226,-354,49,-244,-392,-526,-155,-189,16,-547,-275,-161,275,402,51,600,479,551,4,72,46,37,51,55,22,360,231,188,258,275,235,241,71,204,234,252
VK382.SG,4746,3826,749,4313,4503,4489,5817,5763,5783,3026,2906,2896,3652,3738,3910,368,499,607,368,499,607,-432,-242,-256,1071,1017,1037,-799,-919,-929,-173,-87,84,909,951,964,1085,1020,1040,24,3,5,47,49,58,120,18,25,239,248,293,208,194,195,99,94,85
VK480.SG,5038,3958,762,4539,4813,5041,4695,4839,4905,3708,3876,3960,3754,3864,3900,381,512,620,381,512,620,-499,-225,2,-343,-199,-133,-249,-81,2,-203,-93,-57,558,239,3,398,220,145,13,76,4,17,12,19,65,380,21,88,63,98,243,250,52,239,244,246
VK481.SG,5038,3958,746,4519,4765,5041,4887,5035,5055,3702,3814,3916,3870,3872,3876,365,496,604,365,496,604,-519,-273,2,-151,-3,16,-255,-143,-41,-87,-85,-81,578,308,41,174,85,83,9,74,8,25,6,4,47,374,40,125,30,24,243,242,175,239,182,168
VK482.SG,5038,3958,749,4535,4617,5055,4741,4877,5009,3682,3782,3996,3786,3874,3936,368,499,607,368,499,607,-503,-421,16,-297,-161,-29,-275,-175,38,-171,-83,-21,573,456,41,343,181,36,4,79,10,17,14,15,23,398,51,85,72,77,241,247,23,239,242,233
VK484.SG,5038,3958,749,4511,4403,4947,4723,4649,4995,3678,3672,3920,3084,3120,3982,368,499,607,368,499,607,-527,-635,-91,-315,-389,-43,-279,-285,-37,-873,-837,24,596,696,98,928,923,49,5,78,29,28,34,41,28,392,145,140,171,205,242,245,247,199,204,299
VK486.SG,5038,3958,752,4617,5043,5049,4755,4925,5025,3726,3872,3876,3778,3902,3948,371,502,610,371,502,610,-421,4,10,-283,-113,-13,-231,-85,-81,-179,-55,-9,480,85,82,335,126,16,34,3,4,26,21,12,172,16,23,134,105,60,241,176,172,237,243,233
VK487.SG,5038,3958,752,4469,4371,4751,4841,4979,5097,3662,3652,3820,3122,3748,4038,371,502,610,371,502,610,-569,-667,-287,-197,-59,58,-295,-305,-137,-835,-209,80,641,733,318,858,217,99,36,72,64,55,80,7,183,363,323,276,404,39,242,245,244,193,195,36
VK488.SG,5038,3958,749,4345,4467,4607,4571,4681,4771,3604,3590,3702,3674,3740,3830,368,499,607,368,499,607,-693,-571,-431,-467,-357,-267,-353,-367,-255,-283,-217,-127,778,679,501,546,418,296,74,56,41,7,13,16,374,282,209,39,66,80,242,237,239,238,238,244
VK489.SG,5038,3958,749,4397,4407,4639,4633,4773,4833,3632,3640,3774,3672,3800,3864,368,499,607,368,499,607,-641,-631,-399,-405,-265,-205,-325,-317,-183,-285,-157,-93,719,706,439,495,308,225,60,62,60,12,22,6,300,314,301,61,113,30,243,243,245,234,239,245
VK491.SG,5038,3958,749,4579,5005,5043,4675,4645,4511,3728,3918,3930,3848,4124,4248,368,499,607,368,499,607,-459,-33,4,-363,-393,-527,-229,-39,-27,-109,166,290,513,51,28,379,426,601,26,29,7,22,47,45,132,146,39,110,235,227,243,219,169,253,292,298
VK492.SG,5038,3958,746,4431,4405,4645,4627,4711,4769,3644,3652,3766,3340,3356,3562,365,496,604,365,496,604,-607,-633,-393,-411,-327,-269,-313,-305,-191,-617,-601,-395,683,703,437,742,684,478,50,62,61,43,71,74,251,312,306,215,359,370,242,244,243,213,208,214
VK493.SG,5038,3958,752,4521,4659,5041,4919,5089,5119,3700,3806,3916,3852,4020,4024,371,502,610,371,502,610,-517,-379,2,-119,50,80,-257,-151,-41,-105,62,66,577,408,41,159,80,104,9,75,8,47,10,4,47,378,40,238,52,23,243,248,175,228,39,50
VK495.SG,5038,3958,755,4543,4915,5085,4997,5099,5153,3696,3998,4054,3790,3840,3842,374,505,613,374,505,613,-495,-123,46,-41,60,114,-261,40,96,-167,-117,-115,559,129,107,172,132,163,8,42,7,27,6,8,40,210,37,136,34,40,242,288,26,193,152,135
VK496.SG,5038,3958,750,4527,4565,5041,4717,4849,4953,3690,3764,3964,3772,3868,3884,369,500,608,369,500,608,-511,-473,2,-321,-189,-85,-267,-193,6,-185,-89,-73,576,511,6,370,209,112,10,77,3,13,11,16,51,386,15,66,58,80,242,247,25,239,244,229
VK498.SG,5038,3958,755,4537,4475,4919,4615,4723,4557,3670,3656,3978,3730,3920,4034,374,505,613,374,505,613,-501,-563,-119,-423,-315,-481,-287,-301,20,-227,-37,76,577,638,120,480,317,487,4,71,59,14,29,59,20,358,297,72,147,297,240,241,279,241,263,279
VK504.SG,5038,3958,745,4701,5013,5077,5127,5247,5267,3760,3870,3882,3870,3878,3798,364,495,603,364,495,603,-337,-25,38,88,208,228,-197,-87,-75,-87,-79,-159,390,91,85,124,223,279,45,26,5,4,6,10,226,132,25,20,33,52,239,195,152,134,110,124
VK505.SG,5038,3958,749,4515,4431,4747,4463,4317,4213,3670,3658,3824,3794,3960,4012,368,499,607,368,499,607,-523,-607,-291,-575,-721,-825,-287,-299,-133,-163,2,54,596,677,320,597,721,826,4,66,78,8,49,64,23,333,390,44,249,322,241,243,245,254,270,273
VK508.SG,5038,3958,748,4533,4705,5047,4733,4813,4975,3692,3824,3980,3936,4130,4156,367,498,606,367,498,606,-505,-333,8,-305,-225,-63,-265,-133,22,-21,172,198,570,358,23,305,283,208,5,69,7,31,18,12,29,348,37,158,90,64,242,248,21,265,307,342
VK509.SG,5038,3958,749,4483,4375,4887,4761,4785,4763,3670,3686,3838,3084,3072,3098,368,499,607,368,499,607,-555,-663,-151,-277,-253,-275,-287,-271,-119,-873,-885,-859,625,716,192,916,921,902,39,81,65,29,52,63,195,409,329,149,262,317,242,247,231,197,195,197
VK510.SG,5038,3958,746,4657,4985,5057,4695,4795,4793,3742,3872,3886,3782,3988,4090,365,496,604,365,496,604,-381,-53,18,-343,-243,-245,-215,-85,-71,-175,30,132,437,100,74,385,244,278,36,37,5,20,25,41,180,185,28,102,129,208,240,211,165,242,277,298
VK511.SG,5038,3958,749,4531,4481,4725,4595,4347,4131,3670,3566,3748,3706,3606,3548,368,499,607,368,499,607,-507,-557,-313,-443,-691,-907,-287,-391,-209,-251,-351,-409,583,681,376,509,775,995,5,57,72,13,116,123,26,288,360,66,580,615,240,234,236,240,243,245
VK512.SG,5038,3958,751,4531,4667,5041,4731,4881,5001,3692,3806,3968,3770,3884,3936,370,501,609,370,501,609,-507,-371,2,-307,-157,-37,-265,-151,10,-187,-73,-21,572,400,10,359,173,42,5,65,0,16,15,16,28,328,0,82,78,83,242,247,16,238,244,239
VK549.SG,5038,3958,751,4505,4389,4657,4565,4221,3963,3670,3648,3778,3756,3638,3664,370,501,609,370,501,609,-533,-649,-381,-473,-817,-1075,-287,-309,-179,-201,-319,-293,605,719,421,514,877,1114,4,74,91,9,110,89,22,371,455,48,553,446,241,244,244,246,248,254
VK550.SG,5038,3958,743,4515,4511,4921,4767,4805,4787,3682,3734,3896,3064,2996,2912,362,493,601,362,493,601,-523,-527,-117,-271,-233,-251,-275,-223,-61,-893,-961,-1045,591,572,132,933,989,1075,10,83,82,30,30,4,50,419,412,154,154,21,242,246,242,196,193,193
VK551.SG,5038,3958,742,4693,5057,5067,4827,5011,5045,3766,3970,3964,3858,3954,3972,361,492,600,361,492,600,-345,18,28,-211,-27,6,-191,12,6,-99,-3,14,394,22,29,233,27,15,36,7,6,14,15,3,181,39,33,72,77,19,240,57,77,244,262,26
VK552.SG,5038,3958,748,4543,4779,5041,4583,4719,4819,3698,3866,3956,3672,3784,3862,367,498,606,367,498,606,-495,-259,2,-455,-319,-219,-259,-91,-1,-285,-173,-95,559,274,3,537,363,239,11,61,5,8,22,11,58,307,26,44,110,55,242,250,120,237,241,246
VK553.SG,5038,3958,749,4519,4571,5041,4611,4739,4823,3690,3748,3912,3556,3854,4046,368,499,607,368,499,607,-519,-467,2,-427,-299,-215,-267,-209,-45,-401,-103,88,584,511,45,586,316,232,10,90,8,33,43,14,54,453,40,166,219,73,242,245,176,226,250,292
VK555.SG,5038,3958,761,4529,4821,5041,4845,5027,5047,3708,3868,3952,3804,3958,3942,380,511,619,380,511,619,-509,-217,2,-193,-11,8,-249,-89,-5,-153,0,-15,567,234,6,246,11,18,11,58,5,40,11,8,56,290,29,201,58,40,243,247,152,231,271,150
VK329.SG,4242,3581,744,4521,4621,4583,3615,3739,4423,2864,2792,2796,3354,3414,3704,363,494,602,363,494,602,279,379,341,-626,-502,181,-716,-788,-784,-226,-166,123,769,875,855,666,529,219,14,22,18,4,29,23,71,113,93,24,148,118,158,154,156,250,251,55
VK301.SG,4359,3591,769,3921,4195,4289,3765,4119,4243,3442,3572,3600,3426,3574,3648,388,519,627,388,519,627,-437,-163,-69,-593,-239,-115,-149,-19,8,-165,-17,56,462,164,70,616,240,128,53,59,57,42,56,51,265,298,289,210,284,258,251,263,277,254,265,296
VK545.SG,3247,3480,753,4245,4517,4493,3547,3541,3541,3120,2974,2992,4000,4018,4018,372,503,611,372,503,611,998,1270,1246,300,294,294,-359,-505,-487,520,538,538,1061,1367,1338,600,613,613,109,4,4,6,0,0,547,22,20,31,0,0,109,111,111,29,28,28
I7672,3682,2130,797,3573,3589,3601,3573,3665,4581,2074,2070,2070,3058,2984,2902,416,547,655,416,547,655,-108,-92,-80,-108,-16,899,-55,-59,-59,928,854,772,122,110,100,934,854,1185,5,3,3,40,100,87,28,18,18,203,504,437,242,237,233,353,358,49
I7673,3682,2130,797,3731,3741,3741,3695,3741,3741,2118,2118,2118,2118,2118,2118,416,547,655,416,547,655,49,59,59,13,59,59,-11,-11,-11,-11,-11,-11,50,60,60,17,60,60,3,0,0,2,0,0,18,0,0,12,0,0,103,100,100,130,100,100
I7675,3682,2130,797,3641,3641,3641,3461,3497,3623,2068,2068,2068,1988,1978,2058,416,547,655,416,547,655,-40,-40,-40,-220,-184,-58,-61,-61,-61,-141,-151,-71,73,73,73,262,238,92,0,0,0,6,7,11,0,0,0,34,35,55,213,213,213,237,230,219
I7676,3682,2130,797,3677,3693,3715,3657,3725,3741,2106,2114,2118,2172,2164,2168,416,547,655,416,547,655,-4,11,33,-24,43,59,-23,-15,-11,42,34,38,23,19,35,49,55,70,5,4,4,3,3,0,25,21,23,15,18,0,191,144,109,329,51,57
VK319.SG,4359,3591,789,4555,4801,4709,4537,3711,3545,2866,2736,2836,2776,2224,2122,408,539,647,408,539,647,196,442,350,178,-647,-813,-725,-855,-755,-815,-1367,-1469,751,962,832,834,1512,1679,19,14,43,32,61,3,96,74,219,163,309,18,164,152,155,167,205,208
I0161.SG,3650,3264,794,3817,4179,4407,4125,4107,3955,3434,3526,3640,3660,3694,3650,413,544,652,413,544,652,167,529,757,475,457,305,170,262,376,396,430,386,239,591,846,619,628,492,68,90,35,75,76,75,342,454,177,378,384,376,44,63,63,50,46,38
VK325.SG,4242,3581,803,4547,4937,5041,4753,4963,5017,3728,3892,3896,3730,3914,3956,422,553,661,422,553,661,305,695,799,511,721,775,147,311,315,149,333,375,339,762,859,532,794,861,26,49,3,22,27,14,134,248,17,113,137,74,64,65,68,73,65,64
VK350.SG,4732,3755,812,4611,4815,4611,3559,3739,3793,2716,2646,2558,3284,2740,2508,431,562,670,431,562,670,-120,83,-120,-1172,-992,-938,-1039,-1109,-1197,-471,-1015,-1247,1046,1112,1203,1263,1419,1560,35,7,60,49,105,114,176,37,304,249,529,570,186,175,185,248,224,216
VK507.SG,5038,3958,814,4447,4683,5017,4999,5087,5079,3658,3794,3956,3844,4012,3996,433,564,672,433,564,672,-591,-355,-21,-39,48,40,-299,-163,-1,-113,54,38,662,390,21,120,73,56,52,83,13,64,7,7,261,416,68,322,37,38,243,245,265,198,42,46
VK554.SG,5038,3958,841,5001,5085,5087,4779,4715,4535,4020,4034,4020,3906,4136,4248,460,591,699,460,591,699,-37,46,48,-259,-323,-503,62,76,62,-51,178,290,72,89,79,264,368,580,33,7,4,30,63,55,167,36,24,154,318,276,329,31,38,258,298,299
VK208.SG,3562,4074,832,4581,4579,4547,3491,3485,3501,3026,3254,3380,2392,2368,2852,451,582,690,451,582,690,1019,1017,985,-70,-76,-60,-1048,-820,-694,-1682,-1706,-1222,1462,1307,1205,1683,1708,1223,66,32,29,100,99,169,333,161,145,501,496,849,135,128,125,182,182,182
VK349.SG,4717,3723,859,4393,4537,4497,3549,3535,3535,3006,3168,3668,3956,4010,4018,478,609,717,478,609,717,-323,-179,-219,-1167,-1181,-1181,-717,-555,-55,232,286,294,786,583,226,1190,1215,1217,25,58,6,6,3,3,125,292,34,32,16,16,204,197,255,281,283,284
COR002,4217,1936,837,3163,2887,2977,3899,3919,3933,1738,1678,1706,1518,1518,1518,456,587,695,456,587,695,-1054,-1330,-1240,-318,-298,-284,-198,-258,-230,-418,-418,-418,1072,1354,1261,525,513,505,82,2,58,3,2,2,414,11,294,16,14,10,259,259,259,217,215,214
VK328.SG,4242,3581,847,4001,4469,4481,3933,4093,4009,3282,3376,3662,3494,3600,3588,466,597,705,466,597,705,-240,227,239,-308,-148,-232,-298,-204,81,-86,19,7,383,306,253,320,149,232,26,47,8,34,37,43,134,239,41,172,188,218,218,131,71,254,277,271
VK215.SG,4454,3627,850,4957,5067,5069,4965,5041,5043,3960,3996,3996,3760,3796,3824,469,600,708,469,600,708,503,613,615,511,587,589,333,369,369,133,169,197,604,716,718,528,611,621,49,7,6,25,1,22,248,36,34,127,6,110,56,58,59,75,73,71
VK289.SG,4365,3521,850,4497,4835,5041,4249,4203,4053,3668,3878,3980,3874,3988,3920,469,600,708,469,600,708,132,470,676,-115,-161,-311,146,356,458,352,466,398,197,590,817,371,493,506,21,28,12,28,19,28,107,144,60,143,99,144,42,52,55,341,340,322
VK291.SG,4365,3521,847,4757,5041,5041,4705,4597,4443,3816,3924,3912,4000,4174,4280,466,597,705,466,597,705,392,676,676,340,232,78,294,402,390,478,652,758,490,787,781,587,692,762,50,5,5,16,10,12,253,25,25,84,54,62,53,59,59,35,19,5
VK392.SG,4203,4054,877,4527,4777,4969,4717,4779,4749,3708,3842,3892,3766,3826,3850,496,627,735,496,627,735,324,574,766,514,576,546,-346,-212,-162,-288,-228,-204,474,612,783,589,620,583,41,44,18,8,8,14,209,221,92,41,41,74,136,110,101,119,111,110
VK417.SG,4352,4140,873,4805,4923,4925,4235,4143,4075,3848,3912,3920,3882,3884,3928,492,623,731,492,623,731,453,571,573,-116,-208,-276,-291,-227,-219,-257,-255,-211,538,614,613,282,329,348,24,22,23,75,91,102,123,111,118,379,458,510,122,111,110,204,219,232
VK543.SG,3005,3562,856,4351,4531,4739,4129,4201,4151,3552,3692,3808,3636,3690,3702,475,606,714,475,606,714,1346,1526,1734,1124,1196,1146,-9,130,246,74,128,140,1346,1532,1752,1127,1203,1155,71,20,31,82,76,78,359,104,158,410,381,392,90,85,81,86,83,83
VK544.SG,3247,3486,849,4487,4671,4841,4657,4575,4541,3668,3790,3868,2992,3038,3434,468,599,707,468,599,707,1240,1424,1594,1410,1328,1294,182,304,382,-493,-447,-51,1254,1457,1640,1494,1402,1295,35,68,0,15,17,28,177,344,0,75,87,142,81,77,76,109,108,92
VK546.SG,3245,3480,849,4865,4977,4979,4699,4699,4795,3988,4272,4246,4230,4284,4294,468,599,707,468,599,707,1620,1732,1734,1454,1454,1550,507,791,765,749,803,813,1697,1904,1895,1636,1661,1750,54,4,5,15,22,36,271,22,26,75,112,182,72,65,66,62,61,62
VK548.SG,4382,4482,863,4499,4647,4837,4717,4813,4833,3662,3756,3866,3700,3846,3896,482,613,721,482,613,721,117,265,455,335,431,451,-819,-725,-615,-781,-635,-585,828,772,766,850,768,739,22,24,0,27,27,13,112,122,2,139,135,68,171,159,143,156,145,142
VK65.SG,4451,3642,823,4383,4807,4779,4689,4753,4749,2938,2684,2680,2752,2686,2670,442,573,681,442,573,681,-67,356,328,238,302,298,-703,-957,-961,-889,-955,-971,707,1022,1016,921,1002,1016,16,9,27,13,8,8,83,45,137,68,41,40,185,159,161,164,162,162
VK69.SG,4451,3642,835,4371,4555,4567,3987,3759,3639,3114,3254,3380,3740,3626,3592,454,585,693,454,585,693,-79,104,116,-463,-691,-811,-527,-387,-261,98,-15,-49,533,401,286,473,691,812,37,41,35,68,84,84,187,206,179,344,421,424,188,164,156,281,268,266
VK70.SG,4451,3642,831,4347,4551,4661,4149,4271,4361,3588,3642,3768,3602,3676,3730,450,581,689,450,581,689,-103,100,210,-301,-179,-89,-53,0,126,-39,34,88,116,100,245,304,182,125,64,47,32,70,56,5,323,237,164,353,280,27,242,89,59,262,280,314
VK71.SG,4451,3642,855,4459,4699,4745,4723,4785,4777,3664,3786,3818,3734,3794,3812,474,605,713,474,605,713,8,248,294,272,334,326,22,144,176,92,152,170,23,287,343,287,367,368,54,43,32,26,21,16,273,215,161,130,106,84,21,59,59,71,65,62
R1283.SG,4526,2091,857,4493,4533,4489,4521,4551,4293,2140,2078,2050,2088,2064,1976,476,607,715,476,607,715,-32,7,-36,-4,25,-232,49,-12,-40,-2,-26,-114,59,14,55,5,36,259,7,1,58,1,6,114,39,6,293,8,30,570,326,151,222,239,137,243
VK355.SG,4717,3704,831,4505,4583,4531,4555,4787,4669,2886,2864,3214,2754,2596,2624,450,581,689,450,581,689,-211,-133,-185,-161,70,-47,-817,-839,-489,-949,-1107,-1079,844,850,523,963,1110,1080,12,29,69,14,25,71,62,146,346,74,127,359,194,189,200,189,176,182
VK442.SG,4717,3719,856,4741,4835,4355,4515,3897,3651,2660,2604,2522,2634,2264,2142,475,606,714,475,606,714,24,118,-361,-201,-819,-1065,-1058,-1114,-1196,-1084,-1454,-1576,1058,1120,1250,1103,1669,1903,13,7,59,59,73,32,65,39,296,295,365,161,178,173,196,190,209,214
VK444.SG,4717,3719,859,4625,4563,4505,3631,3811,3989,2760,2754,2982,3374,3510,3152,478,609,717,478,609,717,-91,-153,-211,-1085,-905,-727,-958,-964,-736,-344,-208,-566,962,976,766,1139,929,922,14,12,64,75,107,143,74,61,324,376,538,717,185,189,196,252,257,232
VK336.SG,4731,3764,887,4831,4733,4411,3695,3651,3657,2636,2644,2566,2204,2158,2168,506,637,745,506,637,745,100,2,-319,-1035,-1079,-1073,-1127,-1119,-1197,-1559,-1605,-1595,1131,1119,1239,1872,1934,1923,11,9,60,48,6,5,55,49,304,242,32,29,174,179,194,213,213,213
VK358.SG,4731,3764,843,4477,4779,4993,4819,4875,4849,3696,3850,3936,3832,3866,3868,462,593,701,462,593,701,-253,48,262,88,144,118,-67,86,172,68,102,104,262,98,313,111,176,157,60,39,18,16,19,7,303,199,94,84,95,35,255,29,56,52,54,48
VK332.SG,4717,3719,873,4563,4551,4501,4561,4641,4547,2890,3040,3644,2826,2742,3256,492,623,731,492,623,731,-153,-165,-215,-155,-75,-169,-828,-678,-74,-892,-976,-462,842,698,228,906,979,492,4,52,23,5,13,74,20,261,119,25,66,371,190,193,250,189,184,200
VK247.SG,4443,3612,874,4501,4479,4529,3501,3481,3469,2908,2896,3542,4018,4008,3996,493,624,732,493,624,732,57,35,85,-942,-962,-974,-703,-715,-69,406,396,384,706,716,110,1025,1040,1047,4,5,45,3,2,2,22,25,229,18,11,14,175,177,129,293,292,291
VK294.SG,4399,3606,873,4263,4729,4849,4995,5045,5059,3610,3820,3872,3758,3790,3826,492,623,731,492,623,731,-136,329,449,595,645,659,3,213,265,151,183,219,136,393,522,614,671,695,59,38,8,19,3,21,299,190,44,99,15,106,271,57,59,75,74,71
VK300.SG,4333,3649,873,4475,4653,4847,4569,4617,4603,3560,3694,3892,3654,3712,3738,492,623,731,492,623,731,142,320,514,236,284,270,-88,45,243,5,63,89,167,323,568,236,291,284,38,35,12,8,27,26,191,175,64,42,136,133,122,82,64,88,77,71
VK312.SG,4354,3549,872,4427,4555,4773,4227,4257,4213,3574,3660,3826,3748,3910,3964,491,622,730,491,622,730,72,200,418,-127,-97,-141,25,111,277,199,361,415,77,229,502,236,373,438,39,34,27,38,23,18,195,170,136,190,117,92,71,61,56,327,344,341
VK313.SG,4354,3549,876,4343,4501,4655,4731,4833,4993,3578,3678,3762,3064,3550,3936,495,626,734,495,626,734,-11,146,300,376,478,638,29,129,213,-484,1,387,31,195,368,614,478,747,45,19,44,15,43,45,227,96,221,76,217,229,339,48,54,142,89,58
VK314.SG,4354,3549,881,4931,4341,4341,4681,3741,3741,2578,2692,2666,2632,2268,2268,500,631,739,500,631,739,576,-13,-13,326,-613,-613,-970,-856,-882,-916,-1280,-1280,1129,857,883,973,1420,1420,5,5,16,25,0,0,27,25,80,126,0,0,149,180,180,160,205,205
VK315.SG,4399,3606,876,4527,4491,4541,4571,4037,3601,2968,2986,3678,2846,2500,2290,495,626,734,495,626,734,127,91,141,171,-362,-798,-638,-620,71,-760,-1106,-1316,650,627,159,779,1163,1539,0,4,10,6,80,57,4,24,54,31,402,288,168,171,63,167,198,211
VK340.SG,4333,3649,877,4475,4949,4991,5243,4955,4875,3652,3940,3964,3802,3094,3124,496,627,735,496,627,735,142,616,658,910,622,542,3,291,315,153,-554,-524,142,681,729,923,833,754,31,28,25,20,19,9,159,140,129,104,96,47,88,64,64,80,131,134
VK369.SG,4399,3606,877,4835,4785,4619,3745,3777,3773,2672,2684,2784,2278,2282,2440,496,627,735,496,627,735,435,385,219,-654,-622,-626,-934,-922,-822,-1328,-1324,-1166,1030,999,851,1480,1463,1323,7,23,32,29,20,87,39,118,164,149,103,439,154,157,165,206,205,208
VK383.SG,4333,3649,873,4385,4135,4097,3741,3741,3741,2456,2412,2358,2118,2118,2118,492,623,731,492,623,731,52,-197,-235,-591,-591,-591,-1192,-1236,-1290,-1530,-1530,-1530,1194,1252,1312,1641,1641,1641,11,3,10,0,0,0,55,19,54,0,0,0,177,189,190,201,201,201
VK384.SG,4333,3649,876,4329,4783,4849,4291,4131,3903,3624,3836,3872,3638,3652,3578,495,626,734,495,626,734,-3,450,516,-41,-201,-429,-24,187,223,-10,3,-70,25,487,562,43,201,435,47,32,8,49,62,65,236,161,44,248,312,325,188,67,66,255,270,260
VK385.SG,4443,3612,872,4269,4797,4617,4749,4843,4753,3068,2780,3154,2690,2620,2996,491,622,730,491,622,730,-174,353,173,305,399,309,-543,-831,-457,-921,-991,-615,570,903,489,971,1069,689,33,33,85,8,5,95,169,169,428,42,28,479,197,156,159,161,158,153
VK84.SG,4333,3649,875,4735,4425,4407,3931,4641,4239,2686,2756,2756,2374,2504,2574,494,625,733,494,625,733,402,92,74,-401,308,-93,-962,-892,-892,-1274,-1144,-1074,1043,897,896,1336,1185,1079,29,3,9,28,19,80,148,19,45,142,96,401,157,174,175,197,164,184
VK87.SG,4333,3649,873,4809,4475,4495,4377,4417,4017,2698,2778,2788,2720,2476,2504,492,623,731,492,623,731,476,142,162,44,84,-315,-950,-870,-860,-928,-1172,-1144,1063,882,876,930,1176,1187,23,4,12,31,14,65,115,22,62,155,72,328,153,170,169,177,175,195
VK90.SG,4443,3612,878,4807,4839,3793,4703,4625,3691,2580,2540,2270,2646,2502,2204,497,628,736,497,628,736,363,395,-650,259,181,-752,-1031,-1071,-1341,-965,-1109,-1407,1093,1142,1490,1000,1124,1596,5,14,2,12,39,8,26,73,13,63,196,41,160,159,205,164,170,208
VK92.SG,4443,3612,879,4627,4849,4911,4133,4247,4277,3280,3942,4108,3672,3770,3816,498,629,737,498,629,737,183,405,467,-310,-196,-166,-331,330,496,60,158,204,379,523,682,315,252,263,25,34,28,61,41,16,126,170,144,306,207,80,150,50,43,281,308,320
VK371.SG,4341,3599,872,4755,5041,5041,4945,5077,5047,3832,3960,3964,3918,4040,4066,491,622,730,491,622,730,414,700,700,604,736,706,233,361,365,319,441,467,475,787,789,683,858,846,55,2,1,27,8,18,278,11,8,136,42,92,60,62,62,62,59,56
VK337.SG,4725,3726,893,4271,4327,4409,4061,4323,4387,3414,3604,3622,3578,3676,3726,512,643,751,512,643,751,-454,-398,-316,-664,-402,-338,-312,-122,-104,-148,-50,0,551,416,332,680,405,338,85,65,9,90,60,12,429,328,47,453,302,63,235,252,251,257,262,269
DA243.SG,6848,2881,850,6761,6825,6881,6847,6901,6909,2886,2896,2872,2836,2844,2852,469,600,708,469,600,708,-86,-22,33,0,53,61,5,15,-8,-44,-36,-28,86,27,34,44,64,67,28,31,9,18,10,6,140,156,45,91,50,33,273,304,104,180,124,114
VK170.SG,3367,3538,908,4357,4793,4849,4355,4319,4441,3640,3846,3872,3600,3622,3794,527,658,766,527,658,766,990,1426,1482,988,952,1074,101,307,333,61,83,255,995,1459,1519,990,955,1104,74,28,8,86,100,78,371,143,43,433,501,393,84,77,77,86,84,76
VK221.SG,5544,4294,891,4505,4911,5017,5037,5071,5053,3710,3916,3968,3958,3992,3978,510,641,749,510,641,749,-1038,-632,-526,-506,-472,-490,-584,-378,-326,-336,-302,-316,1191,736,619,607,560,583,81,85,19,24,8,6,407,429,96,123,41,32,240,239,238,236,237,237
VK298.SG,4361,3638,906,4631,4915,5009,4319,3993,3699,3754,3910,3952,3648,3620,3506,525,656,764,525,656,764,270,554,648,-41,-367,-661,115,271,313,9,-18,-132,294,617,720,42,367,674,50,13,16,54,64,46,253,65,83,272,324,232,66,63,64,283,267,258
VK415.SG,4355,4132,898,4747,4885,4937,4215,3971,4049,3818,3898,3918,3608,3572,3714,517,648,756,517,648,756,391,529,581,-140,-384,-306,-313,-233,-213,-523,-559,-417,502,579,619,542,678,517,22,27,21,66,91,104,111,138,106,332,455,522,128,113,110,194,214,216
VK420.SG,4381,4189,861,4589,4685,4897,4331,4223,3925,3732,3786,3894,3634,3630,3514,480,611,719,480,611,719,208,304,516,-49,-157,-455,-456,-402,-294,-554,-558,-674,502,505,594,556,580,813,27,34,13,43,66,76,135,171,65,217,330,384,155,142,119,185,195,214
VK448.SG,4368,4189,917,4545,4543,4489,4263,4379,4465,2836,3100,3422,3358,3576,3620,536,667,775,536,667,775,177,175,121,-104,11,97,-1352,-1088,-766,-830,-612,-568,1364,1102,776,837,612,576,7,81,76,82,56,43,37,407,380,410,284,218,172,170,171,187,178,170
R59.SG,4578,2070,905,4553,4609,4637,4579,4639,4645,2080,2042,2022,2056,2020,2018,524,655,763,524,655,763,-24,31,59,1,61,67,10,-27,-47,-13,-49,-51,27,41,75,13,78,84,3,6,3,5,2,2,17,31,18,25,13,11,292,131,128,175,129,127
R60.SG,4578,2070,908,4621,4645,4653,4605,4641,4663,2066,2022,2014,2064,2018,2008,527,658,766,527,658,766,43,67,75,27,63,85,-3,-47,-55,-5,-51,-61,43,82,93,27,81,105,6,4,6,6,0,9,31,23,31,30,0,45,94,125,126,101,129,125
VK333.SG,4717,3737,898,4631,4499,4517,3979,3599,3663,2748,2772,3038,2470,2178,2320,517,648,756,517,648,756,-85,-217,-199,-737,-1117,-1053,-988,-964,-698,-1266,-1558,-1416,992,988,726,1465,1918,1765,15,8,69,94,5,92,75,42,347,472,26,463,184,192,195,210,215,216
I10895,3729,2133,924,3779,3877,3789,4457,3899,3739,2174,2244,2192,2400,2220,2168,543,674,782,543,674,782,50,148,60,728,170,10,41,111,59,267,87,35,65,185,84,776,191,36,16,15,17,91,70,0,83,77,85,458,353,2,50,53,45,69,62,16
VK205.SG,3589,4046,924,4727,4541,4459,4483,4475,4445,2806,3414,3642,3048,3624,3624,543,674,782,543,674,782,1138,952,870,894,886,856,-1240,-632,-404,-998,-422,-422,1683,1142,959,1339,981,954,18,56,4,71,6,5,91,282,23,355,33,25,137,123,114,138,115,116
VK326.SG,4242,3581,929,4449,4405,4471,3629,3677,3699,2796,2784,3188,2754,2282,2382,548,679,787,548,679,787,207,163,229,-612,-564,-542,-784,-796,-392,-826,-1298,-1198,811,813,454,1028,1415,1315,4,6,56,81,47,68,21,31,284,406,235,342,165,168,149,216,203,204
vik_stg026.SG,4756,4081,924,4921,5041,5041,4965,4807,4873,3848,3884,3888,3480,3204,3494,543,674,782,543,674,782,164,284,284,208,50,116,-232,-196,-192,-600,-876,-586,285,346,343,635,878,598,40,3,4,66,47,51,203,18,20,331,237,259,144,124,124,160,176,168
VK143.SG,3547,3243,929,4491,4663,4745,4111,3871,3409,3552,3758,3822,3676,3606,3424,548,679,787,548,679,787,944,1116,1198,564,324,-137,309,515,579,433,363,181,994,1229,1331,711,487,227,38,38,20,74,83,6,191,193,104,372,417,31,71,65,64,52,41,322
VK144.SG,3547,3243,941,4483,4479,4539,4847,4783,4783,2972,3170,3728,2772,2782,2786,560,691,799,560,691,799,936,932,992,1300,1236,1236,-270,-72,485,-470,-460,-456,975,935,1105,1383,1319,1318,4,17,12,6,13,14,22,87,62,31,69,70,106,94,63,109,110,110
VK145.SG,3547,3243,946,4517,4527,4503,4549,4615,4633,2926,3480,3680,3522,3624,3684,565,696,804,565,696,804,970,980,956,1002,1068,1086,-316,237,437,279,381,441,1021,1009,1051,1040,1134,1172,5,10,7,43,23,14,27,52,35,219,116,71,108,76,65,74,70,67
VK146.SG,3547,3243,937,4697,4341,3989,3737,3741,3713,2606,2638,2428,2208,2218,2190,556,687,795,556,687,795,1150,794,442,190,194,166,-636,-604,-814,-1034,-1024,-1052,1315,998,927,1052,1042,1065,51,20,28,3,0,4,258,100,143,18,0,20,118,127,151,169,169,170
VK147.SG,3547,3243,930,4373,4805,4837,4201,4059,3553,3636,3848,3866,3604,3602,3468,549,680,788,549,680,788,826,1258,1290,654,512,6,393,605,623,361,359,225,915,1396,1433,747,626,225,73,25,4,70,79,33,367,128,22,353,398,167,64,64,64,61,54,1
VK148.SG,3547,3243,926,4505,5001,4929,5303,5195,5369,3712,3948,3912,3694,3168,3132,545,676,784,545,676,784,958,1454,1382,1756,1648,1822,469,705,669,451,-74,-110,1067,1616,1536,1813,1650,1826,92,18,22,133,148,136,463,91,113,666,743,682,63,64,64,75,92,93
VK150.SG,3547,3243,944,4781,4575,4491,4433,4331,4433,2734,2918,3670,2784,3470,3634,563,694,802,563,694,802,1234,1028,944,886,784,886,-508,-324,427,-458,227,391,1335,1078,1036,998,817,969,30,18,7,41,29,9,154,92,37,205,145,47,112,107,65,117,73,66
VK151.SG,3547,3243,944,4985,5029,4977,4179,3983,3573,4146,4164,4120,3864,3800,3504,563,694,802,563,694,802,1438,1482,1430,632,436,26,903,921,877,621,557,261,1698,1745,1678,886,708,262,38,1,19,86,108,81,193,8,98,432,542,405,57,58,58,45,38,5
VK165.SG,3547,3243,945,4919,5041,5025,4857,4889,4821,3910,3968,3960,3864,3888,3858,564,695,803,564,695,803,1372,1494,1478,1310,1342,1274,667,725,717,621,645,615,1526,1661,1643,1450,1489,1415,69,0,12,25,18,9,347,0,61,127,94,45,64,64,64,64,64,64
VK166.SG,3547,3243,942,4183,4407,4325,4199,4433,4345,3534,3630,3600,3644,3770,3752,561,692,800,561,692,800,636,860,778,652,886,798,291,387,357,401,527,509,700,943,856,766,1031,947,87,26,23,86,16,36,439,133,115,430,84,181,65,65,65,58,59,57
VK167.SG,3547,3243,931,4545,4777,4801,3909,3889,3725,3436,3810,3894,3506,3570,3446,550,681,789,550,681,789,998,1230,1254,362,342,178,193,567,651,263,327,203,1017,1355,1413,448,473,270,19,30,9,95,107,97,95,153,47,479,536,485,79,65,62,54,46,41
VK168.SG,3547,3243,940,4319,4747,4841,4335,4197,3785,3654,3826,3868,3642,3610,3488,559,690,798,559,690,798,772,1200,1294,788,650,238,411,583,625,399,367,245,875,1334,1437,884,747,342,81,46,0,61,60,70,405,231,0,307,303,353,61,64,64,63,60,44
VK172.SG,3547,3243,954,4605,4969,4873,4301,3977,4197,3758,3932,3884,3606,3574,3928,573,704,812,573,704,812,1058,1422,1326,754,430,650,515,689,641,363,331,685,1177,1580,1473,837,543,945,99,21,16,129,117,112,497,109,83,649,588,564,64,64,64,64,52,43
VK173.SG,3547,3243,939,4533,4519,4493,4193,4149,4033,2910,3414,3668,3724,3766,3704,558,689,797,558,689,797,986,972,946,646,602,486,-332,171,425,481,523,461,1041,987,1037,806,798,670,3,9,7,64,53,65,19,45,39,324,269,326,108,80,65,53,49,46
VK174.SG,3547,3243,947,4577,4755,4795,4079,3833,3477,3368,3860,3984,3654,3578,3440,566,697,805,566,697,805,1030,1208,1248,532,286,-69,125,617,741,411,335,197,1038,1357,1452,673,441,209,28,35,9,78,80,41,144,179,45,394,402,205,83,62,59,52,40,340
VK175.SG,3547,3243,936,4967,5041,5041,4749,4837,4797,3934,3968,3968,3746,3866,3846,555,686,794,555,686,794,1420,1494,1494,1202,1290,1250,691,725,725,503,623,603,1580,1661,1661,1303,1433,1388,37,0,0,37,4,11,189,0,0,188,22,56,64,64,64,67,64,64
VK176.SG,3547,3243,939,4551,4937,4849,4799,4813,4713,3718,3916,3872,3836,3864,3894,558,689,797,558,689,797,1004,1390,1302,1252,1266,1166,475,673,629,593,621,651,1111,1545,1446,1386,1410,1336,84,22,8,15,11,11,423,114,44,79,56,57,64,64,64,64,63,60
VK177.SG,3547,3243,948,4497,4497,4499,4663,4513,4429,2862,3174,3616,2802,3598,3680,567,698,806,567,698,806,950,950,952,1116,966,882,-380,-68,373,-440,355,437,1024,953,1023,1200,1030,985,3,11,6,50,23,14,15,55,33,253,118,72,111,94,68,111,69,63
VK178.SG,3547,3243,939,4505,4511,4511,4133,4465,4429,2944,3250,3684,3542,3792,3822,558,689,797,558,689,797,958,964,964,586,918,882,-298,7,441,299,549,579,1004,964,1060,658,1070,1055,5,11,9,102,12,10,27,55,46,511,64,54,107,89,65,62,59,56
I10851_published,3729,2133,939,3721,3741,3737,3741,3741,3739,2108,2118,2116,1868,1868,1872,558,689,797,558,689,797,-7,12,8,12,12,10,-24,-14,-16,-264,-264,-260,25,19,18,264,264,260,7,0,3,0,0,9,36,0,17,0,0,45,196,139,152,177,177,177
DA142.SG,6489,3127,935,7395,7385,7207,7251,7219,7237,4412,4438,4120,4456,4492,4540,554,685,793,554,685,793,906,896,718,762,730,748,1285,1311,993,1329,1365,1413,1572,1588,1225,1532,1548,1598,25,44,142,16,18,22,127,222,712,81,90,113,35,34,35,29,28,27
I7427_published,3111,1675,956,4605,4641,4641,6163,6127,6113,2054,2018,2018,2214,2164,2042,575,706,814,575,706,814,1494,1530,1530,3052,3016,3002,379,343,343,539,489,367,1541,1568,1568,3099,3055,3024,3,0,0,6,30,83,16,0,0,32,151,419,75,77,77,79,80,83
I12221_published,4247,1788,941,4543,4563,4571,4583,4629,4657,2114,2066,2066,2270,2234,2236,560,691,799,560,691,799,296,316,324,336,382,410,326,278,278,482,446,448,440,421,427,587,587,607,6,4,3,3,13,19,31,20,19,15,67,95,42,48,49,34,40,42
VK134.SG,4341,3599,950,4731,4913,4921,4267,3861,3913,3816,3900,3900,3678,3530,3648,569,700,808,569,700,808,390,572,580,-73,-479,-427,217,301,301,79,-68,49,446,646,653,108,484,430,50,38,21,42,35,35,250,190,108,210,178,175,60,62,62,316,261,276
VK138.SG,4341,3599,943,4485,4501,4483,4043,4399,4363,2864,3264,3454,3612,3762,3768,562,693,801,562,693,801,144,160,142,-297,58,22,-734,-334,-144,13,163,169,748,371,202,298,173,170,5,56,52,62,11,9,25,280,262,314,56,49,168,154,135,272,19,7
VK139.SG,4341,3599,976,4647,4821,4863,5155,5081,5089,3770,3858,3894,3454,3242,3290,595,726,834,595,726,834,306,480,522,814,740,748,171,259,295,-144,-356,-308,350,545,599,826,821,809,42,25,17,35,22,16,213,125,85,176,111,84,60,61,60,100,115,112
VK141.SG,4341,3599,947,4533,4723,4769,4503,4397,4357,3368,3802,3872,3052,3394,3424,566,697,805,566,697,805,192,382,428,162,56,16,-230,203,273,-546,-204,-174,300,432,507,570,212,175,38,31,12,24,7,4,190,159,61,123,37,23,140,62,57,163,164,174
VK202.SG,3561,4075,953,4515,4629,4715,3883,3807,3841,3684,3746,3800,3908,3952,3978,572,703,811,572,703,811,953,1067,1153,321,245,279,-390,-328,-274,-166,-122,-96,1030,1117,1186,362,274,296,12,30,15,76,64,57,61,152,78,380,322,287,112,107,103,117,116,109
VK204.SG,3589,4046,945,4503,4831,4821,3957,3667,3599,3676,3862,3858,3992,3994,3992,564,695,803,564,695,803,914,1242,1232,368,78,10,-370,-184,-188,-54,-52,-54,986,1255,1246,371,93,55,19,6,7,50,44,39,97,30,36,253,221,198,112,98,98,98,123,169
VK265.SG,4558,3792,948,4627,4453,4295,3989,3685,3665,2664,2588,2626,2360,2174,2174,567,698,806,567,698,806,69,-104,-262,-568,-872,-892,-1128,-1204,-1166,-1432,-1618,-1618,1130,1208,1195,1541,1838,1848,14,42,66,69,5,6,71,214,334,348,26,30,176,184,192,201,208,208
VK266.SG,4558,3792,932,4445,4413,4415,4839,4889,4777,2818,3024,3190,2666,2630,2848,551,682,790,551,682,790,-112,-144,-142,281,331,219,-974,-768,-602,-1126,-1162,-944,980,781,619,1160,1208,969,10,75,83,10,9,82,52,379,417,51,47,411,186,190,193,165,164,166
VK267.SG,4558,3792,957,4461,4479,4551,4853,4879,4879,2934,3250,3576,2726,2704,2748,576,707,815,576,707,815,-96,-78,-6,295,321,321,-858,-542,-216,-1066,-1088,-1044,863,548,216,1106,1134,1092,4,73,71,11,7,38,22,369,355,56,35,194,186,188,181,164,163,162
VK268.SG,4558,3792,964,4477,4479,4505,4747,4613,4547,2966,3270,3618,2802,3078,3420,583,714,822,583,714,822,-80,-78,-52,189,55,-10,-826,-522,-174,-990,-714,-372,830,528,182,1008,716,372,31,75,51,16,65,36,159,375,259,81,327,184,185,188,196,169,175,181
VK269.SG,4558,3792,925,4523,4447,4645,3859,3649,3927,2958,3090,3442,2388,2332,2836,544,675,783,544,675,783,-34,-110,87,-698,-908,-630,-834,-702,-350,-1404,-1460,-956,835,711,360,1568,1720,1145,17,48,83,80,84,159,89,242,419,403,423,798,182,188,166,206,211,213
VK270.SG,4558,3792,916,4745,4647,5249,5647,5253,4909,2742,2956,3244,3678,3264,2862,535,666,774,535,666,774,187,89,691,1089,695,351,-1050,-836,-548,-114,-528,-930,1066,841,882,1095,873,994,28,30,33,19,16,9,140,151,166,97,84,47,169,173,128,95,127,159
VK274.SG,4371,3527,945,4535,4521,4525,4839,4631,4591,3056,3676,3686,2952,3064,3140,564,695,803,564,695,803,164,150,154,468,260,220,-470,149,159,-574,-462,-386,498,212,222,741,531,445,24,12,25,26,8,7,122,62,128,134,43,38,160,45,44,140,150,150
VK275.SG,4371,3527,954,4535,4569,4629,4317,4575,4607,3164,3614,3780,3552,3716,3806,573,704,812,573,704,812,164,198,258,-53,204,236,-362,87,253,25,189,279,398,217,362,58,278,366,29,31,24,44,23,8,146,157,122,224,116,42,155,66,45,295,47,40
VK276.SG,4371,3527,952,4727,4377,4313,3641,3649,3659,2640,2702,2566,2120,2126,2164,571,702,810,571,702,810,356,6,-57,-729,-721,-711,-886,-824,-960,-1406,-1400,-1362,955,824,962,1584,1575,1537,29,9,38,2,5,3,148,45,192,14,25,18,158,179,183,207,207,207
VK278.SG,4341,3599,969,4417,4425,4457,4873,4895,4913,2800,3090,3318,2624,2612,2624,588,719,827,588,719,827,76,84,116,532,554,572,-798,-508,-280,-974,-986,-974,802,515,303,1110,1131,1130,4,57,69,9,6,7,21,285,346,47,32,36,174,170,157,151,150,149
VK279.SG,4341,3599,938,4515,4729,4775,3827,3789,3883,3684,3802,3836,3386,3404,3530,557,688,796,557,688,796,174,388,434,-513,-551,-457,85,203,237,-212,-194,-68,193,437,494,556,585,463,6,36,11,32,30,36,32,182,56,163,154,180,63,62,61,247,250,261
VK280.SG,4341,3599,949,4145,4433,4411,4561,4509,4485,3588,3688,3652,3616,3610,3590,568,699,807,568,699,807,-195,92,70,220,168,144,-10,89,53,17,11,-8,196,128,87,220,168,144,59,47,34,12,25,14,296,237,170,63,126,72,266,45,52,85,86,93
VK281.SG,4445,3559,964,4851,5009,4857,4821,4795,4609,3872,3952,3876,3856,3876,4036,583,714,822,583,714,822,406,564,412,376,350,164,312,392,316,296,316,476,512,687,519,479,472,504,42,16,12,11,8,13,213,82,61,56,41,65,52,55,52,51,47,19
VK282.SG,4374,3539,955,4441,4471,4405,3985,3841,3575,3326,3652,3620,3524,3494,3356,574,705,813,574,705,813,67,97,31,-388,-532,-798,-213,112,80,-15,-45,-183,223,149,86,388,534,819,53,9,4,60,54,22,268,47,20,301,270,111,162,40,21,267,265,257
VK284.SG,4455,3618,950,4649,4921,4937,4819,4835,4767,3768,3910,3916,3838,3880,3916,569,700,808,569,700,808,194,466,482,364,380,312,150,292,298,220,262,298,245,550,566,425,461,431,59,23,22,19,10,4,297,117,113,99,51,24,52,57,58,58,55,46
VK285.SG,4371,3527,951,4501,4523,4543,3905,4105,3863,2978,3368,3716,3462,3572,3472,570,701,809,570,701,809,130,152,172,-465,-265,-507,-548,-158,189,-64,45,-54,564,220,256,469,269,510,4,30,16,47,60,54,21,153,81,235,302,271,166,136,42,262,279,263
VK286.SG,4367,3529,945,4325,4179,4075,3693,3703,3695,2652,2568,2490,2116,2118,2120,564,695,803,564,695,803,-41,-187,-291,-673,-663,-671,-877,-961,-1039,-1413,-1411,-1409,877,979,1079,1565,1559,1560,5,13,15,2,1,2,25,65,79,14,9,13,182,191,195,205,205,205
VK287.SG,4371,3527,950,4449,4669,4751,5373,5079,5031,3652,3766,3822,3542,3156,3134,569,700,808,569,700,808,78,298,380,1002,708,660,125,239,295,15,-370,-392,147,382,481,1002,799,768,33,41,9,48,43,42,166,208,48,243,215,213,32,51,52,89,117,120
VK288.SG,4367,3529,955,4467,4519,4665,4463,4425,4395,3664,3680,3772,3558,3580,3600,574,705,813,574,705,813,100,152,298,96,58,28,134,150,242,28,50,70,168,214,385,100,77,76,24,36,28,10,33,34,121,183,142,53,169,170,36,45,50,73,48,21
VK290.SG,4368,3531,952,4525,4665,4763,4827,4677,4489,3684,3764,3828,3860,3808,4102,571,702,810,571,702,810,157,297,395,459,309,121,152,232,296,328,276,570,219,377,494,564,415,583,16,41,11,9,12,12,83,207,58,45,61,61,45,51,53,54,48,12
VK292.SG,4367,3529,938,4519,4563,4729,4575,4599,4607,3676,3702,3810,3612,3648,3684,557,688,796,557,688,796,152,196,362,208,232,240,146,172,280,82,118,154,211,261,458,224,261,286,6,38,18,14,20,16,30,192,91,72,104,81,46,48,52,68,62,57
VK295.SG,4349,3600,958,4471,4701,4771,4195,4031,3969,3706,3812,3834,3660,3672,3646,577,708,816,577,708,816,122,352,422,-153,-317,-379,105,211,233,59,71,45,161,411,482,164,325,382,54,40,26,52,48,51,270,203,132,260,244,258,49,58,61,291,282,276
VK316.SG,4349,3600,948,4611,4853,4889,4133,3847,3605,3782,3874,3880,3750,3624,3462,567,698,806,567,698,806,262,504,540,-215,-501,-743,181,273,279,149,23,-138,319,574,608,262,502,756,56,24,17,49,49,32,284,124,88,248,245,160,55,61,62,304,272,259
VK317.SG,4371,3527,950,4853,4725,3697,4809,4631,4187,2616,2588,2238,2562,2470,2362,569,700,808,569,700,808,482,354,-673,438,260,-183,-910,-938,-1288,-964,-1056,-1164,1030,1003,1454,1059,1088,1179,5,29,5,4,24,31,25,148,26,21,123,159,152,159,207,155,166,188
VK320.SG,4367,3529,949,4403,4589,4645,4609,4591,4521,3656,3738,3760,3742,3792,3840,568,699,807,568,699,807,36,222,278,242,224,154,126,208,230,212,262,310,132,305,361,322,345,347,33,49,41,12,14,11,165,245,207,63,74,59,16,46,50,48,40,26
VK323.SG,4242,3581,960,4651,4795,4817,4035,4095,4185,3762,3838,3906,3608,3816,3938,579,710,818,579,710,818,409,553,575,-206,-146,-56,181,257,325,27,235,357,447,610,661,208,277,361,40,17,6,32,23,18,200,86,30,164,115,94,66,65,60,277,328,351
VK335.SG,4731,3755,923,4493,4673,4739,3891,3729,3627,3644,3768,3824,3562,3548,3514,542,673,781,542,673,781,-238,-58,7,-840,-1002,-1104,-110,13,69,-192,-206,-240,262,59,69,861,1023,1130,66,13,14,87,85,76,332,66,72,438,425,384,245,282,6,257,258,257
VK338.SG,4367,3529,949,5013,5041,5041,4577,4619,4613,3902,3900,3904,3598,3676,3684,568,699,807,568,699,807,646,674,674,210,252,246,372,370,374,68,146,154,746,769,771,221,292,291,23,4,4,26,36,19,119,23,24,132,184,99,60,61,60,71,59,57
VK342.SG,4725,3723,974,5061,5071,5045,5061,5047,4953,3902,3916,3918,3986,3974,4002,593,724,832,593,724,832,336,346,320,336,322,228,179,193,195,263,251,279,381,396,375,427,408,360,8,7,6,7,4,9,40,39,32,37,23,45,61,60,58,51,52,39
VK343.SG,4727,3735,954,4827,5041,5001,4975,4989,4897,3868,3968,3948,3854,3940,3892,573,704,812,573,704,812,99,313,273,247,261,169,133,233,213,119,205,157,166,391,347,275,332,231,47,0,17,24,20,23,238,0,88,120,103,118,36,53,52,64,51,47
VK344.SG,4717,3709,921,4513,4491,4469,4161,4389,4383,2982,3176,3480,3522,3668,3738,540,671,779,540,671,779,-203,-225,-247,-555,-327,-333,-726,-532,-228,-186,-40,29,754,578,336,585,329,334,11,44,59,107,89,80,55,224,297,537,448,402,195,202,227,251,262,275
VK345.SG,4732,3755,944,4649,4225,3755,3741,3741,3737,2528,2376,2256,2156,2150,2154,563,694,802,563,694,802,-82,-506,-976,-990,-990,-994,-1227,-1379,-1499,-1599,-1605,-1601,1230,1469,1789,1881,1886,1884,43,53,7,3,4,4,219,267,39,18,20,23,183,200,213,211,211,211
VK346.SG,4731,3755,958,4441,4431,4469,4887,4885,4895,2810,3018,3436,2650,2640,2646,577,708,816,577,708,816,-290,-300,-262,155,153,163,-944,-736,-318,-1104,-1114,-1108,988,795,412,1115,1125,1120,7,67,65,8,9,11,37,336,329,41,45,59,197,202,219,171,172,171
VK348.SG,4730,3772,994,4759,4909,4865,4959,4889,4809,3828,3900,3880,3864,3872,3848,613,744,852,613,744,852,29,179,135,229,159,79,56,128,108,92,100,76,63,220,173,247,188,110,55,21,14,16,16,17,278,108,73,84,81,85,27,54,51,68,57,46
VK352.SG,4731,3754,930,4513,4681,4807,4459,4443,4433,3676,3782,3858,3492,3564,3718,549,680,788,549,680,788,-217,-49,76,-271,-287,-297,-77,28,104,-261,-189,-35,231,57,129,377,344,299,54,43,9,13,15,17,271,218,45,67,79,86,250,299,36,226,236,263
VK361.SG,4367,3529,959,4495,4743,4841,3607,3523,3517,3730,3826,3868,3880,3938,3990,578,709,817,578,709,817,128,376,474,-759,-843,-849,200,296,338,350,408,460,238,479,583,836,937,966,45,37,0,43,5,3,228,185,0,217,29,15,32,51,54,294,295,298
VK362.SG,4367,3529,947,4485,4457,4503,5017,4683,4651,2810,2812,3618,2728,2854,2882,566,697,805,566,697,805,118,90,136,650,316,284,-719,-717,88,-801,-675,-647,728,722,163,1031,745,706,3,6,27,7,33,33,17,30,135,35,167,166,170,172,56,140,154,156
VK363.SG,4367,3529,946,4889,4589,4611,4883,4479,3979,2628,2724,3044,2566,2478,2446,565,696,804,565,696,804,522,222,244,516,112,-387,-901,-805,-485,-963,-1051,-1083,1041,835,543,1092,1057,1150,11,21,65,4,16,42,59,108,328,23,81,210,149,164,153,151,173,199
VK364.SG,4367,3529,947,4533,4945,4849,3859,3849,3909,3722,3920,3872,3470,3522,3640,566,697,805,566,697,805,166,578,482,-507,-517,-457,192,390,342,-59,-7,110,254,698,592,510,517,470,44,22,8,38,34,35,223,113,44,190,174,175,40,55,54,263,269,283
VK365.SG,4367,3529,946,4459,3729,3699,3741,3741,3731,2450,2206,2204,2168,2168,2164,565,696,804,565,696,804,92,-637,-667,-625,-625,-635,-1079,-1323,-1325,-1361,-1361,-1365,1082,1468,1483,1497,1497,1505,42,5,6,0,0,4,211,29,30,0,0,24,175,205,206,204,204,204
VK366.SG,4367,3529,945,4521,4833,4825,4541,4579,4627,3696,3864,3860,3530,3650,3728,564,695,803,564,695,803,154,466,458,174,212,260,166,334,330,0,120,198,227,574,565,174,244,327,35,6,8,21,38,32,176,30,41,107,194,160,42,54,54,89,60,52
VK367.SG,4367,3529,954,5025,5041,5033,5139,5039,5047,3960,3968,3964,3748,3556,3782,573,704,812,573,704,812,658,674,666,772,672,680,430,438,434,218,26,252,787,804,796,803,673,726,12,0,8,22,26,13,61,0,44,110,130,65,56,56,56,74,87,69
VK368.SG,4367,3529,943,4537,4517,4481,4315,4305,4099,2934,3618,3658,3712,3728,3654,562,693,801,562,693,801,170,150,114,-51,-61,-267,-595,88,128,182,198,124,619,174,172,190,208,295,4,24,7,39,36,63,24,121,35,199,182,319,163,59,41,344,342,295
VK370.SG,4341,3599,948,4525,4739,4801,4407,3907,4023,3708,3814,3848,3726,3556,3746,567,698,806,567,698,806,184,398,460,66,-433,-317,109,215,249,127,-42,147,213,452,523,143,436,350,45,38,11,39,27,26,228,190,55,199,135,131,59,61,61,27,264,294
VK372.SG,4341,3599,931,4863,5041,5017,4331,3961,3979,3832,3872,3872,3758,3678,3782,550,681,789,550,681,789,522,700,676,-9,-379,-361,233,273,273,159,79,183,571,751,729,159,388,405,53,1,12,39,33,30,266,8,61,196,166,151,65,68,68,356,281,296
VK373.SG,4341,3599,934,4327,4473,4515,3953,4073,4167,3620,3668,3684,3532,3710,3894,553,684,792,553,684,792,-13,132,174,-387,-267,-173,21,69,85,-66,111,295,25,148,193,393,290,342,49,43,42,59,53,39,246,215,210,297,266,196,326,62,63,260,292,329
VK380.SG,4743,3825,974,4815,4887,4827,4843,4695,4707,3882,4090,4070,3880,3932,4002,593,724,832,593,724,832,72,144,84,100,-47,-35,57,265,245,55,107,177,92,302,259,114,117,180,33,26,68,14,46,22,169,131,341,73,231,111,51,28,18,61,336,348
VK386.SG,4271,4332,952,4709,4845,4889,3575,3541,3541,3812,3874,3880,4004,4018,4018,571,702,810,571,702,810,438,574,618,-695,-729,-729,-519,-457,-451,-327,-313,-313,680,734,766,768,793,793,26,20,12,11,0,0,131,100,62,55,0,0,139,128,126,244,246,246
VK389.SG,4298,4013,949,4749,5049,4987,4693,4451,4185,3840,3984,3954,3808,3772,3898,568,699,807,568,699,807,451,751,689,395,153,-112,-172,-28,-58,-204,-240,-114,483,751,691,445,285,160,35,3,18,28,54,75,179,18,92,141,272,379,110,92,94,117,147,224
VK393.SG,4375,4193,961,4561,4945,4849,4565,4481,4427,3734,3920,3872,4178,4298,4392,580,711,819,580,711,819,186,570,474,190,106,52,-459,-273,-321,-15,104,198,495,632,572,190,149,205,44,13,5,31,19,26,222,68,26,155,95,130,157,115,124,94,45,14
VK394.SG,4393,4228,956,4827,5049,4961,4371,4379,4335,3874,3984,3928,3514,3596,3610,575,706,814,575,706,814,434,656,568,-21,-13,-57,-353,-243,-299,-713,-631,-617,560,700,642,714,631,620,29,1,12,28,37,40,147,6,61,140,188,204,129,110,117,181,181,185
VK422.SG,4393,4228,953,4511,4841,4841,4251,4143,4167,3698,3868,3868,3566,3554,3686,572,703,811,572,703,811,118,448,448,-141,-249,-225,-529,-359,-359,-661,-673,-541,542,574,574,676,718,586,35,0,0,67,76,99,175,0,0,338,384,498,167,128,128,192,200,202
VK443.SG,4743,3825,933,4845,5043,5033,5105,5093,5097,3886,3972,3964,4226,4234,4118,552,683,791,552,683,791,102,300,290,362,350,354,61,147,139,401,409,293,119,334,322,540,538,460,8,3,8,5,9,12,44,18,44,28,48,64,59,63,64,42,40,50
VK445.SG,4445,3614,955,4591,4739,4763,4501,4503,4507,3658,3780,3854,3576,3606,3736,574,705,813,574,705,813,146,294,318,56,58,62,44,166,240,-37,-7,122,153,338,399,68,59,137,46,31,11,32,22,24,231,158,56,162,114,120,73,60,53,123,97,27
VK446.SG,4341,3599,935,4859,4999,4967,4047,3859,3597,4018,4204,4182,3620,3676,3606,554,685,793,554,685,793,518,658,626,-293,-481,-743,419,605,583,21,77,7,666,893,855,294,488,744,62,9,31,68,69,59,312,46,157,341,349,296,51,47,47,274,279,270
VK516.SG,4308,4510,952,5043,5067,5051,4697,4393,4373,3902,3910,3918,3994,4258,4316,571,702,810,571,702,810,735,759,743,389,85,65,-608,-600,-592,-516,-252,-194,954,967,950,646,266,204,5,8,7,52,19,8,29,41,39,261,95,44,129,128,128,142,161,161
VK533.SG,4731,3764,953,4969,5041,5025,5053,4887,4883,3932,3968,3960,3462,3136,3298,572,703,811,572,703,811,238,310,294,322,156,152,168,204,196,-301,-627,-465,291,371,353,441,646,489,18,0,12,19,18,31,93,0,60,97,93,158,54,56,56,133,166,161
VK94.SG,4445,3614,930,4513,4513,4507,4637,4661,4553,3010,3330,3618,3090,3302,3634,549,680,788,549,680,788,68,68,62,192,216,108,-603,-283,4,-523,-311,20,607,292,62,558,379,110,31,57,33,68,83,7,157,288,165,344,419,36,173,166,86,159,145,79
vik_grt035.SG,4756,4081,932,4431,4559,4649,4233,4409,4359,3650,3702,3762,3674,3788,3792,551,682,790,551,682,790,-325,-197,-107,-523,-347,-397,-430,-378,-318,-406,-292,-288,539,426,336,662,453,490,49,27,29,81,14,16,246,136,149,407,74,80,217,207,198,232,229,233
VK232.SG,4815,3865,966,4521,4569,4609,4587,4597,4555,3094,3672,3774,3700,3752,3794,585,716,824,585,716,824,-293,-245,-205,-227,-217,-259,-770,-192,-90,-164,-112,-70,824,311,224,280,244,268,36,33,25,11,11,8,180,168,126,58,58,41,200,231,246,234,242,254
VK251.SG,4815,3865,983,4921,5041,4961,5413,5191,5107,3918,3968,3928,3588,3238,3180,602,733,841,602,733,841,106,226,146,598,376,292,53,103,63,-276,-626,-684,119,249,160,659,731,744,44,0,22,12,13,7,224,0,111,64,65,37,63,65,66,114,148,156
VK428.SG,4813,3832,968,4531,4567,4699,4041,3877,3573,3688,3708,3800,3808,3700,3444,587,718,826,587,718,826,-281,-245,-113,-771,-935,-1239,-143,-123,-31,-23,-131,-387,316,275,117,771,944,1298,17,35,20,77,88,70,86,179,103,386,442,353,242,243,254,268,261,252
VK429.SG,4813,3832,975,4537,4481,4435,4209,4363,4327,3346,3658,3624,3474,3736,3714,594,725,833,594,725,833,-275,-331,-377,-603,-449,-485,-485,-173,-207,-357,-95,-117,558,374,431,701,459,499,59,7,6,121,11,4,299,38,32,607,58,24,209,242,241,239,257,256
VK430.SG,4813,3832,972,4539,4819,4809,4881,4889,4775,3704,3856,3852,3872,3876,3936,591,722,830,591,722,830,-273,6,-3,68,76,-37,-127,24,20,40,44,104,302,24,20,79,88,110,50,17,2,15,17,19,252,85,12,78,86,96,244,14,349,59,59,340
VK431.SG,4813,3832,974,4813,4691,4489,4785,4687,4105,2686,2884,3514,2592,2512,2322,593,724,832,593,724,832,0,-121,-323,-27,-125,-707,-1145,-947,-317,-1239,-1319,-1509,1145,955,453,1240,1325,1667,7,58,50,4,50,76,35,294,250,24,254,383,179,187,225,181,185,205
VK432.SG,4813,3832,973,5211,5227,5211,5407,5429,5395,3810,3762,3720,3516,3458,3452,592,723,831,592,723,831,398,414,398,594,616,582,-21,-69,-111,-315,-373,-379,398,420,413,673,720,695,7,4,6,43,57,57,36,22,32,215,288,289,93,99,105,117,121,123
VK433.SG,4813,3832,974,4585,4841,4841,4775,4799,4721,3754,3868,3868,3788,3848,3836,593,724,832,593,724,832,-227,28,28,-37,-13,-91,-77,36,36,-43,16,4,240,45,45,57,21,91,86,0,0,27,3,7,434,0,0,137,18,36,251,38,38,220,319,272
VK434.SG,4813,3832,973,5219,5227,5221,5337,5299,5263,3798,3742,3690,3392,3336,3344,592,723,831,592,723,831,406,414,408,524,486,450,-33,-89,-141,-439,-495,-487,407,424,432,684,694,663,5,4,5,31,29,9,27,21,29,158,147,48,94,102,109,129,135,137
VK435.SG,4813,3832,962,4795,4643,4395,4055,4153,3999,2816,3090,3614,3686,3732,3648,581,712,820,581,712,820,-17,-169,-417,-757,-659,-813,-1015,-741,-217,-145,-99,-183,1015,760,471,771,667,834,43,61,10,95,86,99,215,309,50,475,431,497,180,192,242,259,261,257
VK438.SG,4813,3832,980,5059,5063,5041,5223,5221,5215,3982,3990,3968,3458,3460,3512,599,730,838,599,730,838,246,250,228,410,408,402,150,158,136,-373,-371,-319,288,296,265,555,552,514,7,6,0,18,16,15,35,34,0,90,81,77,58,57,59,132,132,128
VK439.SG,4813,3832,961,5215,5193,5227,5281,5293,5251,3792,3778,3698,3470,3442,3364,580,711,819,580,711,819,402,380,414,468,480,438,-39,-53,-133,-361,-389,-467,404,384,435,591,618,641,6,17,5,19,34,9,31,89,28,99,171,45,95,98,107,127,129,136
VK440.SG,4813,3832,975,5081,5097,5079,5311,5197,5139,3892,3898,3892,3684,3450,3402,594,725,833,594,725,833,268,284,266,498,384,326,60,66,60,-147,-381,-429,275,291,273,519,541,539,5,7,7,16,17,17,29,39,36,83,87,87,77,76,77,106,134,142
VK441.SG,4813,3832,981,5007,4979,5011,5247,5239,5253,4238,4212,4192,3370,3260,3348,600,731,839,600,731,839,194,166,198,434,426,440,406,380,360,-461,-571,-483,450,414,411,634,713,654,4,6,24,15,21,29,24,33,120,76,108,149,25,23,28,136,143,137
VK450.SG,4815,3865,971,4395,4349,4521,3807,3903,4173,2752,2732,3042,2444,2730,3440,590,721,829,590,721,829,-419,-465,-293,-1007,-911,-641,-1112,-1132,-822,-1420,-1134,-424,1188,1224,873,1741,1455,768,6,13,76,87,139,123,33,66,381,439,696,619,200,202,199,215,218,236
VK452.SG,4815,3865,993,5123,5141,5121,5111,5155,5263,4018,3980,3944,4100,3806,3524,612,743,851,612,743,851,308,326,306,296,340,448,153,115,79,235,-58,-340,344,346,316,378,345,563,8,8,9,15,47,40,40,41,45,75,236,200,63,70,75,51,99,127
VK453.SG,4815,3865,968,5043,5053,5041,5131,5003,5091,3876,3880,3884,3886,3566,3640,587,718,826,587,718,826,228,238,226,316,188,276,11,15,19,21,-298,-224,229,239,227,317,353,356,2,4,1,20,19,18,11,21,8,103,95,94,87,86,85,86,147,129
VK454.SG,4815,3865,978,4535,4519,4499,5209,5057,5049,3168,3676,3674,3456,3192,3226,597,728,836,597,728,836,-279,-295,-315,394,242,234,-696,-188,-190,-408,-672,-638,750,350,368,568,715,680,54,16,19,12,12,12,274,81,98,63,60,61,201,237,238,135,160,159
VK455.SG,4813,3832,983,5035,5041,4993,4205,4095,3819,3968,3968,3944,3776,3852,3692,602,733,841,602,733,841,222,228,180,-607,-717,-993,136,136,112,-55,20,-139,260,265,212,610,717,1003,9,0,19,64,69,92,48,0,95,321,348,462,58,59,58,264,271,261
VK456.SG,4813,3832,972,4533,4841,4845,3543,3529,3541,3722,3868,3870,4012,3996,4018,591,722,830,591,722,830,-279,28,32,-1269,-1283,-1271,-109,36,38,180,164,186,300,45,50,1282,1294,1285,87,0,8,2,13,0,439,0,44,12,65,0,248,38,40,278,277,278
VK457.SG,4813,3832,968,5043,5049,5061,5155,4985,5057,4198,4152,4092,3506,3162,3282,587,718,826,587,718,826,230,236,248,342,172,244,366,320,260,-325,-669,-549,432,397,359,472,691,601,6,7,9,10,11,17,33,37,46,54,57,87,32,36,43,133,165,156
VK458.SG,4813,3832,975,5179,5189,5185,5301,5243,5249,3894,3860,3824,3378,3288,3344,594,725,833,594,725,833,366,376,372,488,430,436,62,28,-7,-453,-543,-487,371,377,372,666,693,654,7,5,3,16,8,9,36,28,19,82,44,45,80,85,91,132,141,138
VK459.SG,4813,3832,974,5041,5041,5041,5421,5419,5391,3964,3968,3968,3452,3400,3404,593,724,832,593,724,832,228,228,228,608,606,578,132,136,136,-379,-431,-427,263,265,265,717,744,719,1,0,0,29,42,47,6,0,0,145,210,236,59,59,59,121,125,126
VK460.SG,4813,3832,981,4553,4841,4817,4053,3847,3601,3716,3868,3856,3604,3522,3354,600,731,839,600,731,839,-259,28,4,-759,-965,-1211,-115,36,24,-227,-309,-477,284,45,24,793,1014,1302,65,0,2,93,94,65,329,0,11,466,470,327,245,38,10,253,252,248
VK461.SG,4813,3832,961,5079,5087,5063,5187,5165,5219,4006,4000,3980,3480,3320,3384,580,711,819,580,711,819,266,274,250,374,352,406,174,168,148,-351,-511,-447,318,321,290,513,621,604,7,8,8,10,10,10,35,43,43,53,51,50,56,58,59,133,145,137
VK462.SG,4813,3832,972,5181,5187,5175,5311,5275,5251,3868,3840,3808,3408,3352,3328,591,722,830,591,722,830,368,374,362,498,462,438,36,8,-23,-423,-479,-503,370,374,363,654,666,667,5,4,5,9,10,9,28,20,26,47,50,48,84,88,93,130,136,138
VK463.SG,4813,3832,971,5161,5175,5177,5241,5221,5223,3940,3916,3880,3388,3348,3408,590,721,829,590,721,829,348,362,364,428,408,410,108,84,48,-443,-483,-423,364,372,367,616,633,589,10,4,3,13,13,13,51,24,17,68,66,68,72,76,82,136,139,135
VK464.SG,4813,3832,970,5141,5171,5173,5225,5145,5177,3988,3926,3878,3740,3346,3386,589,720,828,589,720,828,328,358,360,412,332,364,156,94,46,-91,-485,-445,363,370,363,422,588,575,15,5,5,15,13,13,77,28,29,75,68,66,64,75,82,102,145,140
VK468.SG,4815,3865,965,4463,4485,4517,4241,4339,4273,2920,3264,3694,3712,3816,3838,584,715,823,584,715,823,-351,-329,-297,-573,-475,-541,-944,-600,-170,-152,-48,-26,1007,684,342,593,477,541,4,66,8,76,39,54,20,334,42,380,198,273,200,208,240,255,264,267
VK469.SG,4815,3865,979,4607,4837,4805,4867,4691,4697,3748,3866,3850,2790,3278,3716,598,729,837,598,729,837,-207,22,-9,52,-123,-117,-116,1,-14,-1074,-586,-148,237,22,17,1075,599,189,34,2,5,6,72,19,174,11,29,31,361,98,240,86,212,177,191,218
VK471.SG,4815,3865,979,5133,5143,5127,5283,5239,5239,4010,3984,3942,3414,3326,3386,598,729,837,598,729,837,318,328,312,468,424,424,145,119,77,-450,-538,-478,350,349,322,650,685,639,6,7,9,15,10,10,33,37,49,79,53,51,65,70,76,133,141,138
VK472.SG,4815,3865,963,5203,5211,5203,5315,5279,5263,3834,3796,3754,3394,3322,3344,582,713,821,582,713,821,388,396,388,500,464,448,-30,-68,-110,-470,-542,-520,390,402,404,687,714,687,4,5,5,14,8,7,24,28,28,72,42,38,94,99,105,133,139,139
VK473.SG,4815,3865,979,4627,4819,4781,4991,4953,4979,3746,3856,3838,3608,3596,3770,598,729,837,598,729,837,-187,4,-33,176,138,164,-118,-8,-26,-256,-268,-94,221,9,42,311,302,190,33,6,5,42,49,17,166,32,29,212,247,88,237,150,231,145,152,119
VK474.SG,4815,3865,969,4671,4929,4857,5139,5001,5193,3788,3912,3876,3768,3322,3466,588,719,827,588,719,827,-143,114,42,324,186,378,-76,47,11,-96,-542,-398,162,124,44,338,573,549,78,22,12,19,13,19,394,112,61,98,65,98,241,67,74,106,160,136
VK475.SG,4815,3865,959,5163,5175,5163,5287,5255,5249,3888,3876,3846,3382,3322,3356,578,709,817,578,709,817,348,360,348,472,440,434,23,11,-18,-482,-542,-508,349,361,349,675,699,669,7,5,6,11,9,7,38,29,32,58,48,39,86,88,93,135,140,139
VK476.SG,4815,3865,962,4369,4341,4887,5705,5743,5783,2836,2910,3326,3030,3146,3306,581,712,820,581,712,820,-445,-473,72,890,928,968,-1028,-954,-538,-834,-718,-558,1120,1065,543,1220,1174,1118,8,46,64,14,14,11,41,234,321,71,70,58,203,206,172,133,127,119
VK477.SG,4815,3865,951,4431,4411,4491,4915,4683,4187,2822,2902,3564,2594,2534,2670,570,701,809,570,701,809,-383,-403,-323,100,-131,-627,-1042,-962,-300,-1270,-1330,-1194,1110,1043,441,1274,1336,1349,5,44,52,5,37,98,27,221,264,27,185,491,200,202,227,175,185,207
VK478.SG,4815,3865,967,5179,5191,5191,5293,5259,5251,3888,3850,3810,3414,3360,3384,586,717,825,586,717,825,364,376,376,478,444,436,23,-14,-54,-450,-504,-480,365,377,380,657,672,649,6,5,4,13,9,8,32,27,24,67,48,43,86,92,98,133,138,137
VK479.SG,4815,3865,975,4521,4841,4833,4523,4467,4575,3704,3868,3864,3200,3456,3604,594,725,833,594,725,833,-293,26,18,-291,-347,-239,-160,3,0,-664,-408,-260,334,27,18,725,536,353,77,0,3,34,21,35,385,0,16,174,105,177,241,82,91,203,220,222
VK48.SG,4815,3865,971,4613,4867,4833,4395,4331,4329,3746,3884,3880,3566,3568,3578,590,721,829,590,721,829,-201,52,18,-419,-483,-485,-118,19,15,-298,-296,-286,233,56,24,514,566,563,82,17,7,36,35,17,412,85,39,180,178,86,239,69,50,234,238,239
VK50.SG,4815,3865,988,5055,5069,5047,4405,4325,4299,3876,3872,3866,4148,4244,4310,607,738,846,607,738,846,240,254,232,-409,-489,-515,11,7,1,283,379,445,241,254,232,497,619,681,4,4,3,45,35,31,22,24,16,229,179,156,87,88,89,304,307,310
VK51.SG,4815,3865,994,5091,5089,5095,5229,5177,5183,4118,4078,4044,3508,3412,3516,613,744,852,613,744,852,276,274,280,414,362,368,253,213,179,-356,-452,-348,375,348,333,547,580,507,8,5,4,20,18,16,42,26,24,104,94,83,47,52,57,130,141,133
VK53.SG,4815,3865,966,4463,4465,4395,4951,4841,4923,3470,3648,3614,3170,3082,3214,585,716,824,585,716,824,-351,-349,-419,136,26,108,-394,-216,-250,-694,-782,-650,528,410,488,707,782,659,67,11,5,9,12,14,337,57,26,48,63,70,221,238,239,168,178,170
VK56.SG,4813,3832,974,5061,5101,5117,5263,5241,5217,4200,4146,4070,3354,3286,3316,593,724,832,593,724,832,248,288,304,450,428,404,368,314,238,-477,-545,-515,444,426,386,656,693,655,14,12,10,13,20,10,72,63,50,69,102,50,34,42,51,136,141,141
VK57.SG,4813,3832,974,4863,4491,3925,3685,3691,3667,2624,2546,2352,2190,2206,2210,593,724,832,593,724,832,50,-321,-887,-1127,-1121,-1145,-1207,-1285,-1479,-1641,-1625,-1621,1208,1325,1725,1991,1975,1985,4,68,68,5,4,5,22,344,344,25,22,25,177,194,210,214,214,215
VK58.SG,4813,3832,976,4509,4769,4789,4201,3881,3503,3702,3830,3842,3734,3622,3402,595,726,834,595,726,834,-303,-43,-23,-611,-931,-1309,-129,-1,10,-97,-209,-429,330,43,25,619,954,1378,64,27,2,69,93,53,322,138,13,349,467,267,246,267,293,260,257,251
VK60.SG,4813,3832,986,5167,5175,5165,5255,5233,5223,3888,3874,3844,3644,3576,3654,605,736,844,605,736,844,354,362,352,442,420,410,56,42,12,-187,-255,-177,358,364,352,480,492,447,7,6,6,13,13,11,39,31,30,66,69,57,80,83,88,113,121,113
VK63.SG,4813,3832,961,4577,4497,4445,3827,3783,3583,3008,3636,3634,3604,3618,3576,580,711,819,580,711,819,-235,-315,-367,-985,-1029,-1229,-823,-195,-197,-227,-213,-255,856,371,417,1011,1051,1255,46,26,8,101,111,100,230,130,43,508,555,502,195,238,241,256,258,258
VK64.SG,4813,3832,974,5013,5041,5041,5069,4855,4975,3906,3920,3920,3576,3212,3530,593,724,832,593,724,832,200,228,228,256,42,162,74,88,88,-255,-619,-301,213,244,244,362,621,342,10,3,3,22,10,32,50,17,17,110,50,163,69,68,68,134,176,151
VK327.SG,4242,3581,964,4443,4557,4663,4639,4653,4597,3628,3702,3772,3728,3780,3832,583,714,822,583,714,822,201,315,421,397,411,355,47,121,191,147,199,251,207,338,463,424,457,435,29,38,28,30,28,23,147,193,141,151,142,119,76,68,65,69,64,54
R63.SG,4578,2070,990,3741,3741,3699,3983,3859,3669,2118,2134,2126,2220,2184,2076,609,740,848,609,740,848,-836,-836,-878,-594,-718,-908,48,64,56,150,114,6,838,839,880,613,728,909,0,0,3,34,24,21,0,2,17,174,120,108,273,274,273,284,279,270
vik_84001.SG,4756,4081,988,4711,4841,4833,4953,4871,4677,3804,3868,3864,3900,3886,4056,607,738,846,607,738,846,-45,84,76,196,114,-79,-276,-212,-216,-180,-194,-24,280,228,229,267,225,82,48,0,1,10,12,20,243,0,9,53,62,103,189,158,160,132,149,252
VK256.SG,3444,3136,999,4531,4733,4511,4189,3765,3383,3188,3864,3842,3824,3710,3380,618,749,857,618,749,857,1087,1289,1067,745,321,-60,51,727,705,687,573,243,1088,1480,1279,1014,657,250,21,34,102,60,87,9,108,172,512,301,436,47,87,60,56,47,29,346
VK257.SG,3444,3136,998,4573,4679,4809,4549,4499,4457,3762,3792,3852,3756,3788,3832,617,748,856,617,748,856,1129,1235,1365,1105,1055,1013,625,655,715,619,651,695,1291,1398,1541,1267,1240,1229,50,56,10,10,11,5,252,283,53,51,55,28,61,62,62,60,58,55
VK258.SG,3444,3136,999,4513,4691,4503,4069,3705,3469,3152,3830,3818,3630,3470,3294,618,749,857,618,749,857,1069,1247,1059,625,261,25,15,693,681,493,333,157,1069,1427,1259,796,423,159,9,39,100,92,85,5,48,198,500,460,425,27,89,60,57,51,38,9
VK259.SG,3444,3136,995,4507,4681,4401,3705,3417,3229,3078,3812,3782,3816,3740,3468,614,745,853,614,745,853,1063,1237,957,261,-26,-214,-58,675,645,679,603,331,1065,1409,1154,728,604,394,4,43,117,70,52,6,24,216,588,352,264,31,93,61,56,21,357,327
VK260.SG,3444,3136,1003,4523,4505,4475,3543,3375,3299,2970,3678,3652,3696,3658,3590,622,753,861,622,753,861,1079,1061,1031,99,-68,-144,-166,541,515,559,521,453,1092,1191,1153,568,526,476,6,5,6,33,18,17,34,28,31,168,94,85,98,62,63,10,352,342
VK261.SG,3444,3136,997,4525,4511,4473,4431,4381,4315,2870,3682,3650,3770,3780,3792,616,747,855,616,747,855,1081,1067,1029,987,937,871,-266,545,513,633,643,655,1113,1198,1150,1173,1137,1090,4,7,7,14,13,7,24,36,38,73,66,35,103,62,63,57,55,53
VK262.SG,3444,3136,996,4487,4543,4503,4333,4351,4339,2958,3684,3698,3772,3830,3844,615,746,854,615,746,854,1043,1099,1059,889,907,895,-178,547,561,635,693,707,1058,1228,1199,1093,1142,1141,2,8,8,55,8,9,13,42,41,277,42,46,99,63,62,54,52,51
VK263.SG,3444,3136,1000,4529,4733,4565,4297,4369,4403,3196,3866,3854,3414,3574,3784,619,750,858,619,750,858,1085,1289,1121,853,925,959,59,729,717,277,437,647,1087,1481,1331,897,1023,1157,21,34,90,47,46,55,108,173,454,235,233,275,86,60,57,71,64,55
VK264.SG,3444,3136,994,4525,4469,4401,4411,4375,4325,3494,3646,3618,3770,3786,3802,613,744,852,613,744,852,1081,1025,957,967,931,881,357,509,481,633,649,665,1139,1145,1071,1156,1135,1104,6,6,3,14,13,6,30,33,18,73,67,33,71,63,63,56,55,52
VK449.SG,3444,3136,995,4543,4829,4773,4005,4011,3915,3698,3862,3846,3604,3718,3648,614,745,853,614,745,853,1099,1385,1329,561,567,471,561,725,709,467,581,511,1234,1564,1507,730,812,695,71,7,10,104,109,118,356,37,53,522,547,591,62,62,61,50,44,42
I7500,3112,1621,983,4537,4535,4507,4475,4523,4539,2074,2060,2040,2162,2142,2144,602,733,841,602,733,841,1425,1423,1395,1363,1411,1427,453,439,419,541,521,523,1495,1489,1456,1466,1504,1520,1,12,60,5,8,9,9,60,300,28,42,48,72,72,73,68,69,69
I10892,3729,2133,956,3741,3741,3713,3735,3737,3701,2118,2118,2104,2118,2116,2098,575,706,814,575,706,814,12,12,-15,6,8,-27,-14,-14,-28,-14,-16,-34,19,19,32,16,18,44,0,0,8,1,3,8,0,0,41,6,17,44,139,139,208,156,152,218
VK108.SG,4513,3608,1008,4653,4749,4765,4255,4133,4163,3760,3822,3880,3898,3898,3968,627,758,866,627,758,866,140,236,252,-257,-379,-349,152,214,272,290,290,360,207,319,371,388,478,502,41,25,8,43,44,40,209,126,43,216,224,202,42,47,42,318,307,315
VK154.SG,4920,3324,1004,4985,5041,5009,5271,5059,4955,3940,3956,3952,3630,3270,3162,623,754,862,623,754,862,64,120,88,350,138,34,615,631,627,305,-54,-162,619,643,634,465,149,165,6,6,7,58,43,9,30,32,39,291,218,46,6,10,8,48,111,167
VK156.SG,4920,3324,1004,5043,5041,4961,5057,4959,5023,3972,3968,3928,3502,3390,3634,623,754,862,623,754,862,122,120,40,136,38,102,647,643,603,177,65,309,659,655,605,224,76,326,4,0,10,66,54,48,21,0,52,333,271,242,10,10,3,37,30,18
VK157.SG,4920,3324,1001,5041,5041,5025,5181,5189,5135,3968,3968,3960,3852,3822,3880,620,751,859,620,751,859,120,120,104,260,268,214,643,643,635,527,497,555,655,655,644,588,565,596,0,0,5,23,19,13,0,0,29,115,96,65,10,10,9,26,28,21
VK158.SG,5398,3995,998,4977,5017,4905,6403,6455,5937,3936,3956,3900,4334,4018,3616,617,748,856,617,748,856,-420,-380,-492,1005,1057,539,-59,-39,-95,338,22,-379,425,382,502,1060,1057,659,20,14,20,121,78,61,101,70,101,609,390,308,261,264,259,71,88,125
VK159.SG,5398,3995,1000,5023,5041,4993,5157,5119,5187,3980,3968,3944,3332,3272,3396,619,750,858,619,750,858,-374,-356,-404,-240,-278,-210,-15,-27,-51,-663,-723,-599,375,357,408,705,775,635,26,0,18,44,15,30,132,0,92,221,77,150,267,265,262,199,201,199
VK217.SG,4513,3608,1020,4681,4691,4577,4835,4777,4655,3650,3814,3860,3918,4024,4128,639,770,878,639,770,878,168,178,64,322,264,142,42,206,252,310,416,520,173,272,260,447,493,539,37,26,46,19,15,12,185,131,233,95,79,62,75,40,14,46,32,15
VK219.SG,5544,4294,1003,4533,4481,4439,4649,4589,4635,3412,3658,3626,2972,3200,3392,622,753,861,622,753,861,-1010,-1062,-1104,-894,-954,-908,-882,-636,-668,-1322,-1094,-902,1341,1238,1290,1596,1451,1280,47,7,6,5,23,14,238,39,34,27,119,74,228,239,238,214,221,225
VK223.SG,5703,3731,996,4911,5043,4935,5159,5161,5083,3912,3970,3924,3702,3740,3730,615,746,854,615,746,854,-791,-659,-767,-543,-541,-619,181,239,193,-28,9,0,812,701,791,544,541,619,78,1,18,13,9,25,394,5,92,66,47,125,282,289,284,266,270,269
VK224.SG,5703,3731,980,5059,5083,5011,4903,4927,4913,4128,4066,4064,4270,4292,4348,599,730,838,599,730,838,-643,-619,-691,-799,-775,-789,397,335,333,539,561,617,756,704,767,964,957,1002,14,6,22,34,41,54,74,32,113,172,207,272,301,298,295,303,305,308
VK254.SG,5703,3731,1012,4283,4631,5799,4485,4391,5213,2778,2976,3578,2924,2924,3308,631,762,870,631,762,870,-1419,-1071,96,-1217,-1311,-489,-952,-754,-152,-806,-806,-422,1709,1310,180,1460,1540,647,24,132,53,12,8,124,121,660,269,64,41,622,236,234,147,236,238,229
VK255.SG,5703,3731,1013,4453,4511,4709,4783,4723,5253,3020,3510,3720,2960,3072,3400,632,763,871,632,763,871,-1249,-1191,-993,-919,-979,-449,-710,-220,-10,-770,-658,-330,1437,1212,993,1200,1180,558,19,28,81,15,60,120,99,144,409,76,304,604,240,259,269,230,236,233
VK272.SG,5703,3731,1010,4517,4649,4233,5037,4951,5233,3096,3800,3654,4016,3806,3756,629,760,868,629,760,868,-1185,-1053,-1469,-665,-751,-469,-634,69,-76,285,75,25,1344,1056,1471,724,755,470,20,18,117,25,33,81,101,93,585,129,169,407,241,273,267,293,275,273
VK273.SG,5703,3731,987,4537,4651,4469,4959,4815,4849,3310,3744,3756,3072,3012,3138,606,737,845,606,737,845,-1165,-1051,-1233,-743,-887,-853,-420,13,25,-658,-718,-592,1239,1051,1234,993,1142,1039,21,31,103,45,6,58,107,156,517,228,33,293,250,270,271,228,231,235
VK387.SG,4344,4134,1010,4585,4573,4395,4693,4741,4669,3298,3778,3750,3744,3860,3920,629,760,868,629,760,868,241,229,51,349,397,325,-835,-355,-383,-389,-273,-213,869,423,387,523,482,389,36,58,88,19,20,15,183,293,440,99,100,76,163,147,172,138,124,123
VK414.SG,4236,4309,1018,4767,4807,4613,4591,4543,4601,3752,3952,3930,2990,3218,3412,637,768,876,637,768,876,531,571,377,355,307,365,-557,-357,-379,-1319,-1091,-897,769,673,534,1366,1133,968,42,23,47,8,30,17,214,115,237,40,151,86,136,122,135,164,164,157
VK466.SG,5703,3731,1005,5041,5041,5033,5347,5297,5219,3968,3968,3964,3286,3260,3240,624,755,863,624,755,863,-661,-661,-669,-355,-405,-483,237,237,233,-444,-470,-490,703,703,709,569,621,689,0,0,6,23,22,19,0,0,33,119,114,95,289,289,289,218,220,224
VK494.SG,5147,3129,979,5125,5159,5145,5213,5169,5141,3928,3924,3882,3860,3756,3822,598,729,837,598,729,837,-21,12,-1,66,22,-5,798,794,752,730,626,692,799,794,752,733,627,692,13,9,8,53,35,13,68,45,44,265,178,66,358,0,359,5,2,359
VK171.SG,3379,3447,1004,4525,4561,4555,3541,3541,3541,3184,3672,3760,4018,4018,4018,623,754,862,623,754,862,1145,1181,1175,161,161,161,-262,225,313,571,571,571,1175,1203,1216,593,593,593,6,23,42,0,0,0,34,118,214,0,0,0,102,79,75,15,15,15
VK354.SG,4725,3723,1024,5041,5041,5007,5087,5029,4871,3968,3968,3960,4042,4004,4048,643,774,882,643,774,882,316,316,282,362,304,146,245,245,237,319,281,325,400,400,368,483,414,356,0,0,14,7,8,10,0,0,70,35,43,52,52,52,49,48,47,24
I12516,3511,1981,1020,4399,4375,3929,4267,4047,3607,2212,2124,1964,2284,2252,2032,639,770,878,639,770,878,888,864,418,756,536,96,231,143,-16,303,271,51,917,875,418,814,600,108,37,34,63,49,29,21,185,171,316,248,146,106,75,80,92,68,63,61
R1285.SG,4526,2091,1014,4515,4537,4541,4537,4559,4579,2096,2072,2068,2140,2114,2124,633,764,872,633,764,872,-10,11,15,11,33,53,5,-18,-22,49,23,33,12,21,27,50,40,62,1,0,0,5,5,6,8,4,0,26,29,33,294,149,146,12,55,58
VK322.SG,4242,3581,1035,4425,4493,4469,4257,4363,4301,2890,3464,3666,3576,3760,3770,654,785,893,654,785,893,183,251,227,15,121,59,-690,-116,85,-4,179,189,714,277,243,16,216,198,18,39,10,77,12,6,90,198,52,387,60,33,165,114,69,106,34,17
VK324.SG,4242,3581,1021,4525,4481,4439,4531,4497,4431,3324,3658,3620,3716,3758,3778,640,771,879,640,771,879,283,239,197,289,255,189,-256,77,39,135,177,197,382,251,201,319,311,273,43,6,3,7,10,13,216,31,18,39,51,68,132,72,78,64,55,43
vik_stg021.SG,4756,4081,1025,4641,4747,4731,4503,4631,4611,3750,3818,3818,3658,3784,3888,644,775,883,644,775,883,-115,-9,-25,-253,-125,-145,-330,-262,-262,-422,-296,-192,350,262,263,492,321,241,27,22,0,71,32,5,139,112,3,358,161,27,199,181,185,210,202,216
VK207.SG,3562,4074,1036,4513,4545,4545,3965,3793,3601,3468,3700,3748,3850,3954,4000,655,786,894,655,786,894,951,983,983,403,231,39,-606,-374,-326,-224,-120,-74,1128,1052,1036,461,261,84,41,14,9,74,71,40,207,72,48,371,359,200,122,110,108,119,117,151
I10852_published,3729,2133,1041,3741,3737,3717,3741,3713,3633,2118,2116,2106,2118,2104,2068,660,791,899,660,791,899,12,8,-11,12,-15,-95,-14,-16,-26,-14,-28,-64,19,18,28,19,32,115,0,3,7,0,8,3,0,17,39,0,41,16,139,152,203,139,208,235
VK212.SG,4603,3316,1039,5043,5009,4837,5269,5239,5251,3970,3952,3874,3290,3298,3366,658,789,897,658,789,897,440,406,234,666,636,648,654,636,558,-25,-17,50,788,755,605,666,636,650,2,13,4,35,10,10,13,68,22,177,52,51,33,32,22,92,91,85
VK330.SG,4242,3581,1069,4397,4537,4461,3641,3613,3601,2736,3030,3570,2168,2172,2198,688,819,927,688,819,927,155,295,219,-600,-628,-640,-844,-550,-10,-1412,-1408,-1382,858,624,219,1534,1542,1523,6,68,43,0,3,6,30,340,219,0,18,33,169,151,92,203,204,204
VK334.SG,4731,3764,1068,5041,4967,4833,5013,5051,5225,4026,4002,3966,4276,4278,4292,687,818,926,687,818,926,310,236,102,282,320,494,262,238,202,512,514,528,406,335,226,585,605,723,15,23,19,10,14,15,76,116,95,52,71,79,49,44,26,28,31,43
VK353.SG,4717,3719,1066,4565,4461,4403,4441,4395,4351,3270,3578,3620,3734,3746,3728,685,816,924,685,816,924,-151,-255,-313,-275,-321,-365,-448,-140,-98,15,27,9,473,291,328,276,323,365,70,35,7,37,13,7,350,176,36,187,66,39,198,241,252,273,274,271
I7497,3213,1727,1056,4535,4539,4531,3043,3075,3091,2108,2088,2084,1668,1668,1668,675,806,914,675,806,914,1322,1326,1318,-169,-137,-121,381,361,357,-58,-58,-58,1375,1374,1365,179,149,135,3,2,3,1,4,0,16,10,15,9,22,0,73,74,74,250,246,244
I7499,3213,1727,1057,4531,4431,4505,4165,4987,5211,2062,2028,2048,1662,1618,1644,676,807,915,676,807,915,1318,1218,1292,952,1774,1998,335,301,321,-64,-108,-82,1360,1254,1331,954,1777,1999,11,70,52,304,345,339,55,354,261,1523,1727,1699,75,76,76,93,93,92
I7498,3213,1727,1057,4177,4199,3521,4499,4517,4513,2246,2168,1886,2164,2136,2116,676,807,915,676,807,915,964,986,308,1286,1304,1300,519,441,159,437,409,389,1094,1080,346,1358,1366,1357,37,72,89,4,4,4,185,362,448,21,24,22,61,65,62,71,72,73
vik_84005.SG,4756,4081,1033,5095,5083,5063,5153,5107,4999,4010,3996,3982,3980,3944,3940,652,783,891,652,783,891,338,326,306,396,350,242,-70,-84,-98,-100,-136,-140,346,337,322,409,376,280,5,6,6,7,11,19,26,30,31,39,55,99,101,104,107,104,111,120
vik_97002.SG,4756,4081,1066,4519,4479,4433,4463,4421,4395,3298,3624,3636,3562,3636,3620,685,816,924,685,816,924,-237,-277,-323,-293,-335,-361,-782,-456,-444,-518,-444,-460,817,534,549,595,556,585,74,28,10,45,11,5,373,143,50,226,56,25,196,211,216,209,217,218
vik_97026.SG,4756,4081,1050,4723,4857,4803,4485,4439,4345,3810,3876,3854,3720,3906,4006,669,800,908,669,800,908,-33,100,46,-271,-317,-411,-270,-204,-226,-360,-174,-74,272,228,231,451,361,417,62,4,4,100,75,73,312,21,20,500,376,368,186,153,168,216,241,259
vik_97029.SG,4756,4081,1035,4833,4953,4825,4917,4909,4883,3864,3924,3868,4264,4312,4368,654,785,893,654,785,893,76,196,68,160,152,126,-216,-156,-212,183,231,287,229,251,223,244,277,314,46,7,8,20,24,26,230,39,40,102,121,130,160,128,162,41,33,23
vik_gtm021.SG,4756,4081,1044,5059,5027,4925,4459,4407,4405,4114,4056,4022,4236,4302,4356,663,794,902,663,794,902,302,270,168,-297,-349,-351,33,-24,-58,155,221,275,304,272,178,335,413,446,4,18,25,25,10,8,24,93,128,126,53,42,83,95,109,297,302,308
vik_gtm127.SG,4756,4081,1081,4497,4437,4459,4697,4577,4533,3478,3636,3690,2962,3204,3432,700,831,939,700,831,939,-259,-319,-297,-59,-179,-223,-602,-444,-390,-1118,-876,-648,655,547,490,1120,894,685,58,9,16,57,62,37,292,45,83,288,312,188,203,215,217,183,191,198
vik_KAL006.SG,4756,4081,1056,5051,5125,5157,5265,5253,5257,4042,3942,3866,3388,3350,3452,675,806,914,675,806,914,294,368,400,508,496,500,-38,-138,-214,-692,-730,-628,297,394,454,859,883,803,13,14,14,26,14,17,69,74,72,133,72,88,97,110,118,143,145,141
vik_kal009.SG,4756,4081,1040,5221,5209,5187,5587,5667,5573,3802,3762,3726,3650,3688,3652,659,790,898,659,790,898,464,452,430,830,910,816,-278,-318,-354,-430,-392,-428,541,553,558,935,991,922,6,8,10,51,81,79,32,42,51,255,408,395,120,125,129,117,113,117
vik_kls001.SG,4756,4081,1050,4633,4463,4311,4861,4781,4811,3518,3706,3696,3138,3152,3280,669,800,908,669,800,908,-123,-293,-445,104,24,54,-562,-374,-384,-942,-928,-800,575,475,588,948,928,802,77,95,118,28,25,27,389,478,590,143,127,137,192,218,229,173,178,176
vik_nuf002.SG,4756,4081,1050,4725,4837,4803,4313,4069,3803,3812,3866,3864,3610,3528,3424,669,800,908,669,800,908,-31,80,46,-443,-687,-953,-268,-214,-216,-470,-552,-656,270,229,221,646,881,1157,62,1,4,46,84,93,312,6,24,230,420,466,186,159,167,223,231,235
vik_stg020.SG,4756,4081,1021,4997,5037,5075,5235,5239,5163,4284,4268,4244,3598,3614,3734,640,771,879,640,771,879,240,280,318,478,482,406,203,187,163,-482,-466,-346,315,337,358,679,671,534,5,22,31,21,27,37,26,111,159,106,136,186,49,56,62,135,134,130
vik_urm045.SG,4756,4081,1067,5025,4953,4885,4007,4191,4329,3960,3924,3898,3676,3966,4122,686,817,925,686,817,925,268,196,128,-749,-565,-427,-120,-156,-182,-404,-114,41,294,251,223,851,576,429,4,7,9,102,82,40,21,39,49,512,414,204,114,128,144,241,258,275
VK14.SG,5544,4294,1070,4755,4813,4769,4463,4447,4501,3822,3854,3844,3262,3422,3512,689,820,928,689,820,928,-788,-730,-774,-1080,-1096,-1042,-472,-440,-450,-1032,-872,-782,919,852,895,1494,1401,1303,57,10,11,24,8,23,286,51,57,123,44,117,239,238,239,226,231,233
VK15.SG,5544,4294,1049,4485,4509,4571,3715,3839,4025,3668,3682,3732,3312,3490,3716,668,799,907,668,799,907,-1058,-1034,-972,-1828,-1704,-1518,-626,-612,-562,-982,-804,-578,1229,1202,1123,2075,1884,1624,47,34,28,70,101,112,237,170,141,351,506,561,239,239,239,241,244,249
VK16.SG,5544,4294,1032,4705,4889,4811,5183,5097,4985,3802,3892,3858,3458,3206,2988,651,782,890,651,782,890,-838,-654,-732,-360,-446,-558,-492,-402,-436,-836,-1088,-1306,972,768,852,910,1176,1420,62,19,10,97,97,42,310,97,50,487,485,212,239,238,239,203,202,203
VK17.SG,5544,4294,1050,5055,5037,4959,5117,5137,5163,3988,3968,3936,4198,4092,4092,669,800,908,669,800,908,-488,-506,-584,-426,-406,-380,-306,-326,-358,-96,-202,-202,576,602,685,437,454,430,7,9,21,10,11,13,36,49,109,54,55,65,237,237,238,257,243,242
VK18.SG,5544,4294,1051,5051,5047,4991,5161,5101,4975,3980,3974,3952,3810,3822,3852,670,801,909,670,801,909,-492,-496,-552,-382,-442,-568,-314,-320,-342,-484,-472,-442,584,590,649,617,647,720,6,4,18,17,11,14,30,22,94,88,56,73,237,237,238,218,223,232
VK19.SG,5544,4294,1060,4567,4473,4149,4743,4703,4675,3486,3730,3612,2986,3140,3254,679,810,918,679,810,918,-976,-1070,-1394,-800,-840,-868,-808,-564,-682,-1308,-1154,-1040,1267,1210,1552,1533,1427,1355,54,101,127,5,42,19,274,505,636,26,212,95,230,242,243,211,216,219
VK20.SG,5544,4294,1057,5041,5041,5041,4661,4531,4513,3920,3920,3912,3838,4100,4144,676,807,915,676,807,915,-502,-502,-502,-882,-1012,-1030,-374,-374,-382,-456,-194,-150,626,626,631,993,1031,1041,6,6,6,87,27,14,30,30,30,435,136,71,233,233,232,242,259,261
VK218.SG,5544,4294,1046,4497,4501,4459,4221,4117,3995,3178,3544,3660,3726,3686,3630,665,796,904,665,796,904,-1046,-1042,-1084,-1322,-1426,-1548,-1116,-750,-634,-568,-608,-664,1530,1284,1256,1439,1550,1684,54,46,12,79,90,99,271,231,62,395,451,496,223,234,239,246,246,246
VK21.SG,5544,4294,1068,4993,4881,5179,4931,4975,5041,4214,4168,4192,4420,4360,4296,687,818,926,687,818,926,-550,-662,-364,-612,-568,-502,-80,-126,-102,125,65,1,556,674,378,625,572,502,10,31,58,26,17,17,53,156,291,132,88,88,261,259,254,281,276,270
VK220.SG,5544,4294,1040,5013,5037,4985,4985,4863,4791,3868,3868,3876,3912,3876,3886,659,790,898,659,790,898,-530,-506,-558,-558,-680,-752,-426,-426,-418,-382,-418,-408,680,661,697,676,798,856,28,6,15,18,19,13,141,34,79,94,99,66,231,229,233,235,238,241
VK22.SG,5544,4294,1039,4567,4483,3969,4397,4357,4361,3352,3684,3536,3346,3458,3490,658,789,897,658,789,897,-976,-1060,-1574,-1146,-1186,-1182,-942,-610,-758,-948,-836,-804,1356,1223,1747,1487,1451,1430,62,110,143,22,4,12,312,554,719,111,20,64,226,240,244,230,234,235
VK23.SG,5544,4294,1043,4903,4945,4869,4017,4025,4211,3900,3920,3890,3698,3828,4084,662,793,901,662,793,901,-640,-598,-674,-1526,-1518,-1332,-394,-374,-404,-596,-466,-210,752,705,786,1638,1588,1349,66,22,20,105,101,80,333,113,100,525,508,403,238,237,239,248,252,261
VK24.SG,3427,4385,1056,4523,4569,4225,4443,4401,4391,3406,3738,3642,3610,3618,3618,675,806,914,675,806,914,1096,1142,798,1016,974,964,-979,-647,-743,-775,-767,-767,1469,1312,1090,1277,1239,1232,38,9,10,4,3,0,194,47,53,21,16,0,131,119,132,127,128,128
VK29.SG,4534,3925,1054,4695,4809,4765,4343,4261,4191,3792,3852,3856,3568,3554,3532,673,804,912,673,804,912,161,275,231,-190,-272,-342,-132,-72,-68,-356,-370,-392,208,284,241,404,460,521,32,7,13,32,53,71,161,37,65,160,266,355,129,104,106,208,216,221
VK303.SG,4534,3925,1036,5041,5009,4961,3929,3761,3667,3884,3876,3872,3736,3660,3636,655,786,894,655,786,894,507,475,427,-604,-772,-866,-40,-48,-52,-188,-264,-288,508,477,430,633,816,913,0,14,19,94,88,70,0,74,98,471,440,354,94,95,97,252,251,251
VK306.SG,4534,3925,1052,4743,4913,4817,4777,4663,4557,3830,3904,3878,3950,4088,4202,671,802,910,671,802,910,209,379,283,243,129,23,-94,-20,-46,25,163,277,229,379,286,244,208,278,50,19,13,9,11,10,254,96,66,46,57,53,114,93,99,84,38,4
VK308.SG,4534,3925,1064,4721,4767,4769,4519,4551,4567,3814,3834,3854,3712,3808,3874,683,814,922,683,814,922,187,233,235,-14,17,33,-110,-90,-70,-212,-116,-50,217,250,245,213,117,60,32,7,12,50,33,21,163,39,63,252,167,105,120,111,106,184,171,146
VK309.SG,4534,3925,1052,4947,4971,4869,5151,5089,5079,3920,3934,3922,3316,3258,3276,671,802,910,671,802,910,413,437,335,617,555,545,-4,9,-2,-608,-666,-648,413,437,335,866,867,847,28,19,20,13,12,9,144,98,101,68,62,49,90,88,90,134,140,139
VK30.SG,4534,3925,1042,4485,4657,4873,4645,4485,4533,3174,3538,3694,2978,3276,3490,661,792,900,661,792,900,-48,123,339,111,-48,0,-750,-386,-230,-946,-648,-434,752,405,410,953,650,434,69,84,106,52,41,23,346,421,532,264,208,118,183,162,124,173,184,180
VK31.SG,4534,3925,1056,4521,4463,4429,4551,4463,4407,3336,3648,3632,3580,3726,3720,675,806,914,675,806,914,-12,-70,-104,17,-70,-126,-588,-276,-292,-344,-198,-204,588,285,310,345,211,240,77,8,6,73,12,16,389,40,34,369,62,82,181,194,199,177,199,211
VK34.SG,4534,3925,1049,4517,4347,4333,4827,4773,4697,3260,3572,3698,3844,3926,3978,668,799,907,668,799,907,-16,-186,-200,293,239,163,-664,-352,-226,-80,1,53,664,399,302,304,239,171,60,90,96,11,14,13,300,450,483,58,71,66,181,207,221,105,89,71
VK35.SG,4534,3925,1070,4711,4785,4723,4369,4321,4357,3796,3846,3856,3608,3616,3718,689,820,928,689,820,928,177,251,189,-164,-212,-176,-128,-78,-68,-316,-308,-206,218,263,201,357,375,272,7,9,13,8,11,27,36,48,68,43,56,139,126,107,109,207,214,220
VK395.SG,4534,3925,1089,5167,5161,5139,5199,5241,5253,3928,3874,3850,3360,3426,3560,708,839,947,708,839,947,633,627,605,665,707,719,3,-50,-74,-564,-498,-364,633,629,609,872,865,806,6,6,6,16,9,11,33,33,33,83,49,56,89,94,97,130,125,116
VK396.SG,4534,3925,1042,4541,4483,4435,4053,4331,4323,3188,3524,3634,3664,3756,3740,661,792,900,661,792,900,7,-50,-98,-480,-202,-210,-736,-400,-290,-260,-168,-184,736,403,307,547,263,280,84,59,7,99,33,10,421,297,38,498,169,50,179,187,198,241,230,228
VK397.SG,4534,3925,1064,5043,5045,4953,5043,4919,4911,3972,3972,3924,3332,3198,3298,683,814,922,683,814,922,509,511,419,509,385,377,47,47,0,-592,-726,-626,511,513,419,781,822,731,2,3,19,11,23,22,13,15,99,56,118,113,84,84,90,139,152,148
VK398.SG,4534,3925,1062,4475,4471,4445,3527,3533,3563,3130,3482,3654,4018,4018,4014,681,812,920,681,812,920,-58,-62,-88,-1006,-1000,-970,-794,-442,-270,93,93,89,796,447,284,1011,1005,975,80,72,11,4,3,24,400,364,58,22,18,121,184,188,198,275,275,275
VK399.SG,4534,3925,1043,4643,4761,4733,4591,4649,4597,3764,3824,3850,3778,3906,3932,662,793,901,662,793,901,109,227,199,57,115,63,-160,-100,-74,-146,-18,7,194,248,212,157,116,63,32,8,14,57,16,12,164,41,73,289,80,61,145,113,110,158,99,83
VK39.SG,4534,3925,1051,4551,4449,4397,4281,4135,3845,3398,3640,3616,3622,3570,3438,670,801,909,670,801,909,17,-84,-136,-252,-398,-688,-526,-284,-308,-302,-354,-486,527,297,337,394,533,843,81,7,5,45,68,87,405,39,25,226,342,437,178,196,203,219,228,234
VK400.SG,4534,3925,1065,4559,4495,4595,3939,3807,3941,3510,3702,3824,3866,3782,3852,684,815,923,684,815,923,25,-38,61,-594,-726,-592,-414,-222,-100,-58,-142,-72,415,226,117,597,740,597,59,60,15,80,91,86,299,302,75,401,456,431,176,189,148,264,258,263
VK401.SG,4534,3925,1063,4663,4813,4769,4343,4319,4325,3790,3854,3846,3848,3918,3996,682,813,921,682,813,921,129,279,235,-190,-214,-208,-134,-70,-78,-76,-6,71,186,287,247,205,215,220,32,7,11,9,6,4,161,36,56,45,31,21,136,104,108,248,268,288
VK402.SG,4534,3925,1053,4531,4465,4431,4567,4519,4483,3324,3586,3634,3564,3640,3632,672,803,911,672,803,911,-2,-68,-102,33,-14,-50,-600,-338,-290,-360,-284,-292,600,345,308,362,285,297,79,43,7,53,7,7,395,217,35,265,35,39,180,191,199,174,182,189
VK403.SG,4534,3925,1058,4673,4497,4415,4439,4359,4315,3002,3416,3620,3770,3768,3780,677,808,916,677,808,916,139,-36,-118,-94,-174,-218,-922,-508,-304,-154,-156,-144,933,510,327,181,234,262,88,75,9,12,11,9,442,375,49,64,58,45,171,184,201,211,228,236
VK404.SG,4534,3925,1064,4893,4857,4805,5051,4985,4867,3896,3876,3862,3878,3896,3918,683,814,922,683,814,922,359,323,271,517,451,333,-28,-48,-62,-46,-28,-6,360,326,278,519,452,333,21,10,9,5,18,20,109,54,49,25,90,101,94,98,103,95,93,91
VK405.SG,4534,3925,1055,4525,4503,4427,4339,4301,4227,3332,3658,3742,3806,3832,3876,674,805,913,674,805,913,-8,-30,-106,-194,-232,-306,-592,-266,-182,-118,-92,-48,592,268,211,228,250,310,67,56,63,8,9,8,337,282,318,41,49,40,180,186,210,238,248,260
VK406.SG,4534,3925,1056,5025,4961,4861,4829,4755,4655,3940,3920,3874,3870,3896,3972,675,806,914,675,806,914,491,427,327,295,221,121,15,-4,-50,-54,-28,47,491,427,331,300,222,129,10,19,13,12,15,11,54,98,68,63,77,58,88,90,98,100,97,68
VK407.SG,4534,3925,1049,4773,4881,4803,4693,4611,4491,3840,3888,3884,3842,4052,4174,668,799,907,668,799,907,239,347,269,159,77,-42,-84,-36,-40,-82,127,249,253,349,272,179,148,252,44,16,15,47,14,11,221,80,77,238,74,58,109,96,98,117,31,350
VK408.SG,5544,4294,1064,4513,4341,3981,4837,4757,4691,3358,3626,3524,4202,4262,4302,683,814,922,683,814,922,-1030,-1202,-1562,-706,-786,-852,-936,-668,-770,-92,-32,7,1392,1375,1742,712,787,852,68,113,136,44,35,21,340,569,682,221,176,107,227,240,243,262,267,270
VK409.SG,5544,4294,1031,4617,4779,4771,4799,4801,4761,3770,3840,3844,3930,4000,3986,650,781,889,650,781,889,-926,-764,-772,-744,-742,-782,-524,-454,-450,-364,-294,-308,1064,889,894,828,798,841,61,28,13,44,45,55,306,142,68,221,226,279,240,239,239,243,248,248
VK40.SG,4534,3925,1049,4737,4795,4771,4661,4617,4539,3808,3844,3842,3782,3846,3910,668,799,907,668,799,907,203,261,237,127,83,5,-116,-80,-82,-142,-78,-14,234,273,251,191,114,15,5,7,9,10,13,8,27,37,49,51,65,43,119,107,109,138,133,160
VK424.SG,4534,3925,1095,4711,4407,4321,3505,3517,3701,2950,3450,3556,4010,4016,3976,714,845,953,714,845,953,177,-126,-212,-1028,-1016,-832,-974,-474,-368,85,91,51,990,491,425,1032,1020,834,78,58,7,4,5,57,394,290,39,22,25,288,169,194,210,274,275,273
VK425.SG,4534,3925,1050,4765,4873,4807,4509,4501,4401,3832,3884,3868,3970,4198,4298,669,800,908,669,800,908,231,339,273,-24,-32,-132,-92,-40,-56,45,273,373,249,341,278,51,275,396,43,14,10,55,16,9,218,73,54,279,80,46,111,96,101,331,353,340
VK426.SG,4534,3925,1078,4543,4473,4411,3491,3493,3513,2882,3418,3556,4014,4018,4018,697,828,936,697,828,936,9,-60,-122,-1042,-1040,-1020,-1042,-506,-368,89,93,93,1042,510,388,1046,1045,1025,64,79,43,3,1,5,324,399,219,19,9,25,179,186,198,274,275,275
VK427.SG,4534,3925,1050,4765,4873,4805,3811,3483,3311,3838,3884,3850,3914,3690,3454,669,800,908,669,800,908,231,339,271,-722,-1050,-1222,-86,-40,-74,-10,-234,-470,246,341,281,722,1076,1310,43,14,7,79,65,25,218,73,38,399,328,128,110,96,105,269,257,248
VK42.SG,4534,3925,1041,4453,4407,4423,4503,4475,4423,3652,3622,3640,3672,3678,3648,660,791,899,660,791,899,-80,-126,-110,-30,-58,-110,-272,-302,-284,-252,-246,-276,284,328,305,254,253,298,32,7,17,5,12,13,161,38,87,29,64,65,196,202,201,186,193,201
VK527.SG,4749,4107,1050,5101,5101,5055,5161,5165,5071,3880,3876,3854,3730,3800,3838,669,800,908,669,800,908,352,352,306,412,416,322,-226,-230,-252,-376,-306,-268,418,421,397,558,517,419,3,4,3,38,21,9,15,21,18,191,105,46,122,123,129,132,126,129
VK539.SG,5772,3352,1062,4819,4839,4785,5159,5053,4923,3858,3882,3920,3932,3872,3862,681,812,920,681,812,920,-952,-932,-986,-612,-718,-848,505,529,567,579,519,509,1078,1072,1138,843,886,989,45,10,17,7,12,18,227,53,86,38,62,91,297,299,299,313,305,301
VK542.SG,5776,3368,1040,4531,4555,4585,4915,4955,5591,3428,3706,3802,3112,3192,3562,659,790,898,659,790,898,-1244,-1220,-1190,-860,-820,-184,60,338,434,-255,-175,194,1246,1266,1267,898,839,268,6,15,6,34,71,54,30,76,30,172,359,274,272,285,290,253,257,316
VK357.SG,4717,3719,1065,4621,4473,4411,4229,4227,4333,3008,3584,3616,2622,3240,3734,684,815,923,684,815,923,-95,-243,-305,-487,-489,-383,-710,-134,-102,-1096,-478,15,716,278,322,1200,684,384,63,37,9,108,132,7,315,186,47,544,660,36,187,241,251,203,225,272
I10853_published,3729,2133,1083,3745,3783,3679,4573,4553,4509,2050,2128,2086,2236,2212,2178,702,833,941,702,833,941,16,54,-49,844,824,780,-82,-4,-46,103,79,45,84,54,67,850,828,781,55,33,12,16,20,16,278,166,62,83,104,82,168,94,226,83,84,86
vik_grt036.SG,4756,4081,1091,4383,4331,4413,5017,4879,4981,3622,3574,3624,3834,3872,4026,710,841,949,710,841,949,-373,-425,-343,260,122,224,-458,-506,-456,-246,-208,-54,591,661,571,358,242,231,34,6,31,10,15,68,172,31,155,54,78,340,219,220,216,133,149,103
vik_urm035.SG,4756,4081,1092,4657,4715,4225,4979,4833,4745,3716,3850,3650,3916,3864,3816,711,842,950,711,842,950,-99,-41,-531,222,76,-11,-364,-230,-430,-164,-216,-264,377,234,683,277,229,264,43,9,127,15,1,5,219,45,636,75,9,26,195,190,230,126,160,182
vik_urm161.SG,4756,4081,1098,4769,4753,4687,4603,4509,4509,3828,3826,3834,2950,3468,3532,717,848,956,717,848,956,12,-3,-69,-153,-247,-247,-252,-254,-246,-1130,-612,-548,252,254,256,1140,660,601,19,2,2,62,30,15,97,13,14,313,151,77,177,180,195,187,201,204
I12514,3447,1929,1109,4521,4255,3371,4509,4037,3453,2172,2058,1826,2262,2056,1896,728,859,967,728,859,967,1074,808,-75,1062,590,6,242,128,-103,332,126,-33,1101,818,127,1113,603,33,18,64,47,19,106,42,90,323,236,97,532,214,77,80,216,72,77,169
DA164.SG,6991,2872,1129,6721,6805,6977,6901,6967,7035,2956,2944,2850,2878,2858,2828,748,879,987,748,879,987,-269,-185,-13,-89,-23,44,84,72,-21,6,-13,-43,282,198,25,89,27,62,78,75,4,54,44,5,390,377,23,272,222,26,287,291,211,273,239,134
R58.SG,4578,2070,1093,4575,4621,4633,4853,5107,5045,2054,2036,2022,2036,1950,1954,712,843,951,712,843,951,-2,43,55,275,529,467,-15,-33,-47,-33,-119,-115,16,54,72,277,542,481,13,4,2,141,186,173,67,22,12,705,933,868,190,128,130,96,102,103
VK160.SG,5797,4240,1097,5041,4999,4937,5325,5295,5281,3968,3966,3958,3416,3398,3444,716,847,955,716,847,955,-755,-797,-859,-471,-501,-515,-271,-273,-281,-823,-841,-795,802,842,904,948,979,947,0,18,24,67,41,27,0,92,120,335,209,138,250,251,251,209,210,212
VK410.SG,5544,4294,1106,4881,4841,4783,5131,5039,4897,3888,3868,3844,3900,3872,3884,725,856,964,725,856,964,-662,-702,-760,-412,-504,-646,-406,-426,-450,-394,-422,-410,777,821,883,570,657,765,18,0,11,15,8,18,90,0,56,75,40,91,238,238,239,226,230,237
SI-53.SG,6662,1558,1090,5131,5213,5457,4671,4705,4701,1904,1884,1856,2016,2008,2012,709,840,948,709,840,948,-1530,-1448,-1204,-1990,-1956,-1960,346,326,298,458,450,454,1568,1484,1240,2042,2007,2012,154,165,186,5,5,4,774,827,934,29,26,22,282,282,283,282,282,283
DA23.SG,7520,4534,1114,7343,7319,7453,7341,7389,7441,4288,4234,4464,4460,4528,4534,733,864,972,733,864,972,-177,-201,-67,-179,-131,-79,-245,-299,-69,-73,-5,0,302,360,96,193,131,79,120,135,65,7,2,0,601,676,329,36,10,2,215,213,223,247,267,270
R64.SG,4578,2070,1103,5345,5597,5671,4723,4925,5175,1862,1798,1798,2000,1954,1904,722,853,961,722,853,961,767,1019,1093,145,347,597,-207,-271,-271,-69,-115,-165,794,1054,1126,160,365,619,191,201,204,83,135,177,956,1005,1024,418,678,889,105,104,103,115,108,105
R65.SG,4578,2070,1106,5161,5307,5411,4515,4789,5009,1866,1854,1846,1964,1966,1926,725,856,964,725,856,964,583,729,833,-62,211,431,-203,-215,-223,-105,-103,-143,617,760,862,123,235,454,186,193,200,26,114,152,930,969,1003,131,572,764,109,106,105,210,116,108
I10897_published,3729,2133,1123,3707,3669,3641,3633,3633,3621,2138,2124,2118,2072,2100,2116,742,873,981,742,873,981,-21,-59,-87,-95,-95,-107,5,-8,-14,-60,-32,-16,22,60,88,113,100,108,2,4,0,3,4,5,13,24,0,17,20,25,284,261,260,237,251,261
SI-38.SG,6662,1558,1123,6453,6235,5883,6473,6295,5931,1608,1598,1640,1592,1602,1656,742,873,981,742,873,981,-208,-426,-778,-188,-366,-730,50,40,82,34,44,98,214,428,782,191,368,736,132,165,179,122,148,169,664,829,899,610,742,848,283,275,276,280,276,277
SI-40.SG,6662,1558,1146,3701,3677,3649,3865,3781,3733,2118,2118,2108,2156,2142,2126,765,896,1004,765,896,1004,-2960,-2984,-3012,-2796,-2880,-2928,560,560,550,598,584,568,3012,3036,3062,2859,2938,2982,4,4,6,59,36,3,20,22,33,298,184,18,280,280,280,282,281,280
SI-44.SG,6662,1558,1151,6519,6209,6171,3595,3595,3313,1574,1584,1590,1464,1438,1418,770,901,1009,770,901,1009,-142,-452,-490,-3066,-3066,-3348,16,26,32,-93,-119,-139,143,452,491,3067,3068,3351,120,170,165,236,262,185,602,851,825,1182,1313,929,276,273,273,268,267,267
SI-47.SG,6662,1558,1120,4509,4457,4403,3651,4073,4281,3204,3648,3618,2308,3224,3670,739,870,978,739,870,978,-2152,-2204,-2258,-3010,-2588,-2380,1646,2090,2060,750,1666,2112,2709,3037,3056,3102,3078,3182,53,4,3,2,16,17,269,22,16,11,84,86,307,313,312,283,302,311
VK210.SG,5027,3039,1160,4907,5499,5061,5243,4983,5019,3298,3534,3700,3206,2944,2954,779,910,1018,779,910,1018,-119,472,34,216,-43,-7,258,494,660,166,-95,-85,285,683,661,272,104,85,29,30,9,86,6,5,145,152,49,432,32,28,335,43,2,52,204,185
VK211.SG,4603,3316,1166,4551,4393,4367,3541,3557,3659,3344,3564,3574,2176,2306,2998,785,916,1024,785,916,1024,-51,-209,-235,-1061,-1045,-943,28,248,258,-1139,-1009,-317,59,325,349,1557,1453,995,25,5,5,6,11,78,129,28,28,33,58,394,298,319,317,222,226,251
VK536.SG,4762,2041,1188,4641,4641,4643,4351,4129,3943,2020,2030,2036,2118,2028,1992,807,938,1046,807,938,1046,-120,-120,-118,-410,-632,-818,-21,-11,-5,76,-13,-49,122,121,118,417,632,820,0,0,1,44,62,73,0,0,9,223,313,366,259,264,267,280,268,266
VK537.SG,4762,2041,1151,4639,4641,4651,4663,4743,4679,2020,2024,2032,1986,2000,2018,770,901,1009,770,901,1009,-122,-120,-110,-98,-18,-82,-21,-17,-9,-55,-41,-23,124,122,111,113,45,86,1,0,3,94,75,5,9,0,19,473,377,28,260,261,265,240,204,254
VK538.SG,4762,2041,1152,4237,4483,4583,4235,4063,3917,2464,2282,2198,2502,2358,2164,771,902,1010,771,902,1010,-524,-278,-178,-526,-698,-844,422,240,156,460,316,122,673,368,237,699,767,853,40,73,58,4,63,100,201,368,292,24,319,503,308,310,311,311,294,278
Sunghir6.SG,6150,4072,1142,5017,4881,4813,5001,5235,5497,3952,3888,3886,3222,3440,3634,761,892,1000,761,892,1000,-1132,-1268,-1336,-1148,-914,-652,-119,-183,-185,-849,-631,-437,1139,1281,1349,1428,1111,785,13,17,8,44,74,59,69,86,43,220,374,296,263,261,262,233,235,236
vik_urm160.SG,4756,4081,1166,5041,5017,4881,5097,4965,4845,3964,3952,3888,3824,3862,3948,785,916,1024,785,916,1024,284,260,124,340,208,88,-116,-128,-192,-256,-218,-132,307,290,229,426,302,159,1,5,6,7,14,23,9,28,31,39,73,115,112,116,147,126,136,146
VK534.SG,4788,2052,1197,4917,4927,4933,5179,5359,5835,1956,1960,1970,1908,1888,1780,816,947,1055,816,947,1055,128,138,144,390,570,1046,-96,-92,-82,-144,-164,-272,160,166,166,416,594,1081,122,122,123,162,181,193,610,614,618,812,905,969,126,123,119,110,106,104
I7457,3072,1661,1223,4197,3515,3419,3155,3187,3201,2014,1824,1836,1712,1720,1726,842,973,1081,842,973,1081,1125,443,347,83,115,129,352,162,174,50,58,64,1178,471,388,97,129,144,110,95,53,7,4,5,550,477,268,35,20,26,72,69,63,58,62,63
I12515,3447,1929,1189,4367,3715,3359,3429,3479,3491,2102,1916,1850,1906,1956,1968,808,939,1047,808,939,1047,920,268,-87,-17,32,44,172,-13,-79,-23,26,38,936,268,118,29,42,58,52,84,11,6,4,0,264,423,55,33,20,0,79,92,227,217,50,48
I12649,3426,1881,1202,3751,3673,3599,3721,3561,3503,2124,2084,2040,2110,2038,2020,821,952,1060,821,952,1060,325,247,173,295,135,77,243,203,159,229,157,139,406,320,235,374,208,159,11,10,16,31,13,7,58,52,80,159,67,35,53,50,47,52,40,29
I12647,3426,1881,1187,4171,3481,3371,3285,3345,3373,2046,1850,1852,1796,1828,1852,806,937,1045,806,937,1045,745,55,-54,-140,-80,-52,165,-30,-28,-84,-52,-28,764,63,61,163,95,59,69,71,9,10,6,6,345,355,46,53,33,32,77,118,242,238,236,241
I12645,3426,1881,1195,4017,4191,4191,4575,4025,3741,1932,1968,1968,2188,1920,1878,814,945,1053,814,945,1053,591,765,765,1149,599,315,51,87,87,307,39,-2,594,770,770,1190,601,315,28,0,0,115,139,3,144,0,0,579,696,15,85,83,83,75,86,90
I12644,3426,1881,1207,4179,3941,3489,3197,3247,3271,1990,1910,1816,1740,1768,1770,826,957,1065,826,957,1065,753,515,63,-228,-178,-154,109,29,-64,-140,-112,-110,761,516,90,267,210,189,59,68,58,9,2,4,297,341,293,47,13,21,81,86,135,238,237,234
VK113.SG,4340,4480,1220,4737,4661,4593,4215,4235,4245,3836,3886,3918,3916,3994,4062,839,970,1078,839,970,1078,397,321,253,-124,-104,-94,-644,-594,-562,-564,-486,-418,756,675,616,577,497,428,8,8,8,43,5,9,42,43,40,215,27,46,148,151,155,192,192,192
VK114.SG,4340,4480,1207,4513,4453,4421,3489,3443,3897,3688,3700,3744,3270,3178,3758,826,957,1065,826,957,1065,173,113,81,-850,-896,-442,-792,-780,-736,-1210,-1302,-722,810,788,740,1479,1581,847,8,13,16,37,3,143,44,69,83,186,17,719,167,171,173,215,214,211
VK117.SG,4340,4480,1194,4789,4713,4647,3857,3639,3929,3842,3850,3902,3456,3384,3658,813,944,1052,813,944,1052,449,373,307,-482,-700,-410,-638,-630,-578,-1024,-1096,-822,780,732,654,1132,1301,919,1,9,9,71,85,122,8,49,45,358,429,610,144,149,152,205,212,206
VK118.SG,4340,4480,1199,4475,4379,4369,4425,4389,4383,3612,3598,3594,3630,3616,3612,818,949,1057,818,949,1057,135,39,29,85,49,43,-868,-882,-886,-850,-864,-868,878,883,886,854,865,869,36,4,8,3,1,4,183,24,40,16,9,21,171,177,178,174,176,177
VK124.SG,4340,4480,1211,4427,3775,4311,4323,4311,4427,3742,3420,3808,3532,3534,3608,830,961,1069,830,961,1069,87,-564,-28,-16,-28,87,-738,-1060,-672,-948,-946,-872,743,1201,672,948,946,876,76,87,82,8,9,16,384,438,410,42,47,84,173,208,182,181,181,174
s19_0LS03_1.SG,5298,4151,1210,4901,5007,5427,5203,5261,5271,4128,4126,4242,3338,3542,3696,829,960,1068,829,960,1068,-396,-290,129,-94,-36,-26,-23,-25,90,-813,-609,-455,397,291,158,818,610,455,31,30,16,14,14,6,158,154,80,71,72,30,266,265,54,186,183,183
s19_IIg_1.SG,5260,4150,1208,5151,5095,5051,5305,5287,5291,3978,3928,3966,3424,3526,3694,827,958,1066,827,958,1066,-109,-165,-209,44,26,30,-171,-221,-183,-725,-623,-455,203,276,278,726,624,456,8,12,5,13,10,10,44,63,27,66,51,52,212,216,228,176,177,176
R62.SG,4578,2070,1215,4559,4401,4411,4611,4539,4471,3016,3612,3534,2676,2836,3124,834,965,1073,834,965,1073,-18,-176,-166,33,-38,-106,946,1542,1464,606,766,1054,946,1552,1473,607,767,1059,80,9,34,9,67,73,403,46,173,49,338,365,358,353,353,3,357,354
SI-42.SG,6662,1558,1217,6199,6071,5839,4619,3445,3125,1584,1568,1626,1468,1424,1396,836,967,1075,836,967,1075,-462,-590,-822,-2042,-3216,-3536,26,10,68,-89,-133,-161,462,590,825,2044,3218,3539,176,180,170,356,219,85,881,902,850,1781,1099,425,273,271,274,267,267,267
SI-41.SG,6662,1558,1240,4519,3245,3241,4281,3437,3403,2092,1736,1766,2092,1818,1856,859,990,1098,859,990,1098,-2142,-3416,-3420,-2380,-3224,-3258,534,178,208,534,260,298,2207,3420,3426,2439,3234,3271,6,49,2,17,2,4,30,246,14,88,13,23,284,272,273,282,274,275
DA199.SG,5147,2777,1244,4235,4935,5043,4961,4987,5023,2518,2648,2772,2602,2632,2670,863,994,1102,863,994,1102,-911,-211,-103,-185,-159,-123,-258,-128,-4,-174,-144,-106,947,247,103,254,215,163,97,33,4,8,8,6,488,166,24,40,40,33,254,238,267,226,227,229
SI-39.SG,6662,1558,1250,4459,4391,4415,4803,4511,4427,3642,3618,3656,2992,3558,3648,869,1000,1108,869,1000,1108,-2202,-2270,-2246,-1858,-2150,-2234,2084,2060,2098,1434,2000,2090,3032,3065,3073,2347,2936,3059,2,0,7,100,82,61,12,0,39,502,411,308,313,312,313,307,312,313
VK541.SG,5393,3182,1250,4663,4583,4539,5259,5553,5601,3804,3838,3880,3322,3558,3634,869,1000,1108,869,1000,1108,-729,-809,-853,-133,160,208,621,655,697,139,375,451,958,1041,1102,193,408,497,5,6,5,11,14,8,27,30,29,58,72,42,310,309,309,316,23,24
VK535.SG,4788,2052,1244,4641,4641,4647,3621,3699,3947,2022,2030,2044,1780,1794,1850,863,994,1102,863,994,1102,-147,-147,-141,-1167,-1089,-841,-30,-22,-8,-272,-258,-202,150,148,141,1198,1119,864,0,0,3,146,148,155,0,1,17,733,741,778,258,261,266,256,256,256
SI-45.SG,6662,1558,1257,6289,6013,5691,6269,5715,5287,1576,1598,1654,1578,1684,1810,876,1007,1115,876,1007,1115,-372,-648,-970,-392,-946,-1374,18,40,96,20,126,252,372,649,974,392,954,1397,164,179,167,155,164,111,822,896,837,776,824,557,272,273,275,272,277,280
s19_IIa_1.SG,5060,3999,1267,5191,5159,5105,5199,5163,5161,3760,3772,3872,3866,4026,4124,886,1017,1125,886,1017,1125,131,99,45,139,103,101,-239,-227,-127,-133,26,124,273,248,135,192,106,160,7,8,8,8,4,6,37,40,41,40,21,32,151,156,160,133,75,39
SNN004,4198,1959,1276,4191,4191,4191,4191,4191,4191,1862,1846,1832,1860,1842,1820,895,1026,1134,895,1026,1134,-6,-6,-6,-6,-6,-6,-97,-113,-127,-99,-117,-139,97,113,127,99,117,139,3,5,4,4,5,1,16,25,22,23,25,9,183,183,183,183,183,182
R1290.SG,4526,2091,1350,4653,4681,4691,4641,4643,4679,2020,2036,2044,2024,2024,2024,969,1100,1208,969,1100,1208,127,155,165,115,117,153,-70,-54,-46,-66,-66,-66,145,164,171,133,134,167,3,4,2,1,2,3,18,20,13,6,11,18,119,109,105,120,119,113
SNN001,4198,1959,1335,3659,3721,3737,3675,3729,3741,2120,2158,2144,2160,2180,2182,954,1085,1193,954,1085,1193,-538,-476,-460,-522,-468,-456,160,198,184,200,220,222,562,516,496,559,518,508,4,4,2,24,14,2,22,23,13,123,72,10,286,292,291,290,295,295
s19_IIIt_1.SG,5296,3976,1347,5137,5129,5155,5173,5129,5151,3988,3972,4010,3658,3804,3904,966,1097,1205,966,1097,1205,-158,-166,-140,-122,-166,-144,12,-3,34,-317,-171,-71,159,166,145,340,239,161,17,11,8,24,12,18,89,58,41,121,60,92,274,268,283,201,224,243
SNN002,4198,1959,1348,3667,3649,3713,3689,3683,4105,2094,2076,2068,2116,2108,2104,967,1098,1206,967,1098,1206,-530,-548,-484,-508,-514,-92,134,116,108,156,148,144,547,561,496,532,535,171,3,2,29,1,3,34,18,13,149,7,18,171,284,281,282,287,286,327
R52.SG,4578,2070,1349,4635,4641,4641,3101,3115,3115,2030,2032,2024,1668,1668,1668,968,1099,1207,968,1099,1207,57,63,63,-1476,-1462,-1462,-39,-37,-45,-401,-401,-401,69,73,77,1530,1517,1517,4,1,1,3,4,4,22,8,6,19,24,24,124,120,125,254,254,254
R53.SG,4578,2070,1358,4653,4839,5093,4683,4737,4823,2020,1980,1922,1918,1974,1954,977,1108,1216,977,1108,1216,75,261,515,105,159,245,-49,-89,-147,-151,-95,-115,89,275,535,184,185,270,3,114,167,134,3,79,17,573,839,673,19,395,123,108,106,145,121,115
R54.SG,4578,2070,1345,5753,5991,5923,4903,4989,4865,1766,1718,1726,1812,1924,1952,964,1095,1203,964,1095,1203,1175,1413,1345,325,411,287,-303,-351,-343,-257,-145,-117,1213,1456,1388,414,436,310,203,195,198,172,124,77,1015,979,991,863,622,385,104,103,104,128,109,112
R55.SG,4578,2070,1367,4589,4551,4541,4505,4505,4531,2124,2106,2082,2124,2104,2078,986,1117,1225,986,1117,1225,11,-26,-36,-72,-72,-46,54,36,12,54,34,8,55,45,38,90,80,47,4,3,2,9,6,5,20,16,10,47,34,25,11,323,288,306,295,279
R56.SG,4578,2070,1345,6143,6147,6157,5495,6059,6227,1680,1674,1658,1840,1712,1682,964,1095,1203,964,1095,1203,1565,1569,1579,917,1481,1649,-389,-395,-411,-229,-357,-387,1612,1618,1631,945,1523,1693,182,182,180,204,192,173,913,913,903,1020,963,866,103,104,104,104,103,103
R57.SG,4578,2070,1349,4657,4679,4691,4939,5735,5899,2018,2036,2048,2000,1808,1764,968,1099,1207,968,1099,1207,79,101,113,361,1157,1321,-51,-33,-21,-69,-261,-305,94,106,115,367,1186,1355,5,4,2,135,209,204,26,20,13,679,1045,1020,123,108,100,100,102,103
R61.SG,4578,2070,1361,3447,3605,4283,3339,3681,4309,1976,1998,2120,1952,2054,2164,980,1111,1219,980,1111,1219,-1130,-972,-294,-1238,-896,-268,-93,-71,50,-117,-15,94,1134,975,299,1244,897,285,26,83,79,3,96,73,132,416,396,18,483,369,265,265,279,264,268,289
s19_IIf_1.SG,5286,3996,1379,5045,5045,5197,5205,5133,5123,3970,3972,4060,3662,3858,3972,998,1129,1237,998,1129,1237,-240,-240,-88,-80,-152,-162,-25,-23,64,-333,-137,-23,241,241,109,343,205,164,2,2,9,13,7,14,14,13,46,65,39,74,263,264,305,193,227,261
I8145,3110,1671,1394,3369,3285,3257,3391,3391,3391,1770,1768,1758,1864,1868,1860,1013,1144,1252,1013,1144,1252,259,175,147,281,281,281,99,97,87,193,197,189,277,200,171,341,343,338,85,9,11,1,0,1,425,46,56,7,0,9,69,60,59,55,54,56
I8146,3110,1671,1408,4553,4557,4357,3169,3177,3155,2068,2068,2010,1696,1704,1682,1027,1158,1266,1027,1158,1266,1443,1447,1247,59,67,45,397,397,339,25,33,11,1496,1500,1292,64,74,46,4,4,108,6,5,5,21,22,541,31,28,28,74,74,74,66,63,75
R1287.SG,4526,2091,1436,4095,3341,3157,4525,4219,4045,1940,1746,1684,2072,2002,1956,1055,1186,1294,1055,1186,1294,-430,-1184,-1368,0,-306,-480,-150,-344,-406,-18,-88,-134,456,1234,1428,18,319,499,135,90,5,10,104,113,675,453,29,51,520,569,250,253,253,182,253,254
R1288.SG,4526,2091,1419,4353,4521,4465,4389,4405,4467,3582,3516,3834,3574,3656,3822,1038,1169,1277,1038,1169,1277,-172,-4,-60,-136,-120,-58,1491,1425,1743,1483,1565,1731,1501,1425,1744,1489,1569,1732,8,53,89,10,46,52,42,265,446,50,232,260,353,359,357,354,355,358
R1289.SG,4526,2091,1429,3599,3657,4189,3691,3725,3741,2076,2062,2072,2166,2158,2122,1048,1179,1287,1048,1179,1287,-926,-868,-336,-834,-800,-784,-14,-28,-18,75,67,31,927,869,337,838,803,785,3,44,35,2,4,0,18,222,179,14,23,0,269,268,266,275,274,272
R1286.SG,4526,2091,1430,4371,4415,4413,4227,4357,4399,3660,3844,4216,3598,3674,3918,1049,1180,1288,1049,1180,1288,-154,-110,-112,-298,-168,-126,1569,1753,2125,1507,1583,1827,1576,1756,2128,1536,1592,1831,11,57,77,5,33,65,55,285,389,29,165,329,354,356,356,348,353,356
R1219.SG,4526,2091,1441,4361,4697,4717,4333,4411,4455,3594,3314,3596,3580,3792,4052,1060,1191,1299,1060,1191,1299,-164,171,191,-192,-114,-70,1503,1223,1505,1489,1701,1961,1512,1234,1517,1501,1704,1962,6,55,109,4,46,46,33,276,549,24,233,233,353,7,7,352,356,357
SNN003,4198,1959,1477,4197,4135,3865,4279,4187,4175,1922,1910,1860,1974,1940,1892,1096,1227,1335,1096,1227,1335,0,-62,-332,81,-10,-22,-37,-49,-99,14,-19,-67,37,79,347,82,22,71,28,50,80,34,52,52,144,252,400,171,261,263,181,231,253,79,209,198
R1220.SG,4526,2091,1486,4805,5125,4471,3753,4099,4279,3062,2878,2168,2582,3556,3658,1105,1236,1344,1105,1236,1344,279,599,-54,-772,-426,-246,971,787,77,491,1465,1567,1010,989,94,915,1526,1586,58,4,3,59,49,64,290,20,15,298,249,321,16,37,324,302,343,351
R1221.SG,4526,2091,1484,4563,4521,4491,3629,4433,4449,2416,2216,2118,2140,2176,2160,1103,1234,1342,1103,1234,1342,37,-4,-34,-896,-92,-76,325,125,27,49,85,69,327,125,44,898,126,103,83,46,0,41,5,5,419,230,0,208,26,26,6,357,307,273,312,311
R1224.SG,4526,2091,1485,4233,4763,4433,4269,4361,4393,2980,3004,2176,3560,3632,2358,1104,1235,1343,1104,1235,1343,-292,237,-92,-256,-164,-132,889,913,85,1469,1541,267,936,943,126,1491,1549,298,56,84,5,38,82,94,282,422,26,191,412,473,341,14,312,350,353,333
