IndividualID;Culture;Period
C03006;\N;Neolithic
C03007;\N;Neolithic
C03008;\N;Neolithic
C03009;\N;Neolithic
C03010;\N;Neolithic
C03011;\N;Neolithic
C03012;\N;Neolithic
C03013;\N;Neolithic
C03014;\N;Neolithic
C03015;\N;Neolithic
C03016;\N;Neolithic
C03022;\N;Neolithic
C03023;\N;Neolithic
C03024;\N;Neolithic
C03025;\N;Neolithic
C03026;\N;Neolithic
C03027;\N;Neolithic
C03028;\N;Neolithic
C03029;\N;Neolithic
C03030;\N;Bronze Age
C03031;\N;Bronze Age
C03456;\N;Bronze Age
C03457;\N;Bronze Age
C03458;\N;Bronze Age
C03459;\N;Bronze Age
C03460;\N;Bronze Age
C03461;\N;Neolithic
C03462;\N;Neolithic
C03463;\N;Neolithic
C03464;\N;Eneolithic
C03465;\N;Eneolithic
C03466;\N;Bronze Age
C03467;\N;Bronze Age
C03468;\N;Iron Age
C03490;\N;Bronze Age
C03491;\N;Bronze Age
C03492;\N;Bronze Age
C03493;\N;Bronze Age
C03506;\N;Neolithic
C03507;\N;Neolithic
C03508;\N;Neolithic
C03509;\N;Neolithic
C03510;\N;Neolithic
C03511;\N;Bronze Age
C03512;\N;Bronze Age
C03513;\N;Bronze Age
C03514;\N;Bronze Age
C03515;\N;Neolithic
C03516;\N;Eneolithic
C03517;\N;Eneolithic
C03518;\N;Eneolithic
C03519;\N;Eneolithic
C03520;\N;Eneolithic
C03521;\N;Eneolithic
C03522;\N;Eneolithic
C03523;\N;Eneolithic
C03524;\N;Eneolithic
C03525;\N;Eneolithic
C03526;\N;Eneolithic
C03527;\N;Eneolithic
C03528;\N;Eneolithic
C03529;\N;Eneolithic
C03530;\N;Eneolithic
C03531;\N;Eneolithic
C03532;\N;Eneolithic
C03533;\N;Eneolithic
C03534;\N;Eneolithic
C03535;\N;Eneolithic
C03536;\N;Eneolithic
C03537;\N;Eneolithic
C03538;\N;Eneolithic
C03539;\N;Eneolithic
C03540;\N;Eneolithic
C03541;\N;Eneolithic
C03542;\N;Eneolithic
C03543;\N;Eneolithic
C03544;\N;Eneolithic
C03545;\N;Eneolithic
C03546;\N;Eneolithic
C03547;\N;Eneolithic
C03548;\N;Eneolithic
C03549;\N;Eneolithic
C03550;\N;Eneolithic
C03551;\N;Eneolithic
C03552;\N;Eneolithic
C03553;\N;Eneolithic
C03554;\N;Eneolithic
C03555;\N;Eneolithic
C03556;\N;Eneolithic
C03557;\N;Eneolithic
C03558;\N;Eneolithic
C03647;\N;Bronze Age/Iron Age
C03654;\N;Mesolithic
C03655;\N;Mesolithic
C03656;\N;Mesolithic
C03657;\N;Mesolithic
C03658;\N;Mesolithic
C03659;\N;Mesolithic
C03660;\N;Mesolithic
C03661;\N;Mesolithic
C03662;\N;Bronze Age
C03663;\N;Bronze Age
C03664;\N;Bronze Age
C03665;\N;Bronze Age
C03666;\N;Bronze Age
C03667;\N;Bronze Age
C03668;\N;Bronze Age
C03669;\N;Bronze Age
C03670;\N;Bronze Age
C03671;\N;Bronze Age
C03672;\N;Bronze Age
C03673;\N;Bronze Age
C03674;\N;Bronze Age
C03675;\N;Bronze Age
C03676;\N;Bronze Age
C03677;\N;Bronze Age
C03747;\N;Neolithic
C03748;\N;Neolithic
C03749;\N;Neolithic
C03750;\N;Neolithic
C03751;\N;Neolithic
C03825;\N;Mesolithic
C03826;\N;Mesolithic
C03827;\N;Mesolithic
C03828;\N;Mesolithic
C03829;\N;Mesolithic
C03830;\N;Mesolithic
C03831;\N;Mesolithic
C03832;\N;Mesolithic
C03833;\N;Mesolithic
C03834;\N;Mesolithic
C03835;\N;Mesolithic
C03836;\N;Mesolithic
C03837;\N;Mesolithic
C03838;\N;Mesolithic
C03839;\N;Mesolithic
C03840;\N;Mesolithic
C03841;\N;Mesolithic
C03842;\N;Mesolithic
C03843;\N;Mesolithic
C03844;\N;Mesolithic
C03847;\N;Mesolithic
C03849;\N;Mesolithic
C03850;\N;Mesolithic
C03851;\N;Mesolithic
C03852;\N;Mesolithic
C03853;\N;Mesolithic
C03854;\N;Mesolithic
C03855;\N;Mesolithic
C03856;\N;Mesolithic
C03857;\N;Mesolithic
C03858;\N;Mesolithic
C03859;\N;Mesolithic
C03860;\N;Mesolithic
C03861;\N;Mesolithic
C03862;\N;Mesolithic
C03863;\N;Mesolithic
C03935;\N;Mesolithic
C03936;\N;Mesolithic
C03937;\N;Mesolithic
C03938;\N;Mesolithic
C03939;\N;Mesolithic
C03940;\N;Mesolithic
C03941;\N;Mesolithic
C03942;\N;Mesolithic
C03943;\N;Mesolithic
C03944;\N;Mesolithic
C03945;\N;Mesolithic
C03946;\N;Mesolithic/Neolithic
C03947;\N;Mesolithic/Neolithic
C03948;\N;Mesolithic
C03949;\N;Mesolithic
C03950;\N;Eneolithic
C03951;\N;Mesolithic
C03952;\N;Mesolithic
C03953;\N;Mesolithic
C03954;\N;Mesolithic
C03955;\N;Mesolithic
C03956;\N;Mesolithic
C03957;\N;Mesolithic
C03958;\N;Mesolithic
C03959;\N;Mesolithic
C03960;\N;Mesolithic
C03961;\N;Mesolithic
C03962;\N;Mesolithic/Neolithic
C03963;\N;Mesolithic/Neolithic
C03964;\N;Mesolithic/Neolithic
C03965;\N;Mesolithic/Neolithic
C03966;\N;Mesolithic/Neolithic
C03967;\N;Mesolithic/Neolithic
C03968;\N;Mesolithic/Neolithic
C03969;\N;Mesolithic
C03970;\N;Mesolithic
C03971;\N;Mesolithic
C03972;\N;Mesolithic
C03973;\N;Mesolithic
C03973;\N;Mesolithic
C04072;\N;Bronze Age
C04073;\N;Eneolithic/Bronze Age
C04384;\N;Bronze Age
C04385;\N;Bronze Age
C04432;\N;Bronze Age
C04433;\N;Bronze Age
C07733;\N;Bronze Age
C09351;\N;Bronze Age
C09352;\N;Iron Age
C09355;\N;Eneolithic
C09356;\N;Eneolithic
C09357;\N;Eneolithic
C09364;\N;Neolithic
C09365;\N;Neolithic
C09366;\N;Neolithic
C09367;\N;Neolithic
C09368;\N;Neolithic
C09369;\N;Neolithic
C09373;\N;Mesolithic
C09374;\N;Neolithic
C09375;\N;Neolithic
C09381;\N;Bronze Age
C09382;\N;Bronze Age
C09396;\N;Neolithic
C09397;\N;Neolithic
C09398;\N;Neolithic
C09402;\N;Mesolithic
C09404;\N;Mesolithic
C09412;\N;Mesolithic
C09413;\N;Mesolithic
C09414;\N;Mesolithic
C09415;\N;Mesolithic
C09420;\N;Mesolithic
C09421;\N;Mesolithic
C09422;\N;Mesolithic
C09423;\N;Mesolithic
C09424;\N;Mesolithic
C09425;\N;Neolithic
C09431;\N;Neolithic
C09432;\N;Neolithic
C09443;\N;Neolithic
C09444;\N;Neolithic
C09445;\N;Neolithic
C09446;\N;Neolithic
C09447;\N;Neolithic
C09448;\N;Neolithic
C09449;\N;Neolithic
C09450;\N;Neolithic
C09451;\N;Neolithic
C09452;\N;Neolithic
C09453;\N;Neolithic
C09459;\N;Mesolithic
C09460;\N;Neolithic
C09461;\N;Neolithic
C09464;\N;Mesolithic
C09465;\N;Mesolithic
C09466;\N;Mesolithic
C09475;\N;Bronze Age
C09477;\N;Neolithic
C09478;\N;Neolithic
C09479;\N;Neolithic
C09480;\N;Neolithic
C09481;\N;Neolithic
C09482;\N;Bronze Age
C09483;\N;Neolithic
C09484;\N;Neolithic
C09485;\N;Neolithic
C09486;\N;Neolithic
C09499;\N;Neolithic
C09501;\N;Neolithic
C09506;\N;Neolithic
C09507;\N;Neolithic
C09509;\N;Neolithic
C09516;\N;Mesolithic/Neolithic
C09517;\N;Neolithic
C09519;\N;Neolithic
C09520;\N;Neolithic
C09521;\N;Neolithic
C09522;\N;Neolithic
C09523;\N;Neolithic
C09524;\N;Neolithic
C09525;\N;Neolithic
C09526;\N;Neolithic
C09528;\N;Neolithic
C09529;\N;Neolithic
C09530;\N;Neolithic
C09531;\N;Mesolithic
C09532;\N;Neolithic
C09533;\N;Neolithic
C09534;\N;Neolithic
C09535;\N;Neolithic
C09536;\N;Neolithic
C09537;\N;Neolithic
C09538;\N;Neolithic
C09539;\N;Neolithic
C09541;\N;Neolithic
C09546;\N;Medieval
C09549;\N;Neolithic
C09550;\N;Neolithic
C09553;\N;Bronze Age
C09556;\N;Neolithic
C09563;\N;Bronze Age
C09565;\N;Neolithic
C09566;\N;Mesolithic/Neolithic
C09651;\N;Neolithic
C09657;\N;Neolithic
C09658;\N;Neolithic
C09659;\N;Iron Age
C09661;\N;Neolithic
C09662;\N;\N
C09663;\N;Neolithic
C09664;\N;Neolithic
C09718;\N;Neolithic
C09719;\N;Bronze Age
C09720;\N;Neolithic
C09721;\N;Mesolithic
C09722;\N;Paleolithic
C09753;\N;Bronze Age/Iron Age
C09783;\N;Bronze Age/Iron Age
C09784;\N;Bronze Age/Iron Age
C09840;\N;Neolithic
C10304;\N;Neolithic
C10305;\N;Neolithic
C10306;\N;Neolithic
C10307;\N;Neolithic
C10308;\N;Neolithic
C10309;\N;Neolithic
C10310;\N;Neolithic
C10311;\N;Neolithic
C10312;\N;Mesolithic
C10313;\N;Mesolithic
C10314;\N;Mesolithic
C10315;\N;Bronze Age
C10320;\N;Mesolithic
C10345;\N;Neolithic
C10348;\N;Neolithic
C10349;\N;Neolithic
C10350;\N;Neolithic
C10352;\N;Neolithic
C10353;\N;Neolithic
C10354;\N;Neolithic
C10356;\N;Neolithic
C10357;\N;Neolithic
C10374;\N;Mesolithic
C10375;\N;Mesolithic
C10376;\N;Mesolithic
C10377;\N;Mesolithic
C10378;\N;Mesolithic
C10379;\N;Mesolithic
C10380;\N;Mesolithic
C10381;\N;Mesolithic
C10382;\N;Mesolithic
C10383;\N;Mesolithic
C10384;\N;Mesolithic
C10385;\N;Mesolithic
C10386;\N;Mesolithic
C10397;\N;Mesolithic/Neolithic
C10398;\N;Mesolithic/Neolithic
C10399;\N;Mesolithic/Neolithic
C12000;\N;Neolithic/Bronze Age
C12001;\N;Bronze Age
C12002;\N;Bronze Age
C12003;\N;Bronze Age
C12004;\N;Bronze Age
C12005;\N;Bronze Age
C12006;\N;Bronze Age
C12007;\N;Bronze Age
C12008;\N;Bronze Age
C12009;\N;Bronze Age
C12010;\N;Bronze Age
C12011;\N;Bronze Age
C12012;\N;Bronze Age
C12017;\N;Bronze Age
C12018;\N;Bronze Age
C12019;\N;Bronze Age
C12020;\N;Bronze Age
C12021;\N;Bronze Age
C12022;\N;Bronze Age
C12023;\N;Bronze Age
C12025;\N;Iron Age
C12026;\N;Iron Age
C12027;\N;Iron Age
C12028;\N;Iron Age
C12029;\N;Iron Age
C12030;\N;Iron Age
C12031;\N;Iron Age
C12035;\N;Neolithic
C12036;\N;Neolithic
C12037;\N;Neolithic
C12038;\N;Neolithic
C12039;\N;Neolithic
C12063;\N;Neolithic
C12064;\N;Mesolithic
C12065;\N;Mesolithic
C12069;\N;Neolithic
C12070;\N;Neolithic
C12071;\N;Neolithic
C12072;\N;Neolithic
C12073;\N;Neolithic
C12074;\N;Neolithic
C12075;\N;Neolithic
C12099;\N;Bronze Age
C12103;\N;Bronze Age
C12104;\N;Neolithic
C12110;\N;Neolithic
C12118;\N;Bronze Age
C12123;\N;Bronze Age
C12124;\N;Bronze Age
C12129;\N;Bronze Age
C12130;\N;Bronze Age
C12131;\N;Bronze Age
C12132;\N;Bronze Age
C12133;\N;Bronze Age
C12134;\N;Bronze Age
C12135;\N;Bronze Age
C12136;\N;Bronze Age
C12137;\N;Bronze Age
C12138;\N;Bronze Age
C12139;\N;Bronze Age
C12140;\N;Bronze Age
C12493;\N;Mesolithic
C12494;\N;Mesolithic
C12523;\N;Neolithic
C12524;\N;Neolithic
C12525;\N;Neolithic
C12526;\N;Neolithic
C12527;\N;Neolithic
C12528;\N;Neolithic
C12529;\N;Neolithic
C12530;\N;Neolithic
C12531;\N;Neolithic
C12532;\N;Neolithic
C12533;\N;Neolithic
C12534;\N;Neolithic
C12535;\N;Neolithic
C12536;\N;Neolithic
C12537;\N;Neolithic
C12538;\N;Neolithic
C12539;\N;Neolithic
C12540;\N;Neolithic
C12541;\N;Neolithic
C12542;\N;Neolithic
C12543;\N;Neolithic
C12544;\N;Neolithic
C12567;\N;Neolithic
C12568;\N;Neolithic
C12569;\N;Neolithic
C12570;\N;Neolithic
C12571;\N;Neolithic
C12572;\N;Neolithic
C12573;\N;Neolithic
C12574;\N;Neolithic
C13002;\N;Eneolithic
C13003;\N;Eneolithic
C13004;\N;Eneolithic
C13059;\N;Bronze Age
C13089;\N;Bronze Age
C13090;\N;Bronze Age
C13093;\N;Bronze Age
C13094;\N;Bronze Age
C13095;\N;Bronze Age
C13096;\N;Bronze Age
C13097;\N;Bronze Age
C13098;\N;Bronze Age
C13099;\N;Bronze Age
C13100;\N;Bronze Age
C13111;\N;Bronze Age
C13112;\N;Bronze Age
C13113;\N;Bronze Age
C13114;\N;Bronze Age
C13115;\N;Bronze Age
C13116;\N;Bronze Age
C13117;\N;Iron Age
C13118;\N;Iron Age
C13119;\N;Iron Age
C13120;\N;Bronze Age
C13121;\N;Bronze Age
C13122;\N;Bronze Age
C13149;\N;Eneolithic
C13150;\N;Eneolithic
C13518;\N;Bronze Age
C13526;\N;Iron Age
C13527;\N;Iron Age
C13638;\N;Neolithic
C13680;\N;Bronze Age
C13682;\N;Bronze Age
C13683;\N;Bronze Age
C13684;\N;Bronze Age/Iron Age
C13685;\N;Bronze Age
C13686;\N;Bronze Age
C13687;\N;Bronze Age
C13688;\N;Bronze Age
C13689;\N;Bronze Age
C13717;\N;Eneolithic
C13718;\N;Eneolithic
C13742;\N;Bronze Age
C13745;\N;Iron Age
C13746;\N;Iron Age
C13764;\N;Neolithic
C12041;\N;Neolithic
C12042;\N;Neolithic
C12043;\N;Neolithic
C12044;\N;Neolithic
C12045;\N;Neolithic
C12047;\N;Neolithic
C03300;\N;Bronze Age
C03697;\N;Neolithic
C13037;\N;Neolithic
C12105;\N;Neolithic
C12106;\N;Neolithic
C12107;\N;Neolithic
C12108;\N;Neolithic
C12109;\N;Neolithic
C12111;\N;Neolithic
C12112;\N;Neolithic
C12127;\N;Neolithic
C12128;\N;Neolithic
C12566;\N;Neolithic
C03698;\N;Neolithic
C13528;\N;Bronze Age/Iron Age
C13530;\N;Bronze Age/Iron Age
C13743;\N;Iron Age
C13747;\N;Bronze Age/Iron Age
C13748;\N;Bronze Age/Iron Age
C13749;\N;Bronze Age/Iron Age
C13750;\N;Bronze Age/Iron Age
C13751;\N;Bronze Age/Iron Age
C09376;\N;Neolithic
C07549;\N;Eneolithic
C07588;\N;Eneolithic
C07656;\N;Eneolithic
C07670;\N;Eneolithic
C03625;\N;Neolithic
C03626;\N;Neolithic
C03627;\N;Neolithic
C03628;\N;Neolithic
C03629;\N;Neolithic
C03630;\N;Neolithic
C03631;\N;Neolithic
C03632;\N;Neolithic
C03633;\N;Neolithic
C03470;\N;Neolithic
C13639;\N;Neolithic
C13640;\N;Neolithic
C13641;\N;Neolithic
C13642;\N;Neolithic
C13643;\N;Neolithic
C13644;\N;Neolithic
C13645;\N;Neolithic
C13646;\N;Neolithic
C13647;\N;Bronze Age
C12545;\N;Neolithic
C12546;\N;Neolithic
C12547;\N;Neolithic
C12548;\N;Neolithic
C12549;\N;Neolithic
C12550;\N;Neolithic
C12551;\N;Neolithic
C12552;\N;Neolithic
C12553;\N;Neolithic
C12049;\N;Neolithic
C12050;\N;Neolithic
C12051;\N;Neolithic
C12052;\N;Neolithic
C12053;\N;Neolithic
C12054;\N;Neolithic
C12055;\N;Neolithic
C12056;\N;Neolithic
C12057;\N;Neolithic
C03186;\N;Neolithic
C07499;\N;Neolithic
C07500;\N;Neolithic
C13770;\N;Neolithic
C03209;\N;Neolithic
C07746;\N;Neolithic
C12013;\N;Bronze Age
C12014;\N;Bronze Age
C12015;\N;Bronze Age
C12016;\N;Bronze Age
C09724;\N;Neolithic
C09725;\N;Neolithic
C09727;\N;Neolithic
C09729;\N;Neolithic
C09731;\N;Neolithic
C09733;\N;Neolithic
C09735;\N;Neolithic
C07665;\N;Eneolithic
C07666;\N;Eneolithic
C09387;\N;Mesolithic/Neolithic
C09388;\N;Mesolithic/Neolithic
C09389;\N;Mesolithic/Neolithic
C09527;\N;Neolithic
C09542;\N;Neolithic
C09543;\N;Neolithic
C03000;\N;Neolithic
C03001;\N;Neolithic
C03002;\N;Neolithic
C03003;\N;Neolithic
C09360;Andronovo;Bronze Age
C09361;Andronovo;Bronze Age
C09354;Andronovo;Bronze Age
C09358;Andronovo;Bronze Age
C09359;Andronovo;Bronze Age
C04067;Andronovo;Bronze Age
C04068;Andronovo;Bronze Age
C04069;Andronovo;Bronze Age
C04070;Andronovo;Bronze Age
C04071;Andronovo;Bronze Age
C09349;\N;Neolithic
C09350;\N;Neolithic
C00011;Baden;Eneolithic
C03357;Baden;Eneolithic
C03358;Baden;Eneolithic
C03733;Baden;Eneolithic
C03734;Baden;Eneolithic
C03735;Baden;Eneolithic
C03736;Baden;Eneolithic
C03737;Baden;Eneolithic
C04756;Baden;Eneolithic
C04757;Baden;Eneolithic
C04758;Baden;Eneolithic
C04759;Baden;Eneolithic
C04760;Baden;Eneolithic
C04761;Baden;Eneolithic
C04762;Baden;Eneolithic
C04763;Baden;Eneolithic
C04764;Baden;Eneolithic
C04765;Baden;Eneolithic
C04766;Baden;Eneolithic
C04767;Baden;Eneolithic
C04768;Baden;Eneolithic
C04769;Baden;Eneolithic
C04770;Baden;Eneolithic
C04771;Baden;Eneolithic
C04772;Baden;Eneolithic
C04773;Baden;Eneolithic
C04774;Baden;Eneolithic
C04775;Baden;Eneolithic
C04776;Baden;Eneolithic
C04777;Baden;Eneolithic
C04778;Baden;Eneolithic
C04779;Baden;Eneolithic
C04780;Baden;Eneolithic
C04781;Baden;Eneolithic
C04782;Baden;Eneolithic
C04783;Baden;Eneolithic
C04784;Baden;Eneolithic
C04785;Baden;Eneolithic
C04786;Baden;Eneolithic
C04787;Baden;Eneolithic
C04788;Baden;Eneolithic
C04789;Baden;Eneolithic
C04790;Baden;Eneolithic
C04791;Baden;Eneolithic
C04792;Baden;Eneolithic
C04793;Baden;Eneolithic
C04794;Baden;Eneolithic
C04795;Baden;Eneolithic
C04796;Baden;Eneolithic
C04797;Baden;Eneolithic
C04798;Baden;Eneolithic
C04799;Baden;Eneolithic
C04800;Baden;Eneolithic
C04801;Baden;Eneolithic
C04802;Baden;Eneolithic
C04803;Baden;Eneolithic
C04804;Baden;Eneolithic
C04805;Baden;Eneolithic
C04806;Baden;Eneolithic
C04807;Baden;Eneolithic
C04808;Baden;Eneolithic
C04809;Baden;Eneolithic
C04810;Baden;Eneolithic
C04811;Baden;Eneolithic
C04812;Baden;Eneolithic
C04813;Baden;Eneolithic
C04814;Baden;Eneolithic
C04815;Baden;Eneolithic
C04816;Baden;Eneolithic
C04817;Baden;Eneolithic
C04818;Baden;Eneolithic
C04819;Baden;Eneolithic
C04820;Baden;Eneolithic
C04821;Baden;Eneolithic
C04822;Baden;Eneolithic
C04823;Baden;Eneolithic
C04824;Baden;Eneolithic
C04825;Baden;Eneolithic
C04826;Baden;Eneolithic
C04827;Baden;Eneolithic
C04828;Baden;Eneolithic
C04829;Baden;Eneolithic
C04830;Baden;Eneolithic
C04831;Baden;Eneolithic
C04832;Baden;Eneolithic
C04833;Baden;Eneolithic
C04834;Baden;Eneolithic
C04835;Baden;Eneolithic
C04836;Baden;Eneolithic
C04837;Baden;Eneolithic
C04838;Baden;Eneolithic
C04839;Baden;Eneolithic
C04840;Baden;Eneolithic
C04841;Baden;Eneolithic
C04842;Baden;Eneolithic
C04843;Baden;Eneolithic
C04844;Baden;Eneolithic
C04845;Baden;Eneolithic
C04846;Baden;Eneolithic
C04847;Baden;Eneolithic
C04848;Baden;Eneolithic
C04849;Baden;Eneolithic
C04850;Baden;Eneolithic
C04851;Baden;Eneolithic
C04852;Baden;Eneolithic
C04853;Baden;Eneolithic
C04854;Baden;Eneolithic
C04855;Baden;Eneolithic
C04856;Baden;Eneolithic
C04857;Baden;Eneolithic
C04858;Baden;Eneolithic
C04859;Baden;Eneolithic
C04860;Baden;Eneolithic
C04861;Baden;Eneolithic
C04862;Baden;Eneolithic
C04863;Baden;Eneolithic
C04864;Baden;Eneolithic
C04865;Baden;Eneolithic
C04866;Baden;Eneolithic
C04867;Baden;Eneolithic
C04868;Baden;Eneolithic
C04869;Baden;Eneolithic
C04870;Baden;Eneolithic
C04871;Baden;Eneolithic
C04872;Baden;Eneolithic
C04873;Baden;Eneolithic
C04874;Baden;Eneolithic
C04875;Baden;Eneolithic
C04876;Baden;Eneolithic
C04877;Baden;Eneolithic
C04878;Baden;Eneolithic
C04879;Baden;Eneolithic
C04880;Baden;Eneolithic
C04881;Baden;Eneolithic
C04882;Baden;Eneolithic
C04883;Baden;Eneolithic
C04884;Baden;Eneolithic
C04885;Baden;Eneolithic
C04886;Baden;Eneolithic
C04887;Baden;Eneolithic
C04888;Baden;Eneolithic
C04889;Baden;Eneolithic
C04890;Baden;Eneolithic
C04891;Baden;Eneolithic
C04892;Baden;Eneolithic
C04893;Baden;Eneolithic
C04894;Baden;Eneolithic
C04895;Baden;Eneolithic
C04896;Baden;Eneolithic
C04897;Baden;Eneolithic
C04898;Baden;Eneolithic
C04899;Baden;Eneolithic
C04900;Baden;Eneolithic
C04901;Baden;Eneolithic
C04902;Baden;Eneolithic
C04903;Baden;Eneolithic
C04904;Baden;Eneolithic
C04905;Baden;Eneolithic
C04906;Baden;Eneolithic
C04907;Baden;Eneolithic
C04908;Baden;Eneolithic
C04909;Baden;Eneolithic
C04910;Baden;Eneolithic
C04911;Baden;Eneolithic
C04912;Baden;Eneolithic
C04913;Baden;Eneolithic
C04914;Baden;Eneolithic
C04915;Baden;Eneolithic
C04916;Baden;Eneolithic
C04917;Baden;Eneolithic
C04918;Baden;Eneolithic
C04919;Baden;Eneolithic
C04920;Baden;Eneolithic
C04921;Baden;Eneolithic
C04922;Baden;Eneolithic
C04923;Baden;Eneolithic
C04924;Baden;Eneolithic
C04925;Baden;Eneolithic
C04926;Baden;Eneolithic
C04927;Baden;Eneolithic
C04928;Baden;Eneolithic
C04929;Baden;Eneolithic
C04930;Baden;Eneolithic
C04931;Baden;Eneolithic
C04932;Baden;Eneolithic
C04933;Baden;Eneolithic
C04934;Baden;Eneolithic
C04935;Baden;Eneolithic
C04936;Baden;Eneolithic
C04937;Baden;Eneolithic
C04938;Baden;Eneolithic
C04939;Baden;Eneolithic
C04940;Baden;Eneolithic
C04941;Baden;Eneolithic
C04942;Baden;Eneolithic
C04943;Baden;Eneolithic
C04944;Baden;Eneolithic
C04945;Baden;Eneolithic
C04946;Baden;Eneolithic
C04947;Baden;Eneolithic
C04948;Baden;Eneolithic
C04949;Baden;Eneolithic
C04950;Baden;Eneolithic
C04951;Baden;Eneolithic
C04952;Baden;Eneolithic
C04953;Baden;Eneolithic
C04954;Baden;Eneolithic
C04955;Baden;Eneolithic
C04956;Baden;Eneolithic
C04957;Baden;Eneolithic
C04958;Baden;Eneolithic
C04959;Baden;Eneolithic
C04960;Baden;Eneolithic
C04961;Baden;Eneolithic
C04962;Baden;Eneolithic
C04963;Baden;Eneolithic
C04964;Baden;Eneolithic
C04965;Baden;Eneolithic
C04966;Baden;Eneolithic
C04967;Baden;Eneolithic
C04968;Baden;Eneolithic
C04969;Baden;Eneolithic
C04970;Baden;Eneolithic
C04971;Baden;Eneolithic
C04972;Baden;Eneolithic
C04973;Baden;Eneolithic
C04974;Baden;Eneolithic
C04975;Baden;Eneolithic
C04976;Baden;Eneolithic
C04977;Baden;Eneolithic
C04978;Baden;Eneolithic
C04979;Baden;Eneolithic
C04980;Baden;Eneolithic
C04981;Baden;Eneolithic
C04982;Baden;Eneolithic
C04983;Baden;Eneolithic
C04984;Baden;Eneolithic
C04985;Baden;Eneolithic
C04986;Baden;Eneolithic
C04987;Baden;Eneolithic
C04988;Baden;Eneolithic
C04989;Baden;Eneolithic
C04990;Baden;Eneolithic
C04991;Baden;Eneolithic
C04992;Baden;Eneolithic
C04993;Baden;Eneolithic
C04994;Baden;Eneolithic
C04995;Baden;Eneolithic
C04996;Baden;Eneolithic
C04997;Baden;Eneolithic
C04998;Baden;Eneolithic
C04999;Baden;Eneolithic
C05000;Baden;Eneolithic
C05001;Baden;Eneolithic
C05002;Baden;Eneolithic
C05003;Baden;Eneolithic
C05004;Baden;Eneolithic
C05005;Baden;Eneolithic
C05006;Baden;Eneolithic
C05007;Baden;Eneolithic
C05008;Baden;Eneolithic
C05009;Baden;Eneolithic
C05010;Baden;Eneolithic
C05011;Baden;Eneolithic
C05012;Baden;Eneolithic
C05013;Baden;Eneolithic
C05014;Baden;Eneolithic
C05015;Baden;Eneolithic
C05016;Baden;Eneolithic
C05017;Baden;Eneolithic
C05018;Baden;Eneolithic
C05019;Baden;Eneolithic
C05020;Baden;Eneolithic
C05021;Baden;Eneolithic
C05022;Baden;Eneolithic
C05023;Baden;Eneolithic
C05024;Baden;Eneolithic
C05025;Baden;Eneolithic
C05026;Baden;Eneolithic
C05027;Baden;Eneolithic
C05028;Baden;Eneolithic
C05029;Baden;Eneolithic
C05030;Baden;Eneolithic
C05031;Baden;Eneolithic
C05032;Baden;Eneolithic
C05033;Baden;Eneolithic
C05034;Baden;Eneolithic
C05035;Baden;Eneolithic
C05036;Baden;Eneolithic
C05037;Baden;Eneolithic
C05038;Baden;Eneolithic
C05039;Baden;Eneolithic
C05040;Baden;Eneolithic
C05041;Baden;Eneolithic
C05042;Baden;Eneolithic
C05043;Baden;Eneolithic
C05044;Baden;Eneolithic
C05045;Baden;Eneolithic
C05046;Baden;Eneolithic
C05047;Baden;Eneolithic
C05048;Baden;Eneolithic
C05049;Baden;Eneolithic
C05050;Baden;Eneolithic
C05051;Baden;Eneolithic
C05052;Baden;Eneolithic
C05053;Baden;Eneolithic
C05054;Baden;Eneolithic
C05055;Baden;Eneolithic
C05056;Baden;Eneolithic
C05057;Baden;Eneolithic
C05058;Baden;Eneolithic
C05059;Baden;Eneolithic
C05060;Baden;Eneolithic
C05061;Baden;Eneolithic
C05062;Baden;Eneolithic
C05063;Baden;Eneolithic
C05064;Baden;Eneolithic
C05065;Baden;Eneolithic
C05066;Baden;Eneolithic
C05067;Baden;Eneolithic
C05068;Baden;Eneolithic
C05069;Baden;Eneolithic
C05070;Baden;Eneolithic
C05071;Baden;Eneolithic
C05072;Baden;Eneolithic
C05073;Baden;Eneolithic
C05074;Baden;Eneolithic
C05075;Baden;Eneolithic
C05076;Baden;Eneolithic
C05077;Baden;Eneolithic
C05078;Baden;Eneolithic
C05079;Baden;Eneolithic
C05080;Baden;Eneolithic
C05081;Baden;Eneolithic
C05082;Baden;Eneolithic
C05083;Baden;Eneolithic
C05084;Baden;Eneolithic
C05085;Baden;Eneolithic
C05086;Baden;Eneolithic
C05087;Baden;Eneolithic
C05088;Baden;Eneolithic
C05089;Baden;Eneolithic
C05090;Baden;Eneolithic
C05091;Baden;Eneolithic
C05092;Baden;Eneolithic
C05093;Baden;Eneolithic
C05094;Baden;Eneolithic
C05095;Baden;Eneolithic
C05096;Baden;Eneolithic
C05097;Baden;Eneolithic
C05098;Baden;Eneolithic
C05099;Baden;Eneolithic
C05100;Baden;Eneolithic
C05101;Baden;Eneolithic
C05102;Baden;Eneolithic
C05103;Baden;Eneolithic
C05104;Baden;Eneolithic
C05105;Baden;Eneolithic
C05106;Baden;Eneolithic
C05107;Baden;Eneolithic
C05108;Baden;Eneolithic
C05109;Baden;Eneolithic
C05110;Baden;Eneolithic
C05111;Baden;Eneolithic
C05112;Baden;Eneolithic
C05113;Baden;Eneolithic
C05114;Baden;Eneolithic
C05115;Baden;Eneolithic
C05116;Baden;Eneolithic
C05117;Baden;Eneolithic
C05118;Baden;Eneolithic
C05119;Baden;Eneolithic
C05120;Baden;Eneolithic
C05121;Baden;Eneolithic
C05122;Baden;Eneolithic
C05123;Baden;Eneolithic
C05124;Baden;Eneolithic
C05125;Baden;Eneolithic
C05126;Baden;Eneolithic
C05127;Baden;Eneolithic
C05128;Baden;Eneolithic
C05129;Baden;Eneolithic
C05130;Baden;Eneolithic
C05131;Baden;Eneolithic
C05132;Baden;Eneolithic
C05133;Baden;Eneolithic
C05134;Baden;Eneolithic
C05135;Baden;Eneolithic
C05136;Baden;Eneolithic
C05137;Baden;Eneolithic
C05138;Baden;Eneolithic
C05139;Baden;Eneolithic
C05140;Baden;Eneolithic
C05141;Baden;Eneolithic
C05142;Baden;Eneolithic
C05143;Baden;Eneolithic
C05144;Baden;Eneolithic
C05145;Baden;Eneolithic
C05146;Baden;Eneolithic
C05147;Baden;Eneolithic
C05148;Baden;Eneolithic
C05149;Baden;Eneolithic
C05150;Baden;Eneolithic
C05151;Baden;Eneolithic
C05152;Baden;Eneolithic
C05153;Baden;Eneolithic
C05154;Baden;Eneolithic
C05155;Baden;Eneolithic
C05156;Baden;Eneolithic
C05157;Baden;Eneolithic
C05158;Baden;Eneolithic
C05159;Baden;Eneolithic
C05160;Baden;Eneolithic
C05161;Baden;Eneolithic
C05162;Baden;Eneolithic
C05163;Baden;Eneolithic
C05164;Baden;Eneolithic
C05165;Baden;Eneolithic
C05166;Baden;Eneolithic
C05167;Baden;Eneolithic
C05168;Baden;Eneolithic
C05169;Baden;Eneolithic
C05170;Baden;Eneolithic
C05171;Baden;Eneolithic
C05172;Baden;Eneolithic
C05173;Baden;Eneolithic
C05174;Baden;Eneolithic
C05175;Baden;Eneolithic
C05176;Baden;Eneolithic
C05177;Baden;Eneolithic
C05178;Baden;Eneolithic
C05179;Baden;Eneolithic
C05180;Baden;Eneolithic
C05181;Baden;Eneolithic
C05182;Baden;Eneolithic
C05183;Baden;Eneolithic
C05184;Baden;Eneolithic
C05185;Baden;Eneolithic
C05186;Baden;Eneolithic
C05187;Baden;Eneolithic
C05188;Baden;Eneolithic
C05189;Baden;Eneolithic
C05190;Baden;Eneolithic
C05191;Baden;Eneolithic
C05192;Baden;Eneolithic
C05193;Baden;Eneolithic
C05194;Baden;Eneolithic
C05195;Baden;Eneolithic
C05196;Baden;Eneolithic
C05197;Baden;Eneolithic
C05198;Baden;Eneolithic
C05199;Baden;Eneolithic
C05200;Baden;Eneolithic
C05201;Baden;Eneolithic
C05202;Baden;Eneolithic
C05203;Baden;Eneolithic
C05204;Baden;Eneolithic
C05205;Baden;Eneolithic
C05206;Baden;Eneolithic
C05207;Baden;Eneolithic
C05208;Baden;Eneolithic
C05209;Baden;Eneolithic
C05210;Baden;Eneolithic
C05211;Baden;Eneolithic
C05212;Baden;Eneolithic
C05213;Baden;Eneolithic
C05214;Baden;Eneolithic
C05215;Baden;Eneolithic
C05216;Baden;Eneolithic
C05217;Baden;Eneolithic
C05218;Baden;Eneolithic
C05219;Baden;Eneolithic
C05220;Baden;Eneolithic
C05221;Baden;Eneolithic
C05222;Baden;Eneolithic
C05223;Baden;Eneolithic
C05224;Baden;Eneolithic
C05225;Baden;Eneolithic
C05226;Baden;Eneolithic
C05227;Baden;Eneolithic
C05228;Baden;Eneolithic
C05229;Baden;Eneolithic
C05230;Baden;Eneolithic
C05231;Baden;Eneolithic
C05232;Baden;Eneolithic
C05233;Baden;Eneolithic
C07467;Baden;Eneolithic
C07468;Baden;Eneolithic
C09726;Baltic Mesolithic-Neolithic;Mesolithic
C09728;Baltic Mesolithic-Neolithic;Mesolithic
C09730;Baltic Mesolithic-Neolithic;Mesolithic
C09732;Baltic Mesolithic-Neolithic;Mesolithic
C09734;Baltic Mesolithic-Neolithic;Mesolithic
C09736;Baltic Mesolithic-Neolithic;Mesolithic
C09737;Baltic Mesolithic-Neolithic;Mesolithic
C09738;Baltic Mesolithic-Neolithic;Mesolithic
C09750;Baltic Mesolithic-Neolithic;Mesolithic
C09751;Baltic Mesolithic-Neolithic;Mesolithic
C09752;Baltic Mesolithic-Neolithic;Mesolithic
C09754;Baltic Mesolithic-Neolithic;Mesolithic
C09755;Baltic Mesolithic-Neolithic;Mesolithic
C09756;Baltic Mesolithic-Neolithic;Mesolithic
C09760;Baltic Mesolithic-Neolithic;Mesolithic
C09761;Baltic Mesolithic-Neolithic;Mesolithic
C09749;Baltic Mesolithic-Neolithic;Mesolithic/Neolithic
C09757;Baltic Mesolithic-Neolithic;Mesolithic/Neolithic
C09762;Baltic Mesolithic-Neolithic;Mesolithic/Neolithic
C09763;Baltic Mesolithic-Neolithic;Mesolithic/Neolithic
C09764;Baltic Mesolithic-Neolithic;Mesolithic/Neolithic
C09765;Baltic Mesolithic-Neolithic;Mesolithic/Neolithic
C09766;Baltic Mesolithic-Neolithic;Mesolithic/Neolithic
C09767;Baltic Mesolithic-Neolithic;Mesolithic/Neolithic
C09768;Baltic Mesolithic-Neolithic;Mesolithic/Neolithic
C09769;Baltic Mesolithic-Neolithic;Mesolithic/Neolithic
C09770;Baltic Mesolithic-Neolithic;Mesolithic/Neolithic
C09771;Baltic Mesolithic-Neolithic;Mesolithic/Neolithic
C09772;Baltic Mesolithic-Neolithic;Mesolithic/Neolithic
C09773;Baltic Mesolithic-Neolithic;Mesolithic/Neolithic
C09785;Baltic Mesolithic-Neolithic;Mesolithic/Neolithic
C09786;Baltic Mesolithic-Neolithic;Mesolithic/Neolithic
C03070;Bell Beaker complex;Neolithic
C03071;Bell Beaker complex;Neolithic
C03072;Bell Beaker complex;Neolithic
C03073;Bell Beaker complex;Neolithic
C03074;Bell Beaker complex;Neolithic
C03075;Bell Beaker complex;Neolithic
C03076;Bell Beaker complex;Neolithic
C03077;Bell Beaker complex;Neolithic
C03078;Bell Beaker complex;Neolithic
C03079;Bell Beaker complex;Neolithic
C03080;Bell Beaker complex;Neolithic
C03081;Bell Beaker complex;Neolithic
C03082;Bell Beaker complex;Neolithic
C03083;Bell Beaker complex;Neolithic
C03084;Bell Beaker complex;Neolithic
C03085;Bell Beaker complex;Neolithic
C03086;Bell Beaker complex;Neolithic
C03087;Bell Beaker complex;Neolithic
C03088;Bell Beaker complex;Neolithic
C03089;Bell Beaker complex;Neolithic
C03090;Bell Beaker complex;Neolithic
C03091;Bell Beaker complex;Neolithic
C03092;Bell Beaker complex;Neolithic
C03093;Bell Beaker complex;Neolithic
C03094;Bell Beaker complex;Neolithic
C03095;Bell Beaker complex;Neolithic
C03096;Bell Beaker complex;Neolithic
C03097;Bell Beaker complex;Neolithic
C03098;Bell Beaker complex;Neolithic
C03099;Bell Beaker complex;Neolithic
C03100;Bell Beaker complex;Neolithic
C03101;Bell Beaker complex;Neolithic
C03102;Bell Beaker complex;Neolithic
C03103;Bell Beaker complex;Neolithic
C03104;Bell Beaker complex;Neolithic
C03105;Bell Beaker complex;Neolithic
C03106;Bell Beaker complex;Neolithic
C03107;Bell Beaker complex;Neolithic
C03108;Bell Beaker complex;Neolithic
C03109;Bell Beaker complex;Neolithic
C03110;Bell Beaker complex;Neolithic
C03111;Bell Beaker complex;Neolithic
C03112;Bell Beaker complex;Neolithic
C03113;Bell Beaker complex;Neolithic
C02981;Bell Beaker complex;Eneolithic
C02982;Bell Beaker complex;Eneolithic
C02983;Bell Beaker complex;Eneolithic
C02984;Bell Beaker complex;Eneolithic
C02985;Bell Beaker complex;Eneolithic
C02986;Bell Beaker complex;Eneolithic
C02987;Bell Beaker complex;Eneolithic
C02988;Bell Beaker complex;Eneolithic
C02989;Bell Beaker complex;Eneolithic
C02990;Bell Beaker complex;Eneolithic
C02991;Bell Beaker complex;Eneolithic
C02992;Bell Beaker complex;Eneolithic
C02993;Bell Beaker complex;Eneolithic
C02994;Bell Beaker complex;Eneolithic
C02995;Bell Beaker complex;Eneolithic
C02996;Bell Beaker complex;Eneolithic
C02997;Bell Beaker complex;Eneolithic
C02998;Bell Beaker complex;Eneolithic
C02999;Bell Beaker complex;Neolithic
C03017;Bell Beaker complex;Neolithic
C03032;Bell Beaker complex;Neolithic
C03033;Bell Beaker complex;Neolithic
C03034;Bell Beaker complex;Neolithic
C03035;Bell Beaker complex;Neolithic
C03036;Bell Beaker complex;Neolithic
C03037;Bell Beaker complex;Neolithic
C03038;Bell Beaker complex;Neolithic
C03039;Bell Beaker complex;Neolithic
C03040;Bell Beaker complex;Neolithic
C03041;Bell Beaker complex;Neolithic
C03042;Bell Beaker complex;Neolithic
C03043;Bell Beaker complex;Neolithic
C03044;Bell Beaker complex;Neolithic
C03045;Bell Beaker complex;Neolithic
C03046;Bell Beaker complex;Neolithic
C03047;Bell Beaker complex;Neolithic
C03048;Bell Beaker complex;Neolithic
C03049;Bell Beaker complex;Neolithic
C03050;Bell Beaker complex;Neolithic
C03051;Bell Beaker complex;Neolithic
C03052;Bell Beaker complex;Neolithic
C03053;Bell Beaker complex;Neolithic
C03054;Bell Beaker complex;Neolithic
C03055;Bell Beaker complex;Neolithic
C03056;Bell Beaker complex;Neolithic
C03057;Bell Beaker complex;Neolithic
C03058;Bell Beaker complex;Neolithic
C03059;Bell Beaker complex;Neolithic
C03060;Bell Beaker complex;Neolithic
C03061;Bell Beaker complex;Neolithic
C03062;Bell Beaker complex;Neolithic
C03063;Bell Beaker complex;Neolithic
C03064;Bell Beaker complex;Neolithic
C03065;Bell Beaker complex;Neolithic
C03066;Bell Beaker complex;Neolithic
C03067;Bell Beaker complex;Neolithic
C03068;Bell Beaker complex;Neolithic
C03069;Bell Beaker complex;Neolithic
C03114;Bell Beaker complex;Neolithic
C03115;Bell Beaker complex;Neolithic
C03116;Bell Beaker complex;Neolithic
C03117;Bell Beaker complex;Neolithic
C03118;Bell Beaker complex;Neolithic
C03119;Bell Beaker complex;Neolithic
C03120;Bell Beaker complex;Neolithic
C03121;Bell Beaker complex;Neolithic
C03122;Bell Beaker complex;Neolithic
C03123;Bell Beaker complex;Neolithic
C03124;Bell Beaker complex;Neolithic
C03125;Bell Beaker complex;Neolithic
C03126;Bell Beaker complex;Neolithic
C03127;Bell Beaker complex;Neolithic
C03128;Bell Beaker complex;Neolithic
C03129;Bell Beaker complex;Neolithic
C03143;Bell Beaker complex;Neolithic
C03144;Bell Beaker complex;Neolithic
C03145;Bell Beaker complex;Neolithic
C03146;Bell Beaker complex;Neolithic
C03147;Bell Beaker complex;Neolithic
C03148;Bell Beaker complex;Neolithic
C03149;Bell Beaker complex;Neolithic
C03150;Bell Beaker complex;Neolithic
C03156;Bell Beaker complex;Eneolithic
C03157;Bell Beaker complex;Eneolithic
C03158;Bell Beaker complex;Eneolithic
C03159;Bell Beaker complex;Eneolithic
C03160;Bell Beaker complex;Eneolithic
C03161;Bell Beaker complex;Eneolithic
C03214;Bell Beaker complex;Eneolithic
C03215;Bell Beaker complex;Eneolithic
C03216;Bell Beaker complex;Eneolithic
C03217;Bell Beaker complex;Eneolithic
C03218;Bell Beaker complex;Eneolithic
C03221;Bell Beaker complex;Eneolithic
C03222;Bell Beaker complex;Eneolithic
C03223;Bell Beaker complex;Eneolithic
C03224;Bell Beaker complex;Eneolithic
C03225;Bell Beaker complex;Eneolithic
C03226;Bell Beaker complex;Eneolithic
C03236;Bell Beaker complex;Eneolithic
C03237;Bell Beaker complex;Eneolithic
C03238;Bell Beaker complex;Eneolithic
C03239;Bell Beaker complex;Eneolithic
C03240;Bell Beaker complex;Eneolithic
C03241;Bell Beaker complex;Eneolithic
C03242;Bell Beaker complex;Eneolithic
C03243;Bell Beaker complex;Eneolithic
C03244;Bell Beaker complex;Eneolithic
C03245;Bell Beaker complex;Eneolithic
C03246;Bell Beaker complex;Eneolithic
C03247;Bell Beaker complex;Eneolithic
C03248;Bell Beaker complex;Eneolithic
C03249;Bell Beaker complex;Eneolithic
C03250;Bell Beaker complex;Eneolithic
C03251;Bell Beaker complex;Eneolithic
C03252;Bell Beaker complex;Eneolithic
C03253;Bell Beaker complex;Eneolithic
C03254;Bell Beaker complex;Eneolithic
C03255;Bell Beaker complex;Eneolithic
C03256;Bell Beaker complex;Eneolithic
C03257;Bell Beaker complex;Eneolithic
C03258;Bell Beaker complex;Eneolithic
C03259;Bell Beaker complex;Eneolithic
C03260;Bell Beaker complex;Eneolithic
C03261;Bell Beaker complex;Eneolithic
C03262;Bell Beaker complex;Eneolithic
C03263;Bell Beaker complex;Eneolithic
C03264;Bell Beaker complex;Eneolithic
C03265;Bell Beaker complex;Eneolithic
C03266;Bell Beaker complex;Eneolithic
C03267;Bell Beaker complex;Eneolithic
C03271;Bell Beaker complex;Eneolithic
C03272;Bell Beaker complex;Neolithic
C03273;Bell Beaker complex;Neolithic
C03274;Bell Beaker complex;Neolithic
C03275;Bell Beaker complex;Neolithic
C03276;Bell Beaker complex;Neolithic
C03277;Bell Beaker complex;Neolithic
C03278;Bell Beaker complex;Neolithic
C03279;Bell Beaker complex;Neolithic
C03280;Bell Beaker complex;Neolithic
C03281;Bell Beaker complex;Neolithic
C03282;Bell Beaker complex;Neolithic
C03283;Bell Beaker complex;Neolithic
C03284;Bell Beaker complex;Neolithic
C03285;Bell Beaker complex;Neolithic
C03286;Bell Beaker complex;Neolithic
C03287;Bell Beaker complex;Neolithic
C03288;Bell Beaker complex;Neolithic
C03289;Bell Beaker complex;Neolithic
C03290;Bell Beaker complex;Neolithic
C03291;Bell Beaker complex;Neolithic
C03292;Bell Beaker complex;Neolithic
C03293;Bell Beaker complex;Neolithic
C03294;Bell Beaker complex;Neolithic
C03295;Bell Beaker complex;Neolithic
C03296;Bell Beaker complex;Neolithic
C03297;Bell Beaker complex;Neolithic
C03298;Bell Beaker complex;Neolithic
C03299;Bell Beaker complex;Neolithic
C03301;Bell Beaker complex;Neolithic
C03302;Bell Beaker complex;Neolithic
C03303;Bell Beaker complex;Bronze Age
C03304;Bell Beaker complex;Bronze Age
C03305;Bell Beaker complex;Bronze Age
C03306;Bell Beaker complex;Bronze Age
C03307;Bell Beaker complex;Bronze Age
C03308;Bell Beaker complex;Bronze Age
C03309;Bell Beaker complex;Bronze Age
C03310;Bell Beaker complex;Bronze Age
C03311;Bell Beaker complex;Bronze Age
C03312;Bell Beaker complex;Bronze Age
C03313;Bell Beaker complex;Bronze Age
C03314;Bell Beaker complex;Bronze Age
C03315;Bell Beaker complex;Bronze Age
C03316;Bell Beaker complex;Bronze Age
C03317;Bell Beaker complex;Bronze Age
C03318;Bell Beaker complex;Bronze Age
C03319;Bell Beaker complex;Bronze Age
C03320;Bell Beaker complex;Bronze Age
C03321;Bell Beaker complex;Bronze Age
C03322;Bell Beaker complex;Bronze Age
C03323;Bell Beaker complex;Bronze Age
C03324;Bell Beaker complex;Bronze Age
C03325;Bell Beaker complex;Bronze Age
C03326;Bell Beaker complex;Bronze Age
C03327;Bell Beaker complex;Bronze Age
C03328;Bell Beaker complex;Bronze Age
C03329;Bell Beaker complex;Bronze Age
C03330;Bell Beaker complex;Bronze Age
C03331;Bell Beaker complex;Bronze Age
C03332;Bell Beaker complex;Bronze Age
C03333;Bell Beaker complex;Bronze Age
C03334;Bell Beaker complex;Bronze Age
C03335;Bell Beaker complex;Bronze Age
C03336;Bell Beaker complex;Bronze Age
C03338;Bell Beaker complex;Bronze Age
C03339;Bell Beaker complex;Bronze Age
C03341;Bell Beaker complex;Bronze Age
C03494;Bell Beaker complex;Neolithic
C03495;Bell Beaker complex;Neolithic
C03496;Bell Beaker complex;Neolithic
C03497;Bell Beaker complex;Neolithic
C03498;Bell Beaker complex;Neolithic
C03499;Bell Beaker complex;Neolithic
C03500;Bell Beaker complex;Neolithic
C03501;Bell Beaker complex;Neolithic
C03502;Bell Beaker complex;Neolithic
C03503;Bell Beaker complex;Neolithic
C03504;Bell Beaker complex;Neolithic
C03505;Bell Beaker complex;Neolithic
C07469;Bell Beaker complex;Eneolithic
C07470;Bell Beaker complex;Eneolithic
C07471;Bell Beaker complex;Eneolithic
C07472;Bell Beaker complex;Eneolithic
C07489;Bell Beaker complex;Eneolithic
C07490;Bell Beaker complex;Eneolithic
C07510;Bell Beaker complex;Eneolithic
C07511;Bell Beaker complex;Eneolithic
C07512;Bell Beaker complex;Eneolithic
C07513;Bell Beaker complex;Eneolithic
C07514;Bell Beaker complex;Eneolithic
C07515;Bell Beaker complex;Eneolithic
C07516;Bell Beaker complex;Eneolithic
C07612;Bell Beaker complex;Eneolithic
C07613;Bell Beaker complex;Eneolithic
C07614;Bell Beaker complex;Eneolithic
C07615;Bell Beaker complex;Eneolithic
C07616;Bell Beaker complex;Eneolithic
C07647;Bell Beaker complex;Eneolithic
C07648;Bell Beaker complex;Eneolithic
C07649;Bell Beaker complex;Eneolithic
C07712;Bell Beaker complex;Eneolithic
C07713;Bell Beaker complex;Eneolithic
C07714;Bell Beaker complex;Eneolithic
C07715;Bell Beaker complex;Eneolithic
C07716;Bell Beaker complex;Eneolithic
C07717;Bell Beaker complex;Eneolithic
C07718;Bell Beaker complex;Eneolithic
C07719;Bell Beaker complex;Eneolithic
C07720;Bell Beaker complex;Eneolithic
C07721;Bell Beaker complex;Eneolithic
C07765;Bell Beaker complex;Eneolithic
C07766;Bell Beaker complex;Eneolithic
C07767;Bell Beaker complex;Eneolithic
C12125;Bell Beaker complex;Neolithic
C12522;Bell Beaker complex;Bronze Age
C03874;\N;Eneolithic
C03875;\N;Eneolithic
C13672;Bylany;Iron Age
C13673;Bylany;Iron Age
C13674;Bylany;Iron Age
C13675;Bylany;Iron Age
C13676;Bylany;Iron Age
C13677;Bylany;Iron Age
C13678;Bylany;Iron Age
C13679;Bylany;Iron Age
C13729;Bylany;Iron Age
C13730;Bylany;Iron Age
C13760;Bylany;Iron Age
C13761;Bylany;Iron Age
C13762;Bylany;Iron Age
C13763;Bylany;Iron Age
C13766;Bylany;Iron Age
C13767;Bylany;Iron Age
C13768;Bylany;Iron Age
C13769;Bylany;Iron Age
C09399;Cardial-Impresso;Neolithic
C09400;Cardial-Impresso;Neolithic
C09401;Cardial-Impresso;Neolithic
C12495;Cardial-Impresso;Neolithic
C12496;Cardial-Impresso;Neolithic
C12497;Cardial-Impresso;Neolithic
C12498;Cardial-Impresso;Neolithic
C03648;Cardial-Impresso;Neolithic
C03649;Cardial-Impresso;Neolithic
C03650;Cardial-Impresso;Neolithic
C03694;Cardial-Impresso;Neolithic
C03695;Cardial-Impresso;Neolithic
C03696;Cardial-Impresso;Neolithic
C12499;\N;Neolithic
C12500;\N;Neolithic
C12502;\N;Neolithic
C04065;\N;Bronze Age
C04066;\N;Bronze Age
C10319;\N;Bronze Age
C13010;Cernavodă;Eneolithic
C13038;Cernavodă;Eneolithic
C13123;Cernavodă;Eneolithic
C13124;Cernavodă;Eneolithic
C13125;Cernavodă;Eneolithic
C13126;Cernavodă;Eneolithic
C13127;Cernavodă;Eneolithic
C13128;Cernavodă;Eneolithic
C13129;Cernavodă;Eneolithic
C13130;Cernavodă;Eneolithic
C13131;Cernavodă;Eneolithic
C12076;Chasséen;Neolithic
C12077;Chasséen;Neolithic
C12078;Chasséen;Neolithic
C12079;Chasséen;Neolithic
C12080;Chasséen;Neolithic
C12081;Chasséen;Neolithic
C12082;Chasséen;Neolithic
C12083;Chasséen;Neolithic
C12084;Chasséen;Neolithic
C12085;Chasséen;Neolithic
C12086;Chasséen;Neolithic
C12087;Chasséen;Neolithic
C12088;Chasséen;Neolithic
C12089;Chasséen;Neolithic
C12090;Chasséen;Neolithic
C12091;Chasséen;Neolithic
C12092;Chasséen;Neolithic
C12093;Chasséen;Neolithic
C12094;Chasséen;Neolithic
C12095;Chasséen;Neolithic
C12096;Chasséen;Neolithic
C12097;Chasséen;Neolithic
C12098;Chasséen;Neolithic
C12100;Chasséen;Neolithic
C12101;Chasséen;Neolithic
C12102;Chasséen;Neolithic
C12501;Chasséen;Neolithic
C09739;Combed Ware;Neolithic
C09740;Combed Ware;Neolithic
C09741;Combed Ware;Neolithic
C09742;Combed Ware;Neolithic
C09743;Combed Ware;Neolithic
C09744;Combed Ware;Neolithic
C09745;Combed Ware;Neolithic
C09746;Combed Ware;Neolithic
C09747;Combed Ware;Neolithic
C09748;Combed Ware;Neolithic
C09758;Combed Ware;Neolithic
C09759;Combed Ware;Neolithic
C09774;Combed Ware;Neolithic
C09775;Combed Ware;Neolithic
C09776;Combed Ware;Neolithic
C09777;Combed Ware;Neolithic
C09778;Combed Ware;Neolithic
C09779;Combed Ware;Neolithic
C09780;Combed Ware;Neolithic
C09781;Combed Ware;Neolithic
C03130;Corded Ware/Single Grave/Battle Axe/Fatyanovo;Neolithic
C03131;Corded Ware/Single Grave/Battle Axe/Fatyanovo;Neolithic
C03132;Corded Ware/Single Grave/Battle Axe/Fatyanovo;Neolithic
C03133;Corded Ware/Single Grave/Battle Axe/Fatyanovo;Neolithic
C03134;Corded Ware/Single Grave/Battle Axe/Fatyanovo;Neolithic
C03135;Corded Ware/Single Grave/Battle Axe/Fatyanovo;Neolithic
C03136;Corded Ware/Single Grave/Battle Axe/Fatyanovo;Neolithic
C03137;Corded Ware/Single Grave/Battle Axe/Fatyanovo;Neolithic
C03138;Corded Ware/Single Grave/Battle Axe/Fatyanovo;Neolithic
C03139;Corded Ware/Single Grave/Battle Axe/Fatyanovo;Neolithic
C03140;Corded Ware/Single Grave/Battle Axe/Fatyanovo;Neolithic
C03141;Corded Ware/Single Grave/Battle Axe/Fatyanovo;Neolithic
C03142;Corded Ware/Single Grave/Battle Axe/Fatyanovo;Neolithic
C03268;Corded Ware/Single Grave/Battle Axe/Fatyanovo;Eneolithic
C03269;Corded Ware/Single Grave/Battle Axe/Fatyanovo;Eneolithic
C03270;Corded Ware/Single Grave/Battle Axe/Fatyanovo;Eneolithic
C07453;Corded Ware/Single Grave/Battle Axe/Fatyanovo;Eneolithic
C07454;Corded Ware/Single Grave/Battle Axe/Fatyanovo;Eneolithic
C07455;Corded Ware/Single Grave/Battle Axe/Fatyanovo;Eneolithic
C07456;Corded Ware/Single Grave/Battle Axe/Fatyanovo;Eneolithic
C07457;Corded Ware/Single Grave/Battle Axe/Fatyanovo;Eneolithic
C07458;Corded Ware/Single Grave/Battle Axe/Fatyanovo;Eneolithic
C07459;Corded Ware/Single Grave/Battle Axe/Fatyanovo;Eneolithic
C07460;Corded Ware/Single Grave/Battle Axe/Fatyanovo;Eneolithic
C07461;Corded Ware/Single Grave/Battle Axe/Fatyanovo;Eneolithic
C07462;Corded Ware/Single Grave/Battle Axe/Fatyanovo;Eneolithic
C07463;Corded Ware/Single Grave/Battle Axe/Fatyanovo;Eneolithic
C07464;Corded Ware/Single Grave/Battle Axe/Fatyanovo;Eneolithic
C07465;Corded Ware/Single Grave/Battle Axe/Fatyanovo;Eneolithic
C07522;Corded Ware/Single Grave/Battle Axe/Fatyanovo;Eneolithic
C07538;Corded Ware/Single Grave/Battle Axe/Fatyanovo;Eneolithic
C07539;Corded Ware/Single Grave/Battle Axe/Fatyanovo;Eneolithic
C07540;Corded Ware/Single Grave/Battle Axe/Fatyanovo;Eneolithic
C07541;Corded Ware/Single Grave/Battle Axe/Fatyanovo;Eneolithic
C07542;Corded Ware/Single Grave/Battle Axe/Fatyanovo;Eneolithic
C07589;Corded Ware/Single Grave/Battle Axe/Fatyanovo;Eneolithic
C07590;Corded Ware/Single Grave/Battle Axe/Fatyanovo;Eneolithic
C07591;Corded Ware/Single Grave/Battle Axe/Fatyanovo;Eneolithic
C07592;Corded Ware/Single Grave/Battle Axe/Fatyanovo;Eneolithic
C07593;Corded Ware/Single Grave/Battle Axe/Fatyanovo;Eneolithic
C07595;Corded Ware/Single Grave/Battle Axe/Fatyanovo;Eneolithic
C07596;Corded Ware/Single Grave/Battle Axe/Fatyanovo;Eneolithic
C07597;Corded Ware/Single Grave/Battle Axe/Fatyanovo;Eneolithic
C07609;Corded Ware/Single Grave/Battle Axe/Fatyanovo;Eneolithic
C07610;Corded Ware/Single Grave/Battle Axe/Fatyanovo;Eneolithic
C07611;Corded Ware/Single Grave/Battle Axe/Fatyanovo;Eneolithic
C07622;Corded Ware/Single Grave/Battle Axe/Fatyanovo;Eneolithic
C07623;Corded Ware/Single Grave/Battle Axe/Fatyanovo;Eneolithic
C07624;Corded Ware/Single Grave/Battle Axe/Fatyanovo;Eneolithic
C07625;Corded Ware/Single Grave/Battle Axe/Fatyanovo;Eneolithic
C07644;Corded Ware/Single Grave/Battle Axe/Fatyanovo;Eneolithic
C07645;Corded Ware/Single Grave/Battle Axe/Fatyanovo;Eneolithic
C07646;Corded Ware/Single Grave/Battle Axe/Fatyanovo;Eneolithic
C07651;Corded Ware/Single Grave/Battle Axe/Fatyanovo;Eneolithic
C07652;Corded Ware/Single Grave/Battle Axe/Fatyanovo;Eneolithic
C07653;Corded Ware/Single Grave/Battle Axe/Fatyanovo;Eneolithic
C07654;Corded Ware/Single Grave/Battle Axe/Fatyanovo;Eneolithic
C07655;Corded Ware/Single Grave/Battle Axe/Fatyanovo;Eneolithic
C07664;Corded Ware/Single Grave/Battle Axe/Fatyanovo;Eneolithic
C07671;Corded Ware/Single Grave/Battle Axe/Fatyanovo;Eneolithic
C07672;Corded Ware/Single Grave/Battle Axe/Fatyanovo;Eneolithic
C07673;Corded Ware/Single Grave/Battle Axe/Fatyanovo;Eneolithic
C07674;Corded Ware/Single Grave/Battle Axe/Fatyanovo;Eneolithic
C07675;Corded Ware/Single Grave/Battle Axe/Fatyanovo;Eneolithic
C07676;Corded Ware/Single Grave/Battle Axe/Fatyanovo;Eneolithic
C07677;Corded Ware/Single Grave/Battle Axe/Fatyanovo;Eneolithic
C07678;Corded Ware/Single Grave/Battle Axe/Fatyanovo;Eneolithic
C07679;Corded Ware/Single Grave/Battle Axe/Fatyanovo;Eneolithic
C07680;Corded Ware/Single Grave/Battle Axe/Fatyanovo;Eneolithic
C07681;Corded Ware/Single Grave/Battle Axe/Fatyanovo;Eneolithic
C07682;Corded Ware/Single Grave/Battle Axe/Fatyanovo;Eneolithic
C07683;Corded Ware/Single Grave/Battle Axe/Fatyanovo;Eneolithic
C07684;Corded Ware/Single Grave/Battle Axe/Fatyanovo;Eneolithic
C07685;Corded Ware/Single Grave/Battle Axe/Fatyanovo;Eneolithic
C07686;Corded Ware/Single Grave/Battle Axe/Fatyanovo;Eneolithic
C07687;Corded Ware/Single Grave/Battle Axe/Fatyanovo;Eneolithic
C07688;Corded Ware/Single Grave/Battle Axe/Fatyanovo;Eneolithic
C07689;Corded Ware/Single Grave/Battle Axe/Fatyanovo;Eneolithic
C07690;Corded Ware/Single Grave/Battle Axe/Fatyanovo;Eneolithic
C07691;Corded Ware/Single Grave/Battle Axe/Fatyanovo;Eneolithic
C07692;Corded Ware/Single Grave/Battle Axe/Fatyanovo;Eneolithic
C07693;Corded Ware/Single Grave/Battle Axe/Fatyanovo;Eneolithic
C07694;Corded Ware/Single Grave/Battle Axe/Fatyanovo;Eneolithic
C07695;Corded Ware/Single Grave/Battle Axe/Fatyanovo;Eneolithic
C07696;Corded Ware/Single Grave/Battle Axe/Fatyanovo;Eneolithic
C07697;Corded Ware/Single Grave/Battle Axe/Fatyanovo;Eneolithic
C07698;Corded Ware/Single Grave/Battle Axe/Fatyanovo;Eneolithic
C07699;Corded Ware/Single Grave/Battle Axe/Fatyanovo;Eneolithic
C07700;Corded Ware/Single Grave/Battle Axe/Fatyanovo;Eneolithic
C07701;Corded Ware/Single Grave/Battle Axe/Fatyanovo;Eneolithic
C07702;Corded Ware/Single Grave/Battle Axe/Fatyanovo;Eneolithic
C07703;Corded Ware/Single Grave/Battle Axe/Fatyanovo;Eneolithic
C07704;Corded Ware/Single Grave/Battle Axe/Fatyanovo;Eneolithic
C07705;Corded Ware/Single Grave/Battle Axe/Fatyanovo;Eneolithic
C07706;Corded Ware/Single Grave/Battle Axe/Fatyanovo;Eneolithic
C07707;Corded Ware/Single Grave/Battle Axe/Fatyanovo;Eneolithic
C07708;Corded Ware/Single Grave/Battle Axe/Fatyanovo;Eneolithic
C07709;Corded Ware/Single Grave/Battle Axe/Fatyanovo;Eneolithic
C07710;Corded Ware/Single Grave/Battle Axe/Fatyanovo;Eneolithic
C07711;Corded Ware/Single Grave/Battle Axe/Fatyanovo;Eneolithic
C07744;Corded Ware/Single Grave/Battle Axe/Fatyanovo;Eneolithic
C07745;Corded Ware/Single Grave/Battle Axe/Fatyanovo;Eneolithic
C07747;Corded Ware/Single Grave/Battle Axe/Fatyanovo;Neolithic
C07755;Corded Ware/Single Grave/Battle Axe/Fatyanovo;Eneolithic
C07760;Corded Ware/Single Grave/Battle Axe/Fatyanovo;Eneolithic
C09329;Corded Ware/Single Grave/Battle Axe/Fatyanovo;Neolithic
C09331;Corded Ware/Single Grave/Battle Axe/Fatyanovo;Neolithic
C09377;Corded Ware/Single Grave/Battle Axe/Fatyanovo;Neolithic
C09428;Corded Ware/Single Grave/Battle Axe/Fatyanovo;Neolithic
C09429;Corded Ware/Single Grave/Battle Axe/Fatyanovo;Neolithic
C09430;Corded Ware/Single Grave/Battle Axe/Fatyanovo;Neolithic
C09474;Corded Ware/Single Grave/Battle Axe/Fatyanovo;Neolithic
C09782;Corded Ware/Single Grave/Battle Axe/Fatyanovo;Neolithic
C13771;Corded Ware/Single Grave/Battle Axe/Fatyanovo;Eneolithic
C13772;Corded Ware/Single Grave/Battle Axe/Fatyanovo;Eneolithic
C09371;Corded Ware/Single Grave/Battle Axe/Fatyanovo;Neolithic
C09372;Corded Ware/Single Grave/Battle Axe/Fatyanovo;Neolithic
C09438;Corded Ware/Single Grave/Battle Axe/Fatyanovo;Neolithic
C09439;Corded Ware/Single Grave/Battle Axe/Fatyanovo;Neolithic
C09440;Corded Ware/Single Grave/Battle Axe/Fatyanovo;Neolithic
C09441;Corded Ware/Single Grave/Battle Axe/Fatyanovo;Neolithic
C09442;Corded Ware/Single Grave/Battle Axe/Fatyanovo;Neolithic
C09502;Corded Ware/Single Grave/Battle Axe/Fatyanovo;Neolithic
C09544;Corded Ware/Single Grave/Battle Axe/Fatyanovo;Neolithic
C09545;Corded Ware/Single Grave/Battle Axe/Fatyanovo;Neolithic
C10370;Dnieper-Donets;Neolithic
C10371;Dnieper-Donets;Neolithic
C10372;Dnieper-Donets;Neolithic
C10373;Dnieper-Donets;Neolithic
C03975;Dnieper-Donets;Neolithic
C03976;Dnieper-Donets;Neolithic
C03977;Dnieper-Donets;Neolithic
C03978;Dnieper-Donets;Neolithic
C03979;Dnieper-Donets;Neolithic
C03980;Dnieper-Donets;Neolithic
C03981;Dnieper-Donets;Neolithic
C03982;Dnieper-Donets;Neolithic
C03983;Dnieper-Donets;Neolithic
C03984;Dnieper-Donets;Neolithic
C03985;Dnieper-Donets;Neolithic
C03986;Dnieper-Donets;Neolithic
C03987;Dnieper-Donets;Neolithic
C03988;Dnieper-Donets;Neolithic
C03989;Dnieper-Donets;Neolithic
C03990;Dnieper-Donets;Neolithic
C03991;Dnieper-Donets;Neolithic
C03992;Dnieper-Donets;Neolithic
C03993;Dnieper-Donets;Neolithic
C03994;Dnieper-Donets;Neolithic
C03995;Dnieper-Donets;Neolithic
C03996;Dnieper-Donets;Neolithic
C03997;Dnieper-Donets;Neolithic
C03998;Dnieper-Donets;Neolithic
C03999;Dnieper-Donets;Neolithic
C04000;Dnieper-Donets;Neolithic
C04001;Dnieper-Donets;Neolithic
C04002;Dnieper-Donets;Neolithic
C04003;Dnieper-Donets;Neolithic
C04004;Dnieper-Donets;Neolithic
C04005;Dnieper-Donets;Neolithic
C04006;Dnieper-Donets;Neolithic
C04007;Dnieper-Donets;Neolithic
C04008;Dnieper-Donets;Neolithic
C04009;Dnieper-Donets;Neolithic
C04010;Dnieper-Donets;Neolithic
C04011;Dnieper-Donets;Neolithic
C04012;Dnieper-Donets;Neolithic
C04014;Dnieper-Donets;Neolithic
C04015;Dnieper-Donets;Neolithic
C04016;Dnieper-Donets;Neolithic
C04017;Dnieper-Donets;Neolithic
C04018;Dnieper-Donets;Neolithic
C04019;Dnieper-Donets;Neolithic
C04020;Dnieper-Donets;Neolithic
C04021;Dnieper-Donets;Neolithic
C04022;Dnieper-Donets;Neolithic
C04023;Dnieper-Donets;Neolithic
C04024;Dnieper-Donets;Neolithic
C04025;Dnieper-Donets;Neolithic
C04026;Dnieper-Donets;Neolithic
C03770;Globular Amphora;Neolithic
C03771;Globular Amphora;Neolithic
C03772;Globular Amphora;Neolithic
C03773;Globular Amphora;Neolithic
C03774;Globular Amphora;Neolithic
C03775;Globular Amphora;Neolithic
C03776;Globular Amphora;Neolithic
C03777;Globular Amphora;Neolithic
C03778;Globular Amphora;Neolithic
C03779;Globular Amphora;Neolithic
C03780;Globular Amphora;Neolithic
C03781;Globular Amphora;Neolithic
C03782;Globular Amphora;Neolithic
C03783;Globular Amphora;Neolithic
C03784;Globular Amphora;Neolithic
C03785;Globular Amphora;Neolithic
C03786;Globular Amphora;Neolithic
C03787;Globular Amphora;Neolithic
C03788;Globular Amphora;Neolithic
C03789;Globular Amphora;Neolithic
C03790;Globular Amphora;Neolithic
C03791;Globular Amphora;Neolithic
C03792;Globular Amphora;Neolithic
C03793;Globular Amphora;Neolithic
C03794;Globular Amphora;Neolithic
C03795;Globular Amphora;Neolithic
C03796;Globular Amphora;Neolithic
C03797;Globular Amphora;Neolithic
C04059;Globular Amphora;Neolithic
C04060;Globular Amphora;Neolithic
C04061;Globular Amphora;Neolithic
C04062;Globular Amphora;Neolithic
C04063;Globular Amphora;Neolithic
C04479;Globular Amphora;Neolithic
C07617;Globular Amphora;Eneolithic
C07618;Globular Amphora;Eneolithic
C07619;Globular Amphora;Eneolithic
C07620;Globular Amphora;Eneolithic
C07621;Globular Amphora;Eneolithic
C07667;Globular Amphora;Eneolithic
C07668;Globular Amphora;Eneolithic
C07669;Globular Amphora;Eneolithic
C07750;Globular Amphora;Eneolithic
C07751;Globular Amphora;Eneolithic
C13005;Gumelnița;Eneolithic
C13006;Gumelnița;Eneolithic
C13007;Gumelnița;Eneolithic
C13008;Gumelnița;Eneolithic
C13009;Gumelnița;Eneolithic
C13011;Gumelnița;Eneolithic
C13012;Gumelnița;Eneolithic
C13013;Gumelnița;Eneolithic
C13014;Gumelnița;Eneolithic
C13015;Gumelnița;Eneolithic
C13016;Gumelnița;Eneolithic
C13017;Gumelnița;Eneolithic
C13018;Gumelnița;Eneolithic
C13019;Gumelnița;Eneolithic
C13020;Gumelnița;Eneolithic
C13021;Gumelnița;Eneolithic
C13022;Gumelnița;Eneolithic
C13023;Gumelnița;Eneolithic
C13024;Gumelnița;Eneolithic
C13025;Gumelnița;Eneolithic
C13026;Gumelnița;Eneolithic
C13027;Gumelnița;Eneolithic
C13028;Gumelnița;Eneolithic
C13029;Gumelnița;Eneolithic
C13030;Gumelnița;Eneolithic
C13031;Gumelnița;Eneolithic
C13032;Gumelnița;Eneolithic
C13033;Gumelnița;Eneolithic
C13034;Gumelnița;Eneolithic
C13035;Gumelnița;Eneolithic
C13036;Gumelnița;Eneolithic
C13039;Gumelnița;Eneolithic
C13040;Gumelnița;Eneolithic
C13041;Gumelnița;Eneolithic
C13042;Gumelnița;Eneolithic
C13043;Gumelnița;Eneolithic
C13044;Gumelnița;Eneolithic
C13045;Gumelnița;Eneolithic
C13046;Gumelnița;Eneolithic
C13047;Gumelnița;Eneolithic
C13048;Gumelnița;Eneolithic
C13049;Gumelnița;Eneolithic
C13050;Gumelnița;Eneolithic
C13051;Gumelnița;Eneolithic
C13052;Gumelnița;Eneolithic
C13053;Gumelnița;Eneolithic
C13054;Gumelnița;Eneolithic
C13055;Gumelnița;Eneolithic
C13056;Gumelnița;Eneolithic
C13057;Gumelnița;Eneolithic
C13058;Gumelnița;Eneolithic
C02847;Kisapostag;Bronze Age
C02852;Kisapostag;Bronze Age
C02853;Kisapostag;Bronze Age
C02856;Kisapostag;Bronze Age
C02859;Kisapostag;Bronze Age
C02869;Kisapostag;Bronze Age
C02870;Kisapostag;Bronze Age
C02886;Kisapostag;Bronze Age
C02899;Kisapostag;Bronze Age
C05276;Kisapostag;Bronze Age
C05283;Kisapostag;Bronze Age
C05338;Kisapostag;Bronze Age
C05354;Kisapostag;Bronze Age
C05356;Kisapostag;Bronze Age
C05358;Kisapostag;Bronze Age
C05361;Kisapostag;Bronze Age
C05406;Kisapostag;Bronze Age
C05409;Kisapostag;Bronze Age
C05411;Kisapostag;Bronze Age
C05415;Kisapostag;Bronze Age
C05420;Kisapostag;Bronze Age
C05461;Kisapostag;Bronze Age
C05462;Kisapostag;Bronze Age
C05466;Kisapostag;Bronze Age
C05467;Kisapostag;Bronze Age
C05474;Kisapostag;Bronze Age
C05475;Kisapostag;Bronze Age
C05478;Kisapostag;Bronze Age
C05484;Kisapostag;Bronze Age
C05525;Kisapostag;Bronze Age
C05568;Kisapostag;Bronze Age
C05570;Kisapostag;Bronze Age
C05587;Kisapostag;Bronze Age
C05589;Kisapostag;Bronze Age
C05591;Kisapostag;Bronze Age
C05598;Kisapostag;Bronze Age
C05602;Kisapostag;Bronze Age
C05617;Kisapostag;Bronze Age
C05619;Kisapostag;Bronze Age
C05620;Kisapostag;Bronze Age
C05637;Kisapostag;Bronze Age
C05768;Kisapostag;Bronze Age
C05783;Kisapostag;Bronze Age
C05909;Kisapostag;Bronze Age
C05914;Kisapostag;Bronze Age
C05919;Kisapostag;Bronze Age
C05937;Kisapostag;Bronze Age
C05973;Kisapostag;Bronze Age
C09393;\N;Neolithic
C09394;\N;Neolithic
C09395;\N;Neolithic
C13548;Knovíz;Iron Age
C13550;Knovíz;Bronze Age/Iron Age
C13551;Knovíz;Bronze Age/Iron Age
C13555;Knovíz;Bronze Age/Iron Age
C13558;Knovíz;Bronze Age
C13668;Knovíz;Bronze Age
C13669;Knovíz;Bronze Age
C13670;Knovíz;Bronze Age
C13691;Knovíz;Iron Age
C13692;Knovíz;Iron Age
C13693;Knovíz;Iron Age
C13694;Knovíz;Bronze Age/Iron Age
C13695;Knovíz;Bronze Age/Iron Age
C13696;Knovíz;Bronze Age/Iron Age
C13699;Knovíz;Bronze Age
C13700;Knovíz;Bronze Age
C13701;Knovíz;Bronze Age
C13702;Knovíz;Bronze Age
C13703;Knovíz;Bronze Age
C13704;Knovíz;Bronze Age
C13705;Knovíz;Bronze Age
C13706;Knovíz;Bronze Age
C13707;Knovíz;Bronze Age
C13708;Knovíz;Bronze Age
C13709;Knovíz;Bronze Age
C13710;Knovíz;Bronze Age
C13711;Knovíz;Bronze Age
C13712;Knovíz;Bronze Age
C13713;Knovíz;Bronze Age
C13714;Knovíz;Bronze Age
C13726;Knovíz;Bronze Age
C13727;Knovíz;Bronze Age
C13752;Knovíz;Bronze Age
C13753;Knovíz;Bronze Age
C13754;Knovíz;Bronze Age
C13755;Knovíz;Bronze Age
C13756;Knovíz;Bronze Age
C13757;Knovíz;Bronze Age
C13758;Knovíz;Bronze Age
C03559;Kodžadermen-Gumelnița-Karanovo VI;Eneolithic
C03560;Kodžadermen-Gumelnița-Karanovo VI;Eneolithic
C03561;Kodžadermen-Gumelnița-Karanovo VI;Eneolithic
C03562;Kodžadermen-Gumelnița-Karanovo VI;Eneolithic
C03562;Kodžadermen-Gumelnița-Karanovo VI;Eneolithic
C03563;Kodžadermen-Gumelnița-Karanovo VI;Eneolithic
C03564;Kodžadermen-Gumelnița-Karanovo VI;Eneolithic
C03565;Kodžadermen-Gumelnița-Karanovo VI;Eneolithic
C03566;Kodžadermen-Gumelnița-Karanovo VI;Eneolithic
C03567;Kodžadermen-Gumelnița-Karanovo VI;Eneolithic
C03568;Kodžadermen-Gumelnița-Karanovo VI;Eneolithic
C03569;Kodžadermen-Gumelnița-Karanovo VI;Eneolithic
C03570;Kodžadermen-Gumelnița-Karanovo VI;Eneolithic
C03571;Kodžadermen-Gumelnița-Karanovo VI;Eneolithic
C03572;Kodžadermen-Gumelnița-Karanovo VI;Eneolithic
C03574;Kodžadermen-Gumelnița-Karanovo VI;Eneolithic
C03575;Kodžadermen-Gumelnița-Karanovo VI;Eneolithic
C03576;Kodžadermen-Gumelnița-Karanovo VI;Eneolithic
C03577;Kodžadermen-Gumelnița-Karanovo VI;Eneolithic
C03578;Kodžadermen-Gumelnița-Karanovo VI;Eneolithic
C03579;Kodžadermen-Gumelnița-Karanovo VI;Eneolithic
C03580;Kodžadermen-Gumelnița-Karanovo VI;Eneolithic
C03581;Kodžadermen-Gumelnița-Karanovo VI;Eneolithic
C03582;Kodžadermen-Gumelnița-Karanovo VI;Eneolithic
C03583;Kodžadermen-Gumelnița-Karanovo VI;Eneolithic
C03584;Kodžadermen-Gumelnița-Karanovo VI;Eneolithic
C03585;Kodžadermen-Gumelnița-Karanovo VI;Eneolithic
C03586;Kodžadermen-Gumelnița-Karanovo VI;Eneolithic
C03587;Kodžadermen-Gumelnița-Karanovo VI;Eneolithic
C03588;Kodžadermen-Gumelnița-Karanovo VI;Eneolithic
C03589;Kodžadermen-Gumelnița-Karanovo VI;Eneolithic
C03590;Kodžadermen-Gumelnița-Karanovo VI;Eneolithic
C03591;Kodžadermen-Gumelnița-Karanovo VI;Eneolithic
C03592;Kodžadermen-Gumelnița-Karanovo VI;Eneolithic
C03593;Kodžadermen-Gumelnița-Karanovo VI;Eneolithic
C03594;Kodžadermen-Gumelnița-Karanovo VI;Eneolithic
C03595;Kodžadermen-Gumelnița-Karanovo VI;Eneolithic
C03596;Kodžadermen-Gumelnița-Karanovo VI;Eneolithic
C03597;Kodžadermen-Gumelnița-Karanovo VI;Eneolithic
C03598;Kodžadermen-Gumelnița-Karanovo VI;Eneolithic
C03599;Kodžadermen-Gumelnița-Karanovo VI;Eneolithic
C03600;Kodžadermen-Gumelnița-Karanovo VI;Eneolithic
C03601;Kodžadermen-Gumelnița-Karanovo VI;Eneolithic
C03602;Kodžadermen-Gumelnița-Karanovo VI;Eneolithic
C03603;Kodžadermen-Gumelnița-Karanovo VI;Eneolithic
C03604;Kodžadermen-Gumelnița-Karanovo VI;Eneolithic
C03605;Kodžadermen-Gumelnița-Karanovo VI;Eneolithic
C03606;Kodžadermen-Gumelnița-Karanovo VI;Eneolithic
C03607;Kodžadermen-Gumelnița-Karanovo VI;Eneolithic
C03608;Kodžadermen-Gumelnița-Karanovo VI;Eneolithic
C03609;Kodžadermen-Gumelnița-Karanovo VI;Eneolithic
C03610;Kodžadermen-Gumelnița-Karanovo VI;Eneolithic
C03611;Kodžadermen-Gumelnița-Karanovo VI;Eneolithic
C03612;Kodžadermen-Gumelnița-Karanovo VI;Eneolithic
C03613;Kodžadermen-Gumelnița-Karanovo VI;Eneolithic
C03614;Kodžadermen-Gumelnița-Karanovo VI;Eneolithic
C03615;Kodžadermen-Gumelnița-Karanovo VI;Eneolithic
C03616;Kodžadermen-Gumelnița-Karanovo VI;Eneolithic
C03617;Kodžadermen-Gumelnița-Karanovo VI;Eneolithic
C03618;Kodžadermen-Gumelnița-Karanovo VI;Eneolithic
C03619;Kodžadermen-Gumelnița-Karanovo VI;Eneolithic
C03620;Kodžadermen-Gumelnița-Karanovo VI;Eneolithic
C03621;Kodžadermen-Gumelnița-Karanovo VI;Eneolithic
C03622;Kodžadermen-Gumelnița-Karanovo VI;Eneolithic
C03623;Kodžadermen-Gumelnița-Karanovo VI;Eneolithic
C03624;Kodžadermen-Gumelnița-Karanovo VI;Eneolithic
C12896;Kodžadermen-Gumelnița-Karanovo VI;Eneolithic
C12897;Kodžadermen-Gumelnița-Karanovo VI;Eneolithic
C13060;Kodžadermen-Gumelnița-Karanovo VI;Eneolithic
C13061;Kodžadermen-Gumelnița-Karanovo VI;Eneolithic
C13062;Kodžadermen-Gumelnița-Karanovo VI;Eneolithic
C13064;Kodžadermen-Gumelnița-Karanovo VI;Eneolithic
C13065;Kodžadermen-Gumelnița-Karanovo VI;Eneolithic
C13066;Kodžadermen-Gumelnița-Karanovo VI;Eneolithic
C13067;Kodžadermen-Gumelnița-Karanovo VI;Eneolithic
C13068;Kodžadermen-Gumelnița-Karanovo VI;Eneolithic
C13069;Kodžadermen-Gumelnița-Karanovo VI;Eneolithic
C13070;Kodžadermen-Gumelnița-Karanovo VI;Eneolithic
C13071;Kodžadermen-Gumelnița-Karanovo VI;Eneolithic
C03634;Kodžadermen-Gumelnița-Karanovo VI-Bubanj-Sălcuța-Krivodol;Eneolithic
C03635;Kodžadermen-Gumelnița-Karanovo VI-Bubanj-Sălcuța-Krivodol;Eneolithic
C03636;Kodžadermen-Gumelnița-Karanovo VI-Bubanj-Sălcuța-Krivodol;Eneolithic
C03637;Kodžadermen-Gumelnița-Karanovo VI-Bubanj-Sălcuța-Krivodol;Eneolithic
C03638;Kodžadermen-Gumelnița-Karanovo VI-Bubanj-Sălcuța-Krivodol;Eneolithic
C03639;Kodžadermen-Gumelnița-Karanovo VI-Bubanj-Sălcuța-Krivodol;Eneolithic
C03640;Kodžadermen-Gumelnița-Karanovo VI-Bubanj-Sălcuța-Krivodol;Eneolithic
C03641;Kodžadermen-Gumelnița-Karanovo VI-Bubanj-Sălcuța-Krivodol;Eneolithic
C03642;Kodžadermen-Gumelnița-Karanovo VI-Bubanj-Sălcuța-Krivodol;Eneolithic
C13063;Kodžadermen-Gumelnița-Karanovo VI-Bubanj-Sălcuța-Krivodol;Eneolithic
C13072;Kodžadermen-Gumelnița-Karanovo VI-Bubanj-Sălcuța-Krivodol;Eneolithic
C13074;Kodžadermen-Gumelnița-Karanovo VI-Bubanj-Sălcuța-Krivodol;Eneolithic
C13075;Kodžadermen-Gumelnița-Karanovo VI-Bubanj-Sălcuța-Krivodol;Eneolithic
C13076;Kodžadermen-Gumelnița-Karanovo VI-Bubanj-Sălcuța-Krivodol;Eneolithic
C13078;Kodžadermen-Gumelnița-Karanovo VI-Bubanj-Sălcuța-Krivodol;Eneolithic
C13079;Kodžadermen-Gumelnița-Karanovo VI-Bubanj-Sălcuța-Krivodol;Eneolithic
C13080;Kodžadermen-Gumelnița-Karanovo VI-Bubanj-Sălcuța-Krivodol;Eneolithic
C13081;Kodžadermen-Gumelnița-Karanovo VI-Bubanj-Sălcuța-Krivodol;Eneolithic
C13082;Kodžadermen-Gumelnița-Karanovo VI-Bubanj-Sălcuța-Krivodol;Eneolithic
C13083;Kodžadermen-Gumelnița-Karanovo VI-Bubanj-Sălcuța-Krivodol;Eneolithic
C13086;Kodžadermen-Gumelnița-Karanovo VI-Bubanj-Sălcuța-Krivodol;Eneolithic
C13088;Kodžadermen-Gumelnița-Karanovo VI-Bubanj-Sălcuța-Krivodol;Eneolithic
C02830;Koszider;Bronze Age
C02849;Koszider;Bronze Age
C02897;Koszider;Bronze Age
C02913;Koszider;Bronze Age
C02915;Koszider;Bronze Age
C02916;Koszider;Bronze Age
C02917;Koszider;Bronze Age
C02919;Koszider;Bronze Age
C02921;Koszider;Bronze Age
C02922;Koszider;Bronze Age
C02923;Koszider;Bronze Age
C02924;Koszider;Bronze Age
C02925;Koszider;Bronze Age
C02926;Koszider;Bronze Age
C02927;Koszider;Bronze Age
C02928;Koszider;Bronze Age
C02929;Koszider;Bronze Age
C02931;Koszider;Bronze Age
C02932;Koszider;Bronze Age
C02933;Koszider;Bronze Age
C02934;Koszider;Bronze Age
C02935;Koszider;Bronze Age
C02938;Koszider;Bronze Age
C02939;Koszider;Bronze Age
C02942;Koszider;Bronze Age
C02943;Koszider;Bronze Age
C02944;Koszider;Bronze Age
C02945;Koszider;Bronze Age
C02946;Koszider;Bronze Age
C02947;Koszider;Bronze Age
C02948;Koszider;Bronze Age
C02954;Koszider;Bronze Age
C02955;Koszider;Bronze Age
C02957;Koszider;Bronze Age
C02958;Koszider;Bronze Age
C02959;Koszider;Bronze Age
C02960;Koszider;Bronze Age
C02965;Koszider;Bronze Age
C02966;Koszider;Bronze Age
C02969;Koszider;Bronze Age
C02970;Koszider;Bronze Age
C02971;Koszider;Bronze Age
C02972;Koszider;Bronze Age
C02974;Koszider;Bronze Age
C05243;Koszider;Bronze Age
C05245;Koszider;Bronze Age
C05253;Koszider;Bronze Age
C05282;Koszider;Bronze Age
C05285;Koszider;Bronze Age
C05286;Koszider;Bronze Age
C05287;Koszider;Bronze Age
C05288;Koszider;Bronze Age
C05291;Koszider;Bronze Age
C05292;Koszider;Bronze Age
C05293;Koszider;Bronze Age
C05294;Koszider;Bronze Age
C05295;Koszider;Bronze Age
C05296;Koszider;Bronze Age
C05299;Koszider;Bronze Age
C05300;Koszider;Bronze Age
C05302;Koszider;Bronze Age
C05303;Koszider;Bronze Age
C05305;Koszider;Bronze Age
C05313;Koszider;Bronze Age
C05314;Koszider;Bronze Age
C05315;Koszider;Bronze Age
C05316;Koszider;Bronze Age
C05320;Koszider;Bronze Age
C05322;Koszider;Bronze Age
C05325;Koszider;Bronze Age
C05343;Koszider;Bronze Age
C05344;Koszider;Bronze Age
C05345;Koszider;Bronze Age
C05346;Koszider;Bronze Age
C05348;Koszider;Bronze Age
C05349;Koszider;Bronze Age
C05362;Koszider;Bronze Age
C05391;Koszider;Bronze Age
C05392;Koszider;Bronze Age
C05417;Koszider;Bronze Age
C05418;Koszider;Bronze Age
C05422;Koszider;Bronze Age
C05427;Koszider;Bronze Age
C05532;Koszider;Bronze Age
C05555;Koszider;Bronze Age
C05557;Koszider;Bronze Age
C05558;Koszider;Bronze Age
C05559;Koszider;Bronze Age
C05600;Koszider;Bronze Age
C05608;Koszider;Bronze Age
C05639;Koszider;Bronze Age
C05640;Koszider;Bronze Age
C05641;Koszider;Bronze Age
C05642;Koszider;Bronze Age
C05643;Koszider;Bronze Age
C05644;Koszider;Bronze Age
C05646;Koszider;Bronze Age
C05647;Koszider;Bronze Age
C05648;Koszider;Bronze Age
C05649;Koszider;Bronze Age
C05650;Koszider;Bronze Age
C05651;Koszider;Bronze Age
C05652;Koszider;Bronze Age
C05655;Koszider;Bronze Age
C05656;Koszider;Bronze Age
C05657;Koszider;Bronze Age
C05658;Koszider;Bronze Age
C05659;Koszider;Bronze Age
C05662;Koszider;Bronze Age
C05664;Koszider;Bronze Age
C05666;Koszider;Bronze Age
C05667;Koszider;Bronze Age
C05668;Koszider;Bronze Age
C05669;Koszider;Bronze Age
C05671;Koszider;Bronze Age
C05672;Koszider;Bronze Age
C05674;Koszider;Bronze Age
C05675;Koszider;Bronze Age
C05677;Koszider;Bronze Age
C05678;Koszider;Bronze Age
C05679;Koszider;Bronze Age
C05684;Koszider;Bronze Age
C05690;Koszider;Bronze Age
C05691;Koszider;Bronze Age
C05692;Koszider;Bronze Age
C05693;Koszider;Bronze Age
C05694;Koszider;Bronze Age
C05695;Koszider;Bronze Age
C05697;Koszider;Bronze Age
C05699;Koszider;Bronze Age
C05700;Koszider;Bronze Age
C05701;Koszider;Bronze Age
C05703;Koszider;Bronze Age
C05708;Koszider;Bronze Age
C05711;Koszider;Bronze Age
C05713;Koszider;Bronze Age
C05714;Koszider;Bronze Age
C05718;Koszider;Bronze Age
C05719;Koszider;Bronze Age
C05720;Koszider;Bronze Age
C05722;Koszider;Bronze Age
C05723;Koszider;Bronze Age
C05725;Koszider;Bronze Age
C05728;Koszider;Bronze Age
C05730;Koszider;Bronze Age
C05732;Koszider;Bronze Age
C05733;Koszider;Bronze Age
C05734;Koszider;Bronze Age
C05736;Koszider;Bronze Age
C05737;Koszider;Bronze Age
C05738;Koszider;Bronze Age
C05739;Koszider;Bronze Age
C05740;Koszider;Bronze Age
C05741;Koszider;Bronze Age
C05742;Koszider;Bronze Age
C05743;Koszider;Bronze Age
C05744;Koszider;Bronze Age
C05745;Koszider;Bronze Age
C05748;Koszider;Bronze Age
C05751;Koszider;Bronze Age
C05753;Koszider;Bronze Age
C05754;Koszider;Bronze Age
C05755;Koszider;Bronze Age
C05757;Koszider;Bronze Age
C05759;Koszider;Bronze Age
C05780;Koszider;Bronze Age
C05788;Koszider;Bronze Age
C05789;Koszider;Bronze Age
C05790;Koszider;Bronze Age
C05792;Koszider;Bronze Age
C05794;Koszider;Bronze Age
C05795;Koszider;Bronze Age
C05798;Koszider;Bronze Age
C05799;Koszider;Bronze Age
C05801;Koszider;Bronze Age
C05803;Koszider;Bronze Age
C05804;Koszider;Bronze Age
C05805;Koszider;Bronze Age
C05806;Koszider;Bronze Age
C05807;Koszider;Bronze Age
C05808;Koszider;Bronze Age
C05809;Koszider;Bronze Age
C05812;Koszider;Bronze Age
C05813;Koszider;Bronze Age
C05815;Koszider;Bronze Age
C05816;Koszider;Bronze Age
C05818;Koszider;Bronze Age
C05819;Koszider;Bronze Age
C05821;Koszider;Bronze Age
C05822;Koszider;Bronze Age
C05823;Koszider;Bronze Age
C05824;Koszider;Bronze Age
C05825;Koszider;Bronze Age
C05827;Koszider;Bronze Age
C05828;Koszider;Bronze Age
C05837;Koszider;Bronze Age
C05840;Koszider;Bronze Age
C05842;Koszider;Bronze Age
C05844;Koszider;Bronze Age
C05846;Koszider;Bronze Age
C05848;Koszider;Bronze Age
C05849;Koszider;Bronze Age
C05852;Koszider;Bronze Age
C05855;Koszider;Bronze Age
C05857;Koszider;Bronze Age
C05859;Koszider;Bronze Age
C05861;Koszider;Bronze Age
C05863;Koszider;Bronze Age
C05864;Koszider;Bronze Age
C05868;Koszider;Bronze Age
C05869;Koszider;Bronze Age
C05872;Koszider;Bronze Age
C05875;Koszider;Bronze Age
C05877;Koszider;Bronze Age
C05878;Koszider;Bronze Age
C05880;Koszider;Bronze Age
C05882;Koszider;Bronze Age
C05886;Koszider;Bronze Age
C05887;Koszider;Bronze Age
C05888;Koszider;Bronze Age
C05892;Koszider;Bronze Age
C05893;Koszider;Bronze Age
C05894;Koszider;Bronze Age
C05895;Koszider;Bronze Age
C05897;Koszider;Bronze Age
C05901;Koszider;Bronze Age
C05902;Koszider;Bronze Age
C09348;\N;Neolithic
C08776;La Tène;Iron Age
C12141;La Tène;Iron Age
C12142;La Tène;Iron Age
C12143;La Tène;Iron Age
C12144;La Tène;Iron Age
C12145;La Tène;Iron Age
C12146;La Tène;Iron Age
C12147;La Tène;Iron Age
C12148;La Tène;Iron Age
C12149;La Tène;Iron Age
C12150;La Tène;Iron Age
C12151;La Tène;Iron Age
C12152;La Tène;Iron Age
C12153;La Tène;Iron Age
C12154;La Tène;Iron Age
C12155;La Tène;Iron Age
C13519;La Tène;Iron Age
C13520;La Tène;Iron Age
C13521;La Tène;Iron Age
C13637;La Tène;Iron Age
C13690;La Tène;Iron Age
C13728;La Tène;Iron Age
C13731;La Tène;Iron Age
C13732;La Tène;Iron Age
C13733;La Tène;Iron Age
C13734;La Tène;Iron Age
C13735;La Tène;Iron Age
C13736;La Tène;Iron Age
C13737;La Tène;Iron Age
C13738;La Tène;Iron Age
C13739;La Tène;Iron Age
C13740;La Tène;Iron Age
C13741;La Tène;Iron Age
C13773;La Tène;Iron Age
C13774;La Tène;Iron Age
C13775;La Tène;Iron Age
C13776;La Tène;Iron Age
C13777;La Tène;Iron Age
C13778;La Tène;Iron Age
C13779;La Tène;Iron Age
C13780;La Tène;Iron Age
C13781;La Tène;Iron Age
C13782;La Tène;Iron Age
C13783;La Tène;Iron Age
C13784;La Tène;Iron Age
C13785;La Tène;Iron Age
C13786;La Tène;Iron Age
C13787;La Tène;Iron Age
C13788;La Tène;Iron Age
C13789;La Tène;Iron Age
C13790;La Tène;Iron Age
C13791;La Tène;Iron Age
C13792;La Tène;Iron Age
C13793;La Tène;Iron Age
C13794;La Tène;Iron Age
C13795;La Tène;Iron Age
C13796;La Tène;Iron Age
C13797;La Tène;Iron Age
C13798;La Tène;Iron Age
C13799;La Tène;Iron Age
C03653;\N;Neolithic
C00077;Lažňany;Eneolithic
C00078;Lažňany;Eneolithic
C00079;Lažňany;Eneolithic
C00080;Lažňany;Eneolithic
C00081;Lažňany;Eneolithic
C00082;Lažňany;Eneolithic
C00083;Lažňany;Eneolithic
C00084;Lažňany;Eneolithic
C00085;Lažňany;Eneolithic
C00086;Lažňany;Eneolithic
C00087;Lažňany;Eneolithic
C00088;Lažňany;Eneolithic
C00089;Lažňany;Eneolithic
C00090;Lažňany;Eneolithic
C00091;Lažňany;Eneolithic
C00092;Lažňany;Eneolithic
C00093;Lažňany;Eneolithic
C00094;Lažňany;Eneolithic
C00095;Lažňany;Eneolithic
C00096;Lažňany;Eneolithic
C00097;Lažňany;Eneolithic
C00098;Lažňany;Eneolithic
C00099;Lažňany;Eneolithic
C00100;Lažňany;Eneolithic
C00101;Lažňany;Eneolithic
C00102;Lažňany;Eneolithic
C00103;Lažňany;Eneolithic
C00104;Lažňany;Eneolithic
C00105;Lažňany;Eneolithic
C00106;Lažňany;Eneolithic
C00107;Lažňany;Eneolithic
C00108;Lažňany;Eneolithic
C00109;Lažňany;Eneolithic
C00110;Lažňany;Eneolithic
C00111;Lažňany;Eneolithic
C00112;Lažňany;Eneolithic
C00113;Lažňany;Eneolithic
C00114;Lažňany;Eneolithic
C00115;Lažňany;Eneolithic
C00116;Lažňany;Eneolithic
C00117;Lažňany;Eneolithic
C00118;Lažňany;Eneolithic
C00119;Lažňany;Eneolithic
C00120;Lažňany;Eneolithic
C00121;Lažňany;Eneolithic
C00122;Lažňany;Eneolithic
C00123;Lažňany;Eneolithic
C00124;Lažňany;Eneolithic
C00125;Lažňany;Eneolithic
C00126;Lažňany;Eneolithic
C00127;Lažňany;Eneolithic
C00128;Lažňany;Eneolithic
C00129;Lažňany;Eneolithic
C00130;Lažňany;Eneolithic
C00131;Lažňany;Eneolithic
C00132;Lažňany;Eneolithic
C00133;Lažňany;Eneolithic
C00134;Lažňany;Eneolithic
C00135;Lažňany;Eneolithic
C00136;Lažňany;Eneolithic
C00137;Lažňany;Eneolithic
C00138;Lažňany;Eneolithic
C00139;Lažňany;Eneolithic
C00140;Lažňany;Eneolithic
C00141;Lažňany;Eneolithic
C00142;Lažňany;Eneolithic
C00143;Lažňany;Eneolithic
C00144;Lažňany;Eneolithic
C00145;Lažňany;Eneolithic
C00146;Lažňany;Eneolithic
C00147;Lažňany;Eneolithic
C00148;Lažňany;Eneolithic
C00149;Lažňany;Eneolithic
C00150;Lažňany;Eneolithic
C00151;Lažňany;Eneolithic
C00152;Lažňany;Eneolithic
C00153;Lažňany;Eneolithic
C00154;Lažňany;Eneolithic
C00155;Lažňany;Eneolithic
C00156;Lažňany;Eneolithic
C00157;Lažňany;Eneolithic
C00158;Lažňany;Eneolithic
C00159;Lažňany;Eneolithic
C00160;Lažňany;Eneolithic
C00161;Lažňany;Eneolithic
C00162;Lažňany;Eneolithic
C00163;Lažňany;Eneolithic
C00164;Lažňany;Eneolithic
C00165;Lažňany;Eneolithic
C00746;Lengyel;Neolithic
C00747;Lengyel;Neolithic
C00748;Lengyel;Neolithic
C00749;Lengyel;Neolithic
C00750;Lengyel;Neolithic
C00751;Lengyel;Neolithic
C00752;Lengyel;Neolithic
C00753;Lengyel;Neolithic
C00754;Lengyel;Neolithic
C00755;Lengyel;Neolithic
C00756;Lengyel;Neolithic
C00757;Lengyel;Neolithic
C00758;Lengyel;Neolithic
C00759;Lengyel;Neolithic
C00760;Lengyel;Neolithic
C00761;Lengyel;Neolithic
C00762;Lengyel;Neolithic
C00763;Lengyel;Neolithic
C00764;Lengyel;Neolithic
C00765;Lengyel;Neolithic
C00766;Lengyel;Neolithic
C00767;Lengyel;Neolithic
C00768;Lengyel;Neolithic
C04311;Lengyel;Neolithic
C04312;Lengyel;Neolithic
C04313;Lengyel;Neolithic
C04314;Lengyel;Neolithic
C04315;Lengyel;Neolithic
C04316;Lengyel;Neolithic
C04317;Lengyel;Neolithic
C04318;Lengyel;Neolithic
C04319;Lengyel;Neolithic
C04320;Lengyel;Neolithic
C04321;Lengyel;Neolithic
C04323;Lengyel;Neolithic
C04324;Lengyel;Neolithic
C04325;Lengyel;Neolithic
C04327;Lengyel;Neolithic
C04331;Lengyel;Neolithic
C04332;Lengyel;Neolithic
C04333;Lengyel;Neolithic
C04334;Lengyel;Neolithic
C04335;Lengyel;Neolithic
C04336;Lengyel;Neolithic
C04337;Lengyel;Neolithic
C04338;Lengyel;Neolithic
C04339;Lengyel;Neolithic
C04340;Lengyel;Neolithic
C04341;Lengyel;Neolithic
C04342;Lengyel;Neolithic
C04343;Lengyel;Neolithic
C04344;Lengyel;Neolithic
C04345;Lengyel;Neolithic
C04346;Lengyel;Neolithic
C04347;Lengyel;Neolithic
C04348;Lengyel;Neolithic
C04349;Lengyel;Neolithic
C04350;Lengyel;Neolithic
C04351;Lengyel;Neolithic
C04352;Lengyel;Neolithic
C04353;Lengyel;Neolithic
C04354;Lengyel;Neolithic
C04357;Lengyel;Neolithic
C04358;Lengyel;Neolithic
C04359;Lengyel;Neolithic
C04360;Lengyel;Neolithic
C04361;Lengyel;Neolithic
C04362;Lengyel;Neolithic
C04363;Lengyel;Neolithic
C04364;Lengyel;Neolithic
C04365;Lengyel;Neolithic
C04366;Lengyel;Neolithic
C04367;Lengyel;Neolithic
C04368;Lengyel;Neolithic
C04369;Lengyel;Neolithic
C04370;Lengyel;Neolithic
C04371;Lengyel;Neolithic
C04372;Lengyel;Neolithic
C04373;Lengyel;Neolithic
C04374;Lengyel;Neolithic
C04375;Lengyel;Neolithic
C04376;Lengyel;Neolithic
C04377;Lengyel;Neolithic
C04378;Lengyel;Neolithic
C04379;Lengyel;Neolithic
C04380;Lengyel;Neolithic
C04381;Lengyel;Neolithic
C04382;Lengyel;Neolithic
C04383;Lengyel;Neolithic
C04386;Lengyel;Neolithic
C04387;Lengyel;Neolithic
C04388;Lengyel;Neolithic
C04389;Lengyel;Neolithic
C04390;Lengyel;Neolithic
C04391;Lengyel;Neolithic
C04392;Lengyel;Neolithic
C04393;Lengyel;Neolithic
C04394;Lengyel;Neolithic
C04395;Lengyel;Neolithic
C04396;Lengyel;Neolithic
C04397;Lengyel;Neolithic
C04398;Lengyel;Neolithic
C04399;Lengyel;Neolithic
C04400;Lengyel;Neolithic
C04401;Lengyel;Neolithic
C04402;Lengyel;Neolithic
C04403;Lengyel;Neolithic
C04404;Lengyel;Neolithic
C04405;Lengyel;Neolithic
C04406;Lengyel;Neolithic
C04407;Lengyel;Neolithic
C04408;Lengyel;Neolithic
C04410;Lengyel;Neolithic
C04411;Lengyel;Neolithic
C04412;Lengyel;Neolithic
C04413;Lengyel;Neolithic
C04414;Lengyel;Neolithic
C04415;Lengyel;Neolithic
C04416;Lengyel;Neolithic
C04417;Lengyel;Neolithic
C04418;Lengyel;Neolithic
C04419;Lengyel;Neolithic
C04420;Lengyel;Neolithic
C04421;Lengyel;Neolithic
C04422;Lengyel;Neolithic
C04423;Lengyel;Neolithic
C04424;Lengyel;Neolithic
C04425;Lengyel;Neolithic
C04426;Lengyel;Neolithic
C04427;Lengyel;Neolithic
C04428;Lengyel;Neolithic
C04429;Lengyel;Neolithic
C04430;Lengyel;Neolithic
C04431;Lengyel;Neolithic
C04434;Lengyel;Neolithic
C04435;Lengyel;Neolithic
C04436;Lengyel;Neolithic
C04437;Lengyel;Neolithic
C04438;Lengyel;Neolithic
C04439;Lengyel;Neolithic
C04440;Lengyel;Neolithic
C04441;Lengyel;Neolithic
C04442;Lengyel;Neolithic
C04443;Lengyel;Neolithic
C04444;Lengyel;Neolithic
C04445;Lengyel;Neolithic
C04447;Lengyel;Neolithic
C04448;Lengyel;Neolithic
C04449;Lengyel;Neolithic
C04450;Lengyel;Neolithic
C04451;Lengyel;Neolithic
C04452;Lengyel;Neolithic
C04453;Lengyel;Neolithic
C04454;Lengyel;Neolithic
C04455;Lengyel;Neolithic
C04456;Lengyel;Neolithic
C04457;Lengyel;Neolithic
C04458;Lengyel;Neolithic
C04459;Lengyel;Neolithic
C04460;Lengyel;Neolithic
C04461;Lengyel;Neolithic
C04462;Lengyel;Neolithic
C04463;Lengyel;Neolithic
C04464;Lengyel;Neolithic
C04465;Lengyel;Neolithic
C04466;Lengyel;Neolithic
C04467;Lengyel;Neolithic
C04468;Lengyel;Neolithic
C04469;Lengyel;Neolithic
C04470;Lengyel;Neolithic
C03864;Lepenski Vir-Schela Cladovei;Mesolithic
C03865;Lepenski Vir-Schela Cladovei;Mesolithic
C03868;Lepenski Vir-Schela Cladovei;Mesolithic
C03869;Lepenski Vir-Schela Cladovei;Mesolithic
C03870;Lepenski Vir-Schela Cladovei;Mesolithic
C03871;Lepenski Vir-Schela Cladovei;Mesolithic
C03872;Lepenski Vir-Schela Cladovei;Mesolithic
C03873;Lepenski Vir-Schela Cladovei;Mesolithic
C03897;Lepenski Vir-Schela Cladovei;Mesolithic
C03898;Lepenski Vir-Schela Cladovei;Mesolithic
C03899;Lepenski Vir-Schela Cladovei;Mesolithic
C03900;Lepenski Vir-Schela Cladovei;Mesolithic
C03901;Lepenski Vir-Schela Cladovei;Mesolithic
C03902;Lepenski Vir-Schela Cladovei;Mesolithic
C03903;Lepenski Vir-Schela Cladovei;Mesolithic
C03904;Lepenski Vir-Schela Cladovei;Mesolithic
C03905;Lepenski Vir-Schela Cladovei;Mesolithic
C03906;Lepenski Vir-Schela Cladovei;Mesolithic
C03907;Lepenski Vir-Schela Cladovei;Mesolithic
C03908;Lepenski Vir-Schela Cladovei;Mesolithic
C03909;Lepenski Vir-Schela Cladovei;Mesolithic
C03910;Lepenski Vir-Schela Cladovei;Mesolithic
C03911;Lepenski Vir-Schela Cladovei;Mesolithic
C03912;Lepenski Vir-Schela Cladovei;Mesolithic
C03913;Lepenski Vir-Schela Cladovei;Mesolithic
C03914;Lepenski Vir-Schela Cladovei;Mesolithic
C03915;Lepenski Vir-Schela Cladovei;Mesolithic
C03916;Lepenski Vir-Schela Cladovei;Mesolithic
C03917;Lepenski Vir-Schela Cladovei;Mesolithic
C03918;Lepenski Vir-Schela Cladovei;Mesolithic
C03919;Lepenski Vir-Schela Cladovei;Mesolithic
C03920;Lepenski Vir-Schela Cladovei;Mesolithic
C03921;Lepenski Vir-Schela Cladovei;Mesolithic
C03922;Lepenski Vir-Schela Cladovei;Mesolithic
C03923;Lepenski Vir-Schela Cladovei;Mesolithic
C03924;Lepenski Vir-Schela Cladovei;Mesolithic
C03925;Lepenski Vir-Schela Cladovei;Mesolithic
C03926;Lepenski Vir-Schela Cladovei;Mesolithic
C03927;Lepenski Vir-Schela Cladovei;Mesolithic
C03928;Lepenski Vir-Schela Cladovei;Mesolithic
C03929;Lepenski Vir-Schela Cladovei;Mesolithic/Neolithic
C03930;Lepenski Vir-Schela Cladovei;Mesolithic/Neolithic
C03931;Lepenski Vir-Schela Cladovei;Mesolithic/Neolithic
C03932;Lepenski Vir-Schela Cladovei;Mesolithic/Neolithic
C03933;Lepenski Vir-Schela Cladovei;Neolithic
C03934;Lepenski Vir-Schela Cladovei;Mesolithic
C09838;Lepenski Vir-Schela Cladovei;Mesolithic
C09839;Lepenski Vir-Schela Cladovei;Mesolithic
C13535;\N;Bronze Age/Iron Age
C13536;\N;Bronze Age/Iron Age
C13537;\N;Bronze Age/Iron Age
C00001;Linearbandkeramik;Neolithic
C00002;Linearbandkeramik;Neolithic
C00003;Linearbandkeramik;Neolithic
C00004;Linearbandkeramik;Neolithic
C00005;Linearbandkeramik;Neolithic
C00006;Linearbandkeramik;Neolithic
C00007;Linearbandkeramik;Neolithic
C00008;Linearbandkeramik;Neolithic
C00009;Linearbandkeramik;Neolithic
C00010;Linearbandkeramik;Neolithic
C00012;Linearbandkeramik;Neolithic
C00013;Linearbandkeramik;Neolithic
C00014;Linearbandkeramik;Neolithic
C00015;Linearbandkeramik;Neolithic
C00016;Linearbandkeramik;Neolithic
C00017;Linearbandkeramik;Neolithic
C00018;Linearbandkeramik;Neolithic
C00019;Linearbandkeramik;Neolithic
C00020;Linearbandkeramik;Neolithic
C00021;Linearbandkeramik;Neolithic
C00022;Linearbandkeramik;Neolithic
C00023;Linearbandkeramik;Neolithic
C00024;Linearbandkeramik;Neolithic
C00025;Linearbandkeramik;Neolithic
C00026;Linearbandkeramik;Neolithic
C00027;Linearbandkeramik;Neolithic
C00028;Linearbandkeramik;Neolithic
C00029;Linearbandkeramik;Neolithic
C00030;Linearbandkeramik;Neolithic
C00031;Linearbandkeramik;Neolithic
C00032;Linearbandkeramik;Neolithic
C00033;Linearbandkeramik;Neolithic
C00034;Linearbandkeramik;Neolithic
C00035;Linearbandkeramik;Neolithic
C00036;Linearbandkeramik;Neolithic
C00037;Linearbandkeramik;Neolithic
C00038;Linearbandkeramik;Neolithic
C00039;Linearbandkeramik;Neolithic
C00040;Linearbandkeramik;Neolithic
C00041;Linearbandkeramik;Neolithic
C00042;Linearbandkeramik;Neolithic
C00043;Linearbandkeramik;Neolithic
C00044;Linearbandkeramik;Neolithic
C00045;Linearbandkeramik;Neolithic
C00046;Linearbandkeramik;Neolithic
C00047;Linearbandkeramik;Neolithic
C00048;Linearbandkeramik;Neolithic
C00049;Linearbandkeramik;Neolithic
C00050;Linearbandkeramik;Neolithic
C00051;Linearbandkeramik;Neolithic
C00052;Linearbandkeramik;Neolithic
C00053;Linearbandkeramik;Neolithic
C00054;Linearbandkeramik;Neolithic
C00055;Linearbandkeramik;Neolithic
C00056;Linearbandkeramik;Neolithic
C00057;Linearbandkeramik;Neolithic
C00058;Linearbandkeramik;Neolithic
C00059;Linearbandkeramik;Neolithic
C00060;Linearbandkeramik;Neolithic
C00061;Linearbandkeramik;Neolithic
C00062;Linearbandkeramik;Neolithic
C00063;Linearbandkeramik;Neolithic
C00064;Linearbandkeramik;Neolithic
C00065;Linearbandkeramik;Neolithic
C00066;Linearbandkeramik;Neolithic
C00067;Linearbandkeramik;Neolithic
C00068;Linearbandkeramik;Neolithic
C00069;Linearbandkeramik;Neolithic
C00070;Linearbandkeramik;Neolithic
C00071;Linearbandkeramik;Neolithic
C00072;Linearbandkeramik;Neolithic
C00073;Linearbandkeramik;Neolithic
C00074;Linearbandkeramik;Neolithic
C00075;Linearbandkeramik;Neolithic
C00076;Linearbandkeramik;Neolithic
C00718;Linearbandkeramik;Neolithic
C00719;Linearbandkeramik;Neolithic
C00720;Linearbandkeramik;Neolithic
C00721;Linearbandkeramik;Neolithic
C00724;Linearbandkeramik;Neolithic
C00725;Linearbandkeramik;Neolithic
C00726;Linearbandkeramik;Neolithic
C00727;Linearbandkeramik;Neolithic
C00728;Linearbandkeramik;Neolithic
C00729;Linearbandkeramik;Neolithic
C00769;Linearbandkeramik;Neolithic
C03018;Linearbandkeramik;Neolithic
C03019;Linearbandkeramik;Neolithic
C03020;Linearbandkeramik;Neolithic
C03021;Linearbandkeramik;Neolithic
C03359;Linearbandkeramik;Neolithic
C03360;Linearbandkeramik;Neolithic
C03361;Linearbandkeramik;Neolithic
C03362;Linearbandkeramik;Neolithic
C03363;Linearbandkeramik;Neolithic
C03364;Linearbandkeramik;Neolithic
C03365;Linearbandkeramik;Neolithic
C03366;Linearbandkeramik;Neolithic
C03367;Linearbandkeramik;Neolithic
C03368;Linearbandkeramik;Neolithic
C03369;Linearbandkeramik;Neolithic
C03370;Linearbandkeramik;Neolithic
C03371;Linearbandkeramik;Neolithic
C03372;Linearbandkeramik;Neolithic
C03373;Linearbandkeramik;Neolithic
C03374;Linearbandkeramik;Neolithic
C03375;Linearbandkeramik;Neolithic
C03376;Linearbandkeramik;Neolithic
C03377;Linearbandkeramik;Neolithic
C03378;Linearbandkeramik;Neolithic
C03379;Linearbandkeramik;Neolithic
C03380;Linearbandkeramik;Neolithic
C03381;Linearbandkeramik;Neolithic
C03382;Linearbandkeramik;Neolithic
C03383;Linearbandkeramik;Neolithic
C03384;Linearbandkeramik;Neolithic
C03385;Linearbandkeramik;Neolithic
C03386;Linearbandkeramik;Neolithic
C03387;Linearbandkeramik;Neolithic
C03388;Linearbandkeramik;Neolithic
C03389;Linearbandkeramik;Neolithic
C03390;Linearbandkeramik;Neolithic
C03391;Linearbandkeramik;Neolithic
C03392;Linearbandkeramik;Neolithic
C03393;Linearbandkeramik;Neolithic
C03394;Linearbandkeramik;Neolithic
C03395;Linearbandkeramik;Neolithic
C03396;Linearbandkeramik;Neolithic
C03397;Linearbandkeramik;Neolithic
C03398;Linearbandkeramik;Neolithic
C03399;Linearbandkeramik;Neolithic
C03400;Linearbandkeramik;Neolithic
C03401;Linearbandkeramik;Neolithic
C03402;Linearbandkeramik;Neolithic
C03403;Linearbandkeramik;Neolithic
C03404;Linearbandkeramik;Neolithic
C03405;Linearbandkeramik;Neolithic
C03406;Linearbandkeramik;Neolithic
C03407;Linearbandkeramik;Neolithic
C03408;Linearbandkeramik;Neolithic
C03409;Linearbandkeramik;Neolithic
C03410;Linearbandkeramik;Neolithic
C03411;Linearbandkeramik;Neolithic
C03412;Linearbandkeramik;Neolithic
C03413;Linearbandkeramik;Neolithic
C03414;Linearbandkeramik;Neolithic
C03415;Linearbandkeramik;Neolithic
C03416;Linearbandkeramik;Neolithic
C03417;Linearbandkeramik;Neolithic
C03418;Linearbandkeramik;Neolithic
C03419;Linearbandkeramik;Neolithic
C03420;Linearbandkeramik;Neolithic
C03421;Linearbandkeramik;Neolithic
C03422;Linearbandkeramik;Neolithic
C03423;Linearbandkeramik;Neolithic
C03424;Linearbandkeramik;Neolithic
C03425;Linearbandkeramik;Neolithic
C03426;Linearbandkeramik;Neolithic
C03427;Linearbandkeramik;Neolithic
C03428;Linearbandkeramik;Neolithic
C03429;Linearbandkeramik;Neolithic
C03430;Linearbandkeramik;Neolithic
C03431;Linearbandkeramik;Neolithic
C03432;Linearbandkeramik;Neolithic
C03433;Linearbandkeramik;Neolithic
C03434;Linearbandkeramik;Neolithic
C03435;Linearbandkeramik;Neolithic
C03436;Linearbandkeramik;Neolithic
C03437;Linearbandkeramik;Neolithic
C03438;Linearbandkeramik;Neolithic
C03439;Linearbandkeramik;Neolithic
C03440;Linearbandkeramik;Neolithic
C03441;Linearbandkeramik;Neolithic
C03442;Linearbandkeramik;Neolithic
C03443;Linearbandkeramik;Neolithic
C03444;Linearbandkeramik;Neolithic
C03445;Linearbandkeramik;Neolithic
C03446;Linearbandkeramik;Neolithic
C03447;Linearbandkeramik;Neolithic
C03448;Linearbandkeramik;Neolithic
C03449;Linearbandkeramik;Neolithic
C03450;Linearbandkeramik;Neolithic
C03451;Linearbandkeramik;Neolithic
C03452;Linearbandkeramik;Neolithic
C03453;Linearbandkeramik;Neolithic
C03454;Linearbandkeramik;Neolithic
C03455;Linearbandkeramik;Neolithic
C04446;Linearbandkeramik;Neolithic
C04494;Linearbandkeramik;Neolithic
C04495;Linearbandkeramik;Neolithic
C04496;Linearbandkeramik;Neolithic
C04497;Linearbandkeramik;Neolithic
C04498;Linearbandkeramik;Neolithic
C04499;Linearbandkeramik;Neolithic
C04500;Linearbandkeramik;Neolithic
C04501;Linearbandkeramik;Neolithic
C04502;Linearbandkeramik;Neolithic
C04503;Linearbandkeramik;Neolithic
C04504;Linearbandkeramik;Neolithic
C04505;Linearbandkeramik;Neolithic
C04506;Linearbandkeramik;Neolithic
C04507;Linearbandkeramik;Neolithic
C04508;Linearbandkeramik;Neolithic
C04509;Linearbandkeramik;Neolithic
C04510;Linearbandkeramik;Neolithic
C04511;Linearbandkeramik;Neolithic
C04512;Linearbandkeramik;Neolithic
C04513;Linearbandkeramik;Neolithic
C04514;Linearbandkeramik;Neolithic
C04515;Linearbandkeramik;Neolithic
C04516;Linearbandkeramik;Neolithic
C04517;Linearbandkeramik;Neolithic
C04518;Linearbandkeramik;Neolithic
C04519;Linearbandkeramik;Neolithic
C04520;Linearbandkeramik;Neolithic
C04521;Linearbandkeramik;Neolithic
C04522;Linearbandkeramik;Neolithic
C04523;Linearbandkeramik;Neolithic
C04524;Linearbandkeramik;Neolithic
C04525;Linearbandkeramik;Neolithic
C04526;Linearbandkeramik;Neolithic
C04527;Linearbandkeramik;Neolithic
C04528;Linearbandkeramik;Neolithic
C04529;Linearbandkeramik;Neolithic
C04530;Linearbandkeramik;Neolithic
C04531;Linearbandkeramik;Neolithic
C04532;Linearbandkeramik;Neolithic
C04533;Linearbandkeramik;Neolithic
C04534;Linearbandkeramik;Neolithic
C04535;Linearbandkeramik;Neolithic
C04536;Linearbandkeramik;Neolithic
C04537;Linearbandkeramik;Neolithic
C04538;Linearbandkeramik;Neolithic
C04539;Linearbandkeramik;Neolithic
C04540;Linearbandkeramik;Neolithic
C04541;Linearbandkeramik;Neolithic
C04542;Linearbandkeramik;Neolithic
C04543;Linearbandkeramik;Neolithic
C04544;Linearbandkeramik;Neolithic
C04545;Linearbandkeramik;Neolithic
C04546;Linearbandkeramik;Neolithic
C04547;Linearbandkeramik;Neolithic
C04548;Linearbandkeramik;Neolithic
C04549;Linearbandkeramik;Neolithic
C04550;Linearbandkeramik;Neolithic
C04551;Linearbandkeramik;Neolithic
C04552;Linearbandkeramik;Neolithic
C04553;Linearbandkeramik;Neolithic
C04554;Linearbandkeramik;Neolithic
C04555;Linearbandkeramik;Neolithic
C04556;Linearbandkeramik;Neolithic
C04557;Linearbandkeramik;Neolithic
C04558;Linearbandkeramik;Neolithic
C04559;Linearbandkeramik;Neolithic
C04560;Linearbandkeramik;Neolithic
C04561;Linearbandkeramik;Neolithic
C04562;Linearbandkeramik;Neolithic
C04563;Linearbandkeramik;Neolithic
C04564;Linearbandkeramik;Neolithic
C04565;Linearbandkeramik;Neolithic
C04566;Linearbandkeramik;Neolithic
C04567;Linearbandkeramik;Neolithic
C04568;Linearbandkeramik;Neolithic
C04569;Linearbandkeramik;Neolithic
C04570;Linearbandkeramik;Neolithic
C04571;Linearbandkeramik;Neolithic
C04572;Linearbandkeramik;Neolithic
C04573;Linearbandkeramik;Neolithic
C04574;Linearbandkeramik;Neolithic
C04575;Linearbandkeramik;Neolithic
C04576;Linearbandkeramik;Neolithic
C04577;Linearbandkeramik;Neolithic
C12032;Linearbandkeramik;Neolithic
C12033;Linearbandkeramik;Neolithic
C12034;Linearbandkeramik;Neolithic
C12040;Linearbandkeramik;Neolithic
C12503;Linearbandkeramik;Neolithic
C12504;Linearbandkeramik;Neolithic
C12505;Linearbandkeramik;Neolithic
C12506;Linearbandkeramik;Neolithic
C12507;Linearbandkeramik;Neolithic
C12508;Linearbandkeramik;Neolithic
C12509;Linearbandkeramik;Neolithic
C12510;Linearbandkeramik;Neolithic
C12511;Linearbandkeramik;Neolithic
C12512;Linearbandkeramik;Neolithic
C12513;Linearbandkeramik;Neolithic
C12514;Linearbandkeramik;Neolithic
C12515;Linearbandkeramik;Neolithic
C12516;Linearbandkeramik;Neolithic
C12517;Linearbandkeramik;Neolithic
C12518;Linearbandkeramik;Neolithic
C12519;Linearbandkeramik;Neolithic
C12520;Linearbandkeramik;Neolithic
C12521;Linearbandkeramik;Neolithic
C13549;Linearbandkeramik;Neolithic
C13697;Linearbandkeramik;Neolithic
C13698;Linearbandkeramik;Neolithic
C13715;Linearbandkeramik;Neolithic
C13716;Linearbandkeramik;Neolithic
C13759;Linearbandkeramik;Neolithic
C13765;Linearbandkeramik;Neolithic
C03699;\N;Eneolithic
C09841;Mariupol;Eneolithic
C09842;Mariupol;Eneolithic
C09843;Mariupol;Eneolithic
C09844;Mariupol;Eneolithic
C09845;Mariupol;Eneolithic
C09846;Mariupol;Eneolithic
C09847;Mariupol;Eneolithic
C09848;Mariupol;Eneolithic
C09849;Mariupol;Eneolithic
C09850;Mariupol;Eneolithic
C09851;Mariupol;Eneolithic
C09852;Mariupol;Eneolithic
C09853;Mariupol;Eneolithic
C09854;Mariupol;Eneolithic
C09855;Mariupol;Eneolithic
C12046;Michelsberg;Neolithic
C12048;Michelsberg;Neolithic
C12058;Michelsberg;Neolithic
C12059;Michelsberg;Neolithic
C12060;Michelsberg;Neolithic
C12061;Michelsberg;Neolithic
C12062;Michelsberg;Neolithic
C12066;Michelsberg;Neolithic
C12067;Michelsberg;Neolithic
C12068;Michelsberg;Neolithic
C07451;\N;Eneolithic
C07450;\N;Eneolithic
C07452;\N;Eneolithic
C03004;\N;Neolithic
C03005;\N;Neolithic
C02832;Nagyrév;Bronze Age
C02868;Nagyrév;Bronze Age
C02874;Nagyrév;Bronze Age
C02904;Nagyrév;Bronze Age
C02936;Nagyrév;Bronze Age
C03337;Nagyrév;Bronze Age
C03340;Nagyrév;Bronze Age
C05319;Nagyrév;Bronze Age
C05321;Nagyrév;Bronze Age
C05335;Nagyrév;Bronze Age
C05336;Nagyrév;Bronze Age
C05399;Nagyrév;Bronze Age
C05403;Nagyrév;Bronze Age
C05408;Nagyrév;Bronze Age
C05413;Nagyrév;Bronze Age
C05414;Nagyrév;Bronze Age
C05432;Nagyrév;Bronze Age
C05436;Nagyrév;Bronze Age
C05437;Nagyrév;Bronze Age
C05448;Nagyrév;Bronze Age
C05455;Nagyrév;Bronze Age
C05469;Nagyrév;Bronze Age
C05473;Nagyrév;Bronze Age
C05501;Nagyrév;Bronze Age
C05537;Nagyrév;Bronze Age
C05580;Nagyrév;Bronze Age
C05585;Nagyrév;Bronze Age
C05596;Nagyrév;Bronze Age
C05611;Nagyrév;Bronze Age
C05774;Nagyrév;Bronze Age
C05775;Nagyrév;Bronze Age
C05776;Nagyrév;Bronze Age
C05786;Nagyrév;Bronze Age
C05826;Nagyrév;Bronze Age
C05829;Nagyrév;Bronze Age
C05830;Nagyrév;Bronze Age
C05832;Nagyrév;Bronze Age
C05833;Nagyrév;Bronze Age
C05834;Nagyrév;Bronze Age
C05835;Nagyrév;Bronze Age
C05836;Nagyrév;Bronze Age
C05838;Nagyrév;Bronze Age
C05841;Nagyrév;Bronze Age
C05843;Nagyrév;Bronze Age
C05847;Nagyrév;Bronze Age
C05851;Nagyrév;Bronze Age
C05854;Nagyrév;Bronze Age
C05867;Nagyrév;Bronze Age
C05873;Nagyrév;Bronze Age
C05899;Nagyrév;Bronze Age
C05925;Nagyrév;Bronze Age
C05944;Nagyrév;Bronze Age
C05975;Nagyrév;Bronze Age
C05976;Nagyrév;Bronze Age
C02831;\N;Bronze Age
C09411;\N;Bronze Age
C09426;\N;Neolithic
C09427;\N;Neolithic
C12559;Planning-Friedberg-Rössen;Neolithic
C12564;Planning-Friedberg-Rössen;Neolithic
C12554;Planning-Friedberg-Rössen;Neolithic
C12555;Planning-Friedberg-Rössen;Neolithic
C12556;Planning-Friedberg-Rössen;Neolithic
C12557;Planning-Friedberg-Rössen;Neolithic
C12558;Planning-Friedberg-Rössen;Neolithic
C12560;Planning-Friedberg-Rössen;Neolithic
C12561;Planning-Friedberg-Rössen;Neolithic
C12562;Planning-Friedberg-Rössen;Neolithic
C12563;Planning-Friedberg-Rössen;Neolithic
C12565;Planning-Friedberg-Rössen;Neolithic
C03469;\N;Eneolithic
C09362;\N;Iron Age
C07501;Řivnáč;Eneolithic
C07502;Řivnáč;Eneolithic
C07650;Řivnáč;Eneolithic
C07657;Řivnáč;Eneolithic
C07658;Řivnáč;Eneolithic
C07659;Řivnáč;Eneolithic
C07660;Řivnáč;Eneolithic
C07661;Řivnáč;Eneolithic
C07662;Řivnáč;Eneolithic
C07663;Řivnáč;Eneolithic
C04074;\N;Iron Age
C09332;Scandinavian Late Neolithic;Neolithic
C09333;Scandinavian Late Neolithic;Neolithic
C09334;Scandinavian Late Neolithic;Neolithic
C09335;Scandinavian Late Neolithic;Neolithic
C09336;Scandinavian Late Neolithic;Neolithic
C09337;Scandinavian Late Neolithic;Neolithic
C09338;Scandinavian Late Neolithic;Neolithic
C09339;Scandinavian Late Neolithic;Neolithic
C09340;Scandinavian Late Neolithic;Neolithic
C09341;Scandinavian Late Neolithic;Neolithic
C09342;Scandinavian Late Neolithic;Neolithic
C09343;Scandinavian Late Neolithic;Neolithic
C09344;Scandinavian Late Neolithic;Neolithic
C09345;Scandinavian Late Neolithic;Neolithic
C09346;Scandinavian Late Neolithic;Neolithic
C09347;Scandinavian Late Neolithic;Neolithic
C09363;Scandinavian Mesolithic;Mesolithic
C09370;Scandinavian Mesolithic;Mesolithic
C09378;Scandinavian Mesolithic;Mesolithic
C09379;Scandinavian Mesolithic;Mesolithic
C09383;Scandinavian Mesolithic;Mesolithic
C09384;Scandinavian Mesolithic;Mesolithic
C09385;Scandinavian Mesolithic;Mesolithic
C09386;Scandinavian Mesolithic;Mesolithic
C09390;Scandinavian Mesolithic;Mesolithic
C09391;Scandinavian Mesolithic;Mesolithic
C09392;Scandinavian Mesolithic;Mesolithic
C09405;Scandinavian Mesolithic;Mesolithic
C09406;Scandinavian Mesolithic;Mesolithic
C09407;Scandinavian Mesolithic;Mesolithic
C09408;Scandinavian Mesolithic;Mesolithic
C09409;Scandinavian Mesolithic;Mesolithic
C09410;Scandinavian Mesolithic;Mesolithic
C09454;Scandinavian Mesolithic;Mesolithic
C09455;Scandinavian Mesolithic;Mesolithic
C09456;Scandinavian Mesolithic;Mesolithic
C09457;Scandinavian Mesolithic;Mesolithic
C09476;Scandinavian Mesolithic;Mesolithic
C09493;Scandinavian Mesolithic;Mesolithic
C09494;Scandinavian Mesolithic;Mesolithic
C09495;Scandinavian Mesolithic;Mesolithic
C09496;Scandinavian Mesolithic;Mesolithic
C09497;Scandinavian Mesolithic;Mesolithic
C09498;Scandinavian Mesolithic;Mesolithic
C09500;Scandinavian Mesolithic;Mesolithic
C09540;Scandinavian Mesolithic;Mesolithic
C09547;Scandinavian Mesolithic;Mesolithic
C09548;Scandinavian Mesolithic;Mesolithic
C09403;Scandinavian Mesolithic;Mesolithic/Neolithic
C09508;Scandinavian Mesolithic;Mesolithic/Neolithic
C09462;Scandinavian Mesolithic;Mesolithic
C09463;Scandinavian Mesolithic;Mesolithic
C09503;Scandinavian Mesolithic;Mesolithic
C09504;Scandinavian Mesolithic;Mesolithic
C09505;Scandinavian Mesolithic;Mesolithic
C09518;Scandinavian Mesolithic;Mesolithic
C09554;Scandinavian Mesolithic;Mesolithic
C09555;Scandinavian Mesolithic;Mesolithic
C09416;Scandinavian Mesolithic;Mesolithic
C09417;Scandinavian Mesolithic;Mesolithic
C09418;Scandinavian Mesolithic;Mesolithic
C09419;Scandinavian Mesolithic;Mesolithic
C09458;Scandinavian Mesolithic;Mesolithic
C00722;Sopot;Neolithic
C00723;Sopot;Neolithic
C00730;Sopot;Neolithic
C00731;Sopot;Neolithic
C00732;Sopot;Neolithic
C00733;Sopot;Neolithic
C00734;Sopot;Neolithic
C00735;Sopot;Neolithic
C00736;Sopot;Neolithic
C00737;Sopot;Neolithic
C00738;Sopot;Neolithic
C00739;Sopot;Neolithic
C00740;Sopot;Neolithic
C00741;Sopot;Neolithic
C00742;Sopot;Neolithic
C00743;Sopot;Neolithic
C00744;Sopot;Neolithic
C00745;Sopot;Neolithic
C03651;Sopot;Neolithic
C03652;Sopot;Neolithic
C03724;Sopot;Neolithic
C03725;Sopot;Neolithic
C03726;Sopot;Neolithic
C03727;Sopot;Neolithic
C03728;Sopot;Neolithic
C03729;Sopot;Neolithic
C03730;Sopot;Neolithic
C03732;Sopot;Neolithic
C04578;Sopot;Neolithic
C13681;Sopot;Neolithic
C13744;Sopot;Neolithic
C03707;\N;Neolithic
C03708;\N;Neolithic
C03709;\N;Neolithic
C03710;\N;Neolithic
C09433;Sredny Stog-Sredny Stog II;Eneolithic
C04027;Sredny Stog-Sredny Stog II;Neolithic
C04028;Sredny Stog-Sredny Stog II;Neolithic
C04029;Sredny Stog-Sredny Stog II;Neolithic
C04030;Sredny Stog-Sredny Stog II;Neolithic
C04031;Sredny Stog-Sredny Stog II;Neolithic
C04032;Sredny Stog-Sredny Stog II;Neolithic
C04033;Sredny Stog-Sredny Stog II;Neolithic
C04034;Sredny Stog-Sredny Stog II;Neolithic
C04035;Sredny Stog-Sredny Stog II;Neolithic
C04036;Sredny Stog-Sredny Stog II;Neolithic
C04037;Sredny Stog-Sredny Stog II;Neolithic
C04038;Sredny Stog-Sredny Stog II;Neolithic
C04038;Sredny Stog-Sredny Stog II;Neolithic
C04039;Sredny Stog-Sredny Stog II;Neolithic
C04040;Sredny Stog-Sredny Stog II;Neolithic
C04041;Sredny Stog-Sredny Stog II;Neolithic
C04042;Sredny Stog-Sredny Stog II;Neolithic
C04043;Sredny Stog-Sredny Stog II;Neolithic
C04044;Sredny Stog-Sredny Stog II;Neolithic
C04045;Sredny Stog-Sredny Stog II;Neolithic
C04046;Sredny Stog-Sredny Stog II;Neolithic
C04047;Sredny Stog-Sredny Stog II;Neolithic
C04048;Sredny Stog-Sredny Stog II;Neolithic
C04049;Sredny Stog-Sredny Stog II;Neolithic
C04050;Sredny Stog-Sredny Stog II;Neolithic
C04051;Sredny Stog-Sredny Stog II;Neolithic
C04052;Sredny Stog-Sredny Stog II;Neolithic
C04053;Sredny Stog-Sredny Stog II;Neolithic
C04054;Sredny Stog-Sredny Stog II;Neolithic
C04055;Sredny Stog-Sredny Stog II;Neolithic
C04056;Sredny Stog-Sredny Stog II;Neolithic
C04057;Sredny Stog-Sredny Stog II;Neolithic
C04058;Sredny Stog-Sredny Stog II;Neolithic
C10317;Sredny Stog-Sredny Stog II;Eneolithic
C10318;Sredny Stog-Sredny Stog II;Eneolithic
C10343;Sredny Stog-Sredny Stog II;Eneolithic
C10347;Sredny Stog-Sredny Stog II;Eneolithic
C10351;Sredny Stog-Sredny Stog II;Eneolithic
C10355;Sredny Stog-Sredny Stog II;Eneolithic
C10363;Sredny Stog-Sredny Stog II;Eneolithic
C10364;Sredny Stog-Sredny Stog II;Eneolithic
C10368;Sredny Stog-Sredny Stog II;Eneolithic
C10369;Sredny Stog-Sredny Stog II;Eneolithic
C03974;Sredny Stog-Sredny Stog II;Eneolithic
C03700;Starčevo-Körös-Criş;Neolithic
C03701;Starčevo-Körös-Criş;Neolithic
C03702;Starčevo-Körös-Criş;Neolithic
C03740;Starčevo-Körös-Criş;Neolithic
C03741;Starčevo-Körös-Criş;Neolithic
C03742;Starčevo-Körös-Criş;Neolithic
C03743;Starčevo-Körös-Criş;Neolithic
C03744;Starčevo-Körös-Criş;Neolithic
C00701;Starčevo-Körös-Criş;Neolithic
C00702;Starčevo-Körös-Criş;Neolithic
C00703;Starčevo-Körös-Criş;Neolithic
C00704;Starčevo-Körös-Criş;Neolithic
C00705;Starčevo-Körös-Criş;Neolithic
C00706;Starčevo-Körös-Criş;Neolithic
C00707;Starčevo-Körös-Criş;Neolithic
C00708;Starčevo-Körös-Criş;Neolithic
C00709;Starčevo-Körös-Criş;Neolithic
C00710;Starčevo-Körös-Criş;Neolithic
C00711;Starčevo-Körös-Criş;Neolithic
C00712;Starčevo-Körös-Criş;Neolithic
C00713;Starčevo-Körös-Criş;Neolithic
C00714;Starčevo-Körös-Criş;Neolithic
C00715;Starčevo-Körös-Criş;Neolithic
C00716;Starčevo-Körös-Criş;Neolithic
C00717;Starčevo-Körös-Criş;Neolithic
C03471;Starčevo-Körös-Criş;Neolithic
C03472;Starčevo-Körös-Criş;Neolithic
C03473;Starčevo-Körös-Criş;Neolithic
C03474;Starčevo-Körös-Criş;Neolithic
C03475;Starčevo-Körös-Criş;Neolithic
C03476;Starčevo-Körös-Criş;Neolithic
C03477;Starčevo-Körös-Criş;Neolithic
C03478;Starčevo-Körös-Criş;Neolithic
C03479;Starčevo-Körös-Criş;Neolithic
C03480;Starčevo-Körös-Criş;Neolithic
C03481;Starčevo-Körös-Criş;Neolithic
C03482;Starčevo-Körös-Criş;Neolithic
C03483;Starčevo-Körös-Criş;Neolithic
C03483;Starčevo-Körös-Criş;Neolithic
C03484;Starčevo-Körös-Criş;Neolithic
C03485;Starčevo-Körös-Criş;Neolithic
C03486;Starčevo-Körös-Criş;Neolithic
C03487;Starčevo-Körös-Criş;Neolithic
C03488;Starčevo-Körös-Criş;Neolithic
C03489;Starčevo-Körös-Criş;Neolithic
C03643;Starčevo-Körös-Criş;Neolithic
C03644;Starčevo-Körös-Criş;Neolithic
C03645;Starčevo-Körös-Criş;Neolithic
C03646;Starčevo-Körös-Criş;Neolithic
C03703;Starčevo-Körös-Criş;Neolithic
C03704;Starčevo-Körös-Criş;Neolithic
C03705;Starčevo-Körös-Criş;Neolithic
C03706;Starčevo-Körös-Criş;Neolithic
C03717;Starčevo-Körös-Criş;Neolithic
C03718;Starčevo-Körös-Criş;Neolithic
C03719;Starčevo-Körös-Criş;Neolithic
C03720;Starčevo-Körös-Criş;Neolithic
C03731;Starčevo-Körös-Criş;Neolithic
C03738;Starčevo-Körös-Criş;Neolithic
C03739;Starčevo-Körös-Criş;Neolithic
C03745;Starčevo-Körös-Criş;Neolithic
C03746;Starčevo-Körös-Criş;Neolithic
C03752;Starčevo-Körös-Criş;Neolithic
C03753;Starčevo-Körös-Criş;Neolithic
C03754;Starčevo-Körös-Criş;Neolithic
C03755;Starčevo-Körös-Criş;Neolithic
C03756;Starčevo-Körös-Criş;Neolithic
C03757;Starčevo-Körös-Criş;Neolithic
C03758;Starčevo-Körös-Criş;Neolithic
C03759;Starčevo-Körös-Criş;Neolithic
C03760;Starčevo-Körös-Criş;Neolithic
C03761;Starčevo-Körös-Criş;Neolithic
C03763;Starčevo-Körös-Criş;Neolithic
C03764;Starčevo-Körös-Criş;Neolithic
C03765;Starčevo-Körös-Criş;Neolithic
C03766;Starčevo-Körös-Criş;Neolithic
C03767;Starčevo-Körös-Criş;Neolithic
C03768;Starčevo-Körös-Criş;Neolithic
C03769;Starčevo-Körös-Criş;Neolithic
C03769;Starčevo-Körös-Criş;Neolithic
C03798;Starčevo-Körös-Criş;Neolithic
C03799;Starčevo-Körös-Criş;Neolithic
C03800;Starčevo-Körös-Criş;Neolithic
C03801;Starčevo-Körös-Criş;Neolithic
C03802;Starčevo-Körös-Criş;Neolithic
C03803;Starčevo-Körös-Criş;Neolithic
C03804;Starčevo-Körös-Criş;Neolithic
C03805;Starčevo-Körös-Criş;Neolithic
C03806;Starčevo-Körös-Criş;Neolithic
C03807;Starčevo-Körös-Criş;Neolithic
C03808;Starčevo-Körös-Criş;Neolithic
C03809;Starčevo-Körös-Criş;Neolithic
C03810;Starčevo-Körös-Criş;Neolithic
C03811;Starčevo-Körös-Criş;Neolithic
C03812;Starčevo-Körös-Criş;Neolithic
C03813;Starčevo-Körös-Criş;Neolithic
C03814;Starčevo-Körös-Criş;Neolithic
C03815;Starčevo-Körös-Criş;Neolithic
C03816;Starčevo-Körös-Criş;Neolithic
C03817;Starčevo-Körös-Criş;Neolithic
C03818;Starčevo-Körös-Criş;Neolithic
C03819;Starčevo-Körös-Criş;Neolithic
C03820;Starčevo-Körös-Criş;Neolithic
C03821;Starčevo-Körös-Criş;Neolithic
C03822;Starčevo-Körös-Criş;Neolithic
C03823;Starčevo-Körös-Criş;Neolithic
C03824;Starčevo-Körös-Criş;Neolithic
C03845;Starčevo-Körös-Criş;Mesolithic
C03846;Starčevo-Körös-Criş;Mesolithic
C03848;Starčevo-Körös-Criş;Mesolithic
C03866;Starčevo-Körös-Criş;Neolithic
C09723;Starčevo-Körös-Criş;Neolithic
C10387;Surskoy;Neolithic
C10388;Surskoy;Neolithic
C10389;Surskoy;Neolithic
C10390;Surskoy;Neolithic
C10391;Surskoy;Neolithic
C10392;Surskoy;Neolithic
C10393;Surskoy;Neolithic
C10394;Surskoy;Neolithic
C10395;Surskoy;Neolithic
C10396;Surskoy;Neolithic
C02898;Transdanubian Encrusted Pottery;Bronze Age
C02900;Transdanubian Encrusted Pottery;Bronze Age
C02941;Transdanubian Encrusted Pottery;Bronze Age
C05249;Transdanubian Encrusted Pottery;Bronze Age
C05266;Transdanubian Encrusted Pottery;Bronze Age
C05268;Transdanubian Encrusted Pottery;Bronze Age
C05272;Transdanubian Encrusted Pottery;Bronze Age
C05306;Transdanubian Encrusted Pottery;Bronze Age
C05310;Transdanubian Encrusted Pottery;Bronze Age
C05318;Transdanubian Encrusted Pottery;Bronze Age
C05329;Transdanubian Encrusted Pottery;Bronze Age
C05330;Transdanubian Encrusted Pottery;Bronze Age
C05364;Transdanubian Encrusted Pottery;Bronze Age
C05369;Transdanubian Encrusted Pottery;Bronze Age
C05387;Transdanubian Encrusted Pottery;Bronze Age
C05407;Transdanubian Encrusted Pottery;Bronze Age
C05517;Transdanubian Encrusted Pottery;Bronze Age
C05615;Transdanubian Encrusted Pottery;Bronze Age
C05623;Transdanubian Encrusted Pottery;Bronze Age
C05624;Transdanubian Encrusted Pottery;Bronze Age
C05627;Transdanubian Encrusted Pottery;Bronze Age
C05721;Transdanubian Encrusted Pottery;Bronze Age
C05763;Transdanubian Encrusted Pottery;Bronze Age
C05766;Transdanubian Encrusted Pottery;Bronze Age
C05793;Transdanubian Encrusted Pottery;Bronze Age
C05871;Transdanubian Encrusted Pottery;Bronze Age
C05898;Transdanubian Encrusted Pottery;Bronze Age
C05900;Transdanubian Encrusted Pottery;Bronze Age
C05908;Transdanubian Encrusted Pottery;Bronze Age
C05998;Transdanubian Encrusted Pottery;Bronze Age
C07466;Trichterbecher;Eneolithic
C07520;Trichterbecher;Eneolithic
C07521;Trichterbecher;Eneolithic
C07523;Trichterbecher;Eneolithic
C07524;Trichterbecher;Eneolithic
C07525;Trichterbecher;Eneolithic
C07526;Trichterbecher;Eneolithic
C07527;Trichterbecher;Eneolithic
C07528;Trichterbecher;Eneolithic
C07529;Trichterbecher;Eneolithic
C07530;Trichterbecher;Eneolithic
C07531;Trichterbecher;Eneolithic
C07532;Trichterbecher;Eneolithic
C07533;Trichterbecher;Eneolithic
C07534;Trichterbecher;Eneolithic
C07535;Trichterbecher;Eneolithic
C07536;Trichterbecher;Eneolithic
C07537;Trichterbecher;Eneolithic
C07545;Trichterbecher;Eneolithic
C07546;Trichterbecher;Eneolithic
C07547;Trichterbecher;Eneolithic
C07548;Trichterbecher;Eneolithic
C07550;Trichterbecher;Eneolithic
C07551;Trichterbecher;Eneolithic
C07552;Trichterbecher;Eneolithic
C07553;Trichterbecher;Eneolithic
C07554;Trichterbecher;Eneolithic
C07555;Trichterbecher;Eneolithic
C07556;Trichterbecher;Eneolithic
C07557;Trichterbecher;Eneolithic
C07558;Trichterbecher;Eneolithic
C07559;Trichterbecher;Eneolithic
C07560;Trichterbecher;Eneolithic
C07561;Trichterbecher;Eneolithic
C07562;Trichterbecher;Eneolithic
C07563;Trichterbecher;Eneolithic
C07564;Trichterbecher;Eneolithic
C07565;Trichterbecher;Eneolithic
C07566;Trichterbecher;Eneolithic
C07567;Trichterbecher;Eneolithic
C07568;Trichterbecher;Eneolithic
C07569;Trichterbecher;Eneolithic
C07748;Trichterbecher;Eneolithic
C07749;Trichterbecher;Eneolithic
C09330;Trichterbecher;Neolithic
C09353;Trichterbecher;Neolithic
C09380;Trichterbecher;Neolithic
C09434;Trichterbecher;Neolithic
C09435;Trichterbecher;Neolithic
C09436;Trichterbecher;Neolithic
C09437;Trichterbecher;Neolithic
C09467;Trichterbecher;Neolithic
C09468;Trichterbecher;Neolithic
C09469;Trichterbecher;Neolithic
C09470;Trichterbecher;Neolithic
C09471;Trichterbecher;Neolithic
C09472;Trichterbecher;Neolithic
C09473;Trichterbecher;Neolithic
C09487;Trichterbecher;Neolithic
C09488;Trichterbecher;Neolithic
C09489;Trichterbecher;Neolithic
C09490;Trichterbecher;Neolithic
C09491;Trichterbecher;Neolithic
C09492;Trichterbecher;Neolithic
C09510;Trichterbecher;Neolithic
C09511;Trichterbecher;Neolithic
C09512;Trichterbecher;Neolithic
C09513;Trichterbecher;Neolithic
C09514;Trichterbecher;Neolithic
C09515;Trichterbecher;Neolithic
C09551;Trichterbecher;Neolithic
C09552;Trichterbecher;Neolithic
C09557;Trichterbecher;Neolithic
C09558;Trichterbecher;Neolithic
C09559;Trichterbecher;Neolithic
C09560;Trichterbecher;Neolithic
C09561;Trichterbecher;Neolithic
C09562;Trichterbecher;Neolithic
C09564;Trichterbecher;Neolithic
C09648;Trichterbecher;Neolithic
C09649;Trichterbecher;Neolithic
C09650;Trichterbecher;Neolithic
C09652;Trichterbecher;Neolithic
C09653;Trichterbecher;Neolithic
C09654;Trichterbecher;Neolithic
C09655;Trichterbecher;Neolithic
C09656;Trichterbecher;Neolithic
C09836;Trichterbecher;Eneolithic
C09837;Trichterbecher;Eneolithic
C10360;Trichterbecher;Neolithic
C10361;Trichterbecher;Neolithic
C10362;Trichterbecher;Neolithic
C13648;Trichterbecher;Eneolithic
C02914;Tumulus;Bronze Age
C02920;Tumulus;Bronze Age
C02930;Tumulus;Bronze Age
C02952;Tumulus;Bronze Age
C02953;Tumulus;Bronze Age
C02956;Tumulus;Bronze Age
C02963;Tumulus;Bronze Age
C02964;Tumulus;Bronze Age
C02973;Tumulus;Bronze Age
C05673;Tumulus;Bronze Age
C05682;Tumulus;Bronze Age
C05683;Tumulus;Bronze Age
C05687;Tumulus;Bronze Age
C05688;Tumulus;Bronze Age
C05689;Tumulus;Bronze Age
C05696;Tumulus;Bronze Age
C05702;Tumulus;Bronze Age
C05704;Tumulus;Bronze Age
C05705;Tumulus;Bronze Age
C05712;Tumulus;Bronze Age
C05731;Tumulus;Bronze Age
C05735;Tumulus;Bronze Age
C05746;Tumulus;Bronze Age
C05747;Tumulus;Bronze Age
C05749;Tumulus;Bronze Age
C05752;Tumulus;Bronze Age
C05758;Tumulus;Bronze Age
C05811;Tumulus;Bronze Age
C05814;Tumulus;Bronze Age
C05839;Tumulus;Bronze Age
C05850;Tumulus;Bronze Age
C05858;Tumulus;Bronze Age
C05874;Tumulus;Bronze Age
C13719;Tumulus;Bronze Age
C13720;Tumulus;Bronze Age
C13721;Tumulus;Bronze Age
C13722;Tumulus;Bronze Age
C13723;Tumulus;Bronze Age
C13724;Tumulus;Bronze Age
C13725;Tumulus;Bronze Age
C07598;Únětice;Eneolithic/Bronze Age
C07599;Únětice;Eneolithic/Bronze Age
C07600;Únětice;Eneolithic/Bronze Age
C07601;Únětice;Eneolithic/Bronze Age
C07602;Únětice;Eneolithic/Bronze Age
C03151;Únětice;Bronze Age
C03152;Únětice;Bronze Age
C03153;Únětice;Bronze Age
C03154;Únětice;Bronze Age
C03155;Únětice;Bronze Age
C03162;Únětice;Bronze Age
C03163;Únětice;Bronze Age
C03164;Únětice;Bronze Age
C03165;Únětice;Bronze Age
C03166;Únětice;Bronze Age
C03167;Únětice;Bronze Age
C03168;Únětice;Bronze Age
C03169;Únětice;Bronze Age
C03170;Únětice;Bronze Age
C03171;Únětice;Bronze Age
C03172;Únětice;Bronze Age
C03173;Únětice;Bronze Age
C03174;Únětice;Bronze Age
C03175;Únětice;Bronze Age
C03176;Únětice;Bronze Age
C03177;Únětice;Bronze Age
C03178;Únětice;Bronze Age
C03179;Únětice;Bronze Age
C03180;Únětice;Bronze Age
C03181;Únětice;Bronze Age
C03182;Únětice;Bronze Age
C03183;Únětice;Bronze Age
C03184;Únětice;Bronze Age
C03185;Únětice;Bronze Age
C03187;Únětice;Bronze Age
C03188;Únětice;Bronze Age
C03189;Únětice;Bronze Age
C03190;Únětice;Bronze Age
C03191;Únětice;Bronze Age
C03192;Únětice;Bronze Age
C03193;Únětice;Bronze Age
C03194;Únětice;Bronze Age
C03195;Únětice;Bronze Age
C03196;Únětice;Bronze Age
C03197;Únětice;Bronze Age
C03198;Únětice;Bronze Age
C03199;Únětice;Bronze Age
C03200;Únětice;Bronze Age
C03201;Únětice;Bronze Age
C03202;Únětice;Bronze Age
C03203;Únětice;Bronze Age
C03204;Únětice;Bronze Age
C03205;Únětice;Bronze Age
C03206;Únětice;Bronze Age
C03207;Únětice;Bronze Age
C03208;Únětice;Bronze Age
C03219;Únětice;Bronze Age
C03220;Únětice;Bronze Age
C07431;Únětice;Bronze Age
C07432;Únětice;Bronze Age
C07433;Únětice;Bronze Age
C07434;Únětice;Bronze Age
C07435;Únětice;Bronze Age
C07436;Únětice;Bronze Age
C07437;Únětice;Bronze Age
C07473;Únětice;Bronze Age
C07474;Únětice;Bronze Age
C07475;Únětice;Bronze Age
C07476;Únětice;Bronze Age
C07477;Únětice;Bronze Age
C07478;Únětice;Bronze Age
C07479;Únětice;Bronze Age
C07480;Únětice;Bronze Age
C07481;Únětice;Bronze Age
C07482;Únětice;Bronze Age
C07483;Únětice;Bronze Age
C07484;Únětice;Bronze Age
C07485;Únětice;Bronze Age
C07486;Únětice;Bronze Age
C07487;Únětice;Bronze Age
C07488;Únětice;Bronze Age
C07491;Únětice;Bronze Age
C07492;Únětice;Bronze Age
C07493;Únětice;Bronze Age
C07494;Únětice;Bronze Age
C07495;Únětice;Bronze Age
C07496;Únětice;Bronze Age
C07497;Únětice;Bronze Age
C07498;Únětice;Bronze Age
C07503;Únětice;Bronze Age
C07504;Únětice;Bronze Age
C07505;Únětice;Bronze Age
C07506;Únětice;Bronze Age
C07507;Únětice;Bronze Age
C07508;Únětice;Bronze Age
C07509;Únětice;Bronze Age
C07517;Únětice;Bronze Age
C07518;Únětice;Bronze Age
C07519;Únětice;Bronze Age
C07570;Únětice;Bronze Age
C07571;Únětice;Bronze Age
C07572;Únětice;Bronze Age
C07573;Únětice;Bronze Age
C07574;Únětice;Bronze Age
C07575;Únětice;Bronze Age
C07576;Únětice;Bronze Age
C07577;Únětice;Bronze Age
C07578;Únětice;Bronze Age
C07579;Únětice;Bronze Age
C07580;Únětice;Bronze Age
C07581;Únětice;Bronze Age
C07582;Únětice;Bronze Age
C07583;Únětice;Bronze Age
C07584;Únětice;Bronze Age
C07585;Únětice;Bronze Age
C07586;Únětice;Bronze Age
C07587;Únětice;Bronze Age
C07594;Únětice;Bronze Age
C07603;Únětice;Bronze Age
C07604;Únětice;Bronze Age
C07605;Únětice;Bronze Age
C07606;Únětice;Bronze Age
C07607;Únětice;Bronze Age
C07608;Únětice;Bronze Age
C07626;Únětice;Bronze Age
C07627;Únětice;Bronze Age
C07628;Únětice;Bronze Age
C07629;Únětice;Bronze Age
C07630;Únětice;Bronze Age
C07631;Únětice;Bronze Age
C07632;Únětice;Bronze Age
C07633;Únětice;Bronze Age
C07634;Únětice;Bronze Age
C07635;Únětice;Bronze Age
C07636;Únětice;Bronze Age
C07637;Únětice;Bronze Age
C07638;Únětice;Bronze Age
C07639;Únětice;Bronze Age
C07640;Únětice;Bronze Age
C07641;Únětice;Bronze Age
C07642;Únětice;Bronze Age
C07643;Únětice;Bronze Age
C07722;Únětice;Bronze Age
C07723;Únětice;Bronze Age
C07724;Únětice;Bronze Age
C07725;Únětice;Bronze Age
C07726;Únětice;Bronze Age
C07727;Únětice;Bronze Age
C07728;Únětice;Bronze Age
C07729;Únětice;Bronze Age
C07730;Únětice;Bronze Age
C07731;Únětice;Bronze Age
C07732;Únětice;Bronze Age
C07734;Únětice;Bronze Age
C07735;Únětice;Bronze Age
C07736;Únětice;Bronze Age
C07737;Únětice;Bronze Age
C07738;Únětice;Bronze Age
C07739;Únětice;Bronze Age
C07740;Únětice;Bronze Age
C07741;Únětice;Bronze Age
C07742;Únětice;Bronze Age
C07743;Únětice;Bronze Age
C07752;Únětice;Bronze Age
C07753;Únětice;Bronze Age
C07754;Únětice;Bronze Age
C07756;Únětice;Bronze Age
C07757;Únětice;Bronze Age
C07758;Únětice;Bronze Age
C07759;Únětice;Bronze Age
C07761;Únětice;Bronze Age
C07762;Únětice;Bronze Age
C07763;Únětice;Bronze Age
C07764;Únětice;Bronze Age
C13649;Únětice;Bronze Age
C13650;Únětice;Bronze Age
C13651;Únětice;Bronze Age
C13652;Únětice;Bronze Age
C13653;Únětice;Bronze Age
C13654;Únětice;Bronze Age
C13655;Únětice;Bronze Age
C13656;Únětice;Bronze Age
C13657;Únětice;Bronze Age
C13658;Únětice;Bronze Age
C13659;Únětice;Bronze Age
C13660;Únětice;Bronze Age
C13661;Únětice;Bronze Age
C13662;Únětice;Bronze Age
C13663;Únětice;Bronze Age
C13664;Únětice;Bronze Age
C13665;Únětice;Bronze Age
C13666;Únětice;Bronze Age
C13667;Únětice;Bronze Age
C10326;Upper Volga;Neolithic
C10332;Upper Volga;Neolithic
C10333;Upper Volga;Neolithic
C10334;Upper Volga;Neolithic
C10316;Upper Volga;Neolithic
C10358;Upper Volga;Mesolithic
C10359;Upper Volga;Mesolithic
C10321;Upper Volga;Eneolithic
C10322;Upper Volga;Eneolithic
C10323;Upper Volga;Eneolithic
C10324;Upper Volga;Eneolithic
C10325;Upper Volga;Eneolithic
C10327;Upper Volga;Eneolithic
C10328;Upper Volga;Eneolithic
C10329;Upper Volga;Eneolithic
C10330;Upper Volga;Eneolithic
C10331;Upper Volga;Eneolithic
C10335;Upper Volga;Eneolithic
C10336;Upper Volga;Eneolithic
C10337;Upper Volga;Eneolithic
C10338;Upper Volga;Eneolithic
C10339;Upper Volga;Eneolithic
C10340;Upper Volga;Eneolithic
C10341;Upper Volga;Eneolithic
C10342;Upper Volga;Eneolithic
C10344;Upper Volga;Eneolithic
C10346;Upper Volga;Eneolithic
C13132;Usatovskaya;Eneolithic
C13133;Usatovskaya;Eneolithic
C13134;Usatovskaya;Eneolithic
C13135;Usatovskaya;Eneolithic
C13136;Usatovskaya;Eneolithic
C13137;Usatovskaya;Eneolithic
C13140;Usatovskaya;Eneolithic
C13141;Usatovskaya;Eneolithic
C13142;Usatovskaya;Eneolithic
C13143;Usatovskaya;Eneolithic
C13144;Usatovskaya;Eneolithic
C13145;Usatovskaya;Eneolithic
C13146;Usatovskaya;Eneolithic
C13147;Usatovskaya;Eneolithic
C13148;Usatovskaya;Eneolithic
C02826;Vatya;Bronze Age
C02827;Vatya;Bronze Age
C02828;Vatya;Bronze Age
C02829;Vatya;Bronze Age
C02833;Vatya;Bronze Age
C02834;Vatya;Bronze Age
C02835;Vatya;Bronze Age
C02836;Vatya;Bronze Age
C02837;Vatya;Bronze Age
C02838;Vatya;Bronze Age
C02839;Vatya;Bronze Age
C02840;Vatya;Bronze Age
C02841;Vatya;Bronze Age
C02842;Vatya;Bronze Age
C02843;Vatya;Bronze Age
C02844;Vatya;Bronze Age
C02845;Vatya;Bronze Age
C02846;Vatya;Bronze Age
C02848;Vatya;Bronze Age
C02850;Vatya;Bronze Age
C02851;Vatya;Bronze Age
C02854;Vatya;Bronze Age
C02855;Vatya;Bronze Age
C02857;Vatya;Bronze Age
C02858;Vatya;Bronze Age
C02860;Vatya;Bronze Age
C02861;Vatya;Bronze Age
C02862;Vatya;Bronze Age
C02863;Vatya;Bronze Age
C02864;Vatya;Bronze Age
C02865;Vatya;Bronze Age
C02866;Vatya;Bronze Age
C02867;Vatya;Bronze Age
C02871;Vatya;Bronze Age
C02872;Vatya;Bronze Age
C02873;Vatya;Bronze Age
C02875;Vatya;Bronze Age
C02876;Vatya;Bronze Age
C02877;Vatya;Bronze Age
C02878;Vatya;Bronze Age
C02879;Vatya;Bronze Age
C02880;Vatya;Bronze Age
C02881;Vatya;Bronze Age
C02882;Vatya;Bronze Age
C02883;Vatya;Bronze Age
C02884;Vatya;Bronze Age
C02885;Vatya;Bronze Age
C02887;Vatya;Bronze Age
C02888;Vatya;Bronze Age
C02889;Vatya;Bronze Age
C02890;Vatya;Bronze Age
C02891;Vatya;Bronze Age
C02892;Vatya;Bronze Age
C02893;Vatya;Bronze Age
C02894;Vatya;Bronze Age
C02895;Vatya;Bronze Age
C02896;Vatya;Bronze Age
C02901;Vatya;Bronze Age
C02902;Vatya;Bronze Age
C02903;Vatya;Bronze Age
C02905;Vatya;Bronze Age
C02906;Vatya;Bronze Age
C02907;Vatya;Bronze Age
C02908;Vatya;Bronze Age
C02909;Vatya;Bronze Age
C02910;Vatya;Bronze Age
C02911;Vatya;Bronze Age
C02912;Vatya;Bronze Age
C02918;Vatya;Bronze Age
C02937;Vatya;Bronze Age
C02940;Vatya;Bronze Age
C02949;Vatya;Bronze Age
C02950;Vatya;Bronze Age
C02951;Vatya;Bronze Age
C02961;Vatya;Bronze Age
C02962;Vatya;Bronze Age
C02967;Vatya;Bronze Age
C02968;Vatya;Bronze Age
C02975;Vatya;Bronze Age
C02976;Vatya;Bronze Age
C02977;Vatya;Bronze Age
C02978;Vatya;Bronze Age
C02979;Vatya;Bronze Age
C02980;Vatya;Bronze Age
C05234;Vatya;Bronze Age
C05235;Vatya;Bronze Age
C05236;Vatya;Bronze Age
C05237;Vatya;Bronze Age
C05238;Vatya;Bronze Age
C05239;Vatya;Bronze Age
C05240;Vatya;Bronze Age
C05241;Vatya;Bronze Age
C05242;Vatya;Bronze Age
C05244;Vatya;Bronze Age
C05246;Vatya;Bronze Age
C05247;Vatya;Bronze Age
C05248;Vatya;Bronze Age
C05250;Vatya;Bronze Age
C05251;Vatya;Bronze Age
C05252;Vatya;Bronze Age
C05254;Vatya;Bronze Age
C05255;Vatya;Bronze Age
C05256;Vatya;Bronze Age
C05257;Vatya;Bronze Age
C05258;Vatya;Bronze Age
C05259;Vatya;Bronze Age
C05260;Vatya;Bronze Age
C05261;Vatya;Bronze Age
C05262;Vatya;Bronze Age
C05263;Vatya;Bronze Age
C05264;Vatya;Bronze Age
C05265;Vatya;Bronze Age
C05267;Vatya;Bronze Age
C05269;Vatya;Bronze Age
C05270;Vatya;Bronze Age
C05271;Vatya;Bronze Age
C05273;Vatya;Bronze Age
C05274;Vatya;Bronze Age
C05275;Vatya;Bronze Age
C05277;Vatya;Bronze Age
C05278;Vatya;Bronze Age
C05279;Vatya;Bronze Age
C05280;Vatya;Bronze Age
C05281;Vatya;Bronze Age
C05284;Vatya;Bronze Age
C05289;Vatya;Bronze Age
C05290;Vatya;Bronze Age
C05297;Vatya;Bronze Age
C05298;Vatya;Bronze Age
C05301;Vatya;Bronze Age
C05304;Vatya;Bronze Age
C05307;Vatya;Bronze Age
C05308;Vatya;Bronze Age
C05309;Vatya;Bronze Age
C05311;Vatya;Bronze Age
C05312;Vatya;Bronze Age
C05317;Vatya;Bronze Age
C05323;Vatya;Bronze Age
C05324;Vatya;Bronze Age
C05326;Vatya;Bronze Age
C05327;Vatya;Bronze Age
C05328;Vatya;Bronze Age
C05331;Vatya;Bronze Age
C05332;Vatya;Bronze Age
C05333;Vatya;Bronze Age
C05334;Vatya;Bronze Age
C05337;Vatya;Bronze Age
C05339;Vatya;Bronze Age
C05340;Vatya;Bronze Age
C05341;Vatya;Bronze Age
C05342;Vatya;Bronze Age
C05347;Vatya;Bronze Age
C05350;Vatya;Bronze Age
C05351;Vatya;Bronze Age
C05352;Vatya;Bronze Age
C05353;Vatya;Bronze Age
C05355;Vatya;Bronze Age
C05357;Vatya;Bronze Age
C05359;Vatya;Bronze Age
C05360;Vatya;Bronze Age
C05363;Vatya;Bronze Age
C05365;Vatya;Bronze Age
C05366;Vatya;Bronze Age
C05367;Vatya;Bronze Age
C05368;Vatya;Bronze Age
C05370;Vatya;Bronze Age
C05371;Vatya;Bronze Age
C05372;Vatya;Bronze Age
C05373;Vatya;Bronze Age
C05374;Vatya;Bronze Age
C05375;Vatya;Bronze Age
C05376;Vatya;Bronze Age
C05377;Vatya;Bronze Age
C05378;Vatya;Bronze Age
C05379;Vatya;Bronze Age
C05380;Vatya;Bronze Age
C05381;Vatya;Bronze Age
C05382;Vatya;Bronze Age
C05383;Vatya;Bronze Age
C05384;Vatya;Bronze Age
C05385;Vatya;Bronze Age
C05386;Vatya;Bronze Age
C05388;Vatya;Bronze Age
C05389;Vatya;Bronze Age
C05390;Vatya;Bronze Age
C05393;Vatya;Bronze Age
C05394;Vatya;Bronze Age
C05395;Vatya;Bronze Age
C05396;Vatya;Bronze Age
C05397;Vatya;Bronze Age
C05398;Vatya;Bronze Age
C05400;Vatya;Bronze Age
C05401;Vatya;Bronze Age
C05402;Vatya;Bronze Age
C05404;Vatya;Bronze Age
C05405;Vatya;Bronze Age
C05410;Vatya;Bronze Age
C05412;Vatya;Bronze Age
C05416;Vatya;Bronze Age
C05419;Vatya;Bronze Age
C05421;Vatya;Bronze Age
C05423;Vatya;Bronze Age
C05424;Vatya;Bronze Age
C05425;Vatya;Bronze Age
C05426;Vatya;Bronze Age
C05428;Vatya;Bronze Age
C05429;Vatya;Bronze Age
C05430;Vatya;Bronze Age
C05431;Vatya;Bronze Age
C05433;Vatya;Bronze Age
C05434;Vatya;Bronze Age
C05435;Vatya;Bronze Age
C05438;Vatya;Bronze Age
C05439;Vatya;Bronze Age
C05440;Vatya;Bronze Age
C05441;Vatya;Bronze Age
C05442;Vatya;Bronze Age
C05443;Vatya;Bronze Age
C05444;Vatya;Bronze Age
C05445;Vatya;Bronze Age
C05446;Vatya;Bronze Age
C05447;Vatya;Bronze Age
C05449;Vatya;Bronze Age
C05450;Vatya;Bronze Age
C05451;Vatya;Bronze Age
C05452;Vatya;Bronze Age
C05453;Vatya;Bronze Age
C05454;Vatya;Bronze Age
C05456;Vatya;Bronze Age
C05457;Vatya;Bronze Age
C05458;Vatya;Bronze Age
C05459;Vatya;Bronze Age
C05460;Vatya;Bronze Age
C05463;Vatya;Bronze Age
C05464;Vatya;Bronze Age
C05465;Vatya;Bronze Age
C05468;Vatya;Bronze Age
C05470;Vatya;Bronze Age
C05471;Vatya;Bronze Age
C05472;Vatya;Bronze Age
C05476;Vatya;Bronze Age
C05477;Vatya;Bronze Age
C05479;Vatya;Bronze Age
C05480;Vatya;Bronze Age
C05481;Vatya;Bronze Age
C05482;Vatya;Bronze Age
C05483;Vatya;Bronze Age
C05485;Vatya;Bronze Age
C05486;Vatya;Bronze Age
C05487;Vatya;Bronze Age
C05488;Vatya;Bronze Age
C05489;Vatya;Bronze Age
C05490;Vatya;Bronze Age
C05491;Vatya;Bronze Age
C05492;Vatya;Bronze Age
C05493;Vatya;Bronze Age
C05494;Vatya;Bronze Age
C05495;Vatya;Bronze Age
C05496;Vatya;Bronze Age
C05497;Vatya;Bronze Age
C05498;Vatya;Bronze Age
C05499;Vatya;Bronze Age
C05500;Vatya;Bronze Age
C05502;Vatya;Bronze Age
C05503;Vatya;Bronze Age
C05504;Vatya;Bronze Age
C05505;Vatya;Bronze Age
C05506;Vatya;Bronze Age
C05507;Vatya;Bronze Age
C05508;Vatya;Bronze Age
C05509;Vatya;Bronze Age
C05510;Vatya;Bronze Age
C05511;Vatya;Bronze Age
C05512;Vatya;Bronze Age
C05513;Vatya;Bronze Age
C05514;Vatya;Bronze Age
C05515;Vatya;Bronze Age
C05516;Vatya;Bronze Age
C05518;Vatya;Bronze Age
C05519;Vatya;Bronze Age
C05520;Vatya;Bronze Age
C05521;Vatya;Bronze Age
C05522;Vatya;Bronze Age
C05523;Vatya;Bronze Age
C05524;Vatya;Bronze Age
C05526;Vatya;Bronze Age
C05527;Vatya;Bronze Age
C05528;Vatya;Bronze Age
C05529;Vatya;Bronze Age
C05530;Vatya;Bronze Age
C05531;Vatya;Bronze Age
C05533;Vatya;Bronze Age
C05534;Vatya;Bronze Age
C05535;Vatya;Bronze Age
C05536;Vatya;Bronze Age
C05538;Vatya;Bronze Age
C05539;Vatya;Bronze Age
C05540;Vatya;Bronze Age
C05541;Vatya;Bronze Age
C05542;Vatya;Bronze Age
C05543;Vatya;Bronze Age
C05544;Vatya;Bronze Age
C05545;Vatya;Bronze Age
C05546;Vatya;Bronze Age
C05547;Vatya;Bronze Age
C05548;Vatya;Bronze Age
C05549;Vatya;Bronze Age
C05550;Vatya;Bronze Age
C05551;Vatya;Bronze Age
C05552;Vatya;Bronze Age
C05553;Vatya;Bronze Age
C05554;Vatya;Bronze Age
C05556;Vatya;Bronze Age
C05560;Vatya;Bronze Age
C05561;Vatya;Bronze Age
C05562;Vatya;Bronze Age
C05563;Vatya;Bronze Age
C05564;Vatya;Bronze Age
C05565;Vatya;Bronze Age
C05566;Vatya;Bronze Age
C05567;Vatya;Bronze Age
C05569;Vatya;Bronze Age
C05571;Vatya;Bronze Age
C05572;Vatya;Bronze Age
C05573;Vatya;Bronze Age
C05574;Vatya;Bronze Age
C05575;Vatya;Bronze Age
C05576;Vatya;Bronze Age
C05577;Vatya;Bronze Age
C05578;Vatya;Bronze Age
C05579;Vatya;Bronze Age
C05581;Vatya;Bronze Age
C05582;Vatya;Bronze Age
C05583;Vatya;Bronze Age
C05584;Vatya;Bronze Age
C05586;Vatya;Bronze Age
C05588;Vatya;Bronze Age
C05590;Vatya;Bronze Age
C05592;Vatya;Bronze Age
C05593;Vatya;Bronze Age
C05594;Vatya;Bronze Age
C05595;Vatya;Bronze Age
C05597;Vatya;Bronze Age
C05599;Vatya;Bronze Age
C05601;Vatya;Bronze Age
C05603;Vatya;Bronze Age
C05604;Vatya;Bronze Age
C05605;Vatya;Bronze Age
C05606;Vatya;Bronze Age
C05607;Vatya;Bronze Age
C05609;Vatya;Bronze Age
C05610;Vatya;Bronze Age
C05612;Vatya;Bronze Age
C05613;Vatya;Bronze Age
C05614;Vatya;Bronze Age
C05616;Vatya;Bronze Age
C05618;Vatya;Bronze Age
C05621;Vatya;Bronze Age
C05622;Vatya;Bronze Age
C05625;Vatya;Bronze Age
C05626;Vatya;Bronze Age
C05628;Vatya;Bronze Age
C05629;Vatya;Bronze Age
C05630;Vatya;Bronze Age
C05631;Vatya;Bronze Age
C05632;Vatya;Bronze Age
C05633;Vatya;Bronze Age
C05634;Vatya;Bronze Age
C05635;Vatya;Bronze Age
C05636;Vatya;Bronze Age
C05638;Vatya;Bronze Age
C05645;Vatya;Bronze Age
C05653;Vatya;Bronze Age
C05654;Vatya;Bronze Age
C05660;Vatya;Bronze Age
C05661;Vatya;Bronze Age
C05663;Vatya;Bronze Age
C05665;Vatya;Bronze Age
C05670;Vatya;Bronze Age
C05676;Vatya;Bronze Age
C05680;Vatya;Bronze Age
C05681;Vatya;Bronze Age
C05685;Vatya;Bronze Age
C05686;Vatya;Bronze Age
C05698;Vatya;Bronze Age
C05706;Vatya;Bronze Age
C05707;Vatya;Bronze Age
C05709;Vatya;Bronze Age
C05710;Vatya;Bronze Age
C05715;Vatya;Bronze Age
C05716;Vatya;Bronze Age
C05717;Vatya;Bronze Age
C05724;Vatya;Bronze Age
C05726;Vatya;Bronze Age
C05727;Vatya;Bronze Age
C05729;Vatya;Bronze Age
C05750;Vatya;Bronze Age
C05756;Vatya;Bronze Age
C05760;Vatya;Bronze Age
C05761;Vatya;Bronze Age
C05762;Vatya;Bronze Age
C05764;Vatya;Bronze Age
C05765;Vatya;Bronze Age
C05767;Vatya;Bronze Age
C05769;Vatya;Bronze Age
C05770;Vatya;Bronze Age
C05771;Vatya;Bronze Age
C05772;Vatya;Bronze Age
C05773;Vatya;Bronze Age
C05777;Vatya;Bronze Age
C05778;Vatya;Bronze Age
C05779;Vatya;Bronze Age
C05781;Vatya;Bronze Age
C05782;Vatya;Bronze Age
C05784;Vatya;Bronze Age
C05785;Vatya;Bronze Age
C05787;Vatya;Bronze Age
C05791;Vatya;Bronze Age
C05796;Vatya;Bronze Age
C05797;Vatya;Bronze Age
C05800;Vatya;Bronze Age
C05802;Vatya;Bronze Age
C05810;Vatya;Bronze Age
C05817;Vatya;Bronze Age
C05820;Vatya;Bronze Age
C05831;Vatya;Bronze Age
C05845;Vatya;Bronze Age
C05853;Vatya;Bronze Age
C05856;Vatya;Bronze Age
C05860;Vatya;Bronze Age
C05862;Vatya;Bronze Age
C05865;Vatya;Bronze Age
C05866;Vatya;Bronze Age
C05870;Vatya;Bronze Age
C05876;Vatya;Bronze Age
C05879;Vatya;Bronze Age
C05881;Vatya;Bronze Age
C05883;Vatya;Bronze Age
C05884;Vatya;Bronze Age
C05885;Vatya;Bronze Age
C05889;Vatya;Bronze Age
C05890;Vatya;Bronze Age
C05891;Vatya;Bronze Age
C05896;Vatya;Bronze Age
C05903;Vatya;Bronze Age
C05904;Vatya;Bronze Age
C05905;Vatya;Bronze Age
C05906;Vatya;Bronze Age
C05907;Vatya;Bronze Age
C05910;Vatya;Bronze Age
C05911;Vatya;Bronze Age
C05912;Vatya;Bronze Age
C05913;Vatya;Bronze Age
C05915;Vatya;Bronze Age
C05916;Vatya;Bronze Age
C05917;Vatya;Bronze Age
C05918;Vatya;Bronze Age
C05920;Vatya;Bronze Age
C05921;Vatya;Bronze Age
C05922;Vatya;Bronze Age
C05923;Vatya;Bronze Age
C05924;Vatya;Bronze Age
C05926;Vatya;Bronze Age
C05927;Vatya;Bronze Age
C05928;Vatya;Bronze Age
C05929;Vatya;Bronze Age
C05930;Vatya;Bronze Age
C05931;Vatya;Bronze Age
C05932;Vatya;Bronze Age
C05933;Vatya;Bronze Age
C05934;Vatya;Bronze Age
C05935;Vatya;Bronze Age
C05936;Vatya;Bronze Age
C05938;Vatya;Bronze Age
C05939;Vatya;Bronze Age
C05940;Vatya;Bronze Age
C05941;Vatya;Bronze Age
C05942;Vatya;Bronze Age
C05943;Vatya;Bronze Age
C05945;Vatya;Bronze Age
C05946;Vatya;Bronze Age
C05947;Vatya;Bronze Age
C05948;Vatya;Bronze Age
C05949;Vatya;Bronze Age
C05950;Vatya;Bronze Age
C05951;Vatya;Bronze Age
C05952;Vatya;Bronze Age
C05953;Vatya;Bronze Age
C05954;Vatya;Bronze Age
C05955;Vatya;Bronze Age
C05956;Vatya;Bronze Age
C05957;Vatya;Bronze Age
C05958;Vatya;Bronze Age
C05959;Vatya;Bronze Age
C05960;Vatya;Bronze Age
C05961;Vatya;Bronze Age
C05962;Vatya;Bronze Age
C05963;Vatya;Bronze Age
C05964;Vatya;Bronze Age
C05965;Vatya;Bronze Age
C05966;Vatya;Bronze Age
C05967;Vatya;Bronze Age
C05968;Vatya;Bronze Age
C05969;Vatya;Bronze Age
C05970;Vatya;Bronze Age
C05971;Vatya;Bronze Age
C05972;Vatya;Bronze Age
C05974;Vatya;Bronze Age
C05977;Vatya;Bronze Age
C05978;Vatya;Bronze Age
C05979;Vatya;Bronze Age
C05980;Vatya;Bronze Age
C05981;Vatya;Bronze Age
C05982;Vatya;Bronze Age
C05983;Vatya;Bronze Age
C05984;Vatya;Bronze Age
C05985;Vatya;Bronze Age
C05986;Vatya;Bronze Age
C05987;Vatya;Bronze Age
C05988;Vatya;Bronze Age
C05989;Vatya;Bronze Age
C05990;Vatya;Bronze Age
C05991;Vatya;Bronze Age
C05992;Vatya;Bronze Age
C05993;Vatya;Bronze Age
C05994;Vatya;Bronze Age
C05995;Vatya;Bronze Age
C05996;Vatya;Bronze Age
C05997;Vatya;Bronze Age
C05999;Vatya;Bronze Age
C12113;Véraza;Neolithic
C12114;Véraza;Neolithic
C12115;Véraza;Neolithic
C12116;Véraza;Neolithic
C12117;Véraza;Neolithic
C12119;Véraza;Neolithic
C12120;Véraza;Neolithic
C12121;Véraza;Neolithic
C12122;Véraza;Neolithic
C12126;Véraza;Neolithic
C03711;Vinča;Neolithic
C03712;Vinča;Neolithic
C03715;Vinča;Neolithic
C03716;Vinča;Neolithic
C03721;Vinča;Neolithic
C03722;Vinča;Neolithic
C03723;Vinča;Neolithic
C03876;Vinča;Neolithic
C03877;Vinča;Neolithic
C03878;Vinča;Neolithic
C03879;Vinča;Neolithic
C03880;Vinča;Neolithic
C03881;Vinča;Neolithic
C03882;Vinča;Neolithic
C03883;Vinča;Neolithic
C03884;Vinča;Neolithic
C03885;Vinča;Neolithic
C03886;Vinča;Neolithic
C03887;Vinča;Neolithic
C03888;Vinča;Neolithic
C03889;Vinča;Neolithic
C03890;Vinča;Neolithic
C03891;Vinča;Neolithic
C03892;Vinča;Neolithic
C03893;Vinča;Neolithic
C03894;Vinča;Neolithic
C03895;Vinča;Neolithic
C03896;Vinča;Neolithic
C03713;\N;Neolithic
C03714;\N;Neolithic
C03678;Vučedol;Eneolithic
C03679;Vučedol;Eneolithic
C03680;Vučedol;Eneolithic
C03681;Vučedol;Eneolithic
C03682;Vučedol;Eneolithic
C03683;Vučedol;Eneolithic
C03684;Vučedol;Eneolithic
C03685;Vučedol;Eneolithic
C03686;Vučedol;Eneolithic
C03687;Vučedol;Eneolithic
C03688;Vučedol;Eneolithic
C03689;Vučedol;Eneolithic
C03690;Vučedol;Eneolithic
C03691;Vučedol;Eneolithic
C03692;Vučedol;Eneolithic
C03693;Vučedol;Eneolithic
C03342;Yamnaya;Eneolithic
C03343;Yamnaya;Eneolithic
C03344;Yamnaya;Eneolithic
C03345;Yamnaya;Eneolithic
C03346;Yamnaya;Eneolithic
C03347;Yamnaya;Eneolithic
C03348;Yamnaya;Eneolithic
C03349;Yamnaya;Eneolithic
C03350;Yamnaya;Eneolithic
C03351;Yamnaya;Eneolithic
C03352;Yamnaya;Eneolithic
C03353;Yamnaya;Eneolithic
C03354;Yamnaya;Eneolithic
C03355;Yamnaya;Eneolithic
C03356;Yamnaya;Eneolithic
C10365;Yamnaya;Bronze Age
C10366;Yamnaya;Bronze Age
C10367;Yamnaya;Bronze Age
C13101;Yamnaya;Bronze Age
C13102;Yamnaya;Bronze Age
C13103;Yamnaya;Bronze Age
C13104;Yamnaya;Bronze Age
C13105;Yamnaya;Bronze Age
C13106;Yamnaya;Bronze Age
C13107;Yamnaya;Bronze Age
C13108;Yamnaya;Bronze Age
C13109;Yamnaya;Bronze Age
C13110;Yamnaya;Bronze Age
C13138;Yamnaya;Bronze Age
C13139;Yamnaya;Bronze Age
