"SiteID","Latitude","Longitude","PhaseID","gaussianModelMu","gaussianModelSigma","aDNAID","aDNACitationID","DepositionType","RiteID","IndividualID","Dismembered","Head","BodyPositioning","BurialSide","BurialOrientationMin","BurialOrientationMax","GraveGoods","Ochre","CitationID","time_added","user_added","time_last_update","user_last_update"
"S10567","48.280","18.090","NITRHK1","7052","102","I16239","gelab2023a","inhumation","R00001","C00001","0","1","crouched","left","180",\N,\N,"0","pavúk1972a","2024-04-25 02:08:01","robert@localhost","2024-04-26 04:59:08","Rscripts@localhost"
"S10567","48.280","18.090","NITRHK1","7052","102","I18091","gelab2023a","inhumation","R00002","C00002","0","1","crouched","left/front","126",\N,\N,"0","pavúk1972a","2024-04-25 02:08:01","robert@localhost","2024-04-26 04:59:08","Rscripts@localhost"
"S10567","48.280","18.090","NITRHK1","7052","102","I17344","gelab2023a","inhumation","R00003","C00003","0","1","crouched","left","106",\N,\N,"0","pavúk1972a","2024-04-25 02:08:01","robert@localhost","2024-04-26 04:59:08","Rscripts@localhost"
"S10567","48.280","18.090","NITRHK1","7052","102",\N,\N,"inhumation","R00004","C00004","0","1","crouched","left","178",\N,\N,"0","pavúk1972a","2024-04-25 02:08:01","robert@localhost","2024-04-26 04:59:08","Rscripts@localhost"
"S10567","48.280","18.090","NITRHK1","7052","102","I17345","gelab2023a","inhumation","R00005","C00005","0","1","crouched","left","140",\N,\N,"0","pavúk1972a","2024-04-25 02:08:01","robert@localhost","2024-04-26 04:59:08","Rscripts@localhost"
"S10567","48.280","18.090","NITRHK1","7052","102","I18093","gelab2023a","inhumation","R00006","C00006","0","1","crouched","left/front","166",\N,\N,"0","pavúk1972a","2024-04-25 02:08:01","robert@localhost","2024-04-26 04:59:08","Rscripts@localhost"
"S10567","48.280","18.090","NITRHK1","7052","102","I17346","gelab2023a","inhumation","R00007","C00007",\N,\N,\N,\N,"90","180",\N,"1","pavúk1972a","2024-04-25 02:08:01","robert@localhost","2024-04-26 04:59:08","Rscripts@localhost"
"S10567","48.280","18.090","NITRHK1","7052","102","I18106","gelab2023a","inhumation","R00008","C00008","0","1","crouched","left/back","119",\N,\N,"0","pavúk1972a","2024-04-25 02:08:01","robert@localhost","2024-04-26 04:59:08","Rscripts@localhost"
"S10567","48.280","18.090","NITRHK1","7052","102","I16246","gelab2023a","inhumation","R00009","C00009","0","1","crouched","left/back","130",\N,"0","0","pavúk1972a","2024-04-25 02:08:01","robert@localhost","2024-04-25 02:08:01","robert@localhost"
"S10567","48.280","18.090","NITRHK1","7052","102",\N,\N,"cenotaph","R00010","C00010",\N,\N,\N,\N,"135","180",\N,"0","pavúk1972a","2024-04-25 02:08:01","robert@localhost","2024-04-26 04:59:08","Rscripts@localhost"
"S10567","48.280","18.090","NITRHK2","5972","141",\N,\N,"inhumation","R00011","C00011",\N,\N,\N,\N,\N,\N,\N,"0","pavúk1972a","2024-04-25 02:08:01","robert@localhost","2024-04-26 04:59:08","Rscripts@localhost"
"S10567","48.280","18.090","NITRHK1","7052","102",\N,\N,\N,"R00012","C00012",\N,\N,\N,\N,\N,\N,\N,"0","pavúk1972a","2024-04-25 02:08:01","robert@localhost","2024-04-26 04:59:08","Rscripts@localhost"
"S10567","48.280","18.090","NITRHK1","7052","102",\N,\N,"inhumation","R00013","C00013","0","1",\N,"left","159",\N,\N,"0","pavúk1972a","2024-04-25 02:08:01","robert@localhost","2024-04-26 04:59:08","Rscripts@localhost"
"S10567","48.280","18.090","NITRHK1","7052","102","I16008","gelab2023a","inhumation","R00014","C00014","0","1","crouched","left","90","180",\N,"0","pavúk1972a","2024-04-25 02:08:01","robert@localhost","2024-04-26 04:59:08","Rscripts@localhost"
"S10567","48.280","18.090","NITRHK1","7052","102","I16241","gelab2023a","inhumation","R00015","C00015",\N,"1","crouched","left","145",\N,"0","0","pavúk1972a","2024-04-25 02:08:01","robert@localhost","2024-04-25 02:08:01","robert@localhost"
"S10567","48.280","18.090","NITRHK1","7052","102","I17545","gelab2023a","inhumation","R00016","C00016",\N,\N,\N,\N,\N,\N,"0",\N,"pavúk1972a","2024-04-25 02:08:01","robert@localhost","2024-04-25 02:08:01","robert@localhost"
"S10567","48.280","18.090","NITRHK1","7052","102","I18094","gelab2023a","inhumation","R00017","C00017","0","1","crouched","left","149",\N,\N,"0","pavúk1972a","2024-04-25 02:08:01","robert@localhost","2024-04-26 04:59:08","Rscripts@localhost"
"S10567","48.280","18.090","NITRHK1","7052","102",\N,\N,"inhumation","R00018","C00018","0","1","crouched","left","130",\N,"0","0","pavúk1972a","2024-04-25 02:08:01","robert@localhost","2024-04-25 02:08:01","robert@localhost"
"S10567","48.280","18.090","NITRHK1","7052","102","I16245","gelab2023a","inhumation","R00019","C00019","0","1","crouched","left","148",\N,\N,"1","pavúk1972a","2024-04-25 02:08:01","robert@localhost","2024-04-26 04:59:08","Rscripts@localhost"
"S10567","48.280","18.090","NITRHK1","7052","102",\N,\N,"inhumation","R00020","C00020","0","1","crouched","left","158",\N,"0","0","pavúk1972a","2024-04-25 02:08:01","robert@localhost","2024-04-25 02:08:01","robert@localhost"
"S10567","48.280","18.090","NITRHK1","7052","102","I18111","gelab2023a","inhumation","R00021","C00021","0","1","crouched","left","127",\N,\N,"0","pavúk1972a","2024-04-25 02:08:01","robert@localhost","2024-04-26 04:59:08","Rscripts@localhost"
"S10567","48.280","18.090","NITRHK1","7052","102","I14599","gelab2023a","inhumation","R00022","C00022","0","1","crouched","left","155",\N,"0","0","pavúk1972a","2024-04-25 02:08:01","robert@localhost","2024-04-25 02:08:01","robert@localhost"
"S10567","48.280","18.090","NITRHK1","7052","102","I16009","gelab2023a","inhumation","R00023","C00023","0","1","crouched","left","135",\N,"0","0","pavúk1972a","2024-04-25 02:08:01","robert@localhost","2024-04-25 02:08:01","robert@localhost"
"S10567","48.280","18.090","NITRHK1","7052","102","I17339","gelab2023a","inhumation","R00024","C00024","0","1","crouched","left","160",\N,\N,"0","pavúk1972a","2024-04-25 02:08:01","robert@localhost","2024-04-26 04:59:08","Rscripts@localhost"
"S10567","48.280","18.090","NITRHK1","7052","102","I18097","gelab2023a","inhumation","R00025","C00025","0","1","crouched","left","155",\N,\N,"0","pavúk1972a","2024-04-25 02:08:01","robert@localhost","2024-04-26 04:59:08","Rscripts@localhost"
"S10567","48.280","18.090","NITRHK1","7052","102","I11872","gelab2023a","inhumation","R00026","C00026","0","1","crouched","left","135",\N,\N,"0","pavúk1972a","2024-04-25 02:08:01","robert@localhost","2024-04-26 04:59:08","Rscripts@localhost"
"S10567","48.280","18.090","NITRHK1","7052","102","I25201","gelab2023a","inhumation","R00027","C00027","0","1","crouched","left","100",\N,\N,"0","pavúk1972a","2024-04-25 02:08:01","robert@localhost","2024-04-26 04:59:08","Rscripts@localhost"
"S10567","48.280","18.090","NITRHK1","7052","102",\N,\N,"inhumation","R00028","C00028","0","1","crouched","left","0","90",\N,"0","pavúk1972a","2024-04-25 02:08:01","robert@localhost","2024-04-26 04:59:08","Rscripts@localhost"
"S10567","48.280","18.090","NITRHK1","7052","102","I16012","gelab2023a","inhumation","R00029","C00029","0","1","crouched","left","134",\N,"0","0","pavúk1972a","2024-04-25 02:08:01","robert@localhost","2024-04-25 02:08:01","robert@localhost"
"S10567","48.280","18.090","NITRHK1","7052","102","I14179","gelab2023a","inhumation","R00030","C00030",\N,\N,\N,\N,\N,\N,\N,"0","pavúk1972a","2024-04-25 02:08:01","robert@localhost","2024-04-26 04:59:08","Rscripts@localhost"
"S10567","48.280","18.090","NITRHK1","7052","102",\N,\N,"inhumation","R00031","C00031",\N,\N,"crouched","left","90","180",\N,"0","pavúk1972a","2024-04-25 02:08:01","robert@localhost","2024-04-26 04:59:08","Rscripts@localhost"
"S10567","48.280","18.090","NITRHK1","7052","102",\N,\N,"inhumation","R00032","C00032","0","1","crouched","left","111",\N,\N,"0","pavúk1972a","2024-04-25 02:08:01","robert@localhost","2024-04-26 04:59:08","Rscripts@localhost"
"S10567","48.280","18.090","NITRHK1","7052","102","I17340","gelab2023a","inhumation","R00033","C00033","0","1","crouched","left","110",\N,"0","0","pavúk1972a","2024-04-25 02:08:01","robert@localhost","2024-04-25 02:08:01","robert@localhost"
"S10567","48.280","18.090","NITRHK1","7052","102",\N,\N,"inhumation","R00034","C00034","0","1","crouched","left","168",\N,\N,"0","pavúk1972a","2024-04-25 02:08:01","robert@localhost","2024-04-26 04:59:08","Rscripts@localhost"
"S10567","48.280","18.090","NITRHK1","7052","102",\N,\N,"inhumation","R00035","C00035","0","1","crouched","left","90",\N,\N,"0","pavúk1972a","2024-04-25 02:08:01","robert@localhost","2024-04-26 04:59:08","Rscripts@localhost"
"S10567","48.280","18.090","NITRHK1","7052","102","I18144","gelab2023a","inhumation","R00036","C00036","0","1","crouched","left","116",\N,"0","1","pavúk1972a","2024-04-25 02:08:01","robert@localhost","2024-04-25 02:08:01","robert@localhost"
"S10567","48.280","18.090","NITRHK1","7052","102",\N,\N,"inhumation","R00037","C00037","0","1","crouched","left","146",\N,"0","0","pavúk1972a","2024-04-25 02:08:01","robert@localhost","2024-04-25 02:08:01","robert@localhost"
"S10567","48.280","18.090","NITRHK1","7052","102","I17538","gelab2023a","inhumation","R00038","C00038","0","1","crouched","left","166",\N,"0","0","pavúk1972a","2024-04-25 02:08:01","robert@localhost","2024-04-25 02:08:01","robert@localhost"
"S10567","48.280","18.090","NITRHK1","7052","102","I16014","gelab2023a","inhumation","R00039","C00039","0","1","crouched","left","135","225",\N,"0","pavúk1972a","2024-04-25 02:08:01","robert@localhost","2024-04-26 04:59:08","Rscripts@localhost"
"S10567","48.280","18.090","NITRHK1","7052","102","I17539","gelab2023a","inhumation","R00040","C00040","0","1","crouched","left","144",\N,\N,"0","pavúk1972a","2024-04-25 02:08:01","robert@localhost","2024-04-26 04:59:08","Rscripts@localhost"
"S10567","48.280","18.090","NITRHK1","7052","102",\N,\N,"inhumation","R00041","C00041","0","1","crouched","left/back","158",\N,\N,"0","pavúk1972a","2024-04-25 02:08:01","robert@localhost","2024-04-26 04:59:08","Rscripts@localhost"
"S10567","48.280","18.090","NITRHK1","7052","102","I16242","gelab2023a","inhumation","R00042","C00042","0","1","crouched","left","149",\N,\N,"0","pavúk1972a","2024-04-25 02:08:01","robert@localhost","2024-04-26 04:59:08","Rscripts@localhost"
"S10567","48.280","18.090","NITRHK1","7052","102",\N,\N,"inhumation","R00043","C00043","0","1","crouched","right","137",\N,"0","0","pavúk1972a","2024-04-25 02:08:01","robert@localhost","2024-04-25 02:08:01","robert@localhost"
"S10567","48.280","18.090","NITRHK1","7052","102","I16013","gelab2023a","inhumation","R00044","C00044","0","1","crouched","left","145",\N,\N,"0","pavúk1972a","2024-04-25 02:08:01","robert@localhost","2024-04-26 04:59:08","Rscripts@localhost"
"S10567","48.280","18.090","NITRHK1","7052","102","I14600","gelab2023a","inhumation","R00045","C00045","0","1","crouched","right","160",\N,"0","0","pavúk1972a","2024-04-25 02:08:01","robert@localhost","2024-04-25 02:08:01","robert@localhost"
"S10567","48.280","18.090","NITRHK1","7052","102",\N,\N,"inhumation","R00046","C00046",\N,\N,"crouched",\N,"90","180","0","0","pavúk1972a","2024-04-25 02:08:01","robert@localhost","2024-04-25 02:08:01","robert@localhost"
"S10567","48.280","18.090","NITRHK1","7052","102","I16240","gelab2023a","inhumation","R00047","C00047","0","1","crouched","left","117",\N,\N,"0","pavúk1972a","2024-04-25 02:08:01","robert@localhost","2024-04-26 04:59:08","Rscripts@localhost"
"S10567","48.280","18.090","NITRHK1","7052","102","I11873","gelab2023a","inhumation","R00048","C00048","0","1","crouched","left","89",\N,"0","0","pavúk1972a","2024-04-25 02:08:01","robert@localhost","2024-04-25 02:08:01","robert@localhost"
"S10567","48.280","18.090","NITRHK1","7052","102","I16007","gelab2023a","inhumation","R00049","C00049","0","1","crouched","left","89",\N,"0","0","pavúk1972a","2024-04-25 02:08:01","robert@localhost","2024-04-25 02:08:01","robert@localhost"
"S10567","48.280","18.090","NITRHK1","7052","102","I14178","gelab2023a","inhumation","R00050","C00050","0","1","crouched","left","89",\N,"0","0","pavúk1972a","2024-04-25 02:08:01","robert@localhost","2024-04-25 02:08:01","robert@localhost"
"S10567","48.280","18.090","NITRHK1","7052","102",\N,\N,"inhumation","R00051","C00051",\N,\N,"crouched","left","45","135","0","0","pavúk1972a","2024-04-25 02:08:01","robert@localhost","2024-04-25 02:08:01","robert@localhost"
"S10567","48.280","18.090","NITRHK1","7052","102","I25175","gelab2023a","inhumation","R00052","C00052","0","1","crouched","left/back","174",\N,\N,"0","pavúk1972a","2024-04-25 02:08:01","robert@localhost","2024-04-26 04:59:08","Rscripts@localhost"
"S10567","48.280","18.090","NITRHK1","7052","102","I25176","gelab2023a","inhumation","R00053","C00053","0","1","crouched","left","227",\N,\N,"0","pavúk1972a","2024-04-25 02:08:01","robert@localhost","2024-04-26 04:59:08","Rscripts@localhost"
"S10567","48.280","18.090","NITRHK1","7052","102","I16011","gelab2023a","inhumation","R00054","C00054","0","1","crouched","left","97",\N,"0","0","pavúk1972a","2024-04-25 02:08:01","robert@localhost","2024-04-25 02:08:01","robert@localhost"
"S10567","48.280","18.090","NITRHK1","7052","102","I14182","gelab2023a","inhumation","R00055","C00055","0","1","crouched","left","159",\N,"0","0","pavúk1972a","2024-04-25 02:08:01","robert@localhost","2024-04-25 02:08:01","robert@localhost"
"S10567","48.280","18.090","NITRHK1","7052","102","I11866","gelab2023a","inhumation","R00056","C00056","0","1","crouched","left","118",\N,\N,"0","pavúk1972a","2024-04-25 02:08:01","robert@localhost","2024-04-26 04:59:08","Rscripts@localhost"
"S10567","48.280","18.090","NITRHK1","7052","102",\N,\N,"inhumation","R00057","C00057","0","1","crouched","left","136",\N,"0","0","pavúk1972a","2024-04-25 02:08:01","robert@localhost","2024-04-25 02:08:01","robert@localhost"
"S10567","48.280","18.090","NITRHK1","7052","102",\N,\N,"inhumation","R00058","C00058","0","1","crouched","back","158",\N,\N,"0","pavúk1972a","2024-04-25 02:08:01","robert@localhost","2024-04-26 04:59:08","Rscripts@localhost"
"S10567","48.280","18.090","NITRHK1","7052","102","I16016","gelab2023a","inhumation","R00059","C00059","0","1","crouched","left","90",\N,\N,"0","pavúk1972a","2024-04-25 02:08:01","robert@localhost","2024-04-26 04:59:08","Rscripts@localhost"
"S10567","48.280","18.090","NITRHK1","7052","102",\N,\N,"inhumation","R00060","C00060",\N,"1",\N,"left","90","180","0","0","pavúk1972a","2024-04-25 02:08:01","robert@localhost","2024-04-25 02:08:01","robert@localhost"
"S10567","48.280","18.090","NITRHK1","7052","102",\N,\N,"inhumation","R00061","C00061","0","1","crouched","left/front","145",\N,\N,"0","pavúk1972a","2024-04-25 02:08:01","robert@localhost","2024-04-26 04:59:08","Rscripts@localhost"
"S10567","48.280","18.090","NITRHK1","7052","102","I14180","gelab2023a","inhumation","R00062","C00062","0","1","crouched","left","156",\N,"0","0","pavúk1972a","2024-04-25 02:08:01","robert@localhost","2024-04-25 02:08:01","robert@localhost"
"S10567","48.280","18.090","NITRHK1","7052","102",\N,\N,"inhumation","R00063","C00063","0","1","crouched","left","151",\N,"0","0","pavúk1972a","2024-04-25 02:08:01","robert@localhost","2024-04-25 02:08:01","robert@localhost"
"S10567","48.280","18.090","NITRHK1","7052","102",\N,\N,"inhumation","R00064","C00064","0","1","crouched","left","139",\N,\N,"1","pavúk1972a","2024-04-25 02:08:01","robert@localhost","2024-04-26 04:59:08","Rscripts@localhost"
"S10567","48.280","18.090","NITRHK1","7052","102",\N,\N,"inhumation","R00065","C00065","0","1","crouched","left/back","139",\N,\N,"1","pavúk1972a","2024-04-25 02:08:01","robert@localhost","2024-04-26 04:59:08","Rscripts@localhost"
"S10567","48.280","18.090","NITRHK1","7052","102","I16015","gelab2023a","inhumation","R00066","C00066","0","1","crouched","left","162",\N,\N,"0","pavúk1972a","2024-04-25 02:08:01","robert@localhost","2024-04-26 04:59:08","Rscripts@localhost"
"S10567","48.280","18.090","NITRHK1","7052","102","I14177","gelab2023a","inhumation","R00067","C00067","0","1","crouched","left","168",\N,"0","0","pavúk1972a","2024-04-25 02:08:01","robert@localhost","2024-04-25 02:08:01","robert@localhost"
"S10567","48.280","18.090","NITRHK1","7052","102","I17341","gelab2023a","inhumation","R00068","C00068",\N,\N,\N,\N,\N,\N,\N,"0","pavúk1972a","2024-04-25 02:08:01","robert@localhost","2024-04-26 04:59:08","Rscripts@localhost"
"S10567","48.280","18.090","NITRHK1","7052","102",\N,\N,"inhumation","R00069","C00069","0","1","crouched","left/front","109",\N,\N,"0","pavúk1972a","2024-04-25 02:08:01","robert@localhost","2024-04-26 04:59:08","Rscripts@localhost"
"S10567","48.280","18.090","NITRHK1","7052","102","I18105","gelab2023a","inhumation","R00070","C00070",\N,"1","crouched","front/left","45","135",\N,"0","pavúk1972a","2024-04-25 02:08:01","robert@localhost","2024-04-26 04:59:08","Rscripts@localhost"
"S10567","48.280","18.090","NITRHK1","7052","102","I16010","gelab2023a","inhumation","R00071","C00071","0","1","crouched","right","169",\N,\N,"0","pavúk1972a","2024-04-25 02:08:01","robert@localhost","2024-04-26 04:59:08","Rscripts@localhost"
"S10567","48.280","18.090","NITRHK1","7052","102",\N,\N,"inhumation","R00072","C00072","0","1","crouched","left/back","169",\N,"0","0","pavúk1972a","2024-04-25 02:08:01","robert@localhost","2024-04-25 02:08:01","robert@localhost"
"S10567","48.280","18.090","NITRHK1","7052","102","I14183","gelab2023a","inhumation","R00073","C00073","0","1","crouched","left","166",\N,"0","0","pavúk1972a","2024-04-25 02:08:01","robert@localhost","2024-04-25 02:08:01","robert@localhost"
"S10567","48.280","18.090","NITRHK1","7052","102","I14181","gelab2023a","inhumation","R00074","C00074","0","1","crouched","left","90","180",\N,"0","pavúk1972a","2024-04-25 02:08:01","robert@localhost","2024-04-26 04:59:08","Rscripts@localhost"
"S10567","48.280","18.090","NITRHK1","7052","102",\N,\N,"inhumation","R00075","C00075","0","1","crouched","left","171",\N,"0","0","pavúk1972a","2024-04-25 02:08:01","robert@localhost","2024-04-25 02:08:01","robert@localhost"
"S10567","48.280","18.090","NITRHK1","7052","102","I17343","gelab2023a","inhumation","R00076","C00076","0","1","crouched","left","143",\N,\N,"0","pavúk1972a","2024-04-25 02:08:01","robert@localhost","2024-04-26 04:59:08","Rscripts@localhost"
"S10568","48.770","22.006","SEBA1","6200","236",\N,\N,"inhumation","R00077","C00077",\N,\N,\N,\N,"45","135",\N,"0","šiška1972a","2024-04-25 02:08:01","robert@localhost","2024-04-26 04:59:08","Rscripts@localhost"
"S10568","48.770","22.006","SEBA1","6200","236",\N,\N,"inhumation","R00078","C00078",\N,\N,\N,\N,\N,\N,\N,"0","šiška1972a","2024-04-25 02:08:01","robert@localhost","2024-04-26 04:59:08","Rscripts@localhost"
"S10568","48.770","22.006","SEBA1","6200","236",\N,\N,"cremation","R00079","C00079",\N,\N,\N,\N,\N,\N,\N,"0","šiška1972a","2024-04-25 02:08:01","robert@localhost","2024-04-26 04:59:08","Rscripts@localhost"
"S10568","48.770","22.006","SEBA1","6200","236",\N,\N,"inhumation","R00080","C00080",\N,\N,"crouched","right","45","135",\N,"0","šiška1972a","2024-04-25 02:08:01","robert@localhost","2024-04-26 04:59:08","Rscripts@localhost"
"S10568","48.770","22.006","SEBA1","6200","236",\N,\N,"inhumation","R00081","C00081",\N,\N,"crouched",\N,"45","135",\N,"0","šiška1972a","2024-04-25 02:08:01","robert@localhost","2024-04-26 04:59:08","Rscripts@localhost"
"S10568","48.770","22.006","SEBA1","6200","236",\N,\N,"inhumation","R00082","C00082",\N,"1","crouched",\N,"45","135",\N,"0","šiška1972a","2024-04-25 02:08:01","robert@localhost","2024-04-26 04:59:08","Rscripts@localhost"
"S10568","48.770","22.006","SEBA1","6200","236",\N,\N,"inhumation","R00083","C00083",\N,"1","crouched","left","45","135",\N,"0","šiška1972a","2024-04-25 02:08:01","robert@localhost","2024-04-26 04:59:08","Rscripts@localhost"
"S10568","48.770","22.006","SEBA1","6200","236",\N,\N,"cremation","R00084","C00084",\N,\N,\N,\N,"45","135",\N,"0","šiška1972a","2024-04-25 02:08:01","robert@localhost","2024-04-26 04:59:08","Rscripts@localhost"
"S10568","48.770","22.006","SEBA1","6200","236",\N,\N,"inhumation","R00085","C00085",\N,\N,\N,\N,\N,\N,\N,"0","šiška1972a","2024-04-25 02:08:01","robert@localhost","2024-04-26 04:59:08","Rscripts@localhost"
"S10568","48.770","22.006","SEBA1","6200","236",\N,\N,"cremation","R00086","C00086",\N,\N,\N,\N,\N,\N,\N,"0","šiška1972a","2024-04-25 02:08:01","robert@localhost","2024-04-26 04:59:08","Rscripts@localhost"
"S10568","48.770","22.006","SEBA1","6200","236",\N,\N,\N,"R00087","C00087",\N,\N,\N,\N,\N,\N,\N,"0","šiška1972a","2024-04-25 02:08:01","robert@localhost","2024-04-26 04:59:08","Rscripts@localhost"
"S10568","48.770","22.006","SEBA1","6200","236",\N,\N,\N,"R00088","C00088",\N,\N,"crouched","left","45","135",\N,"0","šiška1972a","2024-04-25 02:08:01","robert@localhost","2024-04-26 04:59:08","Rscripts@localhost"
"S10568","48.770","22.006","SEBA1","6200","236",\N,\N,"cremation","R00089","C00089",\N,\N,"inside a vessel",\N,\N,\N,\N,"0","šiška1972a","2024-04-25 02:08:01","robert@localhost","2024-04-26 04:59:08","Rscripts@localhost"
"S10568","48.770","22.006","SEBA1","6200","236",\N,\N,"inhumation","R00090","C00090",\N,\N,\N,\N,"45","135",\N,"0","šiška1972a","2024-04-25 02:08:01","robert@localhost","2024-04-26 04:59:08","Rscripts@localhost"
"S10568","48.770","22.006","SEBA1","6200","236",\N,\N,"inhumation","R00091","C00091",\N,\N,"scattered",\N,\N,\N,\N,"0","šiška1972a","2024-04-25 02:08:01","robert@localhost","2024-04-26 04:59:08","Rscripts@localhost"
"S10568","48.770","22.006","SEBA1","6200","236",\N,\N,\N,"R00092","C00092",\N,\N,\N,\N,\N,\N,\N,"0","šiška1972a","2024-04-25 02:08:01","robert@localhost","2024-04-26 04:59:08","Rscripts@localhost"
"S10568","48.770","22.006","SEBA1","6200","236",\N,\N,"inhumation","R00093","C00093",\N,\N,\N,\N,"90","180",\N,"0","šiška1972a","2024-04-25 02:08:01","robert@localhost","2024-04-26 04:59:08","Rscripts@localhost"
"S10568","48.770","22.006","SEBA1","6200","236",\N,\N,\N,"R00094","C00094",\N,\N,\N,\N,\N,\N,\N,"0","šiška1972a","2024-04-25 02:08:01","robert@localhost","2024-04-26 04:59:08","Rscripts@localhost"
"S10568","48.770","22.006","SEBA1","6200","236",\N,\N,\N,"R00095","C00095",\N,\N,"scattered",\N,\N,\N,\N,"0","šiška1972a","2024-04-25 02:08:01","robert@localhost","2024-04-26 04:59:08","Rscripts@localhost"
"S10568","48.770","22.006","SEBA1","6200","236",\N,\N,\N,"R00096","C00096",\N,\N,\N,\N,\N,\N,\N,"0","šiška1972a","2024-04-25 02:08:01","robert@localhost","2024-04-26 04:59:08","Rscripts@localhost"
"S10568","48.770","22.006","SEBA1","6200","236",\N,\N,"inhumation","R00097","C00097",\N,\N,\N,\N,\N,\N,\N,"0","šiška1972a","2024-04-25 02:08:01","robert@localhost","2024-04-26 04:59:08","Rscripts@localhost"
"S10568","48.770","22.006","SEBA1","6200","236",\N,\N,"cremation","R00098","C00098",\N,\N,"inside a vessel",\N,\N,\N,\N,"0","šiška1972a","2024-04-25 02:08:01","robert@localhost","2024-04-26 04:59:08","Rscripts@localhost"
"S10568","48.770","22.006","SEBA1","6200","236",\N,\N,"cremation","R00099","C00099",\N,\N,"scattered",\N,\N,\N,\N,"0","šiška1972a","2024-04-25 02:08:01","robert@localhost","2024-04-26 04:59:08","Rscripts@localhost"
"S10568","48.770","22.006","SEBA1","6200","236",\N,\N,"inhumation","R00100","C00100",\N,"1","crouched","right","90","180",\N,"0","šiška1972a","2024-04-25 02:08:01","robert@localhost","2024-04-26 04:59:08","Rscripts@localhost"
"S10568","48.770","22.006","SEBA1","6200","236",\N,\N,"inhumation","R00101","C00101",\N,\N,"crouched",\N,"45","135",\N,"0","šiška1972a","2024-04-25 02:08:01","robert@localhost","2024-04-26 04:59:08","Rscripts@localhost"
"S10568","48.770","22.006","SEBA1","6200","236",\N,\N,"cremation","R00102","C00102",\N,\N,"inside a vessel",\N,\N,\N,\N,"0","šiška1972a","2024-04-25 02:08:01","robert@localhost","2024-04-26 04:59:08","Rscripts@localhost"
"S10568","48.770","22.006","SEBA1","6200","236",\N,\N,\N,"R00103","C00103",\N,\N,\N,\N,\N,\N,\N,"0","šiška1972a","2024-04-25 02:08:01","robert@localhost","2024-04-26 04:59:08","Rscripts@localhost"
"S10568","48.770","22.006","SEBA1","6200","236",\N,\N,\N,"R00104","C00104",\N,\N,\N,\N,\N,\N,\N,"0","šiška1972a","2024-04-25 02:08:01","robert@localhost","2024-04-26 04:59:08","Rscripts@localhost"
"S10568","48.770","22.006","SEBA1","6200","236",\N,\N,"inhumation","R00105","C00105",\N,\N,\N,\N,"90","180",\N,"0","šiška1972a","2024-04-25 02:08:01","robert@localhost","2024-04-26 04:59:08","Rscripts@localhost"
"S10568","48.770","22.006","SEBA1","6200","236",\N,\N,"inhumation","R00106","C00106",\N,\N,\N,\N,\N,\N,\N,"0","šiška1972a","2024-04-25 02:08:01","robert@localhost","2024-04-26 04:59:08","Rscripts@localhost"
"S10568","48.770","22.006","SEBA1","6200","236",\N,\N,"cremation","R00107","C00107",\N,\N,"scattered",\N,\N,\N,\N,"0","šiška1972a","2024-04-25 02:08:01","robert@localhost","2024-04-26 04:59:08","Rscripts@localhost"
"S10568","48.770","22.006","SEBA1","6200","236",\N,\N,"inhumation","R00108","C00108",\N,"1",\N,\N,\N,\N,\N,"0","šiška1972a","2024-04-25 02:08:01","robert@localhost","2024-04-26 04:59:08","Rscripts@localhost"
"S10568","48.770","22.006","SEBA1","6200","236",\N,\N,"cenotaph","R00109","C00109",\N,\N,\N,\N,\N,\N,\N,"0","šiška1972a","2024-04-25 02:08:01","robert@localhost","2024-04-26 04:59:08","Rscripts@localhost"
"S10568","48.770","22.006","SEBA1","6200","236",\N,\N,"cremation","R00110","C00110",\N,\N,"scattered",\N,\N,\N,\N,"0","šiška1972a","2024-04-25 02:08:01","robert@localhost","2024-04-26 04:59:08","Rscripts@localhost"
"S10568","48.770","22.006","SEBA1","6200","236",\N,\N,"inhumation","R00111","C00111",\N,"1","crouched","right","45","135",\N,"0","šiška1972a","2024-04-25 02:08:01","robert@localhost","2024-04-26 04:59:08","Rscripts@localhost"
"S10568","48.770","22.006","SEBA1","6200","236",\N,\N,"inhumation","R00112","C00112",\N,\N,\N,\N,\N,\N,\N,"0","šiška1972a","2024-04-25 02:08:01","robert@localhost","2024-04-26 04:59:08","Rscripts@localhost"
"S10568","48.770","22.006","SEBA1","6200","236",\N,\N,\N,"R00113","C00113",\N,\N,\N,\N,\N,\N,\N,"0","šiška1972a","2024-04-25 02:08:01","robert@localhost","2024-04-26 04:59:08","Rscripts@localhost"
"S10568","48.770","22.006","SEBA1","6200","236",\N,\N,\N,"R00114","C00114",\N,\N,\N,\N,"90","180",\N,"0","šiška1972a","2024-04-25 02:08:01","robert@localhost","2024-04-26 04:59:08","Rscripts@localhost"
"S10568","48.770","22.006","SEBA1","6200","236",\N,\N,"inhumation","R00115","C00115",\N,"1",\N,\N,\N,\N,\N,"0","šiška1972a","2024-04-25 02:08:01","robert@localhost","2024-04-26 04:59:08","Rscripts@localhost"
"S10568","48.770","22.006","SEBA1","6200","236",\N,\N,\N,"R00116","C00116",\N,\N,\N,\N,\N,\N,\N,"0","šiška1972a","2024-04-25 02:08:01","robert@localhost","2024-04-26 04:59:08","Rscripts@localhost"
"S10568","48.770","22.006","SEBA1","6200","236",\N,\N,"inhumation","R00117","C00117",\N,"1","crouched","right","45","135",\N,"0","šiška1972a","2024-04-25 02:08:01","robert@localhost","2024-04-26 04:59:08","Rscripts@localhost"
"S10568","48.770","22.006","SEBA1","6200","236",\N,\N,"inhumation","R00118","C00118",\N,"1","crouched","right","135","180","0",\N,"šiška1972a","2024-04-25 02:08:01","robert@localhost","2024-04-26 04:59:08","Rscripts@localhost"
"S10569","48.654","21.281","BARC1","5935","222",\N,\N,"cremation","R00119","C00119",\N,\N,"inside a vessel",\N,\N,\N,\N,"0","šiška1972a","2024-04-25 02:08:01","robert@localhost","2024-04-26 04:59:08","Rscripts@localhost"
"S10569","48.654","21.281","BARC1","5935","222",\N,\N,\N,"R00120","C00120",\N,\N,\N,\N,\N,\N,\N,"0","šiška1972a","2024-04-25 02:08:01","robert@localhost","2024-04-26 04:59:08","Rscripts@localhost"
"S10569","48.654","21.281","BARC1","5935","222",\N,\N,"cremation","R00121","C00121",\N,\N,"inside a vessel",\N,\N,\N,\N,"0","šiška1972a","2024-04-25 02:08:01","robert@localhost","2024-04-26 04:59:08","Rscripts@localhost"
"S10569","48.654","21.281","BARC1","5935","222",\N,\N,\N,"R00122","C00122",\N,\N,\N,\N,\N,\N,\N,"0","šiška1972a","2024-04-25 02:08:01","robert@localhost","2024-04-26 04:59:08","Rscripts@localhost"
"S10569","48.654","21.281","BARC1","5935","222",\N,\N,"cremation","R00123","C00123",\N,\N,"inside a vessel",\N,\N,\N,\N,"0","šiška1972a","2024-04-25 02:08:01","robert@localhost","2024-04-26 04:59:08","Rscripts@localhost"
"S10569","48.654","21.281","BARC1","5935","222",\N,\N,\N,"R00124","C00124",\N,\N,\N,\N,\N,\N,\N,"0","šiška1972a","2024-04-25 02:08:01","robert@localhost","2024-04-26 04:59:08","Rscripts@localhost"
"S10569","48.654","21.281","BARC1","5935","222",\N,\N,\N,"R00125","C00125",\N,\N,\N,\N,\N,\N,\N,"0","šiška1972a","2024-04-25 02:08:01","robert@localhost","2024-04-26 04:59:08","Rscripts@localhost"
"S10569","48.654","21.281","BARC1","5935","222",\N,\N,"inhumation","R00126","C00126",\N,\N,"crouched","right","90","180",\N,"0","šiška1972a","2024-04-25 02:08:01","robert@localhost","2024-04-26 04:59:08","Rscripts@localhost"
"S10569","48.654","21.281","BARC1","5935","222",\N,\N,"inhumation","R00127","C00127",\N,"1",\N,\N,"270","0",\N,"0","šiška1972a","2024-04-25 02:08:01","robert@localhost","2024-04-26 04:59:08","Rscripts@localhost"
"S10569","48.654","21.281","BARC1","5935","222",\N,\N,\N,"R00128","C00128",\N,\N,\N,\N,\N,\N,\N,"0","šiška1972a","2024-04-25 02:08:01","robert@localhost","2024-04-26 04:59:08","Rscripts@localhost"
"S10569","48.654","21.281","BARC1","5935","222",\N,\N,"cremation","R00129","C00129",\N,\N,"inside a vessel",\N,\N,\N,\N,"0","šiška1972a","2024-04-25 02:08:01","robert@localhost","2024-04-26 04:59:08","Rscripts@localhost"
"S10569","48.654","21.281","BARC1","5935","222",\N,\N,"cremation","R00130","C00130",\N,\N,"inside a vessel",\N,\N,\N,\N,"0","šiška1972a","2024-04-25 02:08:01","robert@localhost","2024-04-26 04:59:08","Rscripts@localhost"
"S10569","48.654","21.281","BARC1","5935","222",\N,\N,"inhumation","R00131","C00131",\N,"1",\N,\N,"135","180",\N,"0","šiška1972a","2024-04-25 02:08:01","robert@localhost","2024-04-26 04:59:08","Rscripts@localhost"
"S10569","48.654","21.281","BARC1","5935","222",\N,\N,"inhumation","R00132","C00132",\N,"1",\N,\N,\N,\N,\N,"0","šiška1972a","2024-04-25 02:08:01","robert@localhost","2024-04-26 04:59:08","Rscripts@localhost"
"S10569","48.654","21.281","BARC1","5935","222",\N,\N,"inhumation","R00133","C00133",\N,\N,"crouched","right","90","180",\N,"0","šiška1972a","2024-04-25 02:08:01","robert@localhost","2024-04-26 04:59:08","Rscripts@localhost"
"S10569","48.654","21.281","BARC1","5935","222",\N,\N,"inhumation","R00134","C00134",\N,\N,\N,"right","135","180",\N,"0","šiška1972a","2024-04-25 02:08:01","robert@localhost","2024-04-26 04:59:08","Rscripts@localhost"
"S10569","48.654","21.281","BARC1","5935","222",\N,\N,"inhumation","R00135","C00135",\N,"1","crouched","right","45","135","0","0","šiška1972a","2024-04-25 02:08:01","robert@localhost","2024-04-25 02:08:01","robert@localhost"
"S10569","48.654","21.281","BARC1","5935","222",\N,\N,"inhumation","R00136","C00136",\N,"1","crouched","right","45","135",\N,"0","šiška1972a","2024-04-25 02:08:01","robert@localhost","2024-04-26 04:59:08","Rscripts@localhost"
"S10569","48.654","21.281","BARC1","5935","222",\N,\N,\N,"R00137","C00137",\N,\N,\N,\N,\N,\N,\N,"0","šiška1972a","2024-04-25 02:08:01","robert@localhost","2024-04-26 04:59:08","Rscripts@localhost"
"S10569","48.654","21.281","BARC1","5935","222",\N,\N,"inhumation","R00138","C00138",\N,\N,"crouched",\N,"90","180","0","0","šiška1972a","2024-04-25 02:08:01","robert@localhost","2024-04-25 02:08:01","robert@localhost"
"S10569","48.654","21.281","BARC1","5935","222",\N,\N,"inhumation","R00139","C00139",\N,\N,\N,\N,"90","180",\N,"0","šiška1972a","2024-04-25 02:08:01","robert@localhost","2024-04-26 04:59:08","Rscripts@localhost"
"S10569","48.654","21.281","BARC1","5935","222",\N,\N,"inhumation","R00140","C00140",\N,\N,"crouched","left","90","180",\N,"0","šiška1972a","2024-04-25 02:08:01","robert@localhost","2024-04-26 04:59:08","Rscripts@localhost"
"S10569","48.654","21.281","BARC1","5935","222",\N,\N,"inhumation","R00141","C00141","0","1","crouched","left","210","230",\N,"0","šiška1972a","2024-04-25 02:08:01","robert@localhost","2024-04-26 04:59:08","Rscripts@localhost"
"S10569","48.654","21.281","BARC1","5935","222",\N,\N,"inhumation","R00142","C00142",\N,\N,"crouched",\N,"45","135",\N,"0","šiška1972a","2024-04-25 02:08:01","robert@localhost","2024-04-26 04:59:08","Rscripts@localhost"
"S10569","48.654","21.281","BARC1","5935","222",\N,\N,"inhumation","R00143","C00143",\N,\N,\N,\N,\N,\N,\N,"0","šiška1972a","2024-04-25 02:08:01","robert@localhost","2024-04-26 04:59:08","Rscripts@localhost"
"S10569","48.654","21.281","BARC1","5935","222",\N,\N,\N,"R00144","C00144",\N,\N,\N,\N,\N,\N,\N,"0","šiška1972a","2024-04-25 02:08:01","robert@localhost","2024-04-26 04:59:08","Rscripts@localhost"
"S10569","48.654","21.281","BARC1","5935","222",\N,\N,\N,"R00145","C00145",\N,\N,\N,\N,\N,\N,\N,"0","šiška1972a","2024-04-25 02:08:01","robert@localhost","2024-04-26 04:59:08","Rscripts@localhost"
"S10034","50.050","14.351","PRJIN1","6121","331","PRAJIN77","papac2021a","inhumation","R00146","C03186",\N,\N,"crouched","right","135","225","1","0","papac2021a","2024-05-14 10:38:41","robert@localhost","2024-05-14 10:38:41","robert@localhost"
"S10034","50.050","14.351","PRJIN6","3997","90","PRAJIN82","papac2021a","inhumation","R00147","C03188",\N,\N,"crouched","right","135","225","1","0","papac2021a","2024-05-14 10:58:44","robert@localhost","2024-05-14 10:58:44","robert@localhost"
"S10034","50.050","14.351","PRJIN6","3997","90","PRAJIN84 (1)","papac2021a","inhumation","R00148","C03191",\N,\N,"crouched","right","135","225","1","0","papac2021a","2024-05-14 11:06:28","robert@localhost","2024-05-14 11:06:28","robert@localhost"
"S10034","50.050","14.351","PRJIN6","3997","90","I15824","patte2021a","inhumation","R00149","C03185",\N,\N,"crouched","left","140","180","1","0","petri2016a","2024-05-14 12:15:34","robert@localhost","2024-05-14 12:18:29","robert@localhost"
"S10034","50.050","14.351","PRJIN6","3997","90","I20507","patte2021a","inhumation","R00150","C03165",\N,\N,"crouched","right/front","170","180","0","0","petri2011a","2024-05-15 13:56:00","robert@localhost","2024-05-15 14:00:00","robert@localhost"
"S13500","48.241","15.702","POTTEN1",\N,\N,"I11699","patte2021a","inhumation","R00151","C13736","0","1","extended","back","120","140","1","0","ramsl2002a","2024-05-28 17:09:11","robert@localhost","2024-05-28 17:09:11","robert@localhost"
"S13500","48.241","15.702","POTTEN1",\N,\N,"I11701","patte2021a","inhumation","R00152","C13737","0","1","extended","back","130","150","1","0","ramsl2002a","2024-05-28 17:09:11","robert@localhost","2024-05-28 17:09:11","robert@localhost"
"S13500","48.241","15.702","POTTEN1",\N,\N,"I11708","patte2021a","inhumation","R00153","C13738","0","1","extended","back","90","110","1","0","ramsl2002a","2024-05-28 17:09:11","robert@localhost","2024-05-28 17:09:11","robert@localhost"
"S13500","48.241","15.702","POTTEN1",\N,\N,\N,\N,"inhumation","R00154","C13740","0","1","extended","back","110","130","1","0","ramsl2002a","2024-05-28 17:09:11","robert@localhost","2024-05-28 17:09:11","robert@localhost"
"S13500","48.241","15.702","POTTEN1",\N,\N,\N,\N,"inhumation","R00155","C13741","0","1","extended","back","220","240","1","0","ramsl2002a","2024-05-28 17:09:11","robert@localhost","2024-05-28 17:09:11","robert@localhost"
"S13500","48.241","15.702","POTTEN1",\N,\N,\N,\N,"cremation","R00156","C13739",\N,\N,"heap",\N,\N,\N,"1","0","ramsl2002a","2024-05-28 17:09:11","robert@localhost","2024-05-28 17:09:11","robert@localhost"
"S10592","44.835","15.373","BEZDA1","5518","226","I18719","patte2021a","inhumation","R00157","C13680","1","1",\N,\N,\N,\N,\N,\N,"patte2021a","2024-05-28 17:09:11","robert@localhost","2024-05-28 17:09:11","robert@localhost"
"S13501","45.152","18.063","GORVRB1",\N,\N,"I26738","patte2021a","inhumation","R00158","C13681","1","1",\N,\N,\N,\N,"0","0","patte2021a","2024-05-28 17:09:11","robert@localhost","2024-05-28 17:09:11","robert@localhost"
"S12954","42.837","17.752","GUDN3",\N,\N,"I26726","patte2021a","inhumation","R00159","C13742","0","1",\N,\N,\N,\N,"1","0","perki2020a","2024-05-28 17:09:11","robert@localhost","2024-05-28 17:09:11","robert@localhost"
"S12954","42.837","17.752","GUDN3",\N,\N,\N,\N,"inhumation","R00160","C13682","1",\N,\N,\N,\N,\N,"1","0","perki2020a","2024-05-28 17:09:11","robert@localhost","2024-05-28 17:09:11","robert@localhost"
"S12954","42.837","17.752","GUDN3",\N,\N,\N,\N,"inhumation","R00161","C13683","1",\N,\N,\N,\N,\N,"1","0","perki2020a","2024-05-28 17:09:11","robert@localhost","2024-05-28 17:09:11","robert@localhost"
"S10147","43.894","15.977","JAZ1","2684","63","I26742","patte2021a","inhumation","R00162","C13684","1",\N,\N,\N,\N,\N,\N,\N,"patte2021a","2024-05-28 17:09:11","robert@localhost","2024-05-28 17:09:11","robert@localhost"
"S10589","45.128","15.322","METAL1","7191","283","I24882","patte2021a","inhumation","R00163","C13743",\N,\N,\N,\N,\N,\N,\N,\N,"patte2021a","2024-05-28 17:09:11","robert@localhost","2024-05-28 17:09:11","robert@localhost"
"S13502","45.068","13.708","MUSMS1",\N,\N,"I26773","patte2021a","inhumation","R00164","C13685",\N,\N,\N,\N,\N,\N,"1","0","patte2021a","2024-05-28 17:09:11","robert@localhost","2024-05-28 17:09:11","robert@localhost"
"S13502","45.068","13.708","MUSMS1",\N,\N,"I26774","patte2021a","inhumation","R00165","C13686",\N,\N,\N,\N,\N,\N,"1","0","patte2021a","2024-05-28 17:09:11","robert@localhost","2024-05-28 17:09:11","robert@localhost"
"S13502","45.068","13.708","MUSMS1",\N,\N,"I26893","patte2021a","inhumation","R00166","C13687",\N,\N,\N,\N,\N,\N,"1","0","patte2021a","2024-05-28 17:09:11","robert@localhost","2024-05-28 17:09:11","robert@localhost"
"S13502","45.068","13.708","MUSMS1",\N,\N,\N,\N,"inhumation","R00167","C13688",\N,\N,\N,\N,\N,\N,"1","0","patte2021a","2024-05-28 17:09:11","robert@localhost","2024-05-28 17:09:11","robert@localhost"
"S13502","45.068","13.708","MUSMS1",\N,\N,\N,\N,"inhumation","R00168","C13689",\N,\N,\N,\N,\N,\N,"1","0","patte2021a","2024-05-28 17:09:11","robert@localhost","2024-05-28 17:09:11","robert@localhost"
"S13502","45.068","13.708","MUSMS1",\N,\N,\N,\N,"inhumation","R00169","C13518",\N,\N,\N,\N,\N,\N,"1","0","patte2021a","2024-05-28 17:09:11","robert@localhost","2024-05-28 17:09:11","robert@localhost"
"S13503","45.551","18.747","OSIVOFE1",\N,\N,"I26735","patte2021a","inhumation","R00170","C13519","1","1",\N,\N,\N,\N,"1","0","dizda2020a","2024-05-28 17:09:11","robert@localhost","2024-05-28 17:09:11","robert@localhost"
"S13503","45.551","18.747","OSIVOFE1",\N,\N,\N,\N,"inhumation","R00171","C13520","1","0",\N,\N,\N,\N,"1","0","dizda2020a","2024-05-28 17:09:11","robert@localhost","2024-05-28 17:09:11","robert@localhost"
"S13503","45.551","18.747","OSIVOFE1",\N,\N,\N,\N,"inhumation","R00172","C13521","1","0",\N,\N,\N,\N,"1","0","dizda2020a","2024-05-28 17:09:11","robert@localhost","2024-05-28 17:09:11","robert@localhost"
"S13503","45.551","18.747","OSIVOFE1",\N,\N,\N,\N,"inhumation","R00173","C13690","1","0",\N,\N,\N,\N,"1","0","dizda2020a","2024-05-28 17:09:11","robert@localhost","2024-05-28 17:09:11","robert@localhost"
"S10269","45.544","18.666","HERMVIN1","6591","338","I26741","patte2021a","inhumation","R00174","C13744","0","1","crouched","left","135","225","0","0","los2020a","2024-05-28 17:09:11","robert@localhost","2024-05-28 17:09:11","robert@localhost"
"S13504","44.694","14.393","OSOSTP2",\N,\N,"I24883","patte2021a","inhumation","R00175","C13745","0","0",\N,\N,\N,\N,"1","0","čause2017a","2024-05-28 17:09:11","robert@localhost","2024-05-28 17:09:11","robert@localhost"
"S13505","45.215","15.316","SKRSUL1",\N,\N,\N,\N,"inhumation","R00176","C13746",\N,\N,\N,\N,\N,\N,\N,"0","zavod2022b","2024-05-28 17:09:11","robert@localhost","2024-05-28 17:09:11","robert@localhost"
"S13505","45.215","15.316","SKRSUL1",\N,\N,"I24879","patte2021a","inhumation","R00177","C13526","0","1",\N,\N,\N,\N,"0","0","patte2021a","2024-05-28 17:09:11","robert@localhost","2024-05-28 17:09:11","robert@localhost"
"S13505","45.215","15.316","SKRSUL1",\N,\N,\N,\N,"cremation","R00178","C13527",\N,\N,\N,\N,\N,\N,\N,"0","zavod2022b","2024-05-28 17:09:11","robert@localhost","2024-05-28 17:09:11","robert@localhost"
"S10596","44.567","15.317","SMILJ1","4167","186","I23911","patte2021a","inhumation","R00179","C13528","0","1",\N,"back","45","135","0","0","bakar1986a","2024-05-28 17:09:11","robert@localhost","2024-05-28 17:09:11","robert@localhost"
"S10596","44.567","15.317","SMILJ1","4167","186","I23996","patte2021a","inhumation","R00180","C13747","0","1",\N,\N,"45","135","1","0","bakar1986a","2024-05-28 17:09:11","robert@localhost","2024-05-28 17:09:11","robert@localhost"
"S10596","44.567","15.317","SMILJ1","4167","186","I23995","patte2021a","inhumation","R00181","C13530","0","1",\N,\N,"45","135","0","0","bakar1986a","2024-05-28 17:09:11","robert@localhost","2024-05-28 17:09:11","robert@localhost"
"S10596","44.567","15.317","SMILJ1","4167","186","I24639","patte2021a","inhumation","R00182","C13748","0","1",\N,\N,\N,\N,"0",\N,"bakar1986a","2024-05-28 17:09:11","robert@localhost","2024-05-28 17:09:11","robert@localhost"
"S10596","44.567","15.317","SMILJ1","4167","186","I24638","patte2021a","inhumation","R00183","C13749","0","1",\N,\N,"45","135","0","0","bakar1986a","2024-05-28 17:09:11","robert@localhost","2024-05-28 17:09:11","robert@localhost"
"S10596","44.567","15.317","SMILJ1","4167","186","I23904","patte2021a","inhumation","R00184","C13750","0","1",\N,\N,"45","135","1","0","bakar1986a","2024-05-28 17:09:11","robert@localhost","2024-05-28 17:09:11","robert@localhost"
"S10596","44.567","15.317","SMILJ1","4167","186",\N,"patte2021a","inhumation","R00185","C13751","0","1",\N,"back","315","45","1","0","bakar1986a","2024-05-28 17:09:11","robert@localhost","2024-05-28 17:09:11","robert@localhost"
"S13506","43.904","15.702","VEL-KOS1","3572","403","I24345","patte2021a","inhumation","R00186","C13535","1","1",\N,\N,"225","315","1","0","patte2021a","2024-05-28 17:09:11","robert@localhost","2024-05-28 17:09:11","robert@localhost"
"S13506","43.904","15.702","VEL-KOS1","3572","403","I24342","patte2021a","inhumation","R00187","C13536","1",\N,\N,\N,"45","135","0","0","patte2021a","2024-05-28 17:09:11","robert@localhost","2024-05-28 17:09:11","robert@localhost"
"S13506","43.904","15.702","VEL-KOS1","3572","403","I24344","patte2021a","inhumation","R00188","C13537","1",\N,\N,\N,\N,\N,"1","0","patte2021a","2024-05-28 17:09:11","robert@localhost","2024-05-28 17:09:11","robert@localhost"
"S13507","50.556","13.764","BILINA3",\N,\N,"I13789","patte2021a","inhumation","R00189","C13752","0","1",\N,\N,\N,\N,"1","0","patte2021a","2024-05-28 17:09:11","robert@localhost","2024-05-28 17:09:11","robert@localhost"
"S13508","50.556","13.764","BILRUMG3",\N,\N,"I13791","patte2021a","inhumation","R00190","C13753","0","1",\N,\N,\N,\N,"1","0","patte2021a","2024-05-28 17:09:11","robert@localhost","2024-05-28 17:09:11","robert@localhost"
"S13508","50.556","13.764","BILRUMG3",\N,\N,"I17311","patte2021a","inhumation","R00191","C13754","0","1",\N,\N,\N,\N,\N,"0","patte2021a","2024-05-28 17:09:11","robert@localhost","2024-05-28 17:09:11","robert@localhost"
"S13508","50.556","13.764","BILRUMG3",\N,\N,"I13781","patte2021a","inhumation","R00192","C13755","0","1",\N,\N,\N,\N,"0","0","patte2021a","2024-05-28 17:09:11","robert@localhost","2024-05-28 17:09:11","robert@localhost"
"S11011","50.553","13.787","BILI3","5867","187","I17310","patte2021a","inhumation","R00193","C13756",\N,\N,\N,\N,\N,\N,\N,\N,"patte2021a","2024-05-28 17:09:11","robert@localhost","2024-05-28 17:09:11","robert@localhost"
"S04332","50.360","13.745","BREZULO7","4371","147","I16538","patte2021a","inhumation","R00194","C13757","1","1",\N,\N,\N,\N,\N,\N,"plein1988a","2024-05-28 17:09:11","robert@localhost","2024-05-28 17:09:11","robert@localhost"
"S04332","50.360","13.745","BREZULO7","4371","147",\N,"patte2021a","inhumation","R00195","C13758","1","1",\N,\N,\N,\N,\N,\N,"plein1988a","2024-05-28 17:09:11","robert@localhost","2024-05-28 17:09:11","robert@localhost"
"S13509","50.400","13.423","BRVAN1",\N,\N,"I14481","patte2021a","inhumation","R00196","C13691",\N,\N,\N,\N,\N,\N,\N,\N,"patte2021a","2024-05-28 17:09:11","robert@localhost","2024-05-28 17:09:11","robert@localhost"
"S13509","50.400","13.423","BRVAN1",\N,\N,"I20525","patte2021a","inhumation","R00197","C13692",\N,\N,\N,\N,\N,\N,\N,\N,"patte2021a","2024-05-28 17:09:11","robert@localhost","2024-05-28 17:09:11","robert@localhost"
"S13509","50.400","13.423","BRVAN1",\N,\N,"I20526","patte2021a","inhumation","R00198","C13693",\N,\N,\N,\N,\N,\N,\N,\N,"patte2021a","2024-05-28 17:09:11","robert@localhost","2024-05-28 17:09:11","robert@localhost"
"S13509","50.400","13.423","BRVAN1",\N,\N,\N,\N,"inhumation","R00199","C13548",\N,\N,\N,\N,\N,\N,\N,\N,"choch1979a","2024-05-28 17:09:11","robert@localhost","2024-05-28 17:09:11","robert@localhost"
"S13510","50.591","13.876","BZANY1",\N,\N,"I15818","patte2021a","inhumation","R00200","C13549",\N,\N,\N,\N,\N,\N,\N,\N,"patte2021a","2024-05-28 17:09:11","robert@localhost","2024-05-28 17:09:11","robert@localhost"
"S13511","50.511","13.768","CHOUC3",\N,\N,"I20515","patte2021a","inhumation","R00201","C13550",\N,"1",\N,\N,\N,\N,\N,\N,"patte2021a","2024-05-28 17:09:11","robert@localhost","2024-05-28 17:09:11","robert@localhost"
"S13511","50.511","13.768","CHOUC3",\N,\N,"I16089","patte2021a","inhumation","R00202","C13551",\N,"1",\N,\N,\N,\N,\N,\N,"patte2021a","2024-05-28 17:09:11","robert@localhost","2024-05-28 17:09:11","robert@localhost"
"S13511","50.511","13.768","CHOUC3",\N,\N,"I13793","patte2021a","inhumation","R00203","C13694",\N,\N,\N,\N,\N,\N,\N,\N,"patte2021a","2024-05-28 17:09:11","robert@localhost","2024-05-28 17:09:11","robert@localhost"
"S13511","50.511","13.768","CHOUC3",\N,\N,"I13796","patte2021a","inhumation","R00204","C13695",\N,\N,\N,\N,\N,\N,\N,\N,"patte2021a","2024-05-28 17:09:11","robert@localhost","2024-05-28 17:09:11","robert@localhost"
"S13511","50.511","13.768","CHOUC3",\N,\N,"I13792","patte2021a","inhumation","R00205","C13696",\N,\N,\N,\N,\N,\N,\N,\N,"patte2021a","2024-05-28 17:09:11","robert@localhost","2024-05-28 17:09:11","robert@localhost"
"S13511","50.511","13.768","CHOUC3",\N,\N,"I13788","patte2021a","inhumation","R00206","C13555",\N,\N,\N,\N,\N,\N,\N,\N,"patte2021a","2024-05-28 17:09:11","robert@localhost","2024-05-28 17:09:11","robert@localhost"
"S11017","50.080","14.277","HOS-PAL1","6271","213","I15650","patte2021a","inhumation","R00207","C13697",\N,\N,\N,\N,\N,\N,\N,\N,"patte2021a","2024-05-28 17:09:11","robert@localhost","2024-05-28 17:09:11","robert@localhost"
"S11017","50.080","14.277","HOS-PAL1","6271","213","I7950","patte2021a","inhumation","R00208","C13698",\N,\N,\N,\N,\N,\N,\N,\N,"patte2021a","2024-05-28 17:09:11","robert@localhost","2024-05-28 17:09:11","robert@localhost"
"S11017","50.080","14.277","HOS-PAL7","3908","149","I16182","patte2021a","inhumation","R00209","C13558",\N,\N,\N,\N,\N,\N,\N,\N,"patte2021a","2024-05-28 17:09:11","robert@localhost","2024-05-28 17:09:11","robert@localhost"
"S11017","50.080","14.277","HOS-PAL7","3908","149","I15957","patte2021a","inhumation","R00210","C13699",\N,\N,\N,\N,\N,\N,\N,\N,"patte2021a","2024-05-28 17:09:11","robert@localhost","2024-05-28 17:09:11","robert@localhost"
"S11017","50.080","14.277","HOS-PAL7","3908","149","I13799","patte2021a","inhumation","R00211","C13700",\N,\N,\N,\N,\N,\N,\N,\N,"patte2021a","2024-05-28 17:09:11","robert@localhost","2024-05-28 17:09:11","robert@localhost"
"S11017","50.080","14.277","HOS-PAL7","3908","149","I13786","patte2021a","inhumation","R00212","C13701",\N,\N,\N,\N,\N,\N,\N,\N,"patte2021a","2024-05-28 17:09:11","robert@localhost","2024-05-28 17:09:11","robert@localhost"
"S11017","50.080","14.277","HOS-PAL7","3908","149","I15955","patte2021a","inhumation","R00213","C13702",\N,\N,\N,\N,\N,\N,\N,\N,"patte2021a","2024-05-28 17:09:11","robert@localhost","2024-05-28 17:09:11","robert@localhost"
"S11017","50.080","14.277","HOS-PAL7","3908","149","I15961","patte2021a","inhumation","R00214","C13703",\N,\N,\N,\N,\N,\N,\N,\N,"patte2021a","2024-05-28 17:09:11","robert@localhost","2024-05-28 17:09:11","robert@localhost"
"S11017","50.080","14.277","HOS-PAL7","3908","149","I15041","patte2021a","inhumation","R00215","C13704",\N,\N,\N,\N,\N,\N,\N,\N,"patte2021a","2024-05-28 17:09:11","robert@localhost","2024-05-28 17:09:11","robert@localhost"
"S11017","50.080","14.277","HOS-PAL7","3908","149","I13783","patte2021a","inhumation","R00216","C13705",\N,\N,\N,\N,\N,\N,\N,\N,"patte2021a","2024-05-28 17:09:11","robert@localhost","2024-05-28 17:09:11","robert@localhost"
"S11017","50.080","14.277","HOS-PAL7","3908","149","I15956","patte2021a","inhumation","R00217","C13706",\N,\N,\N,\N,\N,\N,\N,\N,"patte2021a","2024-05-28 17:09:11","robert@localhost","2024-05-28 17:09:11","robert@localhost"
"S11017","50.080","14.277","HOS-PAL7","3908","149","I15959","patte2021a","inhumation","R00218","C13707",\N,\N,\N,\N,\N,\N,\N,\N,"patte2021a","2024-05-28 17:09:11","robert@localhost","2024-05-28 17:09:11","robert@localhost"
"S11017","50.080","14.277","HOS-PAL7","3908","149","I13794","patte2021a","inhumation","R00219","C13708",\N,\N,\N,\N,\N,\N,\N,\N,"patte2021a","2024-05-28 17:09:11","robert@localhost","2024-05-28 17:09:11","robert@localhost"
"S11017","50.080","14.277","HOS-PAL7","3908","149","I13787","patte2021a","inhumation","R00220","C13709",\N,\N,\N,\N,\N,\N,\N,\N,"patte2021a","2024-05-28 17:09:11","robert@localhost","2024-05-28 17:09:11","robert@localhost"
"S11017","50.080","14.277","HOS-PAL7","3908","149","I15960","patte2021a","inhumation","R00221","C13710",\N,\N,\N,\N,\N,\N,\N,\N,"patte2021a","2024-05-28 17:09:11","robert@localhost","2024-05-28 17:09:11","robert@localhost"
"S11017","50.080","14.277","HOS-PAL7","3908","149","I13798","patte2021a","inhumation","R00222","C13711",\N,\N,\N,\N,\N,\N,\N,\N,"patte2021a","2024-05-28 17:09:11","robert@localhost","2024-05-28 17:09:11","robert@localhost"
"S11017","50.080","14.277","HOS-PAL7","3908","149","I15958","patte2021a","inhumation","R00223","C13712",\N,\N,\N,\N,\N,\N,\N,\N,"patte2021a","2024-05-28 17:09:11","robert@localhost","2024-05-28 17:09:11","robert@localhost"
"S11017","50.080","14.277","HOS-PAL7","3908","149","I17611","patte2021a","inhumation","R00224","C13713",\N,\N,\N,\N,\N,\N,\N,\N,"patte2021a","2024-05-28 17:09:11","robert@localhost","2024-05-28 17:09:11","robert@localhost"
"S11017","50.080","14.277","HOS-PAL7","3908","149","I17612","patte2021a","inhumation","R00225","C13714",\N,\N,\N,\N,\N,\N,\N,\N,"patte2021a","2024-05-28 17:09:11","robert@localhost","2024-05-28 17:09:11","robert@localhost"
"S13512","50.081","14.245","HOS-SAD1",\N,\N,"I7952","patte2021a","inhumation","R00226","C13715",\N,\N,\N,\N,\N,\N,\N,\N,"patte2021a","2024-05-28 17:09:11","robert@localhost","2024-05-28 17:09:11","robert@localhost"
"S13512","50.081","14.245","HOS-SAD1",\N,\N,"I7951","patte2021a","inhumation","R00227","C13716",\N,\N,\N,\N,\N,\N,\N,\N,"patte2021a","2024-05-28 17:09:11","robert@localhost","2024-05-28 17:09:11","robert@localhost"
"S13513","50.107","15.788","HRBOV1",\N,\N,"I7953","patte2021a","inhumation","R00228","C13717","1","1",\N,\N,\N,\N,\N,\N,"patte2021a","2024-05-28 17:09:11","robert@localhost","2024-05-28 17:09:11","robert@localhost"
"S13513","50.107","15.788","HRBOV1",\N,\N,\N,\N,"inhumation","R00229","C13718","1",\N,\N,\N,\N,\N,\N,\N,"patte2021a","2024-05-28 17:09:11","robert@localhost","2024-05-28 17:09:11","robert@localhost"
"S11025","50.556","13.661","KONO4","5775","314","I17670","patte2021a","inhumation","R00230","C13719",\N,\N,\N,\N,\N,\N,\N,\N,"patte2021a","2024-05-28 17:09:11","robert@localhost","2024-05-28 17:09:11","robert@localhost"
"S11025","50.556","13.661","KONO4","5775","314","I16112","patte2021a","inhumation","R00231","C13720",\N,\N,\N,\N,\N,\N,\N,\N,"patte2021a","2024-05-28 17:09:11","robert@localhost","2024-05-28 17:09:11","robert@localhost"
"S11025","50.556","13.661","KONO4","5775","314",\N,\N,"inhumation","R00232","C13721","1",\N,\N,\N,\N,\N,\N,\N,"patte2021a","2024-05-28 17:09:11","robert@localhost","2024-05-28 17:09:11","robert@localhost"
"S11025","50.556","13.661","KONO4","5775","314",\N,\N,"inhumation","R00233","C13722","1",\N,\N,\N,\N,\N,\N,\N,"patte2021a","2024-05-28 17:09:11","robert@localhost","2024-05-28 17:09:11","robert@localhost"
"S11025","50.556","13.661","KONO4","5775","314","I16099","patte2021a","inhumation","R00234","C13723","0","1",\N,\N,\N,\N,\N,\N,"patte2021a","2024-05-28 17:09:11","robert@localhost","2024-05-28 17:09:11","robert@localhost"
"S11025","50.556","13.661","KONO4","5775","314","I16100","patte2021a","inhumation","R00235","C13724","0","1",\N,\N,\N,\N,\N,\N,"patte2021a","2024-05-28 17:09:11","robert@localhost","2024-05-28 17:09:11","robert@localhost"
"S11025","50.556","13.661","KONO4","5775","314","I16111","patte2021a","inhumation","R00236","C13725","0","1",\N,\N,\N,\N,\N,\N,"patte2021a","2024-05-28 17:09:11","robert@localhost","2024-05-28 17:09:11","robert@localhost"
"S11025","50.556","13.661","KONO5","4155","145","I13795","patte2021a","inhumation","R00237","C13726",\N,\N,\N,\N,\N,\N,\N,\N,"patte2021a","2024-05-28 17:09:11","robert@localhost","2024-05-28 17:09:11","robert@localhost"
"S11025","50.556","13.661","KONO5","4155","145","I17671","patte2021a","inhumation","R00238","C13727",\N,\N,\N,\N,\N,\N,\N,\N,"patte2021a","2024-05-28 17:09:11","robert@localhost","2024-05-28 17:09:11","robert@localhost"
"S11025","50.556","13.661","KONO7","2490","358","I16113","patte2021a","inhumation","R00239","C13728",\N,\N,\N,\N,\N,\N,\N,\N,"patte2021a","2024-05-28 17:09:11","robert@localhost","2024-05-28 17:09:11","robert@localhost"
"S13514","49.466","17.185","KRANAHA1",\N,\N,"I15819","patte2021a","inhumation","R00240","C13759",\N,\N,\N,\N,\N,\N,\N,\N,"patte2021a","2024-05-28 17:09:11","robert@localhost","2024-05-28 17:09:11","robert@localhost"
"S13515","50.511","14.063","LOVO3",\N,\N,"I14980","patte2021a","inhumation","R00241","C13760",\N,\N,\N,\N,\N,\N,"1",\N,"patte2021a","2024-05-28 17:09:11","robert@localhost","2024-05-28 17:09:11","robert@localhost"
"S13515","50.511","14.063","LOVO3",\N,\N,"I17312","patte2021a","inhumation","R00242","C13761",\N,\N,\N,\N,\N,\N,"1",\N,"patte2021a","2024-05-28 17:09:11","robert@localhost","2024-05-28 17:09:11","robert@localhost"
"S13515","50.511","14.063","LOVO3",\N,\N,"I14982","patte2021a","inhumation","R00243","C13762",\N,\N,\N,\N,\N,\N,"1",\N,"patte2021a","2024-05-28 17:09:11","robert@localhost","2024-05-28 17:09:11","robert@localhost"
"S13515","50.511","14.063","LOVO3",\N,\N,"I14983","patte2021a","inhumation","R00244","C13763",\N,\N,\N,\N,\N,\N,"1",\N,"patte2021a","2024-05-28 17:09:11","robert@localhost","2024-05-28 17:09:11","robert@localhost"
"S13516","49.992","14.163","MUZHR1","6258","206","I15648","patte2021a","inhumation","R00245","C13764","0","1",\N,\N,"300","320",\N,\N,"zápot1998a","2024-05-28 17:09:11","robert@localhost","2024-05-28 17:09:11","robert@localhost"
"S13517","49.756","13.308","PLZKR1",\N,\N,"I15821","patte2021a","inhumation","R00246","C13765",\N,\N,\N,\N,\N,\N,\N,\N,"patte2021a","2024-05-28 17:09:11","robert@localhost","2024-05-28 17:09:11","robert@localhost"
"S13518","50.337","13.351","POLAK2",\N,\N,"I16086","patte2021a","inhumation","R00247","C13766",\N,"1",\N,\N,"90","100","1","0","koute1991a","2024-05-28 17:09:11","robert@localhost","2024-05-28 17:09:11","robert@localhost"
"S13518","50.337","13.351","POLAK2",\N,\N,"I16087","patte2021a","inhumation","R00248","C13767",\N,"1",\N,\N,"90","100","1","0","koute1991a","2024-05-28 17:09:11","robert@localhost","2024-05-28 17:09:11","robert@localhost"
"S13518","50.337","13.351","POLAK2",\N,\N,"I15071","patte2021a","inhumation","R00249","C13768","0","1","extended","back","45","90","1","0","koute1991a","2024-05-28 17:09:11","robert@localhost","2024-05-28 17:09:11","robert@localhost"
"S13518","50.337","13.351","POLAK2",\N,\N,"I16088","patte2021a","inhumation","R00250","C13769","1","1",\N,\N,"90","100","1","0","koute1993a","2024-05-28 17:09:11","robert@localhost","2024-05-28 17:09:11","robert@localhost"
"S13518","50.337","13.351","POLAK2",\N,\N,\N,\N,"inhumation","R00251","C13729","1","1","extended","back",\N,\N,"1","0","koute1993a","2024-05-28 17:09:11","robert@localhost","2024-05-28 17:09:11","robert@localhost"
"S13518","50.337","13.351","POLAK2",\N,\N,\N,\N,"inhumation","R00252","C13730","1","1","extended","back",\N,\N,"1","0","koute1993a","2024-05-28 17:09:11","robert@localhost","2024-05-28 17:09:11","robert@localhost"
"S10034","50.050","14.351","PRJIN1","6121","331","I14190","patte2021a","inhumation","R00253","C13770",\N,\N,\N,\N,\N,\N,"1","0","patte2021a","2024-05-28 17:09:11","robert@localhost","2024-05-28 17:09:11","robert@localhost"
"S10034","50.050","14.351","PRJIN4","4774","188","I15823","patte2021a","inhumation","R00254","C13771",\N,\N,\N,\N,\N,\N,"1","0","patte2021a","2024-05-28 17:09:11","robert@localhost","2024-05-28 17:09:11","robert@localhost"
"S10034","50.050","14.351","PRJIN4","4774","188","I15826","patte2021a","inhumation","R00255","C13772",\N,\N,\N,\N,\N,\N,\N,"0","patte2021a","2024-05-28 17:09:11","robert@localhost","2024-05-28 17:09:11","robert@localhost"
"S10034","50.050","14.351","PRJIN9",\N,\N,"I17321","patte2021a","inhumation","R00256","C13731",\N,\N,\N,\N,\N,\N,\N,"0","patte2021a","2024-05-28 17:09:11","robert@localhost","2024-05-28 17:09:11","robert@localhost"
"S10034","50.050","14.351","PRJIN9",\N,\N,\N,"patte2021a","inhumation","R00257","C13732",\N,\N,\N,\N,\N,\N,\N,"0","patte2021a","2024-05-28 17:09:11","robert@localhost","2024-05-28 17:09:11","robert@localhost"
"S10034","50.050","14.351","PRJIN9",\N,\N,"I17315","patte2021a","inhumation","R00258","C13773",\N,\N,\N,\N,\N,\N,"1","0","patte2021a","2024-05-28 17:09:11","robert@localhost","2024-05-28 17:09:11","robert@localhost"
"S10034","50.050","14.351","PRJIN9",\N,\N,"I20523","patte2021a","inhumation","R00259","C13774",\N,\N,\N,\N,\N,\N,"1","0","patte2021a","2024-05-28 17:09:11","robert@localhost","2024-05-28 17:09:11","robert@localhost"
"S10034","50.050","14.351","PRJIN9",\N,\N,"I17325","patte2021a","inhumation","R00260","C13775",\N,\N,\N,\N,\N,\N,"1","0","patte2021a","2024-05-28 17:09:11","robert@localhost","2024-05-28 17:09:11","robert@localhost"
"S10034","50.050","14.351","PRJIN9",\N,\N,"I20504","patte2021a","inhumation","R00261","C13776",\N,\N,\N,\N,\N,\N,"1","0","patte2021a","2024-05-28 17:09:11","robert@localhost","2024-05-28 17:09:11","robert@localhost"
"S10034","50.050","14.351","PRJIN9",\N,\N,"I20522","patte2021a","inhumation","R00262","C13777",\N,\N,\N,\N,\N,\N,"1","0","patte2021a","2024-05-28 17:09:11","robert@localhost","2024-05-28 17:09:11","robert@localhost"
"S10034","50.050","14.351","PRJIN9",\N,\N,"I20519","patte2021a","inhumation","R00263","C13778",\N,\N,\N,\N,\N,\N,"1","0","patte2021a","2024-05-28 17:09:11","robert@localhost","2024-05-28 17:09:11","robert@localhost"
"S10034","50.050","14.351","PRJIN9",\N,\N,"I17313","patte2021a","inhumation","R00264","C13779",\N,\N,\N,\N,\N,\N,"1","0","patte2021a","2024-05-28 17:09:11","robert@localhost","2024-05-28 17:09:11","robert@localhost"
"S10034","50.050","14.351","PRJIN9",\N,\N,"I17314","patte2021a","inhumation","R00265","C13780",\N,\N,\N,\N,\N,\N,"1","0","patte2021a","2024-05-28 17:09:11","robert@localhost","2024-05-28 17:09:11","robert@localhost"
"S10034","50.050","14.351","PRJIN9",\N,\N,"I13780","patte2021a","inhumation","R00266","C13733",\N,\N,\N,\N,\N,\N,\N,"0","patte2021a","2024-05-28 17:09:11","robert@localhost","2024-05-28 17:09:11","robert@localhost"
"S10034","50.050","14.351","PRJIN9",\N,\N,"I16269","patte2021a","inhumation","R00267","C13781",\N,\N,\N,\N,\N,\N,"1","0","patte2021a","2024-05-28 17:09:11","robert@localhost","2024-05-28 17:09:11","robert@localhost"
"S10034","50.050","14.351","PRJIN9",\N,\N,"I17316","patte2021a","inhumation","R00268","C13782",\N,\N,\N,\N,\N,\N,"1","0","patte2021a","2024-05-28 17:09:11","robert@localhost","2024-05-28 17:09:11","robert@localhost"
"S10034","50.050","14.351","PRJIN9",\N,\N,"I16270","patte2021a","inhumation","R00269","C13783",\N,\N,\N,\N,\N,\N,"1","0","patte2021a","2024-05-28 17:09:11","robert@localhost","2024-05-28 17:09:11","robert@localhost"
"S10034","50.050","14.351","PRJIN9",\N,\N,"I17317","patte2021a","inhumation","R00270","C13784",\N,\N,\N,\N,\N,\N,"1","0","patte2021a","2024-05-28 17:09:11","robert@localhost","2024-05-28 17:09:11","robert@localhost"
"S10034","50.050","14.351","PRJIN9",\N,\N,"I17320","patte2021a","inhumation","R00271","C13785",\N,\N,\N,\N,\N,\N,"1","0","patte2021a","2024-05-28 17:09:11","robert@localhost","2024-05-28 17:09:11","robert@localhost"
"S10034","50.050","14.351","PRJIN9",\N,\N,"I16271","patte2021a","inhumation","R00272","C13786",\N,\N,\N,\N,\N,\N,"1","0","patte2021a","2024-05-28 17:09:11","robert@localhost","2024-05-28 17:09:11","robert@localhost"
"S10034","50.050","14.351","PRJIN9",\N,\N,"I17322","patte2021a","inhumation","R00273","C13787",\N,\N,\N,\N,\N,\N,"1","0","patte2021a","2024-05-28 17:09:11","robert@localhost","2024-05-28 17:09:11","robert@localhost"
"S10034","50.050","14.351","PRJIN9",\N,\N,"I17323","patte2021a","inhumation","R00274","C13788",\N,\N,\N,\N,\N,\N,"1","0","patte2021a","2024-05-28 17:09:11","robert@localhost","2024-05-28 17:09:11","robert@localhost"
"S10034","50.050","14.351","PRJIN9",\N,\N,"I17324","patte2021a","inhumation","R00275","C13789",\N,\N,\N,\N,\N,\N,"1","0","patte2021a","2024-05-28 17:09:11","robert@localhost","2024-05-28 17:09:11","robert@localhost"
"S10034","50.050","14.351","PRJIN9",\N,\N,"I16268","patte2021a","inhumation","R00276","C13790",\N,\N,\N,\N,\N,\N,"1","0","patte2021a","2024-05-28 17:09:11","robert@localhost","2024-05-28 17:09:11","robert@localhost"
"S10034","50.050","14.351","PRJIN9",\N,\N,"I16272","patte2021a","inhumation","R00277","C13734",\N,\N,\N,\N,\N,\N,\N,"0","patte2021a","2024-05-28 17:09:11","robert@localhost","2024-05-28 17:09:11","robert@localhost"
"S10034","50.050","14.351","PRJIN9",\N,\N,"I17327","patte2021a","inhumation","R00278","C13791",\N,\N,\N,\N,\N,\N,"1","0","patte2021a","2024-05-28 17:09:11","robert@localhost","2024-05-28 17:09:11","robert@localhost"
"S10034","50.050","14.351","PRJIN9",\N,\N,"I20505","patte2021a","inhumation","R00279","C13792",\N,\N,\N,\N,\N,\N,"1","0","patte2021a","2024-05-28 17:09:11","robert@localhost","2024-05-28 17:09:11","robert@localhost"
"S10034","50.050","14.351","PRJIN9",\N,\N,"I20520","patte2021a","inhumation","R00280","C13793",\N,\N,\N,\N,\N,\N,"1","0","patte2021a","2024-05-28 17:09:11","robert@localhost","2024-05-28 17:09:11","robert@localhost"
"S10034","50.050","14.351","PRJIN9",\N,\N,"I20503","patte2021a","inhumation","R00281","C13794",\N,\N,\N,\N,\N,\N,"1","0","patte2021a","2024-05-28 17:09:11","robert@localhost","2024-05-28 17:09:11","robert@localhost"
"S10034","50.050","14.351","PRJIN9",\N,\N,"I20521","patte2021a","inhumation","R00282","C13795",\N,\N,\N,\N,\N,\N,"1","0","patte2021a","2024-05-28 17:09:11","robert@localhost","2024-05-28 17:09:11","robert@localhost"
"S10034","50.050","14.351","PRJIN9",\N,\N,"I20509","patte2021a","inhumation","R00283","C13796",\N,\N,\N,\N,\N,\N,"1","0","patte2021a","2024-05-28 17:09:11","robert@localhost","2024-05-28 17:09:11","robert@localhost"
"S10034","50.050","14.351","PRJIN9",\N,\N,"I20510","patte2021a","inhumation","R00284","C13797",\N,\N,\N,\N,\N,\N,"1","0","patte2021a","2024-05-28 17:09:11","robert@localhost","2024-05-28 17:09:11","robert@localhost"
"S10034","50.050","14.351","PRJIN9",\N,\N,"I20511","patte2021a","inhumation","R00285","C13735",\N,\N,\N,\N,\N,\N,\N,"0","patte2021a","2024-05-28 17:09:11","robert@localhost","2024-05-28 17:09:11","robert@localhost"
"S10034","50.050","14.351","PRJIN9",\N,\N,"I20513","patte2021a","inhumation","R00286","C13798",\N,\N,\N,\N,\N,\N,"1","0","patte2021a","2024-05-28 17:09:11","robert@localhost","2024-05-28 17:09:11","robert@localhost"
"S10034","50.050","14.351","PRJIN9",\N,\N,"I16273","patte2021a","inhumation","R00287","C13799",\N,\N,\N,\N,\N,\N,\N,"0","patte2021a","2024-05-28 17:09:11","robert@localhost","2024-05-28 17:09:11","robert@localhost"
"S10034","50.050","14.351","PRJIN9",\N,\N,\N,"patte2021a","inhumation","R00288","C13637",\N,\N,\N,\N,\N,\N,"1","0","patte2021a","2024-05-28 17:09:11","robert@localhost","2024-05-28 17:09:11","robert@localhost"
"S11033","50.078","14.312","PRRUZ1",\N,\N,"I16090","patte2021a","inhumation","R00289","C13638","1",\N,\N,\N,\N,\N,"1","0","patte2021a","2024-05-28 17:09:11","robert@localhost","2024-05-28 17:09:11","robert@localhost"
"S13519","53.055","30.059","PRORW11",\N,\N,\N,\N,"cenotaph","R00290","C13639",\N,\N,\N,\N,\N,\N,"1","0","krywa2007a","2024-05-28 17:09:11","robert@localhost","2024-05-28 17:09:11","robert@localhost"
"S13519","53.055","30.059","PRORW11",\N,\N,\N,\N,"cremation","R00291","C13640",\N,\N,"scattered",\N,\N,\N,"1","0","krywa2007a","2024-05-28 17:09:11","robert@localhost","2024-06-03 22:35:05","robert@localhost"
"S13519","53.055","30.059","PRORW11",\N,\N,\N,\N,"cenotaph","R00292","C13641",\N,\N,\N,\N,\N,\N,"1","0","krywa2007a","2024-05-28 17:09:11","robert@localhost","2024-05-28 17:09:11","robert@localhost"
"S13519","53.055","30.059","PRORW11",\N,\N,\N,\N,"cenotaph","R00293","C13642",\N,\N,\N,\N,\N,\N,"1","0","krywa2007a","2024-05-28 17:09:11","robert@localhost","2024-05-28 17:09:11","robert@localhost"
"S13519","53.055","30.059","PRORW11",\N,\N,\N,\N,"inhumation","R00294","C13643",\N,\N,\N,\N,\N,\N,"1","0","krywa2007a","2024-05-28 17:09:11","robert@localhost","2024-05-28 17:09:11","robert@localhost"
"S13519","53.055","30.059","PRORW11",\N,\N,\N,\N,"inhumation","R00295","C13644",\N,\N,\N,\N,"315","45","1","0","krywa2007a","2024-05-28 17:09:11","robert@localhost","2024-05-28 17:09:11","robert@localhost"
"S13519","53.055","30.059","PRORW11",\N,\N,\N,\N,"cremation","R00296","C13645",\N,\N,"scattered",\N,\N,\N,"1","0","krywa2007a","2024-05-28 17:09:11","robert@localhost","2024-06-03 22:35:05","robert@localhost"
"S13519","53.055","30.059","PRORW11",\N,\N,\N,\N,"cenotaph","R00297","C13646",\N,\N,\N,\N,\N,\N,"1","0","krywa2007a","2024-05-28 17:09:11","robert@localhost","2024-05-28 17:09:11","robert@localhost"
"S13519","53.055","30.059","PRORW12",\N,\N,\N,\N,"cenotaph","R00298","C13647",\N,\N,\N,\N,\N,\N,"1","0","krywa2007a","2024-05-28 17:09:11","robert@localhost","2024-05-28 17:09:11","robert@localhost"
"S11032","50.052","14.345","PRNBU2","5736","129",\N,\N,"inhumation","R00299","C13648",\N,\N,\N,\N,\N,\N,\N,\N,"patte2021a","2024-05-28 17:09:11","robert@localhost","2024-05-28 17:09:11","robert@localhost"
"S11032","50.052","14.345","PRNBU7","3981","88","I7964","patte2021a","inhumation","R00300","C13649","1","1","crouched","right",\N,\N,"1","0","patte2021a","2024-05-28 17:09:11","robert@localhost","2024-05-28 17:09:11","robert@localhost"
"S11032","50.052","14.345","PRNBU7","3981","88","I15645","patte2021a","inhumation","R00301","C13650","1","1",\N,\N,\N,\N,"1","0","patte2021a","2024-05-28 17:09:11","robert@localhost","2024-05-28 17:09:11","robert@localhost"
"S11032","50.052","14.345","PRNBU7","3981","88","I15642","patte2021a","inhumation","R00302","C13651","1","1",\N,\N,\N,\N,"1","0","petri2011a","2024-05-28 17:09:11","robert@localhost","2024-05-28 17:09:11","robert@localhost"
"S11032","50.052","14.345","PRNBU7","3981","88","I15643","patte2021a","inhumation","R00303","C13652","0","1","crouched","right",\N,\N,"0","0","petri2011a","2024-05-28 17:09:11","robert@localhost","2024-05-28 17:09:11","robert@localhost"
"S11032","50.052","14.345","PRNBU7","3981","88","I15646","patte2021a","inhumation","R00304","C13653","1","1",\N,\N,\N,\N,"0","0","petri2011a","2024-05-28 17:09:11","robert@localhost","2024-05-28 17:09:11","robert@localhost"
"S11032","50.052","14.345","PRNBU7","3981","88","I13470","patte2021a","inhumation","R00305","C13654","0","1","crouched","right","170","190","1","0","petri2011a","2024-05-28 17:09:11","robert@localhost","2024-05-28 17:09:11","robert@localhost"
"S11032","50.052","14.345","PRNBU7","3981","88","I7960","patte2021a","inhumation","R00306","C13655","1","1",\N,\N,"170","190","1","0","petri2011a","2024-05-28 17:09:11","robert@localhost","2024-05-28 17:09:11","robert@localhost"
"S11032","50.052","14.345","PRNBU7","3981","88","I15644","patte2021a","inhumation","R00307","C13656","0","1","crouched","right",\N,\N,"0","0","petri2011a","2024-05-28 17:09:11","robert@localhost","2024-05-28 17:09:11","robert@localhost"
"S11032","50.052","14.345","PRNBU7","3981","88","I13469","patte2021a","inhumation","R00308","C13657","1","1",\N,\N,\N,\N,"1","0","petri2011a","2024-05-28 17:09:11","robert@localhost","2024-05-28 17:09:11","robert@localhost"
"S11032","50.052","14.345","PRNBU7","3981","88","I13471","patte2021a","inhumation","R00309","C13658","0","1","crouched","right","180","190","0","0","petri2011a","2024-05-28 17:09:11","robert@localhost","2024-05-28 17:09:11","robert@localhost"
"S11032","50.052","14.345","PRNBU7","3981","88","I16109","patte2021a","inhumation","R00310","C13659","0","1","crouched","right","140","180","0","0","petri2011a","2024-05-28 17:09:11","robert@localhost","2024-05-28 17:09:11","robert@localhost"
"S11032","50.052","14.345","PRNBU7","3981","88",\N,"patte2021a","inhumation","R00311","C13660","0","1","crouched","right","140","180","0","0","petri2011a","2024-05-28 17:09:11","robert@localhost","2024-05-28 17:09:11","robert@localhost"
"S11032","50.052","14.345","PRNBU7","3981","88","I7959","patte2021a","inhumation","R00312","C13661","0","1","crouched","right","180","220","0","0","petri2011a","2024-05-28 17:09:11","robert@localhost","2024-05-28 17:09:11","robert@localhost"
"S11032","50.052","14.345","PRNBU7","3981","88","I7962","patte2021a","inhumation","R00313","C13662","0","1","crouched","right",\N,\N,"1","0","petri2011a","2024-05-28 17:09:11","robert@localhost","2024-05-28 17:09:11","robert@localhost"
"S11032","50.052","14.345","PRNBU7","3981","88","I7963","patte2021a","inhumation","R00314","C13663","1","1",\N,\N,\N,\N,"0","0","petri2011a","2024-05-28 17:09:11","robert@localhost","2024-05-28 17:09:11","robert@localhost"
"S11032","50.052","14.345","PRNBU7","3981","88","I13468","patte2021a","inhumation","R00315","C13664",\N,\N,\N,\N,\N,\N,"1","0","petri2011a","2024-05-28 17:09:11","robert@localhost","2024-05-28 17:09:11","robert@localhost"
"S11032","50.052","14.345","PRNBU7","3981","88",\N,"patte2021a","inhumation","R00316","C13665",\N,\N,\N,\N,\N,\N,"1","0","petri2011a","2024-05-28 17:09:11","robert@localhost","2024-05-28 17:09:11","robert@localhost"
"S11032","50.052","14.345","PRNBU7","3981","88",\N,"patte2021a","inhumation","R00317","C13666",\N,\N,\N,\N,\N,\N,"1","0","petri2011a","2024-05-28 17:09:11","robert@localhost","2024-05-28 17:09:11","robert@localhost"
"S11032","50.052","14.345","PRNBU7","3981","88",\N,"patte2021a","inhumation","R00318","C13667",\N,\N,\N,\N,\N,\N,"1","0","petri2011a","2024-05-28 17:09:11","robert@localhost","2024-05-28 17:09:11","robert@localhost"
"S11779","50.061","14.280","PRZ5",\N,\N,"I20517","patte2021a","inhumation","R00319","C13668",\N,\N,\N,\N,\N,\N,\N,"0","petri2011a","2024-05-28 17:09:11","robert@localhost","2024-05-28 17:09:11","robert@localhost"
"S08787","50.542","13.843","RDVE20","5423","344","I15951","patte2021a","inhumation","R00320","C08776",\N,\N,\N,\N,\N,\N,\N,"0","patte2021a","2024-05-28 17:09:11","robert@localhost","2024-05-28 17:09:11","robert@localhost"
"S11779","50.061","14.280","PRZ5",\N,\N,"I16549","patte2021a","inhumation","R00321","C13669",\N,\N,\N,\N,\N,\N,\N,"0","petri2011a","2024-05-28 17:09:11","robert@localhost","2024-05-28 17:09:11","robert@localhost"
"S11779","50.061","14.280","PRZ5",\N,\N,"I20516","patte2021a","inhumation","R00322","C13670",\N,\N,\N,"right",\N,\N,\N,"0","petri2011a","2024-05-28 17:09:11","robert@localhost","2024-05-28 17:09:11","robert@localhost"
"S13525","50.291","14.046","STRADO4",\N,\N,"I16329","patte2021a","inhumation","R00323","C13672","1","1",\N,\N,\N,\N,"1","0","choch1979a","2024-05-28 17:09:11","robert@localhost","2024-05-28 17:09:11","robert@localhost"
"S13525","50.291","14.046","STRADO4",\N,\N,\N,"patte2021a","inhumation","R00324","C13673","1","0",\N,\N,\N,\N,"1","0","choch1979a","2024-05-28 17:09:11","robert@localhost","2024-05-28 17:09:11","robert@localhost"
"S13525","50.291","14.046","STRADO4",\N,\N,"I17607","patte2021a","inhumation","R00325","C13674","1","0",\N,\N,\N,\N,"1","0","choch1979a","2024-05-28 17:09:11","robert@localhost","2024-05-28 17:09:11","robert@localhost"
"S13525","50.291","14.046","STRADO4",\N,\N,"I16327","patte2021a","inhumation","R00326","C13675","1",\N,\N,\N,\N,\N,"1","0","choch1979a","2024-05-28 17:09:11","robert@localhost","2024-05-28 17:09:11","robert@localhost"
"S13525","50.291","14.046","STRADO4",\N,\N,"I16326","patte2021a","inhumation","R00327","C13676","1",\N,\N,\N,\N,\N,"1","0","choch1979a","2024-05-28 17:09:11","robert@localhost","2024-05-28 17:09:11","robert@localhost"
"S13525","50.291","14.046","STRADO4",\N,\N,\N,\N,"inhumation","R00328","C13677","1",\N,\N,\N,\N,\N,"1","0","choch1979a","2024-05-28 17:09:11","robert@localhost","2024-05-28 17:09:11","robert@localhost"
"S13525","50.291","14.046","STRADO4",\N,\N,\N,\N,"inhumation","R00329","C13678","1",\N,\N,\N,\N,\N,"1","0","choch1979a","2024-05-28 17:09:11","robert@localhost","2024-05-28 17:09:11","robert@localhost"
"S13525","50.291","14.046","STRADO4",\N,\N,\N,\N,"inhumation","R00330","C13679","1",\N,\N,\N,\N,\N,"1","0","choch1979a","2024-05-28 17:09:11","robert@localhost","2024-05-28 17:09:11","robert@localhost"
"S10570","48.646","21.287","MZAL-LA1","6256","242",\N,\N,"cremation","R00331","C00146",\N,\N,"inside a vessel",\N,\N,\N,"1","0","budin1964a","2024-05-30 17:47:41","robert@localhost","2024-05-30 17:47:41","robert@localhost"
"S10570","48.646","21.287","MZAL-LA1","6256","242",\N,\N,"cremation","R00332","C00147",\N,\N,\N,\N,\N,\N,"1","0","budin1964a","2024-05-30 17:47:41","robert@localhost","2024-05-30 17:47:41","robert@localhost"
"S10570","48.646","21.287","MZAL-LA1","6256","242",\N,\N,"cremation","R00333","C00148",\N,\N,\N,\N,\N,\N,"1","0","budin1964a","2024-05-30 17:47:41","robert@localhost","2024-05-30 17:47:41","robert@localhost"
"S10570","48.646","21.287","MZAL-LA1","6256","242",\N,\N,"inhumation","R00334","C00149",\N,\N,\N,\N,\N,\N,"1","0","budin1964a","2024-05-30 17:47:41","robert@localhost","2024-05-30 17:47:41","robert@localhost"
"S10570","48.646","21.287","MZAL-LA1","6256","242",\N,\N,"cremation","R00335","C00150",\N,\N,\N,\N,\N,\N,"1","0","budin1964a","2024-05-30 17:47:41","robert@localhost","2024-05-30 17:47:41","robert@localhost"
"S10570","48.646","21.287","MZAL-LA1","6256","242",\N,\N,"cremation","R00336","C00151",\N,\N,\N,\N,\N,\N,"1","0","budin1964a","2024-05-30 17:47:41","robert@localhost","2024-05-30 17:47:41","robert@localhost"
"S10570","48.646","21.287","MZAL-LA1","6256","242",\N,\N,"cremation","R00337","C00152",\N,\N,\N,\N,\N,\N,"1","0","budin1964a","2024-05-30 17:47:41","robert@localhost","2024-05-30 17:47:41","robert@localhost"
"S10570","48.646","21.287","MZAL-LA1","6256","242",\N,\N,"cremation","R00338","C00153",\N,\N,"inside a vessel",\N,\N,\N,"1","0","budin1964a","2024-05-30 17:47:41","robert@localhost","2024-05-30 17:47:41","robert@localhost"
"S10570","48.646","21.287","MZAL-LA1","6256","242",\N,\N,"cremation","R00339","C00154",\N,\N,"inside a vessel",\N,\N,\N,"1","0","budin1964a","2024-05-30 17:47:41","robert@localhost","2024-05-30 17:47:41","robert@localhost"
"S10570","48.646","21.287","MZAL-LA1","6256","242",\N,\N,"cremation","R00340","C00155",\N,\N,"inside a vessel",\N,\N,\N,"1","0","budin1964a","2024-05-30 17:47:41","robert@localhost","2024-05-30 17:47:41","robert@localhost"
"S10570","48.646","21.287","MZAL-LA1","6256","242",\N,\N,\N,"R00341","C00156",\N,\N,\N,\N,\N,\N,"1","0","budin1964a","2024-05-30 17:47:41","robert@localhost","2024-05-30 17:47:41","robert@localhost"
"S10570","48.646","21.287","MZAL-LA1","6256","242",\N,\N,"cremation","R00342","C00157",\N,\N,"inside a vessel",\N,\N,\N,"1","0","budin1964a","2024-05-30 17:47:41","robert@localhost","2024-05-30 17:47:41","robert@localhost"
"S10570","48.646","21.287","MZAL-LA1","6256","242",\N,\N,\N,"R00343","C00158",\N,\N,\N,\N,\N,\N,"1","0","budin1964a","2024-05-30 17:47:41","robert@localhost","2024-05-30 17:47:41","robert@localhost"
"S10570","48.646","21.287","MZAL-LA1","6256","242",\N,\N,\N,"R00344","C00159",\N,\N,\N,\N,\N,\N,"1","0","budin1964a","2024-05-30 17:47:41","robert@localhost","2024-05-30 17:47:41","robert@localhost"
"S10570","48.646","21.287","MZAL-LA1","6256","242",\N,\N,"cremation","R00345","C00160",\N,\N,\N,\N,\N,\N,"1","0","budin1964a","2024-05-30 17:47:41","robert@localhost","2024-05-30 17:47:41","robert@localhost"
"S10570","48.646","21.287","MZAL-LA1","6256","242",\N,\N,"cremation","R00346","C00161",\N,\N,"inside a vessel",\N,\N,\N,"1","0","budin1964a","2024-05-30 17:47:41","robert@localhost","2024-05-30 17:47:41","robert@localhost"
"S10570","48.646","21.287","MZAL-LA1","6256","242",\N,\N,"cremation","R00347","C00162",\N,\N,"inside a vessel",\N,\N,\N,"1","0","budin1964a","2024-05-30 17:47:41","robert@localhost","2024-05-30 17:47:41","robert@localhost"
"S10570","48.646","21.287","MZAL-LA1","6256","242",\N,\N,"cremation","R00348","C00163",\N,\N,"inside a vessel",\N,\N,\N,"1","0","budin1964a","2024-05-30 17:47:41","robert@localhost","2024-05-30 17:47:41","robert@localhost"
"S10570","48.646","21.287","MZAL-LA1","6256","242",\N,\N,\N,"R00349","C00164",\N,\N,\N,\N,\N,\N,"1","0","budin1964a","2024-05-30 17:47:41","robert@localhost","2024-05-30 17:47:41","robert@localhost"
"S10570","48.646","21.287","MZAL-LA1","6256","242",\N,\N,"cremation","R00350","C00165",\N,\N,"inside a vessel",\N,\N,\N,"1","0","budin1964a","2024-05-30 17:47:41","robert@localhost","2024-05-30 17:47:41","robert@localhost"
"S10255","46.213","18.703","ALSO1","7646","92",\N,\N,"inhumation","R00351","C00701",\N,\N,"crouched","left",\N,\N,"0","0","oross2016a","2024-05-30 17:47:41","robert@localhost","2024-05-30 17:47:41","robert@localhost"
"S10255","46.213","18.703","ALSO1","7646","92",\N,\N,"inhumation","R00352","C00702",\N,\N,"crouched","right",\N,\N,"0","0","oross2016a","2024-05-30 17:47:41","robert@localhost","2024-05-30 17:47:41","robert@localhost"
"S10255","46.213","18.703","ALSO1","7646","92",\N,\N,"inhumation","R00353","C00703",\N,\N,"crouched","left",\N,\N,"0","0","oross2016a","2024-05-30 17:47:41","robert@localhost","2024-05-30 17:47:41","robert@localhost"
"S10255","46.213","18.703","ALSO1","7646","92",\N,\N,"inhumation","R00354","C00704",\N,\N,"crouched","right",\N,\N,"0","0","oross2016a","2024-05-30 17:47:41","robert@localhost","2024-05-30 17:47:41","robert@localhost"
"S10255","46.213","18.703","ALSO1","7646","92",\N,\N,"inhumation","R00355","C00705",\N,\N,"crouched","left",\N,\N,"0","0","oross2016a","2024-05-30 17:47:41","robert@localhost","2024-05-30 17:47:41","robert@localhost"
"S10255","46.213","18.703","ALSO1","7646","92",\N,\N,"inhumation","R00356","C00706",\N,\N,"crouched","right",\N,\N,"0","0","oross2016a","2024-05-30 17:47:41","robert@localhost","2024-05-30 17:47:41","robert@localhost"
"S10255","46.213","18.703","ALSO1","7646","92",\N,\N,"inhumation","R00357","C00707",\N,\N,\N,\N,\N,\N,"0","0","oross2016a","2024-05-30 17:47:41","robert@localhost","2024-05-30 17:47:41","robert@localhost"
"S10255","46.213","18.703","ALSO1","7646","92",\N,\N,"inhumation","R00358","C00708",\N,\N,"crouched","left",\N,\N,"0","0","oross2016a","2024-05-30 17:47:41","robert@localhost","2024-05-30 17:47:41","robert@localhost"
"S10255","46.213","18.703","ALSO1","7646","92",\N,\N,"inhumation","R00359","C00709",\N,\N,"crouched","left",\N,\N,"0","0","oross2016a","2024-05-30 17:47:41","robert@localhost","2024-05-30 17:47:41","robert@localhost"
"S10255","46.213","18.703","ALSO1","7646","92",\N,\N,"inhumation","R00360","C00710",\N,\N,"crouched","left",\N,\N,"0","0","oross2016a","2024-05-30 17:47:41","robert@localhost","2024-05-30 17:47:41","robert@localhost"
"S10255","46.213","18.703","ALSO1","7646","92",\N,\N,"inhumation","R00361","C00711",\N,\N,"extended","back",\N,\N,"0","0","oross2016a","2024-05-30 17:47:41","robert@localhost","2024-06-03 22:33:33","robert@localhost"
"S10255","46.213","18.703","ALSO1","7646","92",\N,\N,"inhumation","R00362","C00712",\N,\N,"prone","front",\N,\N,"0","0","oross2016a","2024-05-30 17:47:41","robert@localhost","2024-05-30 17:47:41","robert@localhost"
"S10255","46.213","18.703","ALSO1","7646","92",\N,\N,"inhumation","R00363","C00713",\N,\N,"crouched","right",\N,\N,"0","0","oross2016a","2024-05-30 17:47:41","robert@localhost","2024-05-30 17:47:41","robert@localhost"
"S10255","46.213","18.703","ALSO1","7646","92",\N,\N,"inhumation","R00364","C00714",\N,\N,\N,\N,\N,\N,"0","0","oross2016a","2024-05-30 17:47:41","robert@localhost","2024-05-30 17:47:41","robert@localhost"
"S10255","46.213","18.703","ALSO1","7646","92",\N,\N,"inhumation","R00365","C00715",\N,\N,"crouched","left",\N,\N,"0","0","oross2016a","2024-05-30 17:47:41","robert@localhost","2024-05-30 17:47:41","robert@localhost"
"S10255","46.213","18.703","ALSO1","7646","92",\N,\N,"inhumation","R00366","C00716",\N,\N,"crouched","right",\N,\N,"0","0","oross2016a","2024-05-30 17:47:41","robert@localhost","2024-05-30 17:47:41","robert@localhost"
"S10255","46.213","18.703","ALSO1","7646","92",\N,\N,"inhumation","R00367","C00717",\N,\N,"crouched","right",\N,\N,"0","0","oross2016a","2024-05-30 17:47:41","robert@localhost","2024-05-30 17:47:41","robert@localhost"
"S10255","46.213","18.703","ALSO2","7049","112",\N,\N,"inhumation","R00368","C00718",\N,\N,"crouched","left",\N,\N,"0","0","oross2016b","2024-05-30 17:47:41","robert@localhost","2024-05-30 17:47:41","robert@localhost"
"S10255","46.213","18.703","ALSO2","7049","112",\N,\N,"inhumation","R00369","C00719",\N,\N,"crouched","left",\N,\N,"0","0","oross2016b","2024-05-30 17:47:41","robert@localhost","2024-05-30 17:47:41","robert@localhost"
"S10255","46.213","18.703","ALSO2","7049","112",\N,\N,"inhumation","R00370","C00720",\N,\N,\N,\N,\N,\N,"0","0","oross2016b","2024-05-30 17:47:41","robert@localhost","2024-05-30 17:47:41","robert@localhost"
"S10255","46.213","18.703","ALSO2","7049","112",\N,\N,"inhumation","R00371","C00721",\N,\N,"crouched","left",\N,\N,"0","0","oross2016b","2024-05-30 17:47:41","robert@localhost","2024-05-30 17:47:41","robert@localhost"
"S10255","46.213","18.703","ALSO3","6852","101",\N,\N,"inhumation","R00372","C00722",\N,"1","crouched","left","60",\N,"1","0","oross2016c","2024-05-30 17:47:41","robert@localhost","2024-05-30 17:47:41","robert@localhost"
"S10255","46.213","18.703","ALSO3","6852","101",\N,\N,"inhumation","R00373","C00723",\N,"1","crouched","left","70",\N,"1","0","oross2016c","2024-05-30 17:47:41","robert@localhost","2024-05-30 17:47:41","robert@localhost"
"S10574","51.870","10.900","DERMII1","6796","288",\N,\N,"inhumation","R00374","C00724",\N,"1","crouched","left","160",\N,"1","0","frits2011a","2024-05-30 17:47:41","robert@localhost","2024-05-30 17:47:41","robert@localhost"
"S10574","51.870","10.900","DERMII1","6796","288",\N,\N,"inhumation","R00375","C00725",\N,"1","crouched","left","100",\N,"0","0","frits2011a","2024-05-30 17:47:41","robert@localhost","2024-05-30 17:47:41","robert@localhost"
"S10574","51.870","10.900","DERMII1","6796","288",\N,\N,"inhumation","R00376","C00726",\N,\N,"crouched","left","70","80","0","0","frits2011a","2024-05-30 17:47:41","robert@localhost","2024-05-30 17:47:41","robert@localhost"
"S10574","51.870","10.900","DERMII1","6796","288",\N,\N,"inhumation","R00377","C00727",\N,"1","crouched","left","60",\N,"1","0","frits2011a","2024-05-30 17:47:41","robert@localhost","2024-05-30 17:47:41","robert@localhost"
"S10574","51.870","10.900","DERMII1","6796","288",\N,\N,"inhumation","R00378","C00728",\N,"1","crouched","left","90","100","1","0","frits2011a","2024-05-30 17:47:41","robert@localhost","2024-05-30 17:47:41","robert@localhost"
"S10574","51.870","10.900","DERMII1","6796","288",\N,\N,"inhumation","R00379","C00729",\N,"1","crouched","left","90",\N,"0","0","frits2011a","2024-05-30 17:47:41","robert@localhost","2024-05-30 17:47:41","robert@localhost"
"S10255","46.213","18.703","ALSO3","6852","101",\N,\N,"inhumation","R00380","C00730",\N,"1",\N,\N,\N,\N,"0","0","oross2016c","2024-05-30 17:47:41","robert@localhost","2024-05-30 17:47:41","robert@localhost"
"S10255","46.213","18.703","ALSO3","6852","101",\N,\N,"inhumation","R00381","C00731",\N,"1","crouched","left","160",\N,"1","0","oross2016c","2024-05-30 17:47:41","robert@localhost","2024-05-30 17:47:41","robert@localhost"
"S10255","46.213","18.703","ALSO3","6852","101",\N,\N,"inhumation","R00382","C00732",\N,"1","crouched","left","60",\N,"1","0","oross2016c","2024-05-30 17:47:41","robert@localhost","2024-05-30 17:47:41","robert@localhost"
"S10255","46.213","18.703","ALSO3","6852","101",\N,\N,"inhumation","R00383","C00733",\N,"1","extended","back","100",\N,"1","0","oross2016c","2024-05-30 17:47:41","robert@localhost","2024-06-03 22:33:34","robert@localhost"
"S10255","46.213","18.703","ALSO3","6852","101",\N,\N,"inhumation","R00384","C00734",\N,"1","crouched","left","100",\N,"1","0","oross2016c","2024-05-30 17:47:41","robert@localhost","2024-05-30 17:47:41","robert@localhost"
"S10255","46.213","18.703","ALSO3","6852","101",\N,\N,"inhumation","R00385","C00735",\N,"1","extended","back","80",\N,"1","0","oross2016c","2024-05-30 17:47:41","robert@localhost","2024-06-03 22:33:35","robert@localhost"
"S10255","46.213","18.703","ALSO3","6852","101",\N,\N,"inhumation","R00386","C00736",\N,"1","extended","back","290",\N,"1","0","oross2016c","2024-05-30 17:47:41","robert@localhost","2024-06-03 22:33:35","robert@localhost"
"S10255","46.213","18.703","ALSO3","6852","101",\N,\N,"inhumation","R00387","C00737",\N,"1",\N,\N,"70",\N,\N,\N,"oross2016c","2024-05-30 17:47:41","robert@localhost","2024-05-30 17:47:41","robert@localhost"
"S10255","46.213","18.703","ALSO3","6852","101",\N,\N,"inhumation","R00388","C00738",\N,"1",\N,\N,"50",\N,\N,\N,"oross2016c","2024-05-30 17:47:41","robert@localhost","2024-05-30 17:47:41","robert@localhost"
"S10255","46.213","18.703","ALSO3","6852","101",\N,\N,"inhumation","R00389","C00739",\N,"1","crouched","left","70",\N,"1","0","oross2016c","2024-05-30 17:47:41","robert@localhost","2024-05-30 17:47:41","robert@localhost"
"S10255","46.213","18.703","ALSO3","6852","101",\N,\N,"inhumation","R00390","C00740",\N,"1","crouched","left","50",\N,"1","0","oross2016c","2024-05-30 17:47:41","robert@localhost","2024-05-30 17:47:41","robert@localhost"
"S10255","46.213","18.703","ALSO3","6852","101",\N,\N,"inhumation","R00391","C00741",\N,"1","crouched","left","60",\N,"1","0","oross2016c","2024-05-30 17:47:41","robert@localhost","2024-05-30 17:47:41","robert@localhost"
"S10255","46.213","18.703","ALSO3","6852","101",\N,\N,"inhumation","R00392","C00742",\N,"1","crouched","left","70",\N,\N,\N,"oross2016c","2024-05-30 17:47:41","robert@localhost","2024-05-30 17:47:41","robert@localhost"
"S10255","46.213","18.703","ALSO3","6852","101",\N,\N,"inhumation","R00393","C00743",\N,"1","crouched","right","70","220",\N,\N,"oross2016c","2024-05-30 17:47:41","robert@localhost","2024-05-30 17:47:41","robert@localhost"
"S10255","46.213","18.703","ALSO3","6852","101",\N,\N,"inhumation","R00394","C00744",\N,\N,\N,\N,\N,\N,\N,\N,"oross2016c","2024-05-30 17:47:41","robert@localhost","2024-05-30 17:47:41","robert@localhost"
"S10255","46.213","18.703","ALSO3","6852","101",\N,\N,"inhumation","R00395","C00745",\N,\N,"scattered",\N,\N,\N,\N,\N,"oross2016c","2024-05-30 17:47:41","robert@localhost","2024-05-30 17:47:41","robert@localhost"
"S10255","46.213","18.703","ALSO4",\N,\N,\N,\N,"inhumation","R00396","C00746",\N,\N,\N,\N,\N,\N,"1","0","osztá2016a","2024-05-30 17:47:41","robert@localhost","2024-05-30 17:47:41","robert@localhost"
"S10255","46.213","18.703","ALSO4",\N,\N,\N,\N,"inhumation","R00397","C00747",\N,\N,\N,\N,\N,\N,"1","0","osztá2016a","2024-05-30 17:47:41","robert@localhost","2024-05-30 17:47:41","robert@localhost"
"S10255","46.213","18.703","ALSO4",\N,\N,\N,\N,"inhumation","R00398","C00748",\N,\N,\N,\N,\N,\N,"1","0","osztá2016a","2024-05-30 17:47:41","robert@localhost","2024-05-30 17:47:41","robert@localhost"
"S10255","46.213","18.703","ALSO4",\N,\N,\N,\N,"inhumation","R00399","C00749",\N,\N,\N,\N,\N,\N,"1","0","osztá2016a","2024-05-30 17:47:41","robert@localhost","2024-05-30 17:47:41","robert@localhost"
"S10255","46.213","18.703","ALSO4",\N,\N,\N,\N,"inhumation","R00400","C00750",\N,\N,\N,\N,\N,\N,"1","0","osztá2016a","2024-05-30 17:47:41","robert@localhost","2024-05-30 17:47:41","robert@localhost"
"S10255","46.213","18.703","ALSO4",\N,\N,\N,\N,"inhumation","R00401","C00751",\N,\N,\N,\N,\N,\N,"1","0","osztá2016a","2024-05-30 17:47:41","robert@localhost","2024-05-30 17:47:41","robert@localhost"
"S10255","46.213","18.703","ALSO4",\N,\N,\N,\N,"inhumation","R00402","C00752",\N,\N,\N,\N,\N,\N,"1","0","osztá2016a","2024-05-30 17:47:41","robert@localhost","2024-05-30 17:47:41","robert@localhost"
"S10255","46.213","18.703","ALSO4",\N,\N,\N,\N,"inhumation","R00403","C00753",\N,\N,\N,\N,\N,\N,"1","0","osztá2016a","2024-05-30 17:47:41","robert@localhost","2024-05-30 17:47:41","robert@localhost"
"S10255","46.213","18.703","ALSO4",\N,\N,\N,\N,"inhumation","R00404","C00754",\N,\N,\N,\N,\N,\N,"1","0","osztá2016a","2024-05-30 17:47:41","robert@localhost","2024-05-30 17:47:41","robert@localhost"
"S10255","46.213","18.703","ALSO4",\N,\N,\N,\N,"inhumation","R00405","C00755",\N,\N,\N,\N,\N,\N,"1","0","osztá2016a","2024-05-30 17:47:41","robert@localhost","2024-05-30 17:47:41","robert@localhost"
"S10255","46.213","18.703","ALSO4",\N,\N,\N,\N,"inhumation","R00406","C00756",\N,\N,\N,\N,\N,\N,"1","0","osztá2016a","2024-05-30 17:47:41","robert@localhost","2024-05-30 17:47:41","robert@localhost"
"S10255","46.213","18.703","ALSO4",\N,\N,\N,\N,"inhumation","R00407","C00757",\N,\N,\N,\N,\N,\N,"1","0","osztá2016a","2024-05-30 17:47:41","robert@localhost","2024-05-30 17:47:41","robert@localhost"
"S10255","46.213","18.703","ALSO4",\N,\N,\N,\N,"inhumation","R00408","C00758",\N,\N,\N,\N,\N,\N,"1","0","osztá2016a","2024-05-30 17:47:41","robert@localhost","2024-05-30 17:47:41","robert@localhost"
"S10255","46.213","18.703","ALSO4",\N,\N,\N,\N,"inhumation","R00409","C00759",\N,\N,\N,\N,\N,\N,"1","0","osztá2016a","2024-05-30 17:47:41","robert@localhost","2024-05-30 17:47:41","robert@localhost"
"S10255","46.213","18.703","ALSO4",\N,\N,\N,\N,"inhumation","R00410","C00760",\N,\N,\N,\N,\N,\N,"1","0","osztá2016a","2024-05-30 17:47:41","robert@localhost","2024-05-30 17:47:41","robert@localhost"
"S10255","46.213","18.703","ALSO4",\N,\N,\N,\N,"inhumation","R00411","C00761",\N,\N,\N,\N,\N,\N,"1","0","osztá2016a","2024-05-30 17:47:41","robert@localhost","2024-05-30 17:47:41","robert@localhost"
"S10255","46.213","18.703","ALSO4",\N,\N,\N,\N,"inhumation","R00412","C00762",\N,\N,\N,\N,\N,\N,"1","0","osztá2016a","2024-05-30 17:47:41","robert@localhost","2024-05-30 17:47:41","robert@localhost"
"S10255","46.213","18.703","ALSO4",\N,\N,\N,\N,"inhumation","R00413","C00763",\N,\N,\N,\N,\N,\N,"1","0","osztá2016a","2024-05-30 17:47:41","robert@localhost","2024-05-30 17:47:41","robert@localhost"
"S10255","46.213","18.703","ALSO4",\N,\N,\N,\N,"inhumation","R00414","C00764",\N,\N,\N,\N,\N,\N,"1","0","osztá2016a","2024-05-30 17:47:41","robert@localhost","2024-05-30 17:47:41","robert@localhost"
"S10255","46.213","18.703","ALSO4",\N,\N,\N,\N,"inhumation","R00415","C00765",\N,\N,\N,\N,\N,\N,"1","0","osztá2016a","2024-05-30 17:47:41","robert@localhost","2024-05-30 17:47:41","robert@localhost"
"S10255","46.213","18.703","ALSO4",\N,\N,\N,\N,"inhumation","R00416","C00766",\N,\N,\N,\N,\N,\N,"1","0","osztá2016a","2024-05-30 17:47:41","robert@localhost","2024-05-30 17:47:41","robert@localhost"
"S10255","46.213","18.703","ALSO4",\N,\N,\N,\N,"inhumation","R00417","C00767",\N,\N,\N,\N,\N,\N,"1","0","osztá2016a","2024-05-30 17:47:41","robert@localhost","2024-05-30 17:47:41","robert@localhost"
"S10255","46.213","18.703","ALSO4",\N,\N,\N,\N,"inhumation","R00418","C00768",\N,\N,\N,\N,\N,\N,"1","0","osztá2016a","2024-05-30 17:47:41","robert@localhost","2024-05-30 17:47:41","robert@localhost"
"S10574","51.870","10.900","DERMII1","6796","288",\N,\N,"inhumation","R00419","C00769",\N,"1","crouched","left","270",\N,"1","0","frits2011a","2024-05-30 17:47:41","robert@localhost","2024-05-30 17:47:41","robert@localhost"
"S10129","48.667","16.580","KLH1","7050","109",\N,\N,"inhumation","R00420","C03359",\N,"1","crouched","left","95",\N,"0","0","neuge2015a","2024-05-30 17:47:41","robert@localhost","2024-05-30 17:47:41","robert@localhost"
"S10129","48.667","16.580","KLH1","7050","109",\N,\N,"inhumation","R00421","C03360",\N,"1","crouched","left","120",\N,"1","1","neuge2015a","2024-05-30 17:47:41","robert@localhost","2024-05-30 17:47:41","robert@localhost"
"S10129","48.667","16.580","KLH1","7050","109",\N,\N,"inhumation","R00422","C03361",\N,"1","crouched","left","120",\N,"0","0","neuge2015a","2024-05-30 17:47:41","robert@localhost","2024-05-30 17:47:41","robert@localhost"
"S10129","48.667","16.580","KLH1","7050","109",\N,\N,"inhumation","R00423","C03362",\N,"1",\N,\N,"110",\N,"1","1","neuge2015a","2024-05-30 17:47:41","robert@localhost","2024-05-30 17:47:41","robert@localhost"
"S10129","48.667","16.580","KLH1","7050","109",\N,\N,"inhumation","R00424","C03363",\N,\N,\N,\N,\N,\N,"0",\N,"neuge2015a","2024-05-30 17:47:41","robert@localhost","2024-05-30 17:47:41","robert@localhost"
"S10129","48.667","16.580","KLH1","7050","109",\N,\N,"inhumation","R00425","C03364",\N,\N,\N,\N,\N,\N,"0",\N,"neuge2015a","2024-05-30 17:47:41","robert@localhost","2024-05-30 17:47:41","robert@localhost"
"S10129","48.667","16.580","KLH1","7050","109",\N,\N,"inhumation","R00426","C03365",\N,\N,\N,\N,\N,\N,"1",\N,"neuge2015a","2024-05-30 17:47:41","robert@localhost","2024-05-30 17:47:41","robert@localhost"
"S10129","48.667","16.580","KLH1","7050","109",\N,\N,"inhumation","R00427","C03366",\N,"1","crouched","left","100",\N,"0","0","neuge2015a","2024-05-30 17:47:41","robert@localhost","2024-05-30 17:47:41","robert@localhost"
"S10129","48.667","16.580","KLH1","7050","109",\N,\N,"inhumation","R00428","C03367",\N,\N,\N,\N,\N,\N,"0",\N,"neuge2015a","2024-05-30 17:47:41","robert@localhost","2024-05-30 17:47:41","robert@localhost"
"S10129","48.667","16.580","KLH1","7050","109",\N,\N,"inhumation","R00429","C03368",\N,"1","crouched","left","130",\N,"1",\N,"neuge2015a","2024-05-30 17:47:41","robert@localhost","2024-05-30 17:47:41","robert@localhost"
"S10129","48.667","16.580","KLH1","7050","109",\N,\N,"inhumation","R00430","C03369",\N,\N,\N,\N,\N,\N,"1",\N,"neuge2015a","2024-05-30 17:47:41","robert@localhost","2024-05-30 17:47:41","robert@localhost"
"S10129","48.667","16.580","KLH1","7050","109",\N,\N,"inhumation","R00431","C03370","1","1","crouched","left","120",\N,"1","1","neuge2015a","2024-05-30 17:47:41","robert@localhost","2024-05-30 17:47:41","robert@localhost"
"S10129","48.667","16.580","KLH1","7050","109",\N,\N,"inhumation","R00432","C03371","1","1","crouched","left","110",\N,"1","0","neuge2015a","2024-05-30 17:47:41","robert@localhost","2024-05-30 17:47:41","robert@localhost"
"S10129","48.667","16.580","KLH1","7050","109",\N,\N,"inhumation","R00433","C03372","0","1","crouched","left","130",\N,"1","0","neuge2015a","2024-05-30 17:47:41","robert@localhost","2024-05-30 17:47:41","robert@localhost"
"S10129","48.667","16.580","KLH1","7050","109",\N,\N,"inhumation","R00434","C03373","0","1","crouched","left","150",\N,"1","0","neuge2015a","2024-05-30 17:47:41","robert@localhost","2024-05-30 17:47:41","robert@localhost"
"S10129","48.667","16.580","KLH1","7050","109","I5068","mathi2018a","inhumation","R00435","C03374",\N,"1","crouched","left","300",\N,"1","0","neuge2015a","2024-05-30 17:47:41","robert@localhost","2024-05-30 17:47:41","robert@localhost"
"S10129","48.667","16.580","KLH1","7050","109",\N,\N,"inhumation","R00436","C03375",\N,"1","crouched","left","290",\N,"1","0","neuge2015a","2024-05-30 17:47:41","robert@localhost","2024-05-30 17:47:41","robert@localhost"
"S10129","48.667","16.580","KLH1","7050","109",\N,\N,"inhumation","R00437","C03376",\N,"1","crouched","left","140",\N,"0",\N,"neuge2015a","2024-05-30 17:47:41","robert@localhost","2024-05-30 17:47:41","robert@localhost"
"S10129","48.667","16.580","KLH1","7050","109",\N,\N,"inhumation","R00438","C03377",\N,"1","crouched","left","30",\N,"0","0","neuge2015a","2024-05-30 17:47:41","robert@localhost","2024-05-30 17:47:41","robert@localhost"
"S10129","48.667","16.580","KLH1","7050","109",\N,\N,"inhumation","R00439","C03378",\N,\N,"crouched","left","120",\N,"1","0","neuge2015a","2024-05-30 17:47:41","robert@localhost","2024-05-30 17:47:41","robert@localhost"
"S10129","48.667","16.580","KLH1","7050","109","I5069","mathi2018a","inhumation","R00440","C03379","0","1","crouched","right","0",\N,"1","0","neuge2015a","2024-05-30 17:47:41","robert@localhost","2024-05-30 17:47:41","robert@localhost"
"S10129","48.667","16.580","KLH1","7050","109",\N,\N,"inhumation","R00441","C03380",\N,"1","crouched","left","60",\N,"1","1","neuge2015a","2024-05-30 17:47:41","robert@localhost","2024-05-30 17:47:41","robert@localhost"
"S10129","48.667","16.580","KLH1","7050","109",\N,\N,"inhumation","R00442","C03381",\N,"1","crouched","left","110",\N,"1","0","neuge2015a","2024-05-30 17:47:41","robert@localhost","2024-05-30 17:47:41","robert@localhost"
"S10129","48.667","16.580","KLH1","7050","109",\N,\N,"inhumation","R00443","C03382","0","1","crouched","left","160",\N,"1","1","neuge2015a","2024-05-30 17:47:41","robert@localhost","2024-05-30 17:47:41","robert@localhost"
"S10129","48.667","16.580","KLH1","7050","109",\N,\N,"inhumation","R00444","C03383",\N,\N,\N,\N,\N,\N,"1","0","neuge2015a","2024-05-30 17:47:41","robert@localhost","2024-05-30 17:47:41","robert@localhost"
"S10129","48.667","16.580","KLH1","7050","109","I16006","gelab2023a","inhumation","R00445","C03384",\N,"1","crouched","left","90",\N,"0","0","neuge2015a","2024-05-30 17:47:41","robert@localhost","2024-05-30 17:47:41","robert@localhost"
"S10129","48.667","16.580","KLH1","7050","109",\N,\N,"inhumation","R00446","C03385",\N,\N,"crouched","left",\N,\N,"1","0","neuge2015a","2024-05-30 17:47:41","robert@localhost","2024-05-30 17:47:41","robert@localhost"
"S10129","48.667","16.580","KLH1","7050","109",\N,\N,"inhumation","R00447","C03386","0","1","crouched","left","140",\N,"1","0","neuge2015a","2024-05-30 17:47:41","robert@localhost","2024-05-30 17:47:41","robert@localhost"
"S10129","48.667","16.580","KLH1","7050","109",\N,\N,"inhumation","R00448","C03387","0","1","crouched","right","110",\N,"1","0","neuge2015a","2024-05-30 17:47:41","robert@localhost","2024-05-30 17:47:41","robert@localhost"
"S10129","48.667","16.580","KLH1","7050","109",\N,\N,"inhumation","R00449","C03388","0","1","crouched","left","110",\N,"1","1","neuge2015a","2024-05-30 17:47:41","robert@localhost","2024-05-30 17:47:41","robert@localhost"
"S10129","48.667","16.580","KLH1","7050","109",\N,\N,"inhumation","R00450","C03389",\N,\N,"crouched","left",\N,\N,"1","0","neuge2015a","2024-05-30 17:47:41","robert@localhost","2024-05-30 17:47:41","robert@localhost"
"S10129","48.667","16.580","KLH1","7050","109",\N,\N,"inhumation","R00451","C03390","0","1","crouched","left","330",\N,"1","0","neuge2015a","2024-05-30 17:47:41","robert@localhost","2024-05-30 17:47:41","robert@localhost"
"S10129","48.667","16.580","KLH1","7050","109",\N,\N,"inhumation","R00452","C03391",\N,"1","crouched","left","320",\N,"1",\N,"neuge2015a","2024-05-30 17:47:41","robert@localhost","2024-05-30 17:47:41","robert@localhost"
"S10129","48.667","16.580","KLH1","7050","109",\N,\N,"inhumation","R00453","C03392","0","1","crouched","left","90",\N,"1","1","neuge2015a","2024-05-30 17:47:41","robert@localhost","2024-05-30 17:47:41","robert@localhost"
"S10129","48.667","16.580","KLH1","7050","109",\N,\N,"inhumation","R00454","C03393","1",\N,\N,\N,\N,\N,"0",\N,"neuge2015a","2024-05-30 17:47:41","robert@localhost","2024-05-30 17:47:41","robert@localhost"
"S10129","48.667","16.580","KLH1","7050","109",\N,\N,"inhumation","R00455","C03394","1",\N,\N,\N,\N,\N,"1",\N,"neuge2015a","2024-05-30 17:47:41","robert@localhost","2024-05-30 17:47:41","robert@localhost"
"S10129","48.667","16.580","KLH1","7050","109",\N,\N,"inhumation","R00456","C03395","1",\N,\N,\N,\N,\N,"1",\N,"neuge2015a","2024-05-30 17:47:41","robert@localhost","2024-05-30 17:47:41","robert@localhost"
"S10129","48.667","16.580","KLH1","7050","109",\N,\N,"inhumation","R00457","C03396","0","1","crouched","left","100",\N,"1","1","neuge2015a","2024-05-30 17:47:41","robert@localhost","2024-05-30 17:47:41","robert@localhost"
"S10129","48.667","16.580","KLH1","7050","109",\N,\N,"inhumation","R00458","C03397","0","1","crouched","left","110",\N,"0","0","neuge2015a","2024-05-30 17:47:41","robert@localhost","2024-05-30 17:47:41","robert@localhost"
"S10129","48.667","16.580","KLH1","7050","109",\N,\N,"inhumation","R00459","C03398","0","1","crouched","left","340",\N,"1","1","neuge2015a","2024-05-30 17:47:41","robert@localhost","2024-05-30 17:47:41","robert@localhost"
"S10129","48.667","16.580","KLH1","7050","109",\N,\N,"inhumation","R00460","C03399","0","1","crouched","right",\N,\N,"0","0","neuge2015a","2024-05-30 17:47:41","robert@localhost","2024-05-30 17:47:41","robert@localhost"
"S10129","48.667","16.580","KLH1","7050","109",\N,\N,"inhumation","R00461","C03400",\N,"1",\N,\N,"165",\N,"1","0","neuge2015a","2024-05-30 17:47:41","robert@localhost","2024-05-30 17:47:41","robert@localhost"
"S10129","48.667","16.580","KLH1","7050","109",\N,\N,"inhumation","R00462","C03401",\N,\N,\N,\N,\N,\N,"1",\N,"neuge2015a","2024-05-30 17:47:41","robert@localhost","2024-05-30 17:47:41","robert@localhost"
"S10129","48.667","16.580","KLH1","7050","109",\N,\N,"inhumation","R00463","C03402",\N,\N,\N,\N,\N,\N,"1",\N,"neuge2015a","2024-05-30 17:47:41","robert@localhost","2024-05-30 17:47:41","robert@localhost"
"S10129","48.667","16.580","KLH1","7050","109",\N,\N,"inhumation","R00464","C03403",\N,"1","crouched","left",\N,\N,"1",\N,"neuge2015a","2024-05-30 17:47:41","robert@localhost","2024-05-30 17:47:41","robert@localhost"
"S10129","48.667","16.580","KLH1","7050","109",\N,\N,"inhumation","R00465","C03404","0","1","crouched","left","140",\N,"1","1","neuge2015a","2024-05-30 17:47:41","robert@localhost","2024-05-30 17:47:41","robert@localhost"
"S10129","48.667","16.580","KLH1","7050","109",\N,\N,"inhumation","R00466","C03405",\N,\N,\N,\N,\N,\N,"1",\N,"neuge2015a","2024-05-30 17:47:41","robert@localhost","2024-05-30 17:47:41","robert@localhost"
"S10129","48.667","16.580","KLH1","7050","109",\N,\N,"inhumation","R00467","C03406",\N,"1","crouched","left","270",\N,"1","1","neuge2015a","2024-05-30 17:47:41","robert@localhost","2024-05-30 17:47:41","robert@localhost"
"S10129","48.667","16.580","KLH1","7050","109",\N,\N,"inhumation","R00468","C03407","0","1","crouched","left","90",\N,"1",\N,"neuge2015a","2024-05-30 17:47:41","robert@localhost","2024-05-30 17:47:41","robert@localhost"
"S10129","48.667","16.580","KLH1","7050","109",\N,\N,"inhumation","R00469","C03408",\N,\N,\N,\N,\N,\N,"1",\N,"neuge2015a","2024-05-30 17:47:41","robert@localhost","2024-05-30 17:47:41","robert@localhost"
"S10129","48.667","16.580","KLH1","7050","109",\N,\N,"inhumation","R00470","C03409",\N,\N,\N,\N,\N,\N,"0",\N,"neuge2015a","2024-05-30 17:47:41","robert@localhost","2024-05-30 17:47:41","robert@localhost"
"S10129","48.667","16.580","KLH1","7050","109",\N,\N,"inhumation","R00471","C03410",\N,\N,\N,\N,\N,\N,"0",\N,"neuge2015a","2024-05-30 17:47:41","robert@localhost","2024-05-30 17:47:41","robert@localhost"
"S10129","48.667","16.580","KLH1","7050","109",\N,\N,"inhumation","R00472","C03411","0","0","crouched","left",\N,\N,"1",\N,"neuge2015a","2024-05-30 17:47:41","robert@localhost","2024-05-30 17:47:41","robert@localhost"
"S10129","48.667","16.580","KLH1","7050","109",\N,\N,"inhumation","R00473","C03412","0","1","crouched","left?",\N,\N,"1",\N,"neuge2015a","2024-05-30 17:47:41","robert@localhost","2024-05-30 17:47:41","robert@localhost"
"S10129","48.667","16.580","KLH1","7050","109",\N,\N,"inhumation","R00474","C03413","0","1","crouched","left",\N,\N,"1",\N,"neuge2015a","2024-05-30 17:47:41","robert@localhost","2024-05-30 17:47:41","robert@localhost"
"S10129","48.667","16.580","KLH1","7050","109",\N,\N,"inhumation","R00475","C03414",\N,"1","crouched","left?","225","315","1",\N,"neuge2015a","2024-05-30 17:47:41","robert@localhost","2024-06-03 22:35:51","robert@localhost"
"S10129","48.667","16.580","KLH1","7050","109",\N,\N,"inhumation","R00476","C03415",\N,"1","crouched","left?","225","315","0",\N,"neuge2015a","2024-05-30 17:47:41","robert@localhost","2024-06-03 22:35:52","robert@localhost"
"S10129","48.667","16.580","KLH1","7050","109",\N,\N,"inhumation","R00477","C03416",\N,\N,\N,\N,\N,\N,"0",\N,"neuge2015a","2024-05-30 17:47:41","robert@localhost","2024-05-30 17:47:41","robert@localhost"
"S10129","48.667","16.580","KLH1","7050","109",\N,\N,"inhumation","R00478","C03417",\N,"1","crouched","left",\N,\N,"0",\N,"neuge2015a","2024-05-30 17:47:41","robert@localhost","2024-05-30 17:47:41","robert@localhost"
"S10129","48.667","16.580","KLH1","7050","109",\N,\N,"cremation","R00479","C03418",\N,\N,\N,\N,\N,\N,"1",\N,"neuge2015a","2024-05-30 17:47:41","robert@localhost","2024-05-30 17:47:41","robert@localhost"
"S10129","48.667","16.580","KLH1","7050","109",\N,\N,"cremation","R00480","C03419",\N,\N,\N,\N,\N,\N,"0",\N,"neuge2015a","2024-05-30 17:47:41","robert@localhost","2024-05-30 17:47:41","robert@localhost"
"S10129","48.667","16.580","KLH1","7050","109",\N,\N,"cremation","R00481","C03420","1",\N,"heap",\N,\N,\N,"0","0","neuge2015a","2024-05-30 17:47:41","robert@localhost","2024-05-30 17:47:41","robert@localhost"
"S10129","48.667","16.580","KLH1","7050","109",\N,\N,"cremation","R00482","C03421",\N,\N,"heap",\N,\N,\N,"0",\N,"neuge2015a","2024-05-30 17:47:41","robert@localhost","2024-05-30 17:47:41","robert@localhost"
"S10129","48.667","16.580","KLH1","7050","109",\N,\N,"cremation","R00483","C03422","1",\N,"scattered",\N,\N,\N,"0",\N,"neuge2015a","2024-05-30 17:47:41","robert@localhost","2024-05-30 17:47:41","robert@localhost"
"S10129","48.667","16.580","KLH1","7050","109",\N,\N,"cremation","R00484","C03423","1",\N,"heap",\N,\N,\N,"1",\N,"neuge2015a","2024-05-30 17:47:41","robert@localhost","2024-05-30 17:47:41","robert@localhost"
"S10129","48.667","16.580","KLH1","7050","109",\N,\N,"cenotaph","R00485","C03424",\N,\N,\N,\N,\N,\N,"1",\N,"neuge2015a","2024-05-30 17:47:41","robert@localhost","2024-05-30 17:47:41","robert@localhost"
"S10129","48.667","16.580","KLH1","7050","109",\N,\N,"cenotaph","R00486","C03425",\N,\N,\N,\N,\N,\N,"1",\N,"neuge2015a","2024-05-30 17:47:41","robert@localhost","2024-05-30 17:47:41","robert@localhost"
"S10129","48.667","16.580","KLH1","7050","109",\N,\N,"cenotaph","R00487","C03426",\N,\N,\N,\N,\N,\N,"1",\N,"neuge2015a","2024-05-30 17:47:41","robert@localhost","2024-05-30 17:47:41","robert@localhost"
"S10129","48.667","16.580","KLH1","7050","109",\N,\N,"cenotaph","R00488","C03427",\N,\N,\N,\N,\N,\N,"1",\N,"neuge2015a","2024-05-30 17:47:41","robert@localhost","2024-05-30 17:47:41","robert@localhost"
"S10129","48.667","16.580","KLH1","7050","109",\N,\N,"cenotaph","R00489","C03428",\N,\N,\N,\N,\N,\N,"1",\N,"neuge2015a","2024-05-30 17:47:41","robert@localhost","2024-05-30 17:47:41","robert@localhost"
"S10129","48.667","16.580","KLH1","7050","109",\N,\N,"cenotaph","R00490","C03429",\N,\N,\N,\N,\N,\N,"1",\N,"neuge2015a","2024-05-30 17:47:41","robert@localhost","2024-05-30 17:47:41","robert@localhost"
"S10129","48.667","16.580","KLH1","7050","109",\N,\N,"cenotaph","R00491","C03430",\N,\N,\N,\N,\N,\N,"0",\N,"neuge2015a","2024-05-30 17:47:41","robert@localhost","2024-05-30 17:47:41","robert@localhost"
"S10129","48.667","16.580","KLH1","7050","109",\N,\N,"cenotaph","R00492","C03431",\N,\N,\N,\N,\N,\N,"0",\N,"neuge2015a","2024-05-30 17:47:41","robert@localhost","2024-05-30 17:47:41","robert@localhost"
"S10129","48.667","16.580","KLH1","7050","109",\N,\N,"cenotaph","R00493","C03432",\N,\N,\N,\N,\N,\N,"0",\N,"neuge2015a","2024-05-30 17:47:41","robert@localhost","2024-05-30 17:47:41","robert@localhost"
"S10129","48.667","16.580","KLH1","7050","109",\N,\N,"cenotaph","R00494","C03433",\N,\N,\N,\N,\N,\N,"0",\N,"neuge2015a","2024-05-30 17:47:41","robert@localhost","2024-05-30 17:47:41","robert@localhost"
"S10129","48.667","16.580","KLH1","7050","109",\N,\N,"cenotaph","R00495","C03434",\N,\N,\N,\N,\N,\N,"1",\N,"neuge2015a","2024-05-30 17:47:41","robert@localhost","2024-05-30 17:47:41","robert@localhost"
"S10129","48.667","16.580","KLH1","7050","109",\N,\N,"cenotaph","R00496","C03435",\N,\N,\N,\N,\N,\N,"1",\N,"neuge2015a","2024-05-30 17:47:41","robert@localhost","2024-05-30 17:47:41","robert@localhost"
"S10129","48.667","16.580","KLH1","7050","109",\N,\N,"cenotaph","R00497","C03436",\N,\N,\N,\N,\N,\N,"0",\N,"neuge2015a","2024-05-30 17:47:41","robert@localhost","2024-05-30 17:47:41","robert@localhost"
"S10129","48.667","16.580","KLH1","7050","109",\N,\N,"cenotaph","R00498","C03437",\N,\N,\N,\N,\N,\N,"1",\N,"neuge2015a","2024-05-30 17:47:41","robert@localhost","2024-05-30 17:47:41","robert@localhost"
"S10129","48.667","16.580","KLH1","7050","109",\N,\N,"cenotaph","R00499","C03438",\N,\N,\N,\N,\N,\N,"1",\N,"neuge2015a","2024-05-30 17:47:41","robert@localhost","2024-05-30 17:47:41","robert@localhost"
"S10129","48.667","16.580","KLH1","7050","109",\N,\N,"cenotaph","R00500","C03439",\N,\N,\N,\N,\N,\N,"0",\N,"neuge2015a","2024-05-30 17:47:41","robert@localhost","2024-05-30 17:47:41","robert@localhost"
"S10129","48.667","16.580","KLH1","7050","109",\N,\N,"cenotaph","R00501","C03440",\N,\N,\N,\N,\N,\N,"1",\N,"neuge2015a","2024-05-30 17:47:41","robert@localhost","2024-05-30 17:47:41","robert@localhost"
"S10129","48.667","16.580","KLH1","7050","109",\N,\N,"cenotaph","R00502","C03441",\N,\N,\N,\N,\N,\N,"0",\N,"neuge2015a","2024-05-30 17:47:41","robert@localhost","2024-05-30 17:47:41","robert@localhost"
"S10129","48.667","16.580","KLH1","7050","109",\N,\N,"cenotaph","R00503","C03442",\N,\N,\N,\N,\N,\N,"1",\N,"neuge2015a","2024-05-30 17:47:41","robert@localhost","2024-05-30 17:47:41","robert@localhost"
"S10129","48.667","16.580","KLH1","7050","109",\N,\N,"cenotaph","R00504","C03443",\N,\N,\N,\N,\N,\N,"1",\N,"neuge2015a","2024-05-30 17:47:41","robert@localhost","2024-05-30 17:47:41","robert@localhost"
"S10129","48.667","16.580","KLH1","7050","109",\N,\N,"cenotaph","R00505","C03444",\N,\N,\N,\N,\N,\N,"0",\N,"neuge2015a","2024-05-30 17:47:41","robert@localhost","2024-05-30 17:47:41","robert@localhost"
"S10129","48.667","16.580","KLH1","7050","109",\N,\N,"cenotaph","R00506","C03445",\N,\N,\N,\N,\N,\N,"1",\N,"neuge2015a","2024-05-30 17:47:41","robert@localhost","2024-05-30 17:47:41","robert@localhost"
"S10129","48.667","16.580","KLH1","7050","109",\N,\N,"cenotaph","R00507","C03446",\N,\N,\N,\N,\N,\N,"1",\N,"neuge2015a","2024-05-30 17:47:41","robert@localhost","2024-05-30 17:47:41","robert@localhost"
"S10129","48.667","16.580","KLH1","7050","109",\N,\N,"cenotaph","R00508","C03447",\N,\N,\N,\N,\N,\N,"0",\N,"neuge2015a","2024-05-30 17:47:41","robert@localhost","2024-05-30 17:47:41","robert@localhost"
"S10129","48.667","16.580","KLH1","7050","109",\N,\N,"cenotaph","R00509","C03448",\N,\N,\N,\N,\N,\N,"0",\N,"neuge2015a","2024-05-30 17:47:41","robert@localhost","2024-05-30 17:47:41","robert@localhost"
"S10129","48.667","16.580","KLH1","7050","109",\N,\N,"cenotaph","R00510","C03449",\N,\N,\N,\N,\N,\N,"0",\N,"neuge2015a","2024-05-30 17:47:41","robert@localhost","2024-05-30 17:47:41","robert@localhost"
"S10130","48.580","16.469","ASC1","7050","74","I30420","gelab2023a","inhumation","R00511","C03450","1","1",\N,\N,\N,\N,\N,\N,"mathi2018a","2024-05-30 17:47:41","robert@localhost","2024-05-30 17:47:41","robert@localhost"
"S10130","48.580","16.469","ASC1","7050","74","I5206","mathi2018a","inhumation","R00512","C03451","1","1",\N,\N,\N,\N,\N,\N,"mathi2018a","2024-05-30 17:47:41","robert@localhost","2024-05-30 17:47:41","robert@localhost"
"S10130","48.580","16.469","ASC1","7050","74","I5070","mathi2018a","inhumation","R00513","C03452","1","1",\N,\N,\N,\N,\N,\N,"mathi2018a","2024-05-30 17:47:41","robert@localhost","2024-05-30 17:47:41","robert@localhost"
"S10130","48.580","16.469","ASC1","7050","74","I5205","mathi2018a","inhumation","R00514","C03453","1","1",\N,\N,\N,\N,\N,\N,"mathi2018a","2024-05-30 17:47:41","robert@localhost","2024-05-30 17:47:41","robert@localhost"
"S10130","48.580","16.469","ASC1","7050","74","I5207","mathi2018a","inhumation","R00515","C03454","1","1",\N,\N,\N,\N,\N,\N,"mathi2018a","2024-05-30 17:47:41","robert@localhost","2024-05-30 17:47:41","robert@localhost"
"S10130","48.580","16.469","ASC1","7050","74","I5208","mathi2018a","inhumation","R00516","C03455","1","1",\N,\N,\N,\N,\N,\N,"mathi2018a","2024-05-30 17:47:41","robert@localhost","2024-05-30 17:47:41","robert@localhost"
"S10131","42.430","25.898","BBR1","4959","226",\N,\N,"cenotaph","R00517","C03456",\N,\N,\N,\N,\N,\N,\N,\N,"алекс2006a","2024-05-30 17:47:41","robert@localhost","2024-05-30 17:47:41","robert@localhost"
"S10131","42.430","25.898","BBR1","4959","226",\N,\N,"inhumation","R00518","C03457","0","1","extended","back","60",\N,"0",\N,"алекс2006a","2024-05-30 17:47:41","robert@localhost","2024-06-03 22:33:35","robert@localhost"
"S10131","42.430","25.898","BBR1","4959","226",\N,\N,"inhumation","R00519","C03458","0","1","extended","back","60",\N,"0",\N,"алекс2006a","2024-05-30 17:47:41","robert@localhost","2024-06-03 22:33:35","robert@localhost"
"S10131","42.430","25.898","BBR1","4959","226","Bul6","mathi2018a","inhumation","R00520","C03459","0",\N,"crouched","left","290",\N,"0",\N,"алекс2006a","2024-05-30 17:47:41","robert@localhost","2024-05-30 17:47:41","robert@localhost"
"S10131","42.430","25.898","BBR1","4959","226","Bul8","mathi2018a","inhumation","R00521","C03460","0",\N,"crouched","left","290",\N,"0",\N,"алекс2006a","2024-05-30 17:47:41","robert@localhost","2024-05-30 17:47:41","robert@localhost"
"S10132","43.161","25.883","DSM1a","7900","177","I0704","mathi2018a","inhumation","R00522","C03461","0","1","crouched","right","180",\N,\N,\N,"mathi2018a","2024-05-30 17:47:41","robert@localhost","2024-06-03 22:36:35","robert@localhost"
"S10132","43.161","25.883","DSM1b","7853","111","I0706","mathi2018a","inhumation","R00523","C03462","1","1",\N,\N,\N,\N,\N,\N,"mathi2018a","2024-05-30 17:47:41","robert@localhost","2024-05-30 17:47:41","robert@localhost"
"S10132","43.161","25.883","DSM1a","7900","177","I2521","mathi2018a","inhumation","R00524","C03463","1","1",\N,\N,\N,\N,\N,\N,"mathi2018a","2024-05-30 17:47:41","robert@localhost","2024-05-30 17:47:41","robert@localhost"
"S10132","43.161","25.883","DSM2","5810","968","I2510","mathi2018a","inhumation","R00525","C03464",\N,"1",\N,\N,\N,\N,\N,\N,"mathi2018a","2024-05-30 17:47:41","robert@localhost","2024-05-30 17:47:41","robert@localhost"
"S10132","43.161","25.883","DSM2","5810","968","I2519","mathi2018a","inhumation","R00526","C03465","0","1",\N,\N,"180",\N,\N,\N,"mathi2018a","2024-05-30 17:47:41","robert@localhost","2024-05-30 17:47:41","robert@localhost"
"S10132","43.161","25.883","DSM3","5357","552","I2509","mathi2018a","inhumation","R00527","C03466","1",\N,"scattered",\N,\N,\N,\N,\N,"mathi2018a","2024-05-30 17:47:41","robert@localhost","2024-05-30 17:47:41","robert@localhost"
"S10132","43.161","25.883","DSM3","5357","552","I2520","mathi2018a","inhumation","R00528","C03467","0","1","crouched","right","135",\N,\N,\N,"mathi2018a","2024-05-30 17:47:41","robert@localhost","2024-06-03 22:36:35","robert@localhost"
"S10132","43.161","25.883","DSM4","6934","207","I5769","mathi2018a","inhumation","R00529","C03468","0","1","crouched",\N,\N,\N,"1",\N,"mathi2018a","2024-05-30 17:47:41","robert@localhost","2024-06-03 22:36:35","robert@localhost"
"S10133","43.099","26.719","IVANO1","6369","322","I2431","mathi2018a","inhumation","R00530","C03469","1","0",\N,\N,\N,\N,\N,\N,"mathi2018a","2024-05-30 17:47:41","robert@localhost","2024-05-30 17:47:41","robert@localhost"
"S10134","42.020","25.600","KRE1","6951","106","I0679_d","mathi2018a","inhumation","R00531","C03470","1",\N,\N,\N,\N,\N,\N,\N,"mathi2018a","2024-05-30 17:47:41","robert@localhost","2024-05-30 17:47:41","robert@localhost"
"S10135","43.980","26.400","MAL1","7182","264",\N,\N,"inhumation","R00532","C03471","0","1","crouched","right","0","10","1","0","bacva2013a","2024-05-30 17:47:41","robert@localhost","2024-06-03 22:35:37","robert@localhost"
"S10135","43.980","26.400","MAL1","7182","264",\N,\N,"inhumation","R00533","C03472","1","1",\N,\N,\N,\N,"1","0","bacva2013a","2024-05-30 17:47:41","robert@localhost","2024-05-30 17:47:41","robert@localhost"
"S10135","43.980","26.400","MAL1","7182","264","I1108","mathi2018a","inhumation","R00534","C03473","0","1","crouched","right","225","315","1","0","bacva2013a","2024-05-30 17:47:41","robert@localhost","2024-05-30 17:47:41","robert@localhost"
"S10135","43.980","26.400","MAL1","7182","264",\N,\N,"inhumation","R00535","C03474","0","1","crouched","right","315","45","0","0","bacva2013a","2024-05-30 17:47:41","robert@localhost","2024-05-30 17:47:41","robert@localhost"
"S10135","43.980","26.400","MAL1","7182","264","I2215","mathi2018a","inhumation","R00536","C03475","1","1",\N,\N,\N,\N,"1","0","bacva2013a","2024-05-30 17:47:41","robert@localhost","2024-05-30 17:47:41","robert@localhost"
"S10135","43.980","26.400","MAL1","7182","264",\N,\N,"inhumation","R00537","C03476","0","1",\N,\N,\N,\N,"1","0","bacva2013a","2024-05-30 17:47:41","robert@localhost","2024-05-30 17:47:41","robert@localhost"
"S10135","43.980","26.400","MAL1","7182","264","I1113","mathi2018a","inhumation","R00538","C03477","0","1","crouched","left","180","270","0","0","bacva2013a","2024-05-30 17:47:41","robert@localhost","2024-05-30 17:47:41","robert@localhost"
"S10135","43.980","26.400","MAL1","7182","264",\N,\N,"inhumation","R00539","C03478","1","1","crouched","left","180","270","0","0","bacva2013a","2024-05-30 17:47:41","robert@localhost","2024-05-30 17:47:41","robert@localhost"
"S10135","43.980","26.400","MAL1","7182","264","I2216","mathi2018a","inhumation","R00540","C03479",\N,\N,\N,\N,\N,\N,\N,"0","bacva2013a","2024-05-30 17:47:41","robert@localhost","2024-05-30 17:47:41","robert@localhost"
"S10135","43.980","26.400","MAL1","7182","264","I3879","mathi2018a","inhumation","R00541","C03480","1",\N,\N,\N,\N,\N,"0","0","bacva2013a","2024-05-30 17:47:41","robert@localhost","2024-05-30 17:47:41","robert@localhost"
"S10135","43.980","26.400","MAL1","7182","264",\N,\N,"inhumation","R00542","C03481",\N,"1","crouched","right","0","90",\N,"0","bacva2013a","2024-05-30 17:47:41","robert@localhost","2024-05-30 17:47:41","robert@localhost"
"S10135","43.980","26.400","MAL1","7182","264",\N,\N,"inhumation","R00543","C03482",\N,"1","crouched","right","270","0","0","0","bacva2013a","2024-05-30 17:47:41","robert@localhost","2024-05-30 17:47:41","robert@localhost"
"S10135","43.980","26.400","MAL1","7182","264","I0700","mathi2018a","inhumation","R00544","C03483",\N,\N,"crouched","left",\N,\N,"0","0","bacva2013a","2024-05-30 17:47:41","robert@localhost","2024-05-30 17:47:41","robert@localhost"
"S10135","43.980","26.400","MAL1","7182","264","I1109","mathi2018a","inhumation","R00545","C03484","1","0",\N,\N,\N,\N,"0","0","bacva2013a","2024-05-30 17:47:41","robert@localhost","2024-05-30 17:47:41","robert@localhost"
"S10135","43.980","26.400","MAL1","7182","264","I1296","mathi2018a","inhumation","R00546","C03485","1","0",\N,\N,\N,\N,"0","0","bacva2013a","2024-05-30 17:47:41","robert@localhost","2024-05-30 17:47:41","robert@localhost"
"S10135","43.980","26.400","MAL1","7182","264","I1297","mathi2018a","inhumation","R00547","C03486",\N,"1","crouched","left","180","270","0","0","bacva2013a","2024-05-30 17:47:41","robert@localhost","2024-05-30 17:47:41","robert@localhost"
"S10135","43.980","26.400","MAL1","7182","264","I1295","mathi2018a","inhumation","R00548","C03487","1","1",\N,\N,\N,\N,"0","0","bacva2013a","2024-05-30 17:47:41","robert@localhost","2024-05-30 17:47:41","robert@localhost"
"S10135","43.980","26.400","MAL1","7182","264",\N,\N,"inhumation","R00549","C03488",\N,"1","crouched","left","350",\N,"0","0","bacva2013a","2024-05-30 17:47:41","robert@localhost","2024-05-30 17:47:41","robert@localhost"
"S10135","43.980","26.400","MAL1","7182","264",\N,\N,"inhumation","R00550","C03489","1","1",\N,\N,\N,\N,"0","0","bacva2013a","2024-05-30 17:47:41","robert@localhost","2024-05-30 17:47:41","robert@localhost"
"S10136","42.430","25.898","MED1","5779","246","Bul4","mathi2018a","inhumation","R00551","C03490","0","1","extended","back",\N,\N,"1","1","mathi2018a","2024-05-30 17:47:41","robert@localhost","2024-06-03 22:33:36","robert@localhost"
"S10137","42.132","25.493","MER2","3848","218","I2163","mathi2018a","inhumation","R00552","C03491","0","1","crouched",\N,"315","45","1",\N,"mathi2018a","2024-05-30 17:47:41","robert@localhost","2024-05-30 17:47:41","robert@localhost"
"S10137","42.132","25.493","MER1","4869","156","I2165","mathi2018a","inhumation","R00553","C03492","0","1","crouched",\N,"45","135","1","1","mathi2018a","2024-05-30 17:47:41","robert@localhost","2024-05-30 17:47:41","robert@localhost"
"S10137","42.132","25.493","MER1","4869","156",\N,\N,"inhumation","R00554","C03493","0","1","crouched",\N,"225","315","0",\N,"mathi2018a","2024-05-30 17:47:41","robert@localhost","2024-05-30 17:47:41","robert@localhost"
"S10138","43.374","23.729","OHO1","7765","106",\N,\N,"inhumation","R00555","C03506",\N,\N,\N,\N,\N,\N,\N,\N,"mathi2018a","2024-05-30 17:47:41","robert@localhost","2024-05-30 17:47:41","robert@localhost"
"S10138","43.374","23.729","OHO1","7765","106",\N,\N,"inhumation","R00556","C03507",\N,\N,\N,\N,\N,\N,\N,\N,"mathi2018a","2024-05-30 17:47:41","robert@localhost","2024-05-30 17:47:41","robert@localhost"
"S10138","43.374","23.729","OHO1","7765","106",\N,\N,"inhumation","R00557","C03508",\N,\N,\N,\N,\N,\N,\N,\N,"mathi2018a","2024-05-30 17:47:41","robert@localhost","2024-05-30 17:47:41","robert@localhost"
"S10138","43.374","23.729","OHO1","7765","106",\N,\N,"inhumation","R00558","C03509",\N,\N,\N,\N,\N,\N,\N,\N,"mathi2018a","2024-05-30 17:47:41","robert@localhost","2024-05-30 17:47:41","robert@localhost"
"S10138","43.374","23.729","OHO1","7765","106","I1298","mathi2018a","inhumation","R00559","C03510",\N,\N,\N,\N,\N,\N,\N,\N,"mathi2018a","2024-05-30 17:47:41","robert@localhost","2024-05-30 17:47:41","robert@localhost"
"S10139","42.430","25.898","SAB2","5031","230",\N,\N,"inhumation","R00560","C03511","1",\N,\N,\N,\N,\N,"1",\N,"атана2012a","2024-05-30 17:47:41","robert@localhost","2024-05-30 17:47:41","robert@localhost"
"S10139","42.430","25.898","SAB2","5031","230",\N,\N,"inhumation","R00561","C03512","1",\N,\N,\N,\N,\N,\N,\N,"атана2012a","2024-05-30 17:47:41","robert@localhost","2024-05-30 17:47:41","robert@localhost"
"S10139","42.430","25.898","SAB2","5031","230",\N,\N,"inhumation","R00562","C03513","1",\N,\N,\N,\N,\N,\N,\N,"атана2012a","2024-05-30 17:47:41","robert@localhost","2024-05-30 17:47:41","robert@localhost"
"S10139","42.430","25.898","SAB2","5031","230","Bul10","mathi2018a","inhumation","R00563","C03514","1",\N,\N,\N,\N,\N,\N,\N,"атана2012a","2024-05-30 17:47:41","robert@localhost","2024-05-30 17:47:41","robert@localhost"
"S10140","43.140","25.604","SVD2","7247","104","I2526","mathi2018a","inhumation","R00564","C03515",\N,\N,\N,\N,\N,\N,\N,\N,"mathi2018a","2024-05-30 17:47:41","robert@localhost","2024-05-30 17:47:41","robert@localhost"
"S10141","43.058","26.984","SMA1","6454","110","I2175","mathi2018a","inhumation","R00565","C03516","1","1","extended","back","81","110","1","1","mathi2018a","2024-05-30 17:47:41","robert@localhost","2024-05-30 17:47:41","robert@localhost"
"S10141","43.058","26.984","SMA1","6454","110","I2176","mathi2018a","inhumation","R00566","C03517","1","1","extended","back","81","110","1",\N,"mathi2018a","2024-05-30 17:47:41","robert@localhost","2024-05-30 17:47:41","robert@localhost"
"S10141","43.058","26.984","SMA1","6454","110",\N,\N,"inhumation","R00567","C03518","1","1","extended","back","81","110","1",\N,"mathi2018a","2024-05-30 17:47:41","robert@localhost","2024-05-30 17:47:41","robert@localhost"
"S10141","43.058","26.984","SMA1","6454","110",\N,\N,"inhumation","R00568","C03519","1","1","extended","back","81","110","1",\N,"mathi2018a","2024-05-30 17:47:41","robert@localhost","2024-05-30 17:47:41","robert@localhost"
"S10141","43.058","26.984","SMA1","6454","110",\N,\N,"inhumation","R00569","C03520","1","1",\N,\N,"278",\N,"1",\N,"mathi2018a","2024-05-30 17:47:41","robert@localhost","2024-05-30 17:47:41","robert@localhost"
"S10141","43.058","26.984","SMA1","6454","110","I2181","mathi2018a","inhumation","R00570","C03521","0","1","crouched","left","110",\N,"1",\N,"mathi2018a","2024-05-30 17:47:41","robert@localhost","2024-06-03 22:36:37","robert@localhost"
"S10141","43.058","26.984","SMA1","6454","110","I2423","mathi2018a","inhumation","R00571","C03522","0","1","crouched","right","280",\N,"1",\N,"mathi2018a","2024-05-30 17:47:41","robert@localhost","2024-06-03 22:36:36","robert@localhost"
"S10141","43.058","26.984","SMA1","6454","110","I2424","mathi2018a","inhumation","R00572","C03523","0","1","crouched","left","100",\N,"1",\N,"mathi2018a","2024-05-30 17:47:41","robert@localhost","2024-06-03 22:37:06","robert@localhost"
"S10141","43.058","26.984","SMA1","6454","110","I2430","mathi2018a","inhumation","R00573","C03524","1","1","crouched","left","130",\N,"1",\N,"mathi2018a","2024-05-30 17:47:41","robert@localhost","2024-06-03 22:37:06","robert@localhost"
"S10141","43.058","26.984","SMA1","6454","110",\N,\N,\N,"R00574","C03525",\N,\N,\N,\N,\N,\N,\N,\N,"mathi2018a","2024-05-30 17:47:41","robert@localhost","2024-05-30 17:47:41","robert@localhost"
"S10141","43.058","26.984","SMA1","6454","110",\N,\N,\N,"R00575","C03526",\N,\N,\N,\N,\N,\N,\N,\N,"mathi2018a","2024-05-30 17:47:41","robert@localhost","2024-05-30 17:47:41","robert@localhost"
"S10141","43.058","26.984","SMA1","6454","110",\N,\N,\N,"R00576","C03527",\N,\N,\N,\N,\N,\N,\N,\N,"mathi2018a","2024-05-30 17:47:41","robert@localhost","2024-05-30 17:47:41","robert@localhost"
"S10141","43.058","26.984","SMA1","6454","110",\N,\N,\N,"R00577","C03528",\N,\N,\N,\N,\N,\N,\N,\N,"mathi2018a","2024-05-30 17:47:41","robert@localhost","2024-05-30 17:47:41","robert@localhost"
"S10141","43.058","26.984","SMA1","6454","110",\N,\N,\N,"R00578","C03529",\N,\N,\N,\N,\N,\N,\N,\N,"mathi2018a","2024-05-30 17:47:41","robert@localhost","2024-05-30 17:47:41","robert@localhost"
"S10141","43.058","26.984","SMA1","6454","110",\N,\N,\N,"R00579","C03530",\N,\N,\N,\N,\N,\N,\N,\N,"mathi2018a","2024-05-30 17:47:41","robert@localhost","2024-05-30 17:47:41","robert@localhost"
"S10141","43.058","26.984","SMA1","6454","110",\N,\N,\N,"R00580","C03531",\N,\N,\N,\N,\N,\N,\N,\N,"mathi2018a","2024-05-30 17:47:41","robert@localhost","2024-05-30 17:47:41","robert@localhost"
"S10141","43.058","26.984","SMA1","6454","110",\N,\N,\N,"R00581","C03532",\N,\N,\N,\N,\N,\N,\N,\N,"mathi2018a","2024-05-30 17:47:41","robert@localhost","2024-05-30 17:47:41","robert@localhost"
"S10141","43.058","26.984","SMA1","6454","110",\N,\N,\N,"R00582","C03533",\N,\N,\N,\N,\N,\N,\N,\N,"mathi2018a","2024-05-30 17:47:41","robert@localhost","2024-05-30 17:47:41","robert@localhost"
"S10141","43.058","26.984","SMA1","6454","110",\N,\N,\N,"R00583","C03534",\N,\N,\N,\N,\N,\N,\N,\N,"mathi2018a","2024-05-30 17:47:41","robert@localhost","2024-05-30 17:47:41","robert@localhost"
"S10141","43.058","26.984","SMA1","6454","110",\N,\N,\N,"R00584","C03535",\N,\N,\N,\N,\N,\N,\N,\N,"mathi2018a","2024-05-30 17:47:41","robert@localhost","2024-05-30 17:47:41","robert@localhost"
"S10141","43.058","26.984","SMA1","6454","110",\N,\N,\N,"R00585","C03536",\N,\N,\N,\N,\N,\N,\N,\N,"mathi2018a","2024-05-30 17:47:41","robert@localhost","2024-05-30 17:47:41","robert@localhost"
"S10141","43.058","26.984","SMA1","6454","110",\N,\N,\N,"R00586","C03537",\N,\N,\N,\N,\N,\N,\N,\N,"mathi2018a","2024-05-30 17:47:41","robert@localhost","2024-05-30 17:47:41","robert@localhost"
"S10141","43.058","26.984","SMA1","6454","110",\N,\N,\N,"R00587","C03538",\N,\N,\N,\N,\N,\N,\N,\N,"mathi2018a","2024-05-30 17:47:41","robert@localhost","2024-05-30 17:47:41","robert@localhost"
"S10141","43.058","26.984","SMA1","6454","110",\N,\N,\N,"R00588","C03539",\N,\N,\N,\N,\N,\N,\N,\N,"mathi2018a","2024-05-30 17:47:41","robert@localhost","2024-05-30 17:47:41","robert@localhost"
"S10141","43.058","26.984","SMA1","6454","110",\N,\N,\N,"R00589","C03540",\N,\N,\N,\N,\N,\N,\N,\N,"mathi2018a","2024-05-30 17:47:41","robert@localhost","2024-05-30 17:47:41","robert@localhost"
"S10141","43.058","26.984","SMA1","6454","110",\N,\N,\N,"R00590","C03541",\N,\N,\N,\N,\N,\N,\N,\N,"mathi2018a","2024-05-30 17:47:41","robert@localhost","2024-05-30 17:47:41","robert@localhost"
"S10141","43.058","26.984","SMA1","6454","110",\N,\N,\N,"R00591","C03542",\N,\N,\N,\N,\N,\N,\N,\N,"mathi2018a","2024-05-30 17:47:41","robert@localhost","2024-05-30 17:47:41","robert@localhost"
"S10141","43.058","26.984","SMA1","6454","110",\N,\N,\N,"R00592","C03543",\N,\N,\N,\N,\N,\N,\N,\N,"mathi2018a","2024-05-30 17:47:41","robert@localhost","2024-05-30 17:47:41","robert@localhost"
"S10141","43.058","26.984","SMA1","6454","110",\N,\N,\N,"R00593","C03544",\N,\N,\N,\N,\N,\N,\N,\N,"mathi2018a","2024-05-30 17:47:41","robert@localhost","2024-05-30 17:47:41","robert@localhost"
"S10141","43.058","26.984","SMA1","6454","110",\N,\N,\N,"R00594","C03545",\N,\N,\N,\N,\N,\N,\N,\N,"mathi2018a","2024-05-30 17:47:41","robert@localhost","2024-05-30 17:47:41","robert@localhost"
"S10141","43.058","26.984","SMA1","6454","110",\N,\N,\N,"R00595","C03546",\N,\N,\N,\N,\N,\N,\N,\N,"mathi2018a","2024-05-30 17:47:41","robert@localhost","2024-05-30 17:47:41","robert@localhost"
"S10141","43.058","26.984","SMA1","6454","110",\N,\N,\N,"R00596","C03547",\N,\N,\N,\N,\N,\N,\N,\N,"mathi2018a","2024-05-30 17:47:41","robert@localhost","2024-05-30 17:47:41","robert@localhost"
"S10142","43.059","26.767","SUS1","6450","134","I2425","mathi2018a","inhumation","R00597","C03548",\N,"1","crouched","left","85",\N,"1","1","mathi2018a","2024-05-30 17:47:41","robert@localhost","2024-05-30 17:47:41","robert@localhost"
"S10142","43.059","26.767","SUS1","6450","134","I2426","mathi2018a","inhumation","R00598","C03549",\N,"1","crouched","left","355",\N,"1","1","mathi2018a","2024-05-30 17:47:41","robert@localhost","2024-05-30 17:47:41","robert@localhost"
"S10142","43.059","26.767","SUS1","6450","134","I2427","mathi2018a","inhumation","R00599","C03550",\N,"1","crouched","left","110",\N,"1","1","mathi2018a","2024-05-30 17:47:41","robert@localhost","2024-05-30 17:47:41","robert@localhost"
"S10142","43.059","26.767","SUS1","6450","134",\N,\N,"inhumation","R00600","C03551",\N,\N,\N,\N,\N,\N,"1","1","mathi2018a","2024-05-30 17:47:41","robert@localhost","2024-05-30 17:47:41","robert@localhost"
"S10142","43.059","26.767","SUS1","6450","134",\N,\N,"inhumation","R00601","C03552",\N,\N,\N,\N,\N,\N,"1","1","mathi2018a","2024-05-30 17:47:41","robert@localhost","2024-05-30 17:47:41","robert@localhost"
"S10142","43.059","26.767","SUS1","6450","134",\N,\N,"inhumation","R00602","C03553",\N,\N,\N,\N,\N,\N,"1","1","mathi2018a","2024-05-30 17:47:41","robert@localhost","2024-05-30 17:47:41","robert@localhost"
"S10142","43.059","26.767","SUS1","6450","134",\N,\N,"inhumation","R00603","C03554",\N,\N,\N,\N,\N,\N,"1","1","mathi2018a","2024-05-30 17:47:41","robert@localhost","2024-05-30 17:47:41","robert@localhost"
"S10142","43.059","26.767","SUS1","6450","134",\N,\N,"inhumation","R00604","C03555",\N,\N,\N,\N,\N,\N,"1","1","mathi2018a","2024-05-30 17:47:41","robert@localhost","2024-05-30 17:47:41","robert@localhost"
"S10142","43.059","26.767","SUS1","6450","134",\N,\N,"inhumation","R00605","C03556",\N,\N,\N,\N,\N,\N,"1","1","mathi2018a","2024-05-30 17:47:41","robert@localhost","2024-05-30 17:47:41","robert@localhost"
"S10142","43.059","26.767","SUS1","6450","134",\N,\N,"inhumation","R00606","C03557",\N,\N,\N,\N,\N,\N,"1","1","mathi2018a","2024-05-30 17:47:41","robert@localhost","2024-05-30 17:47:41","robert@localhost"
"S10142","43.059","26.767","SUS1","6450","134",\N,\N,"inhumation","R00607","C03558",\N,\N,\N,\N,\N,\N,"1","1","mathi2018a","2024-05-30 17:47:41","robert@localhost","2024-05-30 17:47:41","robert@localhost"
"S10143","43.213","27.864","VAR1","6455","380","ANI152 / VAR43","mathi2018a","inhumation","R00608","C03559","0","1","extended","back",\N,\N,"1",\N,"mathi2018a","2024-05-30 17:47:41","robert@localhost","2024-05-30 17:47:41","robert@localhost"
"S10143","43.213","27.864","VAR1","6455","380","ANI153 / VAR44","mathi2018a","inhumation","R00609","C03560",\N,"1","extended","back",\N,\N,"0",\N,"mathi2018a","2024-05-30 17:47:41","robert@localhost","2024-06-03 22:33:36","robert@localhost"
"S10143","43.213","27.864","VAR1","6455","380","ANI159-ANI181","mathi2018a","inhumation","R00610","C03561","0",\N,"crouched",\N,\N,\N,"1",\N,"mathi2018a","2024-05-30 17:47:41","robert@localhost","2024-05-30 17:47:41","robert@localhost"
"S10143","43.213","27.864","VAR1","6455","380","VAR023_ANI160","pensk2023a","inhumation","R00612","C03562","0","1","extended","back",\N,\N,"1",\N,"mathi2018a","2024-05-30 17:47:41","robert@localhost","2024-06-03 21:29:20","robert@localhost"
"S10143","43.213","27.864","VAR1","6455","380","VAR033","pensk2023a","inhumation","R00613","C03563","0",\N,"crouched","right",\N,\N,"1",\N,"mathi2018a","2024-05-30 17:47:41","robert@localhost","2024-05-30 17:47:41","robert@localhost"
"S10143","43.213","27.864","VAR1","6455","380",\N,\N,"inhumation","R00614","C03564","0",\N,"crouched","left","70",\N,"1",\N,"higha2007a","2024-05-30 17:47:41","robert@localhost","2024-06-03 22:34:43","robert@localhost"
"S10143","43.213","27.864","VAR1","6455","380",\N,\N,"inhumation","R00615","C03565","0",\N,"crouched","right","38",\N,"1","1","higha2007a","2024-05-30 17:47:41","robert@localhost","2024-06-03 22:34:43","robert@localhost"
"S10143","43.213","27.864","VAR1","6455","380",\N,\N,"inhumation","R00616","C03566","0",\N,"extended","back","43",\N,"1",\N,"higha2007a","2024-05-30 17:47:41","robert@localhost","2024-05-30 17:47:41","robert@localhost"
"S10143","43.213","27.864","VAR1","6455","380",\N,\N,"inhumation","R00617","C03567","0",\N,"extended","back","39",\N,"1",\N,"higha2007a","2024-05-30 17:47:41","robert@localhost","2024-05-30 17:47:41","robert@localhost"
"S10143","43.213","27.864","VAR1","6455","380",\N,\N,"inhumation","R00618","C03568","0",\N,"extended","back","20",\N,"1",\N,"higha2007a","2024-05-30 17:47:41","robert@localhost","2024-05-30 17:47:41","robert@localhost"
"S10143","43.213","27.864","VAR1","6455","380","VAR003","pensk2023a","inhumation","R00619","C03569","0",\N,"crouched","right","35",\N,"1",\N,"higha2007a","2024-05-30 17:47:41","robert@localhost","2024-06-03 22:34:44","robert@localhost"
"S10143","43.213","27.864","VAR1","6455","380",\N,\N,"inhumation","R00620","C03570","0",\N,"extended","back","23",\N,"1",\N,"higha2007a","2024-05-30 17:47:41","robert@localhost","2024-05-30 17:47:41","robert@localhost"
"S10143","43.213","27.864","VAR1","6455","380",\N,\N,"inhumation","R00621","C03571","0",\N,"extended","back","45",\N,"1",\N,"higha2007a","2024-05-30 17:47:41","robert@localhost","2024-05-30 17:47:41","robert@localhost"
"S10143","43.213","27.864","VAR1","6455","380",\N,\N,"inhumation","R00622","C03572","0",\N,"extended","back","28",\N,"1",\N,"higha2007a","2024-05-30 17:47:41","robert@localhost","2024-05-30 17:47:41","robert@localhost"
"S10143","43.213","27.864","VAR1","6455","380",\N,\N,"inhumation","R00624","C03574","0",\N,"extended","back","34",\N,"1",\N,"higha2007a","2024-05-30 17:47:41","robert@localhost","2024-05-30 17:47:41","robert@localhost"
"S10143","43.213","27.864","VAR1","6455","380",\N,\N,"inhumation","R00625","C03575","0",\N,"extended","back",\N,\N,"1",\N,"higha2007a","2024-05-30 17:47:41","robert@localhost","2024-05-30 17:47:41","robert@localhost"
"S10143","43.213","27.864","VAR1","6455","380","VAR004","pensk2023a","inhumation","R00626","C03576","0",\N,"extended","back","352",\N,"1",\N,"higha2007a","2024-05-30 17:47:41","robert@localhost","2024-05-30 17:47:41","robert@localhost"
"S10143","43.213","27.864","VAR1","6455","380",\N,\N,"inhumation","R00627","C03577","0",\N,"crouched","left/back",\N,\N,\N,\N,"krauß2017a","2024-05-30 17:47:41","robert@localhost","2024-05-30 17:47:41","robert@localhost"
"S10143","43.213","27.864","VAR1","6455","380",\N,\N,"cenotaph","R00628","C03578",\N,\N,\N,\N,\N,\N,\N,\N,"krauß2017a","2024-05-30 17:47:41","robert@localhost","2024-05-30 17:47:41","robert@localhost"
"S10143","43.213","27.864","VAR1","6455","380","VAR011","pensk2023a","inhumation","R00629","C03579",\N,\N,"scattered",\N,\N,\N,\N,\N,"krauß2017a","2024-05-30 17:47:41","robert@localhost","2024-06-03 21:19:57","robert@localhost"
"S10143","43.213","27.864","VAR1","6455","380",\N,\N,"inhumation","R00630","C03580",\N,\N,"crouched","right",\N,\N,\N,\N,"krauß2017a","2024-05-30 17:47:41","robert@localhost","2024-05-30 17:47:41","robert@localhost"
"S10143","43.213","27.864","VAR1","6455","380","VAR016","pensk2023a","inhumation","R00631","C03581",\N,\N,"extended","back","0","90","1","0","pensk2023a","2024-05-30 17:47:41","robert@localhost","2024-06-03 21:21:35","robert@localhost"
"S10143","43.213","27.864","VAR1","6455","380",\N,\N,"inhumation","R00632","C03582",\N,\N,"crouched","right",\N,\N,\N,\N,"krauß2017a","2024-05-30 17:47:41","robert@localhost","2024-05-30 17:47:41","robert@localhost"
"S10143","43.213","27.864","VAR1","6455","380",\N,\N,"inhumation","R00633","C03583",\N,\N,"extended","back",\N,\N,\N,\N,"krauß2017a","2024-05-30 17:47:41","robert@localhost","2024-06-03 22:33:36","robert@localhost"
"S10143","43.213","27.864","VAR1","6455","380",\N,\N,"inhumation","R00634","C03584",\N,\N,"crouched","left",\N,\N,\N,\N,"krauß2017a","2024-05-30 17:47:41","robert@localhost","2024-05-30 17:47:41","robert@localhost"
"S10143","43.213","27.864","VAR1","6455","380",\N,\N,"cenotaph","R00635","C03585",\N,\N,\N,\N,\N,\N,"1",\N,"krauß2017a","2024-05-30 17:47:41","robert@localhost","2024-05-30 17:47:41","robert@localhost"
"S10143","43.213","27.864","VAR1","6455","380",\N,\N,"cenotaph","R00636","C03586",\N,\N,\N,\N,\N,\N,\N,\N,"krauß2017a","2024-05-30 17:47:41","robert@localhost","2024-05-30 17:47:41","robert@localhost"
"S10143","43.213","27.864","VAR1","6455","380",\N,\N,"inhumation","R00637","C03587",\N,\N,"extended","back",\N,\N,\N,\N,"krauß2017a","2024-05-30 17:47:41","robert@localhost","2024-06-03 22:33:36","robert@localhost"
"S10143","43.213","27.864","VAR1","6455","380",\N,\N,"inhumation","R00638","C03588",\N,\N,"crouched","front",\N,\N,\N,\N,"krauß2017a","2024-05-30 17:47:41","robert@localhost","2024-05-30 17:47:41","robert@localhost"
"S10143","43.213","27.864","VAR1","6455","380",\N,\N,"inhumation","R00639","C03589",\N,\N,"extended","back",\N,\N,\N,\N,"krauß2017a","2024-05-30 17:47:41","robert@localhost","2024-06-03 22:33:37","robert@localhost"
"S10143","43.213","27.864","VAR1","6455","380",\N,\N,"inhumation","R00640","C03590",\N,\N,"extended","back",\N,\N,\N,\N,"krauß2017a","2024-05-30 17:47:41","robert@localhost","2024-06-03 22:33:37","robert@localhost"
"S10143","43.213","27.864","VAR1","6455","380",\N,\N,"inhumation","R00641","C03591",\N,\N,"extended","back",\N,\N,\N,\N,"krauß2017a","2024-05-30 17:47:41","robert@localhost","2024-06-03 22:33:37","robert@localhost"
"S10143","43.213","27.864","VAR1","6455","380",\N,\N,"inhumation","R00642","C03592",\N,\N,\N,\N,\N,\N,\N,\N,"krauß2017a","2024-05-30 17:47:41","robert@localhost","2024-05-30 17:47:41","robert@localhost"
"S10143","43.213","27.864","VAR1","6455","380",\N,\N,"inhumation","R00643","C03593",\N,\N,"extended","back",\N,\N,\N,\N,"krauß2017a","2024-05-30 17:47:41","robert@localhost","2024-06-03 22:33:38","robert@localhost"
"S10143","43.213","27.864","VAR1","6455","380",\N,\N,"inhumation","R00644","C03594",\N,\N,"crouched","back",\N,\N,\N,\N,"krauß2017a","2024-05-30 17:47:41","robert@localhost","2024-05-30 17:47:41","robert@localhost"
"S10143","43.213","27.864","VAR1","6455","380",\N,\N,"inhumation","R00645","C03595",\N,\N,\N,\N,\N,\N,\N,\N,"krauß2017a","2024-05-30 17:47:41","robert@localhost","2024-05-30 17:47:41","robert@localhost"
"S10143","43.213","27.864","VAR1","6455","380",\N,\N,"inhumation","R00646","C03596",\N,\N,"crouched","back",\N,\N,\N,\N,"krauß2017a","2024-05-30 17:47:41","robert@localhost","2024-05-30 17:47:41","robert@localhost"
"S10143","43.213","27.864","VAR1","6455","380",\N,\N,"inhumation","R00647","C03597",\N,\N,"extended","back",\N,\N,\N,\N,"krauß2017a","2024-05-30 17:47:41","robert@localhost","2024-06-03 22:33:38","robert@localhost"
"S10143","43.213","27.864","VAR1","6455","380",\N,\N,"inhumation","R00648","C03598",\N,\N,\N,\N,\N,\N,\N,\N,"krauß2017a","2024-05-30 17:47:41","robert@localhost","2024-05-30 17:47:41","robert@localhost"
"S10143","43.213","27.864","VAR1","6455","380",\N,\N,"cenotaph","R00649","C03599",\N,\N,\N,\N,\N,\N,\N,\N,"krauß2017a","2024-05-30 17:47:41","robert@localhost","2024-05-30 17:47:41","robert@localhost"
"S10143","43.213","27.864","VAR1","6455","380",\N,\N,"inhumation","R00650","C03600",\N,\N,"extended","back",\N,\N,\N,\N,"krauß2017a","2024-05-30 17:47:41","robert@localhost","2024-06-03 22:33:38","robert@localhost"
"S10143","43.213","27.864","VAR1","6455","380",\N,\N,"inhumation","R00651","C03601",\N,\N,\N,\N,\N,\N,\N,\N,"krauß2017a","2024-05-30 17:47:41","robert@localhost","2024-05-30 17:47:41","robert@localhost"
"S10143","43.213","27.864","VAR1","6455","380","VAR026","pensk2023a","inhumation","R00652","C03602",\N,\N,\N,\N,\N,\N,\N,\N,"krauß2017a","2024-05-30 17:47:41","robert@localhost","2024-05-30 17:47:41","robert@localhost"
"S10143","43.213","27.864","VAR1","6455","380",\N,\N,"inhumation","R00653","C03603",\N,\N,"extended","back",\N,\N,\N,\N,"krauß2017a","2024-05-30 17:47:41","robert@localhost","2024-06-03 22:33:43","robert@localhost"
"S10143","43.213","27.864","VAR1","6455","380",\N,\N,"inhumation","R00654","C03604",\N,\N,"crouched","right",\N,\N,\N,\N,"krauß2017a","2024-05-30 17:47:41","robert@localhost","2024-05-30 17:47:41","robert@localhost"
"S10143","43.213","27.864","VAR1","6455","380",\N,\N,"inhumation","R00655","C03605",\N,\N,"crouched","right",\N,\N,\N,\N,"krauß2017a","2024-05-30 17:47:41","robert@localhost","2024-05-30 17:47:41","robert@localhost"
"S10143","43.213","27.864","VAR1","6455","380",\N,\N,"inhumation","R00656","C03606",\N,\N,"crouched","right",\N,\N,\N,\N,"krauß2017a","2024-05-30 17:47:41","robert@localhost","2024-05-30 17:47:41","robert@localhost"
"S10143","43.213","27.864","VAR1","6455","380",\N,\N,"inhumation","R00657","C03607",\N,\N,\N,\N,\N,\N,\N,\N,"krauß2017a","2024-05-30 17:47:41","robert@localhost","2024-05-30 17:47:41","robert@localhost"
"S10143","43.213","27.864","VAR1","6455","380",\N,\N,"inhumation","R00658","C03608",\N,\N,"crouched","right",\N,\N,\N,\N,"krauß2017a","2024-05-30 17:47:41","robert@localhost","2024-05-30 17:47:41","robert@localhost"
"S10143","43.213","27.864","VAR1","6455","380","VAR009","pensk2023a","inhumation","R00659","C03609",\N,\N,"extended","back",\N,\N,\N,\N,"krauß2017a","2024-05-30 17:47:41","robert@localhost","2024-06-03 22:33:43","robert@localhost"
"S10143","43.213","27.864","VAR1","6455","380","VAR012","pensk2023a","inhumation","R00660","C03610",\N,\N,"scattered",\N,\N,\N,\N,\N,"pensk2023a","2024-05-30 17:47:41","robert@localhost","2024-06-03 21:31:50","robert@localhost"
"S10143","43.213","27.864","VAR1","6455","380",\N,\N,"inhumation","R00661","C03611",\N,\N,"extended","back",\N,\N,\N,\N,"krauß2017a","2024-05-30 17:47:41","robert@localhost","2024-06-03 22:33:42","robert@localhost"
"S10143","43.213","27.864","VAR1","6455","380",\N,\N,"inhumation","R00662","C03612",\N,\N,"extended","back",\N,\N,\N,\N,"krauß2017a","2024-05-30 17:47:41","robert@localhost","2024-06-03 22:33:42","robert@localhost"
"S10143","43.213","27.864","VAR1","6455","380",\N,\N,"inhumation","R00663","C03613",\N,\N,"extended","back",\N,\N,\N,\N,"krauß2017a","2024-05-30 17:47:41","robert@localhost","2024-06-03 22:33:42","robert@localhost"
"S10143","43.213","27.864","VAR1","6455","380",\N,\N,"inhumation","R00664","C03614",\N,\N,"extended","back",\N,\N,\N,\N,"krauß2017a","2024-05-30 17:47:41","robert@localhost","2024-06-03 22:33:41","robert@localhost"
"S10143","43.213","27.864","VAR1","6455","380",\N,\N,"inhumation","R00665","C03615",\N,\N,"extended","back",\N,\N,\N,\N,"krauß2017a","2024-05-30 17:47:41","robert@localhost","2024-06-03 22:33:41","robert@localhost"
"S10143","43.213","27.864","VAR1","6455","380",\N,\N,"inhumation","R00666","C03616",\N,\N,\N,\N,\N,\N,\N,\N,"krauß2017a","2024-05-30 17:47:41","robert@localhost","2024-05-30 17:47:41","robert@localhost"
"S10143","43.213","27.864","VAR1","6455","380",\N,\N,"inhumation","R00667","C03617",\N,\N,"extended","right",\N,\N,\N,\N,"krauß2017a","2024-05-30 17:47:41","robert@localhost","2024-06-03 22:33:41","robert@localhost"
"S10143","43.213","27.864","VAR1","6455","380",\N,\N,"inhumation","R00668","C03618",\N,\N,"extended","left",\N,\N,\N,\N,"krauß2017a","2024-05-30 17:47:41","robert@localhost","2024-06-03 22:33:40","robert@localhost"
"S10143","43.213","27.864","VAR1","6455","380","VAR018","pensk2023a","inhumation","R00669","C03619",\N,\N,"extended","back","0","90","1","0","pensk2023a","2024-05-30 17:47:41","robert@localhost","2024-06-03 21:32:36","robert@localhost"
"S10143","43.213","27.864","VAR1","6455","380",\N,\N,"inhumation","R00670","C03620",\N,\N,\N,\N,\N,\N,\N,\N,"krauß2017a","2024-05-30 17:47:41","robert@localhost","2024-05-30 17:47:41","robert@localhost"
"S10143","43.213","27.864","VAR1","6455","380",\N,\N,"inhumation","R00671","C03621",\N,\N,\N,\N,\N,\N,\N,\N,"krauß2017a","2024-05-30 17:47:41","robert@localhost","2024-05-30 17:47:41","robert@localhost"
"S10143","43.213","27.864","VAR1","6455","380",\N,\N,"inhumation","R00672","C03622",\N,\N,\N,\N,\N,\N,\N,\N,"krauß2017a","2024-05-30 17:47:41","robert@localhost","2024-05-30 17:47:41","robert@localhost"
"S10143","43.213","27.864","VAR1","6455","380",\N,\N,"inhumation","R00673","C03623",\N,\N,\N,\N,\N,\N,\N,\N,"krauß2017a","2024-05-30 17:47:41","robert@localhost","2024-05-30 17:47:41","robert@localhost"
"S10143","43.213","27.864","VAR1","6455","380",\N,\N,"inhumation","R00674","C03624",\N,\N,\N,\N,\N,\N,\N,\N,"krauß2017a","2024-05-30 17:47:41","robert@localhost","2024-05-30 17:47:41","robert@localhost"
"S10144","42.100","25.750","YAB1","7646","123",\N,\N,"inhumation","R00675","C03625","0","1","extended","back","180","270","0",\N,"roode2013a","2024-05-30 17:47:41","robert@localhost","2024-06-03 22:33:40","robert@localhost"
"S10144","42.100","25.750","YAB1","7646","123","I0698","mathi2018a","inhumation","R00676","C03626","0","1","crouched","back","0","90","0",\N,"roode2013a","2024-05-30 17:47:41","robert@localhost","2024-06-03 22:35:55","robert@localhost"
"S10144","42.100","25.750","YAB1","7646","123",\N,\N,"inhumation","R00677","C03627","0","1","crouched","right","90","180","1",\N,"roode2013a","2024-05-30 17:47:41","robert@localhost","2024-06-03 22:34:44","robert@localhost"
"S10144","42.100","25.750","YAB1","7646","123","I2529","mathi2018a","inhumation","R00678","C03628","0","1","irregular","back","225","315","0",\N,"roode2013a","2024-05-30 17:47:41","robert@localhost","2024-05-30 17:47:41","robert@localhost"
"S10144","42.100","25.750","YAB1","7646","123",\N,\N,"inhumation","R00679","C03629","0","1","crouched","right","45","135","1",\N,"roode2013a","2024-05-30 17:47:41","robert@localhost","2024-05-30 17:47:41","robert@localhost"
"S10144","42.100","25.750","YAB1","7646","123",\N,\N,"inhumation","R00680","C03630","0","1","irregular","front","180","270","0",\N,"roode2013a","2024-05-30 17:47:41","robert@localhost","2024-05-30 17:47:41","robert@localhost"
"S10144","42.100","25.750","YAB1","7646","123",\N,\N,"inhumation","R00681","C03631","1","0",\N,\N,\N,\N,"0",\N,"roode2013a","2024-05-30 17:47:41","robert@localhost","2024-05-30 17:47:41","robert@localhost"
"S10144","42.100","25.750","YAB1","7646","123",\N,\N,"inhumation","R00682","C03632","1","1",\N,\N,\N,\N,"0",\N,"roode2013a","2024-05-30 17:47:41","robert@localhost","2024-05-30 17:47:41","robert@localhost"
"S10144","42.100","25.750","YAB1","7646","123",\N,\N,"inhumation","R00683","C03633","1","0",\N,\N,\N,\N,"0",\N,"roode2013a","2024-05-30 17:47:41","robert@localhost","2024-05-30 17:47:41","robert@localhost"
"S10145","42.232","24.263","YUN1","6455","97","YUN026","pensk2023a","inhumation","R00684","C03634","0","1","crouched","back/right","225","315","0","0","peske1986a","2024-05-30 17:47:41","robert@localhost","2024-06-03 21:33:22","robert@localhost"
"S10145","42.232","24.263","YUN1","6455","97","I0785","mathi2018a","inhumation","R00685","C03635",\N,\N,\N,\N,\N,\N,\N,\N,"mathi2018a","2024-05-30 17:47:41","robert@localhost","2024-05-30 17:47:41","robert@localhost"
"S10145","42.232","24.263","YUN1","6455","97","YUN015","pensk2023a","inhumation","R00686","C03636",\N,\N,\N,\N,\N,\N,"0","0","pensk2023a","2024-05-30 17:47:41","robert@localhost","2024-06-03 21:33:56","robert@localhost"
"S10145","42.232","24.263","YUN1","6455","97","I0780","mathi2018a","inhumation","R00687","C03637",\N,\N,\N,\N,\N,\N,\N,\N,"mathi2018a","2024-05-30 17:47:41","robert@localhost","2024-05-30 17:47:41","robert@localhost"
"S10145","42.232","24.263","YUN1","6455","97","YUN027_I0781.merge","pensk2023a","inhumation","R00688","C03638","0","1","crouched","right","45","135","0","0","pensk2023a","2024-05-30 17:47:41","robert@localhost","2024-06-03 21:34:50","robert@localhost"
"S10145","42.232","24.263","YUN1","6455","97","YUN007","pensk2023a","inhumation","R00689","C03639",\N,\N,\N,\N,\N,\N,"0","0","pensk2023a","2024-05-30 17:47:41","robert@localhost","2024-06-03 21:35:20","robert@localhost"
"S10145","42.232","24.263","YUN1","6455","97","I0784","mathi2018a","inhumation","R00690","C03640",\N,\N,\N,\N,\N,\N,\N,\N,"mathi2018a","2024-05-30 17:47:41","robert@localhost","2024-05-30 17:47:41","robert@localhost"
"S10145","42.232","24.263","YUN1","6455","97","YUN048","pensk2023a","inhumation","R00691","C03641",\N,\N,\N,\N,\N,\N,"0","0","pensk2023a","2024-05-30 17:47:41","robert@localhost","2024-06-03 21:35:41","robert@localhost"
"S10145","42.232","24.263","YUN1","6455","97","I0788","mathi2018a","inhumation","R00692","C03642",\N,\N,\N,\N,\N,\N,\N,\N,"mathi2018a","2024-05-30 17:47:41","robert@localhost","2024-05-30 17:47:41","robert@localhost"
"S10146","45.760","18.570","BMP1","7496","155","I3499","mathi2018a","inhumation","R00693","C03643","0","1","crouched","front/left","135","225",\N,\N,"mathi2018a","2024-05-30 17:47:41","robert@localhost","2024-06-03 22:34:44","robert@localhost"
"S10146","45.760","18.570","BMP1","7496","155","I3498","mathi2018a","inhumation","R00694","C03644",\N,"1",\N,"back","0","90",\N,\N,"mathi2018a","2024-05-30 17:47:41","robert@localhost","2024-05-30 17:47:41","robert@localhost"
"S10146","45.760","18.570","BMP1","7496","155","I4167","mathi2018a","inhumation","R00695","C03645",\N,"1","crouched","left","0","90",\N,\N,"mathi2018a","2024-05-30 17:47:41","robert@localhost","2024-06-03 22:34:45","robert@localhost"
"S10146","45.760","18.570","BMP1","7496","155","I4168","mathi2018a","inhumation","R00696","C03646",\N,\N,"crouched","back","90","180",\N,\N,"mathi2018a","2024-05-30 17:47:41","robert@localhost","2024-06-03 22:34:45","robert@localhost"
"S10147","43.894","15.977","JAZ1","2684","63","I3313","mathi2018a","inhumation","R00697","C03647",\N,\N,\N,\N,\N,\N,\N,\N,"mathi2018a","2024-05-30 17:47:41","robert@localhost","2024-05-30 17:47:41","robert@localhost"
"S10053","44.819","13.983","KALI","7619","304",\N,\N,"inhumation","R00698","C03648",\N,\N,\N,\N,\N,\N,\N,\N,"mathi2018a","2024-05-30 17:47:41","robert@localhost","2024-05-30 17:47:41","robert@localhost"
"S10053","44.819","13.983","KALI","7619","304","I5071","mathi2018a","inhumation","R00699","C03649",\N,"1","crouched","right",\N,\N,"0",\N,"mathi2018a","2024-05-30 17:47:41","robert@localhost","2024-05-30 17:47:41","robert@localhost"
"S10053","44.819","13.983","KALI","7619","304","I5072","mathi2018a","inhumation","R00700","C03650",\N,"1","crouched","left",\N,\N,"0",\N,"mathi2018a","2024-05-30 17:47:41","robert@localhost","2024-05-30 17:47:41","robert@localhost"
"S10269","45.544","18.666","HERMVIN1","6591","338","I5077","mathi2018a","inhumation","R00701","C03651","0","1","extended","back",\N,\N,\N,\N,"mathi2018a","2024-05-30 17:47:41","robert@localhost","2024-06-03 22:33:40","robert@localhost"
"S10269","45.544","18.666","HERMVIN1","6591","338","I5078","mathi2018a","inhumation","R00702","C03652","0","1","crouched","left",\N,\N,\N,\N,"mathi2018a","2024-05-30 17:47:41","robert@localhost","2024-06-03 22:37:06","robert@localhost"
"S03420","52.630","18.530","RAD2","5453","100","I5079","mathi2018a","inhumation","R00703","C03653","0","1","crouched","left",\N,\N,\N,\N,"mathi2018a","2024-05-30 17:47:41","robert@localhost","2024-06-03 22:37:07","robert@localhost"
"S10151","42.967","16.707","VSP4","8039","160",\N,\N,"inhumation","R00704","C03654","0","1","crouched",\N,\N,\N,\N,\N,"walld2010a","2024-05-30 17:47:41","robert@localhost","2024-06-03 22:37:07","robert@localhost"
"S10151","42.967","16.707","VSP4","8039","160",\N,\N,"inhumation","R00705","C03655","1","0",\N,\N,\N,\N,\N,\N,"walld2010a","2024-05-30 17:47:41","robert@localhost","2024-05-30 17:47:41","robert@localhost"
"S10151","42.967","16.707","VSP4","8039","160",\N,\N,"inhumation","R00706","C03656","1","1",\N,\N,\N,\N,\N,\N,"walld2010a","2024-05-30 17:47:41","robert@localhost","2024-05-30 17:47:41","robert@localhost"
"S10151","42.967","16.707","VSP4","8039","160",\N,\N,"inhumation","R00707","C03657","1","1","crouched",\N,\N,\N,\N,\N,"walld2010a","2024-05-30 17:47:41","robert@localhost","2024-06-03 22:37:07","robert@localhost"
"S10151","42.967","16.707","VSP4","8039","160","I1875","mathi2018a","inhumation","R00708","C03658","1","1","crouched","left","315","45",\N,\N,"radić2005a","2024-05-30 17:47:41","robert@localhost","2024-05-30 17:47:41","robert@localhost"
"S10151","42.967","16.707","VSP4","8039","160",\N,\N,"inhumation","R00709","C03659","1",\N,\N,\N,\N,\N,\N,\N,"walld2010a","2024-05-30 17:47:41","robert@localhost","2024-05-30 17:47:41","robert@localhost"
"S10151","42.967","16.707","VSP4","8039","160",\N,\N,"inhumation","R00710","C03660","1",\N,\N,\N,\N,\N,\N,\N,"walld2010a","2024-05-30 17:47:41","robert@localhost","2024-05-30 17:47:41","robert@localhost"
"S10151","42.967","16.707","VSP4","8039","160",\N,\N,"inhumation","R00711","C03661","1",\N,\N,\N,\N,\N,\N,\N,"walld2010a","2024-05-30 17:47:41","robert@localhost","2024-05-30 17:47:41","robert@localhost"
"S10152","43.203","17.317","CRI1","4607","276",\N,\N,"inhumation","R00712","C03662",\N,\N,"crouched",\N,\N,\N,\N,\N,"novak2011a","2024-05-30 17:47:41","robert@localhost","2024-06-03 22:37:08","robert@localhost"
"S10152","43.203","17.317","CRI1","4607","276",\N,\N,"inhumation","R00713","C03663",\N,\N,"crouched",\N,\N,\N,\N,\N,"novak2011a","2024-05-30 17:47:41","robert@localhost","2024-06-03 22:37:08","robert@localhost"
"S10152","43.203","17.317","CRI1","4607","276",\N,\N,"inhumation","R00714","C03664",\N,\N,"crouched",\N,\N,\N,\N,\N,"novak2011a","2024-05-30 17:47:41","robert@localhost","2024-06-03 22:37:10","robert@localhost"
"S10152","43.203","17.317","CRI1","4607","276",\N,\N,"inhumation","R00715","C03665",\N,\N,"crouched",\N,\N,\N,\N,\N,"novak2011a","2024-05-30 17:47:41","robert@localhost","2024-06-03 22:37:10","robert@localhost"
"S10152","43.203","17.317","CRI1","4607","276",\N,\N,"inhumation","R00716","C03666",\N,\N,"crouched",\N,\N,\N,\N,\N,"novak2011a","2024-05-30 17:47:41","robert@localhost","2024-06-03 22:37:00","robert@localhost"
"S10152","43.203","17.317","CRI1","4607","276",\N,\N,"inhumation","R00717","C03667",\N,\N,"crouched",\N,\N,\N,\N,\N,"novak2011a","2024-05-30 17:47:41","robert@localhost","2024-06-03 22:37:00","robert@localhost"
"S10152","43.203","17.317","CRI1","4607","276",\N,\N,"inhumation","R00718","C03668",\N,\N,"crouched",\N,\N,\N,\N,\N,"novak2011a","2024-05-30 17:47:41","robert@localhost","2024-06-03 22:37:01","robert@localhost"
"S10153","43.140","17.360","GOMI1","9405","241",\N,\N,"inhumation","R00719","C03669",\N,\N,"crouched",\N,\N,\N,\N,\N,"novak2011a","2024-05-30 17:47:41","robert@localhost","2024-06-03 22:37:01","robert@localhost"
"S10153","43.140","17.360","GOMI1","9405","241",\N,\N,"inhumation","R00720","C03670",\N,\N,"crouched",\N,\N,\N,\N,\N,"novak2011a","2024-05-30 17:47:41","robert@localhost","2024-06-03 22:37:01","robert@localhost"
"S10153","43.140","17.360","GOMI1","9405","241",\N,\N,"inhumation","R00721","C03671",\N,\N,"crouched",\N,\N,\N,\N,\N,"novak2011a","2024-05-30 17:47:41","robert@localhost","2024-06-03 22:37:02","robert@localhost"
"S10153","43.140","17.360","GOMI1","9405","241",\N,\N,"inhumation","R00722","C03672",\N,\N,"crouched",\N,\N,\N,\N,\N,"novak2011a","2024-05-30 17:47:41","robert@localhost","2024-06-03 22:37:02","robert@localhost"
"S10154","43.194","17.344","VVA1","3478","34","I4331","mathi2018a","inhumation","R00723","C03673",\N,\N,\N,\N,\N,\N,\N,\N,"novak2011a","2024-05-30 17:47:41","robert@localhost","2024-05-30 17:47:41","robert@localhost"
"S10154","43.194","17.344","VVA1","3478","34",\N,\N,"inhumation","R00724","C03674",\N,\N,\N,\N,\N,\N,\N,\N,"novak2011a","2024-05-30 17:47:41","robert@localhost","2024-05-30 17:47:41","robert@localhost"
"S10154","43.194","17.344","VVA1","3478","34",\N,\N,"inhumation","R00725","C03675",\N,\N,\N,\N,\N,\N,\N,\N,"novak2011a","2024-05-30 17:47:41","robert@localhost","2024-05-30 17:47:41","robert@localhost"
"S10154","43.194","17.344","VVA1","3478","34","I4332","mathi2018a","inhumation","R00726","C03676",\N,\N,\N,\N,\N,\N,\N,\N,"novak2011a","2024-05-30 17:47:41","robert@localhost","2024-05-30 17:47:41","robert@localhost"
"S10154","43.194","17.344","VVA1","3478","34",\N,\N,"inhumation","R00727","C03677",\N,\N,\N,\N,\N,\N,\N,\N,"novak2011a","2024-05-30 17:47:41","robert@localhost","2024-05-30 17:47:41","robert@localhost"
"S10155","45.336","19.061","VUC4","4668","65",\N,\N,"inhumation","R00728","C03678",\N,\N,\N,\N,\N,\N,\N,\N,"novak2011a","2024-05-30 17:47:41","robert@localhost","2024-05-30 17:47:41","robert@localhost"
"S10155","45.336","19.061","VUC4","4668","65",\N,\N,"inhumation","R00729","C03679",\N,\N,\N,\N,\N,\N,\N,\N,"novak2011a","2024-05-30 17:47:41","robert@localhost","2024-05-30 17:47:41","robert@localhost"
"S10155","45.336","19.061","VUC4","4668","65",\N,\N,"inhumation","R00730","C03680",\N,\N,\N,\N,\N,\N,\N,\N,"mathi2018a","2024-05-30 17:47:41","robert@localhost","2024-05-30 17:47:41","robert@localhost"
"S10155","45.336","19.061","VUC4","4668","65",\N,\N,"inhumation","R00731","C03681",\N,\N,\N,\N,\N,\N,\N,\N,"mathi2018a","2024-05-30 17:47:41","robert@localhost","2024-05-30 17:47:41","robert@localhost"
"S10155","45.336","19.061","VUC4","4668","65",\N,\N,"inhumation","R00732","C03682",\N,\N,\N,\N,\N,\N,\N,\N,"mathi2018a","2024-05-30 17:47:41","robert@localhost","2024-05-30 17:47:41","robert@localhost"
"S10155","45.336","19.061","VUC4","4668","65",\N,\N,"inhumation","R00733","C03683",\N,\N,\N,\N,\N,\N,\N,\N,"mathi2018a","2024-05-30 17:47:41","robert@localhost","2024-05-30 17:47:41","robert@localhost"
"S10155","45.336","19.061","VUC4","4668","65",\N,\N,"inhumation","R00734","C03684",\N,\N,\N,\N,\N,\N,\N,\N,"mathi2018a","2024-05-30 17:47:41","robert@localhost","2024-05-30 17:47:41","robert@localhost"
"S10155","45.336","19.061","VUC4","4668","65","I2792","mathi2018a","inhumation","R00735","C03685",\N,\N,\N,\N,\N,\N,\N,\N,"mathi2018a","2024-05-30 17:47:41","robert@localhost","2024-05-30 17:47:41","robert@localhost"
"S10155","45.336","19.061","VUC4","4668","65",\N,\N,"inhumation","R00736","C03686",\N,\N,\N,\N,\N,\N,\N,\N,"novak2011a","2024-05-30 17:47:41","robert@localhost","2024-05-30 17:47:41","robert@localhost"
"S10155","45.336","19.061","VUC4","4668","65",\N,\N,"inhumation","R00737","C03687",\N,\N,\N,\N,\N,\N,\N,\N,"novak2011a","2024-05-30 17:47:41","robert@localhost","2024-05-30 17:47:41","robert@localhost"
"S10155","45.336","19.061","VUC4","4668","65",\N,\N,"inhumation","R00738","C03688",\N,\N,\N,\N,\N,\N,\N,\N,"novak2011a","2024-05-30 17:47:41","robert@localhost","2024-05-30 17:47:41","robert@localhost"
"S10155","45.336","19.061","VUC4","4668","65",\N,\N,"inhumation","R00739","C03689",\N,\N,\N,\N,\N,\N,\N,\N,"novak2011a","2024-05-30 17:47:41","robert@localhost","2024-05-30 17:47:41","robert@localhost"
"S10155","45.336","19.061","VUC4","4668","65",\N,\N,"inhumation","R00740","C03690",\N,\N,\N,\N,\N,\N,\N,\N,"novak2011a","2024-05-30 17:47:41","robert@localhost","2024-05-30 17:47:41","robert@localhost"
"S10155","45.336","19.061","VUC4","4668","65",\N,\N,"inhumation","R00741","C03691",\N,\N,\N,\N,\N,\N,\N,\N,"novak2011a","2024-05-30 17:47:41","robert@localhost","2024-05-30 17:47:41","robert@localhost"
"S10155","45.336","19.061","VUC4","4668","65","I4175","mathi2018a","inhumation","R00742","C03692",\N,\N,\N,\N,\N,"1",\N,\N,"mathi2018a","2024-05-30 17:47:41","robert@localhost","2024-05-30 17:47:41","robert@localhost"
"S10155","45.336","19.061","VUC4","4668","65",\N,\N,"inhumation","R00743","C03693",\N,\N,\N,\N,\N,\N,\N,\N,"novak2011a","2024-05-30 17:47:41","robert@localhost","2024-05-30 17:47:41","robert@localhost"
"S10156","43.589","16.648","ZEM3","7844","15","I3433","mathi2018a","inhumation","R00744","C03694","1","1","scattered",\N,\N,\N,\N,\N,"mathi2018a","2024-05-30 17:47:41","robert@localhost","2024-05-30 17:47:41","robert@localhost"
"S10156","43.589","16.648","ZEM3","7844","15","I3947","mathi2018a","inhumation","R00745","C03695","1","1","scattered",\N,\N,\N,\N,\N,"mathi2018a","2024-05-30 17:47:41","robert@localhost","2024-05-30 17:47:41","robert@localhost"
"S10156","43.589","16.648","ZEM3","7844","15","I3948","mathi2018a","inhumation","R00746","C03696","1","1","scattered",\N,\N,\N,\N,\N,"mathi2018a","2024-05-30 17:47:41","robert@localhost","2024-05-30 17:47:41","robert@localhost"
"S10156","43.589","16.648","ZEM4","6759","104",\N,\N,"inhumation","R00747","C03697","1",\N,\N,\N,\N,\N,\N,\N,"klind2006a","2024-05-30 17:47:41","robert@localhost","2024-05-30 17:47:41","robert@localhost"
"S10156","43.589","16.648","ZEM5","5976","202",\N,\N,"inhumation","R00748","C03698","1",\N,\N,\N,\N,\N,\N,\N,"klind2006a","2024-05-30 17:47:41","robert@localhost","2024-05-30 17:47:41","robert@localhost"
"S10156","43.589","16.648","ZEM6","5182","215",\N,\N,"inhumation","R00749","C03699","1",\N,\N,\N,\N,\N,\N,\N,"klind2006a","2024-05-30 17:47:41","robert@localhost","2024-05-30 17:47:41","robert@localhost"
"S10158","41.811","21.993","AMZ1","8000","140",\N,\N,"inhumation","R00750","C03700",\N,"1",\N,\N,\N,\N,\N,\N,"jovan2021a","2024-05-30 17:47:41","robert@localhost","2024-05-30 17:47:41","robert@localhost"
"S10159","41.900","21.350","GOV1","6502","283","I0676","mathi2018a","inhumation","R00751","C03701","1","1",\N,\N,\N,\N,\N,\N,"jovan2021a","2024-05-30 17:47:41","robert@localhost","2024-05-30 17:47:41","robert@localhost"
"S10159","41.900","21.350","GOV1","6502","283",\N,\N,"inhumation","R00752","C03702","1","1",\N,\N,\N,\N,\N,\N,"jovan2021a","2024-05-30 17:47:41","robert@localhost","2024-05-30 17:47:41","robert@localhost"
"S10160","45.801","18.808","ZMAJ1","7628","146",\N,\N,"inhumation","R00753","C03703",\N,"1",\N,\N,\N,\N,\N,\N,"jovan2021a","2024-05-30 17:47:41","robert@localhost","2024-05-30 17:47:41","robert@localhost"
"S10160","45.801","18.808","ZMAJ1","7628","146",\N,\N,"inhumation","R00754","C03704",\N,"1",\N,\N,\N,\N,\N,\N,"jovan2021a","2024-05-30 17:47:41","robert@localhost","2024-05-30 17:47:41","robert@localhost"
"S10163","45.457","19.734","ZMALIV1","7600","128",\N,\N,"inhumation","R00755","C03705",\N,\N,\N,\N,\N,\N,\N,\N,"jovan2021a","2024-05-30 17:47:41","robert@localhost","2024-05-30 17:47:41","robert@localhost"
"S10160","45.801","18.808","ZMAJ1","7628","146",\N,\N,"inhumation","R00756","C03706",\N,\N,\N,\N,\N,\N,\N,\N,"jovan2021a","2024-05-30 17:47:41","robert@localhost","2024-05-30 17:47:41","robert@localhost"
"S10161","45.794","18.934","BEBM1","6476","331",\N,\N,"inhumation","R00757","C03707","0","1","crouched","left","45","135",\N,\N,"jovan2021a","2024-05-30 17:47:41","robert@localhost","2024-06-03 22:37:02","robert@localhost"
"S10161","45.794","18.934","BEBM1","6476","331",\N,\N,"inhumation","R00758","C03708","0","1","crouched","right","135","225","1",\N,"jovan2021a","2024-05-30 17:47:41","robert@localhost","2024-06-03 22:37:02","robert@localhost"
"S10161","45.794","18.934","BEBM1","6476","331",\N,\N,"inhumation","R00759","C03709","1","1",\N,\N,\N,\N,\N,\N,"jovan2021a","2024-05-30 17:47:41","robert@localhost","2024-05-30 17:47:41","robert@localhost"
"S10161","45.794","18.934","BEBM1","6476","331",\N,\N,"inhumation","R00760","C03710","0","1","crouched","back",\N,\N,\N,\N,"jovan2021a","2024-05-30 17:47:41","robert@localhost","2024-05-30 17:47:41","robert@localhost"
"S10083","45.854","20.390","IDJOS2","7050","16",\N,\N,"inhumation","R00761","C03711","1","1",\N,\N,\N,\N,\N,\N,"jovan2021a","2024-05-30 17:47:41","robert@localhost","2024-05-30 17:47:41","robert@localhost"
"S10083","45.854","20.390","IDJOS2","7050","16",\N,\N,"inhumation","R00762","C03712","1","1",\N,\N,\N,\N,\N,\N,"jovan2021a","2024-05-30 17:47:41","robert@localhost","2024-05-30 17:47:41","robert@localhost"
"S10083","45.854","20.390","IDJOS2","7050","16",\N,\N,"inhumation","R00763","C03713","1","1",\N,\N,\N,\N,\N,\N,"jovan2021a","2024-05-30 17:47:41","robert@localhost","2024-05-30 17:47:41","robert@localhost"
"S10083","45.854","20.390","IDJOS2","7050","16",\N,\N,"cremation","R00764","C03714","1",\N,\N,\N,\N,\N,\N,\N,"jovan2021a","2024-05-30 17:47:41","robert@localhost","2024-05-30 17:47:41","robert@localhost"
"S10163","45.457","19.734","ZMALIV1","7600","128",\N,\N,"inhumation","R00765","C03715","1","1",\N,\N,\N,\N,\N,\N,"jovan2021a","2024-05-30 17:47:41","robert@localhost","2024-05-30 17:47:41","robert@localhost"
"S10163","45.457","19.734","ZMALIV1","7600","128",\N,\N,"inhumation","R00766","C03716","0","1","crouched","back","45","135","1",\N,"jovan2021a","2024-05-30 17:47:41","robert@localhost","2024-05-30 17:47:41","robert@localhost"
"S10164","45.404","20.003","GNZ1","7846","106",\N,\N,"inhumation","R00767","C03717",\N,"1",\N,\N,\N,\N,"1",\N,"jovan2021a","2024-05-30 17:47:41","robert@localhost","2024-05-30 17:47:41","robert@localhost"
"S10165","45.273","19.771","SAJ1","7638","113",\N,\N,"inhumation","R00768","C03718","0","1","crouched","right","315","45","1",\N,"jovan2021a","2024-05-30 17:47:41","robert@localhost","2024-06-03 22:37:03","robert@localhost"
"S10165","45.273","19.771","SAJ1","7638","113",\N,\N,"inhumation","R00769","C03719","1","1",\N,\N,\N,\N,"1",\N,"jovan2021a","2024-05-30 17:47:41","robert@localhost","2024-05-30 17:47:41","robert@localhost"
"S10166","44.980","19.732","HWE1","7612","101",\N,\N,"inhumation","R00770","C03720","1","1",\N,\N,\N,\N,"1",\N,"jovan2021a","2024-05-30 17:47:41","robert@localhost","2024-05-30 17:47:41","robert@localhost"
"S10167","45.307","19.809","NSGS2","6631","230",\N,\N,"inhumation","R00771","C03721","1","1",\N,\N,\N,\N,"1",\N,"jovan2021a","2024-05-30 17:47:41","robert@localhost","2024-05-30 17:47:41","robert@localhost"
"S10167","45.307","19.809","NSGS2","6631","230",\N,\N,"inhumation","R00772","C03722","1","1","crouched","left",\N,\N,\N,\N,"jovan2021a","2024-05-30 17:47:41","robert@localhost","2024-06-03 22:37:03","robert@localhost"
"S10167","45.307","19.809","NSGS2","6631","230",\N,\N,"inhumation","R00773","C03723","0","1","crouched","left","45","135","1",\N,"jovan2021a","2024-05-30 17:47:41","robert@localhost","2024-06-03 22:37:03","robert@localhost"
"S10146","45.760","18.570","BMP2","6539","340",\N,\N,"inhumation","R00774","C03724",\N,"1","crouched","right","180","270",\N,\N,"jovan2021a","2024-05-30 17:47:41","robert@localhost","2024-06-03 22:36:55","robert@localhost"
"S10146","45.760","18.570","BMP2","6539","340",\N,\N,"inhumation","R00775","C03725","0","1","crouched","right","180","270",\N,\N,"jovan2021a","2024-05-30 17:47:41","robert@localhost","2024-06-03 22:36:55","robert@localhost"
"S10146","45.760","18.570","BMP2","6539","340",\N,\N,"inhumation","R00776","C03726","0","1","crouched","left","45","135","1",\N,"jovan2021a","2024-05-30 17:47:41","robert@localhost","2024-06-03 22:36:55","robert@localhost"
"S10146","45.760","18.570","BMP2","6539","340",\N,\N,"inhumation","R00777","C03727","0","1","crouched","right","180","270","1",\N,"jovan2021a","2024-05-30 17:47:41","robert@localhost","2024-06-03 22:36:56","robert@localhost"
"S10146","45.760","18.570","BMP2","6539","340",\N,\N,"inhumation","R00778","C03728","0","1","crouched","right","180","270","1",\N,"jovan2021a","2024-05-30 17:47:41","robert@localhost","2024-06-03 22:36:56","robert@localhost"
"S10146","45.760","18.570","BMP2","6539","340",\N,\N,"inhumation","R00779","C03729","0","1","crouched","right","135","225",\N,\N,"jovan2021a","2024-05-30 17:47:41","robert@localhost","2024-06-03 22:36:56","robert@localhost"
"S10146","45.760","18.570","BMP2","6539","340",\N,\N,"inhumation","R00780","C03730",\N,"1","crouched","left","45","135",\N,\N,"jovan2021a","2024-05-30 17:47:41","robert@localhost","2024-06-03 22:36:56","robert@localhost"
"S10146","45.760","18.570","BMP1","7496","155",\N,\N,"inhumation","R00781","C03731",\N,"1","crouched","left","45","135",\N,\N,"jovan2021a","2024-05-30 17:47:41","robert@localhost","2024-06-03 22:36:57","robert@localhost"
"S10146","45.760","18.570","BMP2","6539","340",\N,\N,"inhumation","R00782","C03732",\N,"1",\N,\N,\N,\N,"1",\N,"jovan2021a","2024-05-30 17:47:41","robert@localhost","2024-05-30 17:47:41","robert@localhost"
"S10168","45.346","19.009","VUK1","6197","176",\N,\N,"inhumation","R00783","C03733",\N,"1","crouched","left","0","90","0",\N,"jovan2021a","2024-05-30 17:47:41","robert@localhost","2024-06-03 22:36:57","robert@localhost"
"S10168","45.346","19.009","VUK1","6197","176",\N,\N,"inhumation","R00784","C03734",\N,\N,\N,\N,"0","90","0",\N,"jovan2021a","2024-05-30 17:47:41","robert@localhost","2024-05-30 17:47:41","robert@localhost"
"S10168","45.346","19.009","VUK1","6197","176",\N,\N,\N,"R00785","C03735",\N,\N,\N,\N,\N,\N,\N,\N,"jovan2021a","2024-05-30 17:47:41","robert@localhost","2024-05-30 17:47:41","robert@localhost"
"S10168","45.346","19.009","VUK1","6197","176",\N,\N,\N,"R00786","C03736",\N,\N,\N,\N,\N,\N,\N,\N,"jovan2021a","2024-05-30 17:47:41","robert@localhost","2024-05-30 17:47:41","robert@localhost"
"S10168","45.346","19.009","VUK1","6197","176",\N,\N,\N,"R00787","C03737",\N,\N,\N,\N,\N,\N,\N,\N,"jovan2021a","2024-05-30 17:47:41","robert@localhost","2024-05-30 17:47:41","robert@localhost"
"S10169","45.239","18.856","VINERV1","7640","159",\N,\N,"inhumation","R00788","C03738",\N,"1",\N,\N,\N,\N,"1",\N,"jovan2021a","2024-05-30 17:47:41","robert@localhost","2024-05-30 17:47:41","robert@localhost"
"S10169","45.239","18.856","VINERV1","7640","159",\N,\N,"inhumation","R00789","C03739","0","1","crouched",\N,"315","45","1",\N,"jovan2021a","2024-05-30 17:47:41","robert@localhost","2024-06-03 22:36:57","robert@localhost"
"S10170","42.001","21.502","MAD1","6267","259",\N,\N,"inhumation","R00790","C03740","0",\N,"crouched","right",\N,\N,\N,\N,"jovan2021a","2024-05-30 17:47:41","robert@localhost","2024-06-03 22:36:58","robert@localhost"
"S10170","42.001","21.502","MAD1","6267","259",\N,\N,"inhumation","R00791","C03741","1","1",\N,\N,\N,\N,\N,\N,"jovan2021a","2024-05-30 17:47:41","robert@localhost","2024-05-30 17:47:41","robert@localhost"
"S10170","42.001","21.502","MAD1","6267","259",\N,\N,"inhumation","R00792","C03742","1",\N,\N,\N,\N,\N,\N,\N,"jovan2021a","2024-05-30 17:47:41","robert@localhost","2024-05-30 17:47:41","robert@localhost"
"S10171","41.789","21.828","PNV1","7758","279",\N,\N,"inhumation","R00793","C03743",\N,\N,"crouched",\N,\N,\N,\N,\N,"jovan2021a","2024-05-30 17:47:41","robert@localhost","2024-05-30 17:47:41","robert@localhost"
"S10171","41.789","21.828","PNV1","7758","279",\N,\N,"inhumation","R00794","C03744",\N,\N,\N,\N,\N,\N,\N,\N,"jovan2021a","2024-05-30 17:47:41","robert@localhost","2024-05-30 17:47:41","robert@localhost"
"S10172","44.004","20.698","GRI1","7844","81",\N,\N,"inhumation","R00795","C03745",\N,"1","crouched","back",\N,\N,\N,\N,"jovan2017a","2024-05-30 17:47:41","robert@localhost","2024-06-03 22:36:58","robert@localhost"
"S10172","44.004","20.698","GRI1","7844","81",\N,\N,"inhumation","R00796","C03746","1","1",\N,\N,\N,\N,\N,\N,"jovan2017a","2024-05-30 17:47:41","robert@localhost","2024-05-30 17:47:41","robert@localhost"
"S10116","44.762","20.623","VINCA1","7447","84",\N,\N,"inhumation","R00797","C03752",\N,"1",\N,\N,\N,\N,\N,\N,"jovan2017a","2024-05-30 17:47:41","robert@localhost","2024-05-30 17:47:41","robert@localhost"
"S10116","44.762","20.623","VINCA1","7447","84",\N,\N,"inhumation","R00798","C03753",\N,"1",\N,\N,\N,\N,\N,\N,"jovan2017a","2024-05-30 17:47:41","robert@localhost","2024-05-30 17:47:41","robert@localhost"
"S10116","44.762","20.623","VINCA1","7447","84",\N,\N,"inhumation","R00799","C03754",\N,"1",\N,\N,\N,\N,\N,\N,"jovan2017a","2024-05-30 17:47:41","robert@localhost","2024-05-30 17:47:41","robert@localhost"
"S10116","44.762","20.623","VINCA1","7447","84",\N,\N,"inhumation","R00800","C03755",\N,"1",\N,\N,\N,\N,\N,\N,"jovan2017a","2024-05-30 17:47:41","robert@localhost","2024-05-30 17:47:41","robert@localhost"
"S10116","44.762","20.623","VINCA1","7447","84",\N,\N,"inhumation","R00801","C03756",\N,"1",\N,\N,\N,\N,\N,\N,"jovan2017a","2024-05-30 17:47:41","robert@localhost","2024-05-30 17:47:41","robert@localhost"
"S10116","44.762","20.623","VINCA1","7447","84",\N,\N,"inhumation","R00802","C03757",\N,"1",\N,\N,\N,\N,\N,\N,"jovan2017a","2024-05-30 17:47:41","robert@localhost","2024-05-30 17:47:41","robert@localhost"
"S10116","44.762","20.623","VINCA1","7447","84",\N,\N,"inhumation","R00803","C03758",\N,"1",\N,\N,\N,\N,\N,\N,"jovan2017a","2024-05-30 17:47:41","robert@localhost","2024-05-30 17:47:41","robert@localhost"
"S10116","44.762","20.623","VINCA1","7447","84",\N,\N,"inhumation","R00804","C03759",\N,"1",\N,\N,\N,\N,\N,\N,"jovan2017a","2024-05-30 17:47:41","robert@localhost","2024-05-30 17:47:41","robert@localhost"
"S10116","44.762","20.623","VINCA1","7447","84",\N,\N,"inhumation","R00805","C03760",\N,"1",\N,\N,\N,\N,\N,\N,"jovan2017a","2024-05-30 17:47:41","robert@localhost","2024-05-30 17:47:41","robert@localhost"
"S10116","44.762","20.623","VINCA1","7447","84",\N,\N,"inhumation","R00806","C03761",\N,"1",\N,\N,\N,\N,\N,\N,"jovan2017a","2024-05-30 17:47:41","robert@localhost","2024-05-30 17:47:41","robert@localhost"
"S10116","44.762","20.623","VINCA1","7447","84",\N,\N,"inhumation","R00807","C03763",\N,"1",\N,\N,\N,\N,\N,\N,"jovan2017a","2024-05-30 17:47:41","robert@localhost","2024-05-30 17:47:41","robert@localhost"
"S10116","44.762","20.623","VINCA1","7447","84",\N,\N,"inhumation","R00808","C03764",\N,"1",\N,\N,\N,\N,\N,\N,"jovan2017a","2024-05-30 17:47:41","robert@localhost","2024-05-30 17:47:41","robert@localhost"
"S10175","42.795","20.691","RKO1","7889","330",\N,\N,"inhumation","R00809","C03765",\N,"1","crouched","back",\N,\N,"1","0","jovan2017a","2024-05-30 17:47:41","robert@localhost","2024-06-03 21:37:22","robert@localhost"
"S10175","42.795","20.691","RKO1","7889","330",\N,\N,"inhumation","R00811","C03766",\N,\N,"crouched","back",\N,\N,\N,"0","jovan2017a","2024-05-30 17:47:41","robert@localhost","2024-06-03 21:38:40","robert@localhost"
"S10175","42.795","20.691","RKO1","7889","330",\N,\N,"inhumation","R00813","C03767",\N,\N,"crouched","back",\N,\N,"1","0","jovan2017a","2024-05-30 17:47:41","robert@localhost","2024-06-03 21:39:24","robert@localhost"
"S10175","42.795","20.691","RKO1","7889","330",\N,\N,"inhumation","R00815","C03768",\N,\N,"crouched","back",\N,\N,"1","0","jovan2017a","2024-05-30 17:47:41","robert@localhost","2024-06-03 21:39:55","robert@localhost"
"S10175","42.795","20.691","RKO1","7889","330",\N,\N,"inhumation","R00817","C03769",\N,\N,"crouched","back",\N,\N,\N,"0","jovan2017a","2024-05-30 17:47:41","robert@localhost","2024-06-03 21:40:25","robert@localhost"
"S10175","42.795","20.691","RKO1","7889","330",\N,\N,"inhumation","R00818","C03769",\N,\N,\N,\N,\N,\N,\N,\N,"jovan2021a","2024-05-30 17:47:41","robert@localhost","2024-05-30 17:47:41","robert@localhost"
"S07699","52.847","17.861","KIERZK1","4597","983",\N,\N,"inhumation","R00819","C03770","1",\N,\N,\N,\N,\N,\N,\N,"budni2017a","2024-05-30 17:47:41","robert@localhost","2024-05-30 17:47:41","robert@localhost"
"S07699","52.847","17.861","KIERZK1","4597","983","I2435","mathi2018a","inhumation","R00820","C03771","1","1",\N,\N,\N,\N,\N,\N,"budni2017a","2024-05-30 17:47:41","robert@localhost","2024-05-30 17:47:41","robert@localhost"
"S07699","52.847","17.861","KIERZK1","4597","983","I2434","mathi2018a","inhumation","R00821","C03772","1","1",\N,\N,\N,\N,\N,\N,"budni2017a","2024-05-30 17:47:41","robert@localhost","2024-05-30 17:47:41","robert@localhost"
"S07699","52.847","17.861","KIERZK1","4597","983",\N,\N,"inhumation","R00822","C03773","1",\N,\N,\N,\N,\N,\N,\N,"budni2017a","2024-05-30 17:47:41","robert@localhost","2024-05-30 17:47:41","robert@localhost"
"S07699","52.847","17.861","KIERZK1","4597","983",\N,\N,"inhumation","R00823","C03774","1","1",\N,\N,\N,\N,\N,\N,"budni2017a","2024-05-30 17:47:41","robert@localhost","2024-05-30 17:47:41","robert@localhost"
"S07699","52.847","17.861","KIERZK1","4597","983","I2440","mathi2018a","inhumation","R00824","C03775","1",\N,\N,\N,\N,\N,\N,\N,"budni2017a","2024-05-30 17:47:41","robert@localhost","2024-05-30 17:47:41","robert@localhost"
"S07699","52.847","17.861","KIERZK1","4597","983",\N,\N,"inhumation","R00825","C03776","1",\N,\N,\N,\N,\N,\N,\N,"budni2017a","2024-05-30 17:47:41","robert@localhost","2024-05-30 17:47:41","robert@localhost"
"S07699","52.847","17.861","KIERZK1","4597","983",\N,\N,"inhumation","R00826","C03777","1","1",\N,\N,\N,\N,\N,\N,"budni2017a","2024-05-30 17:47:41","robert@localhost","2024-05-30 17:47:41","robert@localhost"
"S07699","52.847","17.861","KIERZK1","4597","983","I2405","mathi2018a","inhumation","R00827","C03778","1",\N,\N,\N,\N,\N,\N,\N,"budni2017a","2024-05-30 17:47:41","robert@localhost","2024-05-30 17:47:41","robert@localhost"
"S07699","52.847","17.861","KIERZK1","4597","983",\N,\N,"inhumation","R00828","C03779","1","1",\N,\N,\N,\N,\N,\N,"budni2017a","2024-05-30 17:47:41","robert@localhost","2024-05-30 17:47:41","robert@localhost"
"S07699","52.847","17.861","KIERZK1","4597","983",\N,\N,"inhumation","R00829","C03780","1","1",\N,\N,\N,\N,\N,\N,"budni2017a","2024-05-30 17:47:41","robert@localhost","2024-05-30 17:47:41","robert@localhost"
"S07699","52.847","17.861","KIERZK1","4597","983","I2407","mathi2018a","inhumation","R00830","C03781","1","1",\N,\N,\N,\N,\N,\N,"budni2017a","2024-05-30 17:47:41","robert@localhost","2024-05-30 17:47:41","robert@localhost"
"S07699","52.847","17.861","KIERZK1","4597","983",\N,\N,"inhumation","R00831","C03782","1","1",\N,\N,\N,\N,\N,\N,"budni2017a","2024-05-30 17:47:41","robert@localhost","2024-05-30 17:47:41","robert@localhost"
"S07699","52.847","17.861","KIERZK1","4597","983","I2403","mathi2018a","inhumation","R00832","C03783","1",\N,\N,\N,\N,\N,\N,\N,"budni2017a","2024-05-30 17:47:41","robert@localhost","2024-05-30 17:47:41","robert@localhost"
"S07699","52.847","17.861","KIERZK1","4597","983",\N,\N,"inhumation","R00833","C03784","1","1",\N,\N,\N,\N,\N,\N,"budni2017a","2024-05-30 17:47:41","robert@localhost","2024-05-30 17:47:41","robert@localhost"
"S07699","52.847","17.861","KIERZK1","4597","983",\N,\N,"inhumation","R00834","C03785","1","1",\N,\N,\N,\N,\N,\N,"budni2017a","2024-05-30 17:47:41","robert@localhost","2024-05-30 17:47:41","robert@localhost"
"S07699","52.847","17.861","KIERZK1","4597","983","I2441","mathi2018a","inhumation","R00835","C03786","1",\N,\N,\N,\N,\N,\N,\N,"budni2017a","2024-05-30 17:47:41","robert@localhost","2024-05-30 17:47:41","robert@localhost"
"S07699","52.847","17.861","KIERZK1","4597","983","I2433","mathi2018a","inhumation","R00836","C03787","1","1",\N,\N,\N,\N,\N,\N,"budni2017a","2024-05-30 17:47:41","robert@localhost","2024-05-30 17:47:41","robert@localhost"
"S07699","52.847","17.861","KIERZK1","4597","983",\N,\N,"inhumation","R00837","C03788","1","1",\N,\N,\N,\N,\N,\N,"budni2017a","2024-05-30 17:47:41","robert@localhost","2024-05-30 17:47:41","robert@localhost"
"S07699","52.847","17.861","KIERZK1","4597","983",\N,\N,"inhumation","R00838","C03789","1","1",\N,\N,\N,\N,\N,\N,"budni2017a","2024-05-30 17:47:41","robert@localhost","2024-05-30 17:47:41","robert@localhost"
"S07699","52.847","17.861","KIERZK1","4597","983",\N,\N,"inhumation","R00839","C03790","1","1",\N,\N,\N,\N,\N,\N,"budni2017a","2024-05-30 17:47:41","robert@localhost","2024-05-30 17:47:41","robert@localhost"
"S07699","52.847","17.861","KIERZK1","4597","983",\N,\N,"inhumation","R00840","C03791","1","1",\N,\N,\N,\N,\N,\N,"budni2017a","2024-05-30 17:47:41","robert@localhost","2024-05-30 17:47:41","robert@localhost"
"S07699","52.847","17.861","KIERZK1","4597","983",\N,\N,"inhumation","R00841","C03792","1","1",\N,\N,\N,\N,\N,\N,"budni2017a","2024-05-30 17:47:41","robert@localhost","2024-05-30 17:47:41","robert@localhost"
"S07699","52.847","17.861","KIERZK1","4597","983",\N,\N,"inhumation","R00842","C03793","1",\N,\N,\N,\N,\N,\N,\N,"budni2017a","2024-05-30 17:47:41","robert@localhost","2024-05-30 17:47:41","robert@localhost"
"S07699","52.847","17.861","KIERZK1","4597","983",\N,\N,"inhumation","R00843","C03794","1",\N,\N,\N,\N,\N,\N,\N,"budni2017a","2024-05-30 17:47:41","robert@localhost","2024-05-30 17:47:41","robert@localhost"
"S07699","52.847","17.861","KIERZK1","4597","983",\N,\N,"inhumation","R00844","C03795","1",\N,\N,\N,\N,\N,\N,\N,"budni2017a","2024-05-30 17:47:41","robert@localhost","2024-05-30 17:47:41","robert@localhost"
"S07699","52.847","17.861","KIERZK1","4597","983",\N,\N,"inhumation","R00845","C03796","1",\N,\N,\N,\N,\N,\N,\N,"budni2017a","2024-05-30 17:47:41","robert@localhost","2024-05-30 17:47:41","robert@localhost"
"S07699","52.847","17.861","KIERZK1","4597","983",\N,\N,"inhumation","R00846","C03797","1","1",\N,\N,\N,\N,\N,\N,"budni2017a","2024-05-30 17:47:41","robert@localhost","2024-05-30 17:47:41","robert@localhost"
"S10180","44.276","23.900","CVA1","7311","308",\N,\N,"inhumation","R00847","C03798","1","1",\N,\N,\N,\N,\N,\N,"ion2009a","2024-05-30 17:47:41","robert@localhost","2024-05-30 17:47:41","robert@localhost"
"S10180","44.276","23.900","CVA1","7311","308",\N,\N,"inhumation","R00848","C03799","1","1",\N,\N,\N,\N,\N,\N,"ion2009a","2024-05-30 17:47:41","robert@localhost","2024-05-30 17:47:41","robert@localhost"
"S10180","44.276","23.900","CVA1","7311","308",\N,\N,"inhumation","R00849","C03800","1",\N,\N,\N,\N,\N,\N,\N,"ion2009a","2024-05-30 17:47:41","robert@localhost","2024-05-30 17:47:41","robert@localhost"
"S10180","44.276","23.900","CVA1","7311","308",\N,\N,"inhumation","R00850","C03801","1","1",\N,\N,\N,\N,\N,\N,"ion2009a","2024-05-30 17:47:41","robert@localhost","2024-05-30 17:47:41","robert@localhost"
"S10180","44.276","23.900","CVA1","7311","308",\N,\N,"inhumation","R00851","C03802","1","1",\N,\N,\N,\N,\N,\N,"ion2009a","2024-05-30 17:47:41","robert@localhost","2024-05-30 17:47:41","robert@localhost"
"S10180","44.276","23.900","CVA1","7311","308",\N,\N,"inhumation","R00852","C03803","1","1",\N,\N,\N,\N,\N,\N,"ion2009a","2024-05-30 17:47:41","robert@localhost","2024-05-30 17:47:41","robert@localhost"
"S10180","44.276","23.900","CVA1","7311","308",\N,\N,"inhumation","R00853","C03804","1",\N,\N,\N,\N,\N,\N,\N,"ion2009a","2024-05-30 17:47:41","robert@localhost","2024-05-30 17:47:41","robert@localhost"
"S10180","44.276","23.900","CVA1","7311","308",\N,\N,"inhumation","R00854","C03805","1",\N,\N,\N,\N,\N,\N,\N,"ion2009a","2024-05-30 17:47:41","robert@localhost","2024-05-30 17:47:41","robert@localhost"
"S10180","44.276","23.900","CVA1","7311","308",\N,\N,"inhumation","R00855","C03806","1",\N,\N,\N,\N,\N,\N,\N,"ion2009a","2024-05-30 17:47:41","robert@localhost","2024-05-30 17:47:41","robert@localhost"
"S10180","44.276","23.900","CVA1","7311","308",\N,\N,"inhumation","R00856","C03807","1","1",\N,\N,\N,\N,\N,\N,"ion2009a","2024-05-30 17:47:41","robert@localhost","2024-05-30 17:47:41","robert@localhost"
"S10180","44.276","23.900","CVA1","7311","308",\N,\N,"inhumation","R00857","C03808","1","1",\N,\N,\N,\N,\N,\N,"ion2009a","2024-05-30 17:47:41","robert@localhost","2024-05-30 17:47:41","robert@localhost"
"S10180","44.276","23.900","CVA1","7311","308",\N,\N,"inhumation","R00858","C03809","1","1",\N,\N,\N,\N,\N,\N,"ion2009a","2024-05-30 17:47:41","robert@localhost","2024-05-30 17:47:41","robert@localhost"
"S10180","44.276","23.900","CVA1","7311","308",\N,\N,"inhumation","R00859","C03810","1","1",\N,\N,\N,\N,\N,\N,"ion2009a","2024-05-30 17:47:41","robert@localhost","2024-05-30 17:47:41","robert@localhost"
"S10180","44.276","23.900","CVA1","7311","308",\N,\N,"inhumation","R00860","C03811","1",\N,\N,\N,\N,\N,\N,\N,"ion2009a","2024-05-30 17:47:41","robert@localhost","2024-05-30 17:47:41","robert@localhost"
"S10180","44.276","23.900","CVA1","7311","308",\N,\N,"inhumation","R00861","C03812","1","1",\N,\N,\N,\N,\N,\N,"ion2009a","2024-05-30 17:47:41","robert@localhost","2024-05-30 17:47:41","robert@localhost"
"S10180","44.276","23.900","CVA1","7311","308",\N,\N,"inhumation","R00862","C03813","1","1",\N,\N,\N,\N,\N,\N,"ion2009a","2024-05-30 17:47:41","robert@localhost","2024-05-30 17:47:41","robert@localhost"
"S10180","44.276","23.900","CVA1","7311","308",\N,\N,"inhumation","R00863","C03814","1","1",\N,\N,\N,\N,\N,\N,"ion2009a","2024-05-30 17:47:41","robert@localhost","2024-05-30 17:47:41","robert@localhost"
"S10180","44.276","23.900","CVA1","7311","308",\N,\N,"inhumation","R00864","C03815","1","1",\N,\N,\N,\N,\N,\N,"ion2009a","2024-05-30 17:47:41","robert@localhost","2024-05-30 17:47:41","robert@localhost"
"S10180","44.276","23.900","CVA1","7311","308",\N,\N,"inhumation","R00865","C03816","1","1",\N,\N,\N,\N,\N,\N,"ion2009a","2024-05-30 17:47:41","robert@localhost","2024-05-30 17:47:41","robert@localhost"
"S10180","44.276","23.900","CVA1","7311","308",\N,\N,"inhumation","R00866","C03817","1","1",\N,\N,\N,\N,\N,\N,"ion2009a","2024-05-30 17:47:41","robert@localhost","2024-05-30 17:47:41","robert@localhost"
"S10180","44.276","23.900","CVA1","7311","308",\N,\N,"inhumation","R00867","C03818","1","1",\N,\N,\N,\N,\N,\N,"ion2009a","2024-05-30 17:47:41","robert@localhost","2024-05-30 17:47:41","robert@localhost"
"S10180","44.276","23.900","CVA1","7311","308",\N,\N,"inhumation","R00868","C03819","1","1",\N,\N,\N,\N,\N,\N,"ion2009a","2024-05-30 17:47:41","robert@localhost","2024-05-30 17:47:41","robert@localhost"
"S10180","44.276","23.900","CVA1","7311","308","I2533","mathi2018a","inhumation","R00869","C03820","1","1",\N,\N,\N,\N,\N,\N,"mathi2018a","2024-05-30 17:47:41","robert@localhost","2024-05-30 17:47:41","robert@localhost"
"S10180","44.276","23.900","CVA1","7311","308",\N,\N,"inhumation","R00870","C03821","1","1",\N,\N,\N,\N,\N,\N,"mathi2018a","2024-05-30 17:47:41","robert@localhost","2024-05-30 17:47:41","robert@localhost"
"S10180","44.276","23.900","CVA1","7311","308",\N,\N,"inhumation","R00871","C03822","1","1",\N,\N,\N,\N,\N,\N,"mathi2018a","2024-05-30 17:47:41","robert@localhost","2024-05-30 17:47:41","robert@localhost"
"S10181","45.471","27.008","COT1","7587","123","I2532","mathi2018a","inhumation","R00872","C03823","0","1","crouched","left","315","45","0",\N,"mathi2018a","2024-05-30 17:47:41","robert@localhost","2024-05-30 17:47:41","robert@localhost"
"S10182","44.022","25.394","MBU1","7646","304","I2534","mathi2018a","inhumation","R00873","C03824",\N,"1",\N,\N,\N,\N,"1",\N,"mathi2018a","2024-05-30 17:47:41","robert@localhost","2024-05-30 17:47:41","robert@localhost"
"S10183","44.630","22.610","SCL2","7889","228",\N,\N,"inhumation","R00874","C03825",\N,"1","extended","back","210",\N,"0",\N,"boron2013a","2024-05-30 17:47:41","robert@localhost","2024-05-30 17:47:41","robert@localhost"
"S10183","44.630","22.610","SCL2","7889","228",\N,\N,"inhumation","R00875","C03826",\N,"1","extended","back","210",\N,"0","1","boron2013a","2024-05-30 17:47:41","robert@localhost","2024-05-30 17:47:41","robert@localhost"
"S10183","44.630","22.610","SCL2","7889","228",\N,\N,"inhumation","R00876","C03827",\N,"1","extended","back","210",\N,"0","1","boron2013a","2024-05-30 17:47:41","robert@localhost","2024-05-30 17:47:41","robert@localhost"
"S10183","44.630","22.610","SCL2","7889","228",\N,\N,"inhumation","R00877","C03828","1","1","extended","back","220",\N,"0",\N,"boron2013a","2024-05-30 17:47:41","robert@localhost","2024-05-30 17:47:41","robert@localhost"
"S10183","44.630","22.610","SCL2","7889","228",\N,\N,"inhumation","R00878","C03829","1","0",\N,"left","180","270","0",\N,"boron2013a","2024-05-30 17:47:41","robert@localhost","2024-05-30 17:47:41","robert@localhost"
"S10183","44.630","22.610","SCL2","7889","228",\N,\N,"inhumation","R00879","C03830","1","1",\N,\N,\N,\N,"0",\N,"boron2013a","2024-05-30 17:47:41","robert@localhost","2024-05-30 17:47:41","robert@localhost"
"S10183","44.630","22.610","SCL2","7889","228",\N,\N,"inhumation","R00880","C03831",\N,"1","extended","back","180","270","0",\N,"boron2013a","2024-05-30 17:47:41","robert@localhost","2024-05-30 17:47:41","robert@localhost"
"S10183","44.630","22.610","SCL2","7889","228",\N,\N,"inhumation","R00881","C03832",\N,"1",\N,\N,\N,\N,"0",\N,"boron2013a","2024-05-30 17:47:41","robert@localhost","2024-05-30 17:47:41","robert@localhost"
"S10183","44.630","22.610","SCL2","7889","228",\N,\N,"inhumation","R00882","C03833",\N,"1","extended","back","0","90","0",\N,"boron2013a","2024-05-30 17:47:41","robert@localhost","2024-05-30 17:47:41","robert@localhost"
"S10183","44.630","22.610","SCL2","7889","228",\N,\N,"inhumation","R00883","C03834",\N,"1","extended","back","220",\N,"0",\N,"boron2013a","2024-05-30 17:47:41","robert@localhost","2024-05-30 17:47:41","robert@localhost"
"S10183","44.630","22.610","SCL2","7889","228",\N,\N,"inhumation","R00884","C03835",\N,"1","extended","back","180","270","0",\N,"boron2013a","2024-05-30 17:47:41","robert@localhost","2024-06-03 22:34:32","robert@localhost"
"S10183","44.630","22.610","SCL2","7889","228",\N,\N,"inhumation","R00885","C03836","1","1",\N,"back","180","270","0",\N,"boron2013a","2024-05-30 17:47:41","robert@localhost","2024-05-30 17:47:41","robert@localhost"
"S10183","44.630","22.610","SCL2","7889","228",\N,\N,"inhumation","R00886","C03837","1","1","extended","back",\N,\N,"0",\N,"boron2013a","2024-05-30 17:47:41","robert@localhost","2024-06-03 22:34:32","robert@localhost"
"S10183","44.630","22.610","SCL2","7889","228",\N,\N,"inhumation","R00887","C03838",\N,\N,"extended","back",\N,\N,"0",\N,"boron2013a","2024-05-30 17:47:41","robert@localhost","2024-06-03 22:34:33","robert@localhost"
"S10183","44.630","22.610","SCL2","7889","228",\N,\N,"inhumation","R00888","C03839",\N,\N,\N,\N,\N,\N,"1",\N,"boron2013a","2024-05-30 17:47:41","robert@localhost","2024-05-30 17:47:41","robert@localhost"
"S10183","44.630","22.610","SCL2","7889","228",\N,\N,"inhumation","R00889","C03840","1","1",\N,\N,"180","270","0",\N,"boron2013a","2024-05-30 17:47:41","robert@localhost","2024-05-30 17:47:41","robert@localhost"
"S10183","44.630","22.610","SCL2","7889","228",\N,\N,"inhumation","R00890","C03841","1",\N,\N,\N,"0","90","0",\N,"boron2013a","2024-05-30 17:47:41","robert@localhost","2024-05-30 17:47:41","robert@localhost"
"S10183","44.630","22.610","SCL2","7889","228",\N,\N,"inhumation","R00891","C03842","1",\N,"scattered",\N,\N,\N,"0",\N,"boron2013a","2024-05-30 17:47:41","robert@localhost","2024-05-30 17:47:41","robert@localhost"
"S10183","44.630","22.610","SCL2","7889","228",\N,\N,"inhumation","R00892","C03843",\N,"1",\N,"back","45","135","1","1","boron2013a","2024-05-30 17:47:41","robert@localhost","2024-05-30 17:47:41","robert@localhost"
"S10183","44.630","22.610","SCL2","7889","228",\N,\N,"inhumation","R00893","C03844",\N,"1",\N,"back","45","135","1",\N,"boron2013a","2024-05-30 17:47:41","robert@localhost","2024-05-30 17:47:41","robert@localhost"
"S10183","44.630","22.610","SCL2","7889","228",\N,\N,"inhumation","R00894","C03845","1","1",\N,\N,"45","135","1",\N,"boron2013a","2024-05-30 17:47:41","robert@localhost","2024-05-30 17:47:41","robert@localhost"
"S10183","44.630","22.610","SCL2","7889","228",\N,\N,"inhumation","R00895","C03846","0","1",\N,"back","45","135","1",\N,"boron2013a","2024-05-30 17:47:41","robert@localhost","2024-05-30 17:47:41","robert@localhost"
"S10183","44.630","22.610","SCL2","7889","228",\N,\N,"inhumation","R00896","C03847","1","1",\N,\N,\N,\N,"0",\N,"boron2013a","2024-05-30 17:47:41","robert@localhost","2024-05-30 17:47:41","robert@localhost"
"S10183","44.630","22.610","SCL2","7889","228",\N,\N,"inhumation","R00897","C03848","1","1","crouched","left",\N,\N,"1",\N,"boron2013a","2024-05-30 17:47:41","robert@localhost","2024-05-30 17:47:41","robert@localhost"
"S10183","44.630","22.610","SCL2","7889","228",\N,\N,"inhumation","R00898","C03849","0","1","extended","back","50",\N,"0",\N,"boron2013a","2024-05-30 17:47:41","robert@localhost","2024-06-03 22:34:33","robert@localhost"
"S10183","44.630","22.610","SCL2","7889","228",\N,\N,"inhumation","R00899","C03850",\N,"1","crouched",\N,"270",\N,\N,\N,"boron2013a","2024-05-30 17:47:41","robert@localhost","2024-05-30 17:47:41","robert@localhost"
"S10183","44.630","22.610","SCL2","7889","228",\N,\N,"inhumation","R00900","C03851",\N,"1","crouched",\N,"210",\N,\N,\N,"boron2013a","2024-05-30 17:47:41","robert@localhost","2024-05-30 17:47:41","robert@localhost"
"S10183","44.630","22.610","SCL2","7889","228",\N,\N,"inhumation","R00901","C03852","0","1","extended","back",\N,\N,\N,\N,"bonsa2013a","2024-05-30 17:47:41","robert@localhost","2024-05-30 17:47:41","robert@localhost"
"S10183","44.630","22.610","SCL2","7889","228","I5436","mathi2018a","inhumation","R00902","C03853","0","1","extended","back",\N,\N,\N,\N,"bonsa2013a","2024-05-30 17:47:41","robert@localhost","2024-05-30 17:47:41","robert@localhost"
"S10183","44.630","22.610","SCL2","7889","228","I4607","mathi2018a","inhumation","R00903","C03854","0","1","extended","back",\N,\N,\N,\N,"bonsa2013a","2024-05-30 17:47:41","robert@localhost","2024-05-30 17:47:41","robert@localhost"
"S10183","44.630","22.610","SCL2","7889","228",\N,\N,"inhumation","R00904","C03855","0","0","extended","back",\N,\N,\N,\N,"bonsa2013a","2024-05-30 17:47:41","robert@localhost","2024-05-30 17:47:41","robert@localhost"
"S10183","44.630","22.610","SCL2","7889","228",\N,\N,"inhumation","R00905","C03856","0","1","extended","back",\N,\N,\N,\N,"bonsa2013a","2024-05-30 17:47:41","robert@localhost","2024-05-30 17:47:41","robert@localhost"
"S10183","44.630","22.610","SCL2","7889","228",\N,\N,"inhumation","R00906","C03857","0","1","extended","back",\N,\N,\N,\N,"bonsa2013a","2024-05-30 17:47:41","robert@localhost","2024-05-30 17:47:41","robert@localhost"
"S10183","44.630","22.610","SCL2","7889","228","I4655","mathi2018a","inhumation","R00907","C03858","0","1","extended","back",\N,\N,\N,\N,"bonsa2013a","2024-05-30 17:47:41","robert@localhost","2024-05-30 17:47:41","robert@localhost"
"S10183","44.630","22.610","SCL2","7889","228",\N,\N,"inhumation","R00908","C03859","0","0",\N,\N,\N,\N,\N,\N,"bonsa2013a","2024-05-30 17:47:41","robert@localhost","2024-05-30 17:47:41","robert@localhost"
"S10183","44.630","22.610","SCL2","7889","228",\N,\N,"inhumation","R00909","C03860","1","0",\N,\N,\N,\N,\N,\N,"bonsa2013a","2024-05-30 17:47:41","robert@localhost","2024-05-30 17:47:41","robert@localhost"
"S10183","44.630","22.610","SCL2","7889","228",\N,\N,"inhumation","R00910","C03861","1","0",\N,\N,\N,\N,\N,\N,"bonsa2013a","2024-05-30 17:47:41","robert@localhost","2024-05-30 17:47:41","robert@localhost"
"S10183","44.630","22.610","SCL2","7889","228","I5411","mathi2018a","inhumation","R00911","C03862",\N,\N,\N,\N,\N,\N,\N,\N,"mathi2018a","2024-05-30 17:47:41","robert@localhost","2024-05-30 17:47:41","robert@localhost"
"S10183","44.630","22.610","SCL2","7889","228",\N,\N,"inhumation","R00912","C03863","0",\N,\N,\N,\N,\N,\N,\N,"bonsa2016a","2024-05-30 17:47:41","robert@localhost","2024-05-31 03:46:08","Rscripts@localhost"
"S10184","44.509","22.720","OCO1","8862","604","I4081","mathi2018a","inhumation","R00913","C03864","0","1","crouched",\N,\N,\N,"0",\N,"bonsa2016a","2024-05-30 17:47:41","robert@localhost","2024-06-03 22:35:39","robert@localhost"
"S10184","44.509","22.720","OCO1","8862","604",\N,\N,"inhumation","R00914","C03865","0","1","crouched",\N,\N,\N,"1","1","bonsa2016a","2024-05-30 17:47:41","robert@localhost","2024-06-03 22:35:39","robert@localhost"
"S10184","44.509","22.720","OCO2","10018","86","I5408","mathi2018a","inhumation","R00915","C03866","0","1","crouched","back","90",\N,"1",\N,"bonsa2016a","2024-05-30 17:47:41","robert@localhost","2024-05-30 17:47:41","robert@localhost"
"S10184","44.509","22.720","OCO1","8862","604",\N,\N,"inhumation","R00916","C03868","1","1",\N,\N,\N,\N,"1","1","bonsa2016a","2024-05-30 17:47:41","robert@localhost","2024-05-30 17:47:41","robert@localhost"
"S10184","44.509","22.720","OCO1","8862","604","I4582","mathi2018a","inhumation","R00917","C03869","0","1",\N,"back","80",\N,"0",\N,"bonsa2016a","2024-05-30 17:47:41","robert@localhost","2024-05-30 17:47:41","robert@localhost"
"S10184","44.509","22.720","OCO1","8862","604",\N,\N,"inhumation","R00918","C03870","0","1","extended","left","315","45",\N,"1","bonsa2016a","2024-05-30 17:47:41","robert@localhost","2024-05-30 17:47:41","robert@localhost"
"S10184","44.509","22.720","OCO1","8862","604",\N,\N,"inhumation","R00919","C03871",\N,\N,"crouched",\N,\N,\N,\N,"1","bonsa2016a","2024-05-30 17:47:41","robert@localhost","2024-05-30 17:47:41","robert@localhost"
"S10184","44.509","22.720","OCO1","8862","604",\N,\N,"inhumation","R00920","C03872","1",\N,\N,\N,\N,\N,\N,"1","bonsa2016a","2024-05-30 17:47:41","robert@localhost","2024-05-30 17:47:41","robert@localhost"
"S10184","44.509","22.720","OCO1","8862","604",\N,\N,"inhumation","R00921","C03873","1",\N,\N,\N,\N,\N,\N,"1","bonsa2016a","2024-05-30 17:47:41","robert@localhost","2024-05-30 17:47:41","robert@localhost"
"S10185","47.743","22.395","URZ1","5878","305","I4088","mathi2018a","inhumation","R00922","C03874","0","1","crouched","left","45","135","1",\N,"mathi2018a","2024-05-30 17:47:41","robert@localhost","2024-05-30 17:47:41","robert@localhost"
"S10185","47.743","22.395","URZ1","5878","305","I4089","mathi2018a","inhumation","R00923","C03875","0","1","crouched","left","45","135","1",\N,"mathi2018a","2024-05-30 17:47:41","robert@localhost","2024-05-30 17:47:41","robert@localhost"
"S10126","44.888","19.748","GOMOL1B","6653","450",\N,\N,"inhumation","R00924","C03876",\N,"1","crouched","left","60",\N,\N,\N,"borić2009a","2024-05-30 17:47:41","robert@localhost","2024-05-30 17:47:41","robert@localhost"
"S10126","44.888","19.748","GOMOL1B","6653","450","I0633","mathi2018a","inhumation","R00925","C03877",\N,"1",\N,\N,"70",\N,"0",\N,"stefa2008a","2024-05-30 17:47:41","robert@localhost","2024-05-30 17:47:41","robert@localhost"
"S10126","44.888","19.748","GOMOL1B","6653","450",\N,\N,"inhumation","R00926","C03878",\N,"1","crouched","left","50",\N,\N,\N,"borić2009a","2024-05-30 17:47:41","robert@localhost","2024-05-30 17:47:41","robert@localhost"
"S10126","44.888","19.748","GOMOL1B","6653","450",\N,\N,"inhumation","R00927","C03879",\N,"1","crouched","left","130",\N,\N,\N,"borić2009a","2024-05-30 17:47:41","robert@localhost","2024-05-30 17:47:41","robert@localhost"
"S10126","44.888","19.748","GOMOL1B","6653","450",\N,\N,"inhumation","R00928","C03880",\N,\N,\N,\N,\N,\N,"0",\N,"stefa2008a","2024-05-30 17:47:41","robert@localhost","2024-05-30 17:47:41","robert@localhost"
"S10126","44.888","19.748","GOMOL1B","6653","450",\N,\N,"inhumation","R00929","C03881",\N,"1",\N,\N,"50",\N,"1",\N,"borić2009a","2024-05-30 17:47:41","robert@localhost","2024-05-30 17:47:41","robert@localhost"
"S10126","44.888","19.748","GOMOL1B","6653","450","I0634","mathi2018a","inhumation","R00930","C03882",\N,"1",\N,\N,"130",\N,"1",\N,"stefa2008a","2024-05-30 17:47:41","robert@localhost","2024-05-30 17:47:41","robert@localhost"
"S10126","44.888","19.748","GOMOL1B","6653","450",\N,\N,"inhumation","R00931","C03883",\N,"1",\N,\N,"50",\N,"0",\N,"stefa2008a","2024-05-30 17:47:41","robert@localhost","2024-05-30 17:47:41","robert@localhost"
"S10126","44.888","19.748","GOMOL1B","6653","450","I1131","mathi2018a","inhumation","R00932","C03884","0","1","crouched","left","90",\N,"1",\N,"stefa2008a","2024-05-30 17:47:41","robert@localhost","2024-05-30 17:47:41","robert@localhost"
"S10126","44.888","19.748","GOMOL1B","6653","450",\N,\N,"inhumation","R00933","C03885",\N,"1","crouched","back","160",\N,\N,\N,"borić2009a","2024-05-30 17:47:41","robert@localhost","2024-05-30 17:47:41","robert@localhost"
"S10126","44.888","19.748","GOMOL1B","6653","450",\N,\N,"inhumation","R00934","C03886",\N,"1","crouched","left","70",\N,\N,\N,"borić2009a","2024-05-30 17:47:41","robert@localhost","2024-06-03 22:36:58","robert@localhost"
"S10126","44.888","19.748","GOMOL1B","6653","450",\N,\N,"inhumation","R00935","C03887",\N,"1",\N,\N,"150",\N,"1",\N,"stefa2008a","2024-05-30 17:47:41","robert@localhost","2024-05-30 17:47:41","robert@localhost"
"S10126","44.888","19.748","GOMOL1B","6653","450",\N,\N,"inhumation","R00936","C03888",\N,\N,\N,\N,\N,\N,\N,\N,"borić2009a","2024-05-30 17:47:41","robert@localhost","2024-05-30 17:47:41","robert@localhost"
"S10126","44.888","19.748","GOMOL1B","6653","450",\N,\N,"inhumation","R00937","C03889",\N,"1","crouched","back","80",\N,\N,\N,"borić2009a","2024-05-30 17:47:41","robert@localhost","2024-05-30 17:47:41","robert@localhost"
"S10126","44.888","19.748","GOMOL1B","6653","450",\N,\N,"inhumation","R00938","C03890",\N,\N,\N,\N,\N,\N,"0",\N,"stefa2008a","2024-05-30 17:47:41","robert@localhost","2024-05-30 17:47:41","robert@localhost"
"S10126","44.888","19.748","GOMOL1B","6653","450",\N,\N,"inhumation","R00939","C03891",\N,"1","extended, rhomboid","left","70",\N,\N,\N,"borić2009a","2024-05-30 17:47:41","robert@localhost","2024-06-03 22:36:22","robert@localhost"
"S10126","44.888","19.748","GOMOL1B","6653","450",\N,\N,"inhumation","R00940","C03892",\N,"1","crouched","left","50",\N,"1",\N,"borić2009a","2024-05-30 17:47:41","robert@localhost","2024-06-03 22:36:50","robert@localhost"
"S10126","44.888","19.748","GOMOL1B","6653","450",\N,\N,"inhumation","R00941","C03893",\N,"1","crouched","left","90",\N,\N,\N,"borić2009a","2024-05-30 17:47:41","robert@localhost","2024-05-30 17:47:41","robert@localhost"
"S10126","44.888","19.748","GOMOL1B","6653","450",\N,\N,"inhumation","R00942","C03894",\N,\N,\N,\N,\N,\N,\N,\N,"borić2009a","2024-05-30 17:47:41","robert@localhost","2024-05-30 17:47:41","robert@localhost"
"S10126","44.888","19.748","GOMOL1B","6653","450",\N,\N,"inhumation","R00943","C03895",\N,"1",\N,\N,"270",\N,\N,\N,"borić2009a","2024-05-30 17:47:41","robert@localhost","2024-05-30 17:47:41","robert@localhost"
"S10126","44.888","19.748","GOMOL1B","6653","450",\N,\N,"inhumation","R00944","C03896",\N,\N,"crouched","left",\N,\N,"1",\N,"borić2009a","2024-05-30 17:47:41","robert@localhost","2024-06-03 22:36:50","robert@localhost"
"S10179","44.634","22.293","HVO1","8818","389",\N,\N,"inhumation","R00945","C03897",\N,\N,\N,\N,\N,\N,\N,\N,"borić2004a","2024-05-30 17:47:41","robert@localhost","2024-05-30 17:47:41","robert@localhost"
"S10179","44.634","22.293","HVO1","8818","389",\N,\N,"inhumation","R00946","C03898",\N,"1","extended","back","50",\N,\N,\N,"borić2004a","2024-05-30 17:47:41","robert@localhost","2024-05-30 17:47:41","robert@localhost"
"S10179","44.634","22.293","HVO1","8818","389",\N,\N,"inhumation","R00947","C03899",\N,"1",\N,"left","50",\N,\N,\N,"borić2004a","2024-05-30 17:47:41","robert@localhost","2024-05-30 17:47:41","robert@localhost"
"S10179","44.634","22.293","HVO1","8818","389",\N,\N,"inhumation","R00948","C03900",\N,"1","extended","back","50",\N,\N,\N,"borić2004a","2024-05-30 17:47:41","robert@localhost","2024-05-30 17:47:41","robert@localhost"
"S10179","44.634","22.293","HVO1","8818","389",\N,\N,"inhumation","R00949","C03901",\N,"1","extended","back","50",\N,\N,\N,"borić2004a","2024-05-30 17:47:41","robert@localhost","2024-05-30 17:47:41","robert@localhost"
"S10179","44.634","22.293","HVO1","8818","389",\N,\N,"inhumation","R00950","C03902","1","1",\N,"back","50",\N,\N,\N,"borić2004a","2024-05-30 17:47:41","robert@localhost","2024-05-30 17:47:41","robert@localhost"
"S10179","44.634","22.293","HVO1","8818","389",\N,\N,"inhumation","R00951","C03903",\N,"0","extended","back","50",\N,\N,\N,"borić2004a","2024-05-30 17:47:41","robert@localhost","2024-05-30 17:47:41","robert@localhost"
"S10179","44.634","22.293","HVO1","8818","389",\N,\N,"inhumation","R00952","C03904",\N,"1",\N,\N,\N,\N,\N,\N,"borić2004a","2024-05-30 17:47:41","robert@localhost","2024-05-30 17:47:41","robert@localhost"
"S10179","44.634","22.293","HVO1","8818","389",\N,\N,"inhumation","R00953","C03905",\N,\N,\N,\N,\N,\N,\N,\N,"borić2004a","2024-05-30 17:47:41","robert@localhost","2024-05-30 17:47:41","robert@localhost"
"S10179","44.634","22.293","HVO1","8818","389",\N,\N,"inhumation","R00954","C03906",\N,"1","extended","back","50",\N,\N,\N,"borić2004a","2024-05-30 17:47:41","robert@localhost","2024-05-30 17:47:41","robert@localhost"
"S10179","44.634","22.293","HVO1","8818","389","I4914","mathi2018a","inhumation","R00955","C03907",\N,\N,\N,"right","50",\N,\N,\N,"borić2004a","2024-05-30 17:47:41","robert@localhost","2024-05-30 17:47:41","robert@localhost"
"S10179","44.634","22.293","HVO1","8818","389",\N,\N,"inhumation","R00956","C03908",\N,"1","extended","back","50",\N,\N,\N,"borić2004a","2024-05-30 17:47:41","robert@localhost","2024-05-30 17:47:41","robert@localhost"
"S10179","44.634","22.293","HVO1","8818","389",\N,\N,"inhumation","R00957","C03909",\N,"1","extended","back",\N,\N,\N,\N,"borić2004a","2024-05-30 17:47:41","robert@localhost","2024-05-30 17:47:41","robert@localhost"
"S10179","44.634","22.293","HVO1","8818","389",\N,\N,"inhumation","R00958","C03910","1","1",\N,\N,\N,\N,\N,\N,"borić2004a","2024-05-30 17:47:41","robert@localhost","2024-05-30 17:47:41","robert@localhost"
"S10179","44.634","22.293","HVO1","8818","389","I4915","mathi2018a","inhumation","R00959","C03911",\N,"1",\N,\N,"60",\N,\N,\N,"borić2004a","2024-05-30 17:47:41","robert@localhost","2024-05-30 17:47:41","robert@localhost"
"S10179","44.634","22.293","HVO1","8818","389","I5402","mathi2018a","inhumation","R00960","C03912",\N,\N,"extended","back","50",\N,\N,\N,"borić2004a","2024-05-30 17:47:41","robert@localhost","2024-05-30 17:47:41","robert@localhost"
"S10179","44.634","22.293","HVO1","8818","389",\N,\N,"inhumation","R00961","C03913",\N,\N,\N,\N,\N,\N,\N,\N,"borić2004a","2024-05-30 17:47:41","robert@localhost","2024-05-30 17:47:41","robert@localhost"
"S10179","44.634","22.293","HVO1","8818","389",\N,\N,"inhumation","R00962","C03914",\N,\N,\N,\N,\N,\N,\N,\N,"borić2004a","2024-05-30 17:47:41","robert@localhost","2024-05-30 17:47:41","robert@localhost"
"S10179","44.634","22.293","HVO1","8818","389",\N,\N,"inhumation","R00963","C03915",\N,\N,\N,\N,\N,\N,\N,\N,"borić2004a","2024-05-30 17:47:41","robert@localhost","2024-05-30 17:47:41","robert@localhost"
"S10179","44.634","22.293","HVO1","8818","389",\N,\N,"inhumation","R00964","C03916",\N,\N,\N,\N,\N,\N,\N,\N,"borić2004a","2024-05-30 17:47:41","robert@localhost","2024-05-30 17:47:41","robert@localhost"
"S10179","44.634","22.293","HVO1","8818","389",\N,\N,"inhumation","R00965","C03917",\N,\N,\N,\N,\N,\N,\N,\N,"borić2004a","2024-05-30 17:47:41","robert@localhost","2024-05-30 17:47:41","robert@localhost"
"S10179","44.634","22.293","HVO1","8818","389",\N,\N,"inhumation","R00966","C03918",\N,\N,\N,\N,\N,\N,\N,\N,"borić2004a","2024-05-30 17:47:41","robert@localhost","2024-05-30 17:47:41","robert@localhost"
"S10179","44.634","22.293","HVO1","8818","389",\N,\N,"inhumation","R00967","C03919",\N,"0","extended","back","240",\N,\N,\N,"borić2004a","2024-05-30 17:47:41","robert@localhost","2024-05-30 17:47:41","robert@localhost"
"S10179","44.634","22.293","HVO1","8818","389","I5401","mathi2018a","inhumation","R00968","C03920",\N,\N,"extended","back","240",\N,\N,\N,"borić2004a","2024-05-30 17:47:41","robert@localhost","2024-05-30 17:47:41","robert@localhost"
"S10179","44.634","22.293","HVO1","8818","389",\N,\N,"inhumation","R00969","C03921",\N,"1","extended","back","140",\N,\N,\N,"borić2004a","2024-05-30 17:47:41","robert@localhost","2024-05-30 17:47:41","robert@localhost"
"S10179","44.634","22.293","HVO1","8818","389",\N,\N,"inhumation","R00970","C03922",\N,"0","extended","back","50",\N,\N,\N,"borić2004a","2024-05-30 17:47:41","robert@localhost","2024-05-30 17:47:41","robert@localhost"
"S10179","44.634","22.293","HVO1","8818","389",\N,\N,"inhumation","R00971","C03923",\N,\N,\N,\N,\N,\N,\N,\N,"borić2004a","2024-05-30 17:47:41","robert@localhost","2024-05-30 17:47:41","robert@localhost"
"S10179","44.634","22.293","HVO1","8818","389",\N,\N,"inhumation","R00972","C03924",\N,"0","extended","back","150",\N,\N,\N,"borić2004a","2024-05-30 17:47:41","robert@localhost","2024-05-30 17:47:41","robert@localhost"
"S10179","44.634","22.293","HVO1","8818","389","I4916","mathi2018a","inhumation","R00973","C03925",\N,\N,\N,\N,\N,\N,\N,\N,"mathi2018a","2024-05-30 17:47:41","robert@localhost","2024-05-30 17:47:41","robert@localhost"
"S10179","44.634","22.293","HVO1","8818","389","I4917","mathi2018a","inhumation","R00974","C03926",\N,\N,\N,\N,\N,\N,\N,\N,"mathi2018a","2024-05-30 17:47:41","robert@localhost","2024-05-30 17:47:41","robert@localhost"
"S10179","44.634","22.293","HVO1","8818","389",\N,\N,"inhumation","R00975","C03927",\N,\N,\N,\N,\N,\N,\N,\N,"borić2004a","2024-05-30 17:47:41","robert@localhost","2024-05-30 17:47:41","robert@localhost"
"S10179","44.634","22.293","HVO1","8818","389",\N,\N,"inhumation","R00976","C03928",\N,"1","extended","back","90","180",\N,\N,"borić2011a","2024-05-30 17:47:41","robert@localhost","2024-06-03 21:40:57","robert@localhost"
"S10176","44.556","22.027","LPV2","8043","272",\N,\N,"inhumation","R00983","C03929","0","1","extended","back",\N,\N,\N,\N,"borić2016a","2024-05-30 17:47:41","robert@localhost","2024-06-03 22:34:28","robert@localhost"
"S10176","44.556","22.027","LPV2","8043","272",\N,\N,"inhumation","R00984","C03930","0","1","extended","back",\N,\N,\N,\N,"borić2016a","2024-05-30 17:47:41","robert@localhost","2024-06-03 22:34:28","robert@localhost"
"S10176","44.556","22.027","LPV2","8043","272",\N,\N,"inhumation","R00985","C03931","1","0","extended","back",\N,\N,\N,\N,"borić2016a","2024-05-30 17:47:41","robert@localhost","2024-06-03 22:34:28","robert@localhost"
"S10176","44.556","22.027","LPV2","8043","272",\N,\N,"inhumation","R00986","C03932","1","0","extended","back",\N,\N,\N,\N,"borić2016a","2024-05-30 17:47:41","robert@localhost","2024-06-03 22:34:28","robert@localhost"
"S10176","44.556","22.027","LPV3","6843","1000","I5405","mathi2018a","inhumation","R00987","C03933","1","1","crouched","back/left","90","180",\N,\N,"mathi2018a","2024-05-30 17:47:41","robert@localhost","2024-05-30 17:47:41","robert@localhost"
"S10176","44.556","22.027","LPV1","10101","997","NEO669","allen2022a","inhumation","R00988","C03934","1","0",\N,\N,\N,\N,\N,\N,"mathi2018a","2024-05-30 17:47:41","robert@localhost","2024-05-30 17:47:41","robert@localhost"
"S10177","44.608","22.002","PAD2","10251","927","I5235","mathi2018a","inhumation","R00989","C03935",\N,\N,\N,\N,\N,\N,\N,\N,"mathi2018a","2024-05-30 17:47:41","robert@localhost","2024-05-30 17:47:41","robert@localhost"
"S10177","44.608","22.002","PAD2","10251","927","I5236","mathi2018a","inhumation","R00990","C03936","0",\N,"extended","back",\N,\N,\N,\N,"mathi2018a","2024-05-30 17:47:41","robert@localhost","2024-06-03 22:34:29","robert@localhost"
"S10177","44.608","22.002","PAD2","10251","927","I5237","mathi2018a","inhumation","R00991","C03937","0",\N,"extended","back",\N,\N,\N,\N,"mathi2018a","2024-05-30 17:47:41","robert@localhost","2024-06-03 22:34:29","robert@localhost"
"S10177","44.608","22.002","PAD2","10251","927","I5238","mathi2018a","inhumation","R00992","C03938","0",\N,"sitting",\N,\N,\N,\N,\N,"mathi2018a","2024-05-30 17:47:41","robert@localhost","2024-06-03 22:36:06","robert@localhost"
"S10177","44.608","22.002","PAD2","10251","927","I5239","mathi2018a","inhumation","R00993","C03939",\N,\N,\N,\N,\N,\N,\N,\N,"mathi2018a","2024-05-30 17:47:41","robert@localhost","2024-05-30 17:47:41","robert@localhost"
"S10177","44.608","22.002","PAD2","10251","927","I5244","mathi2018a","inhumation","R00994","C03940",\N,\N,"sitting",\N,\N,\N,\N,\N,"mathi2018a","2024-05-30 17:47:41","robert@localhost","2024-06-03 22:36:06","robert@localhost"
"S10177","44.608","22.002","PAD2","10251","927",\N,\N,"inhumation","R00995","C03941",\N,\N,\N,\N,\N,\N,\N,\N,"mathi2018a","2024-05-30 17:47:41","robert@localhost","2024-05-30 17:47:41","robert@localhost"
"S10177","44.608","22.002","PAD2","10251","927","I5241","mathi2018a","inhumation","R00996","C03942",\N,\N,"extended","back",\N,\N,\N,\N,"mathi2018a","2024-05-30 17:47:41","robert@localhost","2024-06-03 22:34:29","robert@localhost"
"S10177","44.608","22.002","PAD2","10251","927","I5242","mathi2018a","inhumation","R00997","C03943",\N,\N,"extended","back",\N,\N,\N,\N,"mathi2018a","2024-05-30 17:47:41","robert@localhost","2024-06-03 22:34:21","robert@localhost"
"S10177","44.608","22.002","PAD2","10251","927","I5234","mathi2018a","inhumation","R00998","C03944",\N,\N,"sitting",\N,\N,\N,\N,\N,"mathi2018a","2024-05-30 17:47:41","robert@localhost","2024-06-03 22:36:07","robert@localhost"
"S10177","44.608","22.002","PAD2","10251","927",\N,\N,"inhumation","R00999","C03945",\N,\N,"crouched",\N,\N,\N,\N,\N,"mathi2018a","2024-05-30 17:47:41","robert@localhost","2024-05-30 17:47:41","robert@localhost"
"S10177","44.608","22.002","PAD5","8459","935","I5232","mathi2018a","inhumation","R01000","C03946",\N,\N,"extended","back",\N,\N,\N,\N,"mathi2018a","2024-05-30 17:47:41","robert@localhost","2024-06-03 22:34:22","robert@localhost"
"S10177","44.608","22.002","PAD5","8459","935","I5233","mathi2018a","inhumation","R01001","C03947",\N,\N,"crouched",\N,\N,\N,\N,\N,"mathi2018a","2024-05-30 17:47:41","robert@localhost","2024-05-30 17:47:41","robert@localhost"
"S10177","44.608","22.002","PAD6","9512","869","I5409","mathi2018a","inhumation","R01002","C03948","1",\N,\N,\N,\N,\N,\N,\N,"borić2013a","2024-05-30 17:47:41","robert@localhost","2024-05-30 17:47:41","robert@localhost"
"S10177","44.608","22.002","PAD6","9512","869","I5240","mathi2018a","inhumation","R01003","C03949",\N,\N,"extended","back",\N,\N,\N,\N,"mathi2018a","2024-05-30 17:47:41","robert@localhost","2024-06-03 22:34:22","robert@localhost"
"S10187","44.490","21.079","SAR1","5283","238","I4918","mathi2018a",\N,"R01004","C03950",\N,\N,\N,\N,\N,\N,\N,\N,"mathi2018a","2024-05-30 17:47:41","robert@localhost","2024-05-30 17:47:41","robert@localhost"
"S10178","44.532","22.053","VLASA1","10205","962","I5773","mathi2018a","inhumation","R01005","C03951",\N,\N,"sitting",\N,\N,\N,\N,\N,"mathi2018a","2024-05-30 17:47:41","robert@localhost","2024-06-03 22:36:07","robert@localhost"
"S10178","44.532","22.053","VLASA1","10205","962","I5772","mathi2018a","inhumation","R01006","C03952","1","1",\N,\N,\N,\N,\N,\N,"mathi2018a","2024-05-30 17:47:41","robert@localhost","2024-05-30 17:47:41","robert@localhost"
"S10178","44.532","22.053","VLASA1","10205","962","I4660","mathi2018a","inhumation","R01007","C03953","1",\N,"heap",\N,\N,\N,\N,\N,"mathi2018a","2024-05-30 17:47:41","robert@localhost","2024-05-30 17:47:41","robert@localhost"
"S10178","44.532","22.053","VLASA2","8803","367","I4870","mathi2018a","inhumation","R01008","C03954",\N,"1","extended","back",\N,\N,"1",\N,"mathi2018a","2024-05-30 17:47:41","robert@localhost","2024-06-03 22:34:23","robert@localhost"
"S10178","44.532","22.053","VLASA2","8803","367",\N,\N,"cremation","R01009","C03955","1",\N,"heap",\N,\N,\N,\N,\N,"mathi2018a","2024-05-30 17:47:41","robert@localhost","2024-05-30 17:47:41","robert@localhost"
"S10178","44.532","22.053","VLASA2","8803","367","I5771","mathi2018a","inhumation","R01010","C03956",\N,\N,"extended","back",\N,\N,\N,"1","mathi2018a","2024-05-30 17:47:41","robert@localhost","2024-06-03 22:34:23","robert@localhost"
"S10178","44.532","22.053","VLASA2","8803","367",\N,\N,"inhumation","R01011","C03957",\N,\N,\N,\N,\N,\N,\N,"1","mathi2018a","2024-05-30 17:47:41","robert@localhost","2024-05-30 17:47:41","robert@localhost"
"S10178","44.532","22.053","VLASA2","8803","367","I4872","mathi2018a","inhumation","R01012","C03958",\N,\N,\N,\N,\N,\N,\N,\N,"mathi2018a","2024-05-30 17:47:41","robert@localhost","2024-05-30 17:47:41","robert@localhost"
"S10178","44.532","22.053","VLASA2","8803","367",\N,\N,"inhumation","R01013","C03959",\N,\N,"extended","back",\N,\N,\N,\N,"mathi2018a","2024-05-30 17:47:41","robert@localhost","2024-06-03 22:34:23","robert@localhost"
"S10178","44.532","22.053","VLASA2","8803","367","I4871","mathi2018a","inhumation","R01014","C03960",\N,\N,"extended","back",\N,\N,\N,\N,"mathi2018a","2024-05-30 17:47:41","robert@localhost","2024-06-03 22:34:23","robert@localhost"
"S10178","44.532","22.053","VLASA2","8803","367",\N,\N,\N,"R01015","C03961",\N,\N,\N,\N,\N,\N,\N,\N,"mathi2018a","2024-05-30 17:47:41","robert@localhost","2024-05-30 17:47:41","robert@localhost"
"S10178","44.532","22.053","VLASA3","7947","418","I4878","mathi2018a","inhumation","R01016","C03962","1","1",\N,\N,"0","90",\N,\N,"mathi2018a","2024-05-30 17:47:41","robert@localhost","2024-05-30 17:47:41","robert@localhost"
"S10178","44.532","22.053","VLASA3","7947","418","I4873","mathi2018a","inhumation","R01017","C03963",\N,"1","extended","back",\N,\N,\N,\N,"mathi2018a","2024-05-30 17:47:41","robert@localhost","2024-06-03 22:34:24","robert@localhost"
"S10178","44.532","22.053","VLASA3","7947","418","I4880","mathi2018a","inhumation","R01018","C03964",\N,"1","extended","back","0","90",\N,\N,"mathi2018a","2024-05-30 17:47:41","robert@localhost","2024-06-03 22:34:24","robert@localhost"
"S10178","44.532","22.053","VLASA3","7947","418","I4882","mathi2018a","inhumation","R01019","C03965",\N,"1","extended","back","0","90",\N,\N,"mathi2018a","2024-05-30 17:47:41","robert@localhost","2024-06-03 22:34:24","robert@localhost"
"S10178","44.532","22.053","VLASA3","7947","418","I4881","mathi2018a",\N,"R01020","C03966",\N,\N,\N,\N,"0","90",\N,\N,"mathi2018a","2024-05-30 17:47:41","robert@localhost","2024-05-30 17:47:41","robert@localhost"
"S10178","44.532","22.053","VLASA3","7947","418",\N,\N,"inhumation","R01021","C03967","0","0","extended","back","0","90",\N,\N,"mathi2018a","2024-05-30 17:47:41","robert@localhost","2024-06-03 22:34:25","robert@localhost"
"S10178","44.532","22.053","VLASA3","7947","418",\N,\N,"inhumation","R01022","C03968",\N,\N,\N,\N,\N,\N,\N,\N,"mathi2018a","2024-05-30 17:47:41","robert@localhost","2024-05-30 17:47:41","robert@localhost"
"S10178","44.532","22.053","VLASA4","9441","939",\N,\N,"cremation","R01023","C03969",\N,\N,\N,\N,\N,\N,\N,\N,"mathi2018a","2024-05-30 17:47:41","robert@localhost","2024-05-30 17:47:41","robert@localhost"
"S10178","44.532","22.053","VLASA4","9441","939","I4874","mathi2018a","inhumation","R01024","C03970",\N,\N,\N,\N,\N,\N,\N,\N,"mathi2018a","2024-05-30 17:47:41","robert@localhost","2024-05-30 17:47:41","robert@localhost"
"S10178","44.532","22.053","VLASA4","9441","939","I4875","mathi2018a","inhumation","R01025","C03971",\N,"1","extended","back","0","90",\N,\N,"mathi2018a","2024-05-30 17:47:41","robert@localhost","2024-06-03 22:34:25","robert@localhost"
"S10178","44.532","22.053","VLASA4","9441","939","I4876","mathi2018a","inhumation","R01026","C03972",\N,"1","extended","back","0","90",\N,\N,"mathi2018a","2024-05-30 17:47:41","robert@localhost","2024-06-03 22:34:25","robert@localhost"
"S10178","44.532","22.053","VLASA4","9441","939","I4877","mathi2018a","inhumation","R01027","C03973",\N,\N,\N,\N,\N,\N,\N,\N,"mathi2018a","2024-05-30 17:47:41","robert@localhost","2024-05-30 17:47:41","robert@localhost"
"S10178","44.532","22.053","VLASA4","9441","939","I4877","mathi2018a","inhumation","R01028","C03973",\N,"1","extended","back","0","90",\N,\N,"mathi2018a","2024-05-30 17:47:41","robert@localhost","2024-06-03 22:34:26","robert@localhost"
"S10188","49.710","37.580","ALE1","5919","342","I6561","mathi2018a","inhumation","R01029","C03974",\N,"1",\N,\N,\N,\N,\N,\N,"mathi2018a","2024-05-30 17:47:41","robert@localhost","2024-05-30 17:47:41","robert@localhost"
"S10195","47.954","35.389","VILN3","7119","183","I3713","mathi2018a","inhumation","R01030","C03975",\N,"1","crouched",\N,"180",\N,"0","1","teleg1987a","2024-05-30 17:47:41","robert@localhost","2024-06-03 22:34:45","robert@localhost"
"S10195","47.954","35.389","VILN3","7119","183",\N,\N,"inhumation","R01031","C03976",\N,"1","extended","back","180",\N,"0",\N,"teleg1987a","2024-05-30 17:47:41","robert@localhost","2024-06-03 22:34:17","robert@localhost"
"S10195","47.954","35.389","VILN3","7119","183",\N,\N,"inhumation","R01032","C03977","1","1",\N,\N,\N,\N,"0",\N,"teleg1987a","2024-05-30 17:47:41","robert@localhost","2024-05-30 17:47:41","robert@localhost"
"S10195","47.954","35.389","VILN3","7119","183",\N,\N,"inhumation","R01033","C03978",\N,"1","extended","back","0",\N,"0",\N,"teleg1987a","2024-05-30 17:47:41","robert@localhost","2024-06-03 22:34:17","robert@localhost"
"S10195","47.954","35.389","VILN3","7119","183","NEO300","allen2022a","inhumation","R01034","C03979","0","1","extended","back","0",\N,"0",\N,"teleg1987a","2024-05-30 17:47:41","robert@localhost","2024-06-03 22:34:18","robert@localhost"
"S10195","47.954","35.389","VILN1","7446","77","NEO301","allen2022a","inhumation","R01035","C03980","0","1","extended","back","205",\N,"1","1","teleg1987a","2024-05-30 17:47:41","robert@localhost","2024-06-03 22:34:18","robert@localhost"
"S10195","47.954","35.389","VILN1","7446","77","NEO302","allen2022a","inhumation","R01036","C03981","0","1","extended","back","20",\N,"1","1","teleg1987a","2024-05-30 17:47:41","robert@localhost","2024-06-03 22:34:18","robert@localhost"
"S10195","47.954","35.389","VILN1","7446","77","I5869","mathi2018a","inhumation","R01037","C03982","0","1","extended","back","20",\N,"1",\N,"teleg1987a","2024-05-30 17:47:41","robert@localhost","2024-06-03 22:34:19","robert@localhost"
"S10195","47.954","35.389","VILN1","7446","77","I3715","mathi2018a","inhumation","R01038","C03983","0","1","extended","back","20",\N,"1",\N,"teleg1987a","2024-05-30 17:47:41","robert@localhost","2024-06-03 22:34:19","robert@localhost"
"S10195","47.954","35.389","VILN2","7430","86","NEO304","allen2022a","inhumation","R01039","C03984","0","1","extended","back","0",\N,"1",\N,"teleg1987a","2024-05-30 17:47:41","robert@localhost","2024-06-03 22:34:19","robert@localhost"
"S10195","47.954","35.389","VILN2","7430","86",\N,\N,"inhumation","R01040","C03985","1","1",\N,\N,\N,\N,"0",\N,"teleg1987a","2024-05-30 17:47:41","robert@localhost","2024-05-30 17:47:41","robert@localhost"
"S10195","47.954","35.389","VILN2","7430","86",\N,\N,"inhumation","R01041","C03986",\N,"0",\N,\N,"0",\N,"0","1","teleg1987a","2024-05-30 17:47:41","robert@localhost","2024-05-30 17:47:41","robert@localhost"
"S10195","47.954","35.389","VILN2","7430","86",\N,\N,"inhumation","R01042","C03987","0","1","extended","back","0",\N,"1",\N,"teleg1987a","2024-05-30 17:47:41","robert@localhost","2024-06-03 22:34:20","robert@localhost"
"S10195","47.954","35.389","VILN2","7430","86",\N,\N,"inhumation","R01043","C03988",\N,\N,\N,\N,\N,\N,"0",\N,"teleg1987a","2024-05-30 17:47:41","robert@localhost","2024-05-30 17:47:41","robert@localhost"
"S10195","47.954","35.389","VILN1","7446","77","I6133","mathi2018a","inhumation","R01044","C03989","0","1","extended","back","210",\N,"1",\N,"teleg1987a","2024-05-30 17:47:41","robert@localhost","2024-06-03 22:34:09","robert@localhost"
"S10195","47.954","35.389","VILN1","7446","77",\N,\N,"inhumation","R01045","C03990",\N,\N,\N,\N,\N,\N,"0",\N,"teleg1987a","2024-05-30 17:47:41","robert@localhost","2024-05-30 17:47:41","robert@localhost"
"S10195","47.954","35.389","VILN2","7430","86","I5873","mathi2018a","inhumation","R01046","C03991","0","1","extended","back","315","45","1","1","teleg1987a","2024-05-30 17:47:41","robert@localhost","2024-06-03 22:34:09","robert@localhost"
"S10195","47.954","35.389","VILN1","7446","77",\N,\N,"inhumation","R01047","C03992","0","1","extended","back","190",\N,"1","1","teleg1987a","2024-05-30 17:47:41","robert@localhost","2024-06-03 22:34:10","robert@localhost"
"S10195","47.954","35.389","VILN1","7446","77",\N,\N,"inhumation","R01048","C03993","0","1","extended","back","190",\N,"1","1","teleg1987a","2024-05-30 17:47:41","robert@localhost","2024-06-03 22:34:10","robert@localhost"
"S10195","47.954","35.389","VILN1","7446","77",\N,\N,"inhumation","R01049","C03994","0","1","extended","back",\N,\N,\N,\N,"teleg1987a","2024-05-30 17:47:41","robert@localhost","2024-06-03 22:34:10","robert@localhost"
"S10195","47.954","35.389","VILN1","7446","77",\N,\N,"inhumation","R01050","C03995","0","1","extended","back","20",\N,"1",\N,"teleg1987a","2024-05-30 17:47:41","robert@localhost","2024-06-03 22:34:11","robert@localhost"
"S10195","47.954","35.389","VILN2","7430","86",\N,\N,"inhumation","R01051","C03996","0","1","extended","back","0",\N,"1","1","teleg1987a","2024-05-30 17:47:41","robert@localhost","2024-06-03 22:34:11","robert@localhost"
"S10195","47.954","35.389","VILN2","7430","86",\N,\N,"inhumation","R01052","C03997","1","1",\N,\N,\N,\N,"0",\N,"teleg1987a","2024-05-30 17:47:41","robert@localhost","2024-05-30 17:47:41","robert@localhost"
"S10195","47.954","35.389","VILN2","7430","86",\N,\N,"inhumation","R01053","C03998","1","1",\N,\N,\N,\N,"0",\N,"teleg1987a","2024-05-30 17:47:41","robert@localhost","2024-05-30 17:47:41","robert@localhost"
"S10195","47.954","35.389","VILN2","7430","86",\N,\N,"inhumation","R01054","C03999","1","1",\N,\N,\N,\N,"0",\N,"teleg1987a","2024-05-30 17:47:41","robert@localhost","2024-05-30 17:47:41","robert@localhost"
"S10195","47.954","35.389","VILN2","7430","86",\N,\N,"inhumation","R01055","C04000","1","1",\N,\N,\N,\N,"0",\N,"teleg1987a","2024-05-30 17:47:41","robert@localhost","2024-05-30 17:47:41","robert@localhost"
"S10195","47.954","35.389","VILN1","7446","77",\N,\N,"inhumation","R01056","C04001","0","1","extended","back","40",\N,"1","1","teleg1987a","2024-05-30 17:47:41","robert@localhost","2024-06-03 22:34:11","robert@localhost"
"S10195","47.954","35.389","VILN1","7446","77",\N,\N,"inhumation","R01057","C04002","0","1","extended","back","20",\N,"1","1","teleg1987a","2024-05-30 17:47:41","robert@localhost","2024-06-03 22:34:14","robert@localhost"
"S10195","47.954","35.389","VILN1","7446","77",\N,\N,"inhumation","R01058","C04003","0","1","extended","back",\N,\N,"1",\N,"teleg1987a","2024-05-30 17:47:41","robert@localhost","2024-06-03 22:34:14","robert@localhost"
"S10195","47.954","35.389","VILN1","7446","77","I5870","mathi2018a","inhumation","R01059","C04004","0","1","extended","back","0",\N,"1",\N,"teleg1987a","2024-05-30 17:47:41","robert@localhost","2024-06-03 22:34:13","robert@localhost"
"S10195","47.954","35.389","VILN1","7446","77",\N,\N,"inhumation","R01060","C04005","0","1","extended","back","180",\N,"1",\N,"teleg1987a","2024-05-30 17:47:41","robert@localhost","2024-06-03 22:33:59","robert@localhost"
"S10195","47.954","35.389","VILN3","7119","183",\N,\N,"inhumation","R01061","C04006","0","1","extended","back","170",\N,"0",\N,"teleg1987a","2024-05-30 17:47:41","robert@localhost","2024-06-03 22:33:59","robert@localhost"
"S10195","47.954","35.389","VILN3","7119","183",\N,\N,"inhumation","R01062","C04007","0","1","extended","back","180",\N,"0",\N,"teleg1987a","2024-05-30 17:47:41","robert@localhost","2024-06-03 22:33:59","robert@localhost"
"S10195","47.954","35.389","VILN3","7119","183",\N,\N,"inhumation","R01063","C04008","1","1",\N,\N,\N,\N,"0",\N,"teleg1987a","2024-05-30 17:47:41","robert@localhost","2024-05-30 17:47:41","robert@localhost"
"S10195","47.954","35.389","VILN3","7119","183",\N,\N,"inhumation","R01064","C04009","1","1",\N,\N,"180",\N,"0",\N,"teleg1987a","2024-05-30 17:47:41","robert@localhost","2024-05-30 17:47:41","robert@localhost"
"S10195","47.954","35.389","VILN1","7446","77",\N,\N,"inhumation","R01065","C04010","0","1","extended","back","180",\N,"0","1","teleg1987a","2024-05-30 17:47:41","robert@localhost","2024-06-03 22:34:00","robert@localhost"
"S10195","47.954","35.389","VILN1","7446","77","I3716","mathi2018a","inhumation","R01066","C04011","0","1","extended","back","180",\N,"0","1","teleg1987a","2024-05-30 17:47:41","robert@localhost","2024-06-03 22:34:00","robert@localhost"
"S10195","47.954","35.389","VILN1","7446","77","I5872","mathi2018a","inhumation","R01067","C04012","0","1","extended","back","180",\N,"0","1","teleg1987a","2024-05-30 17:47:41","robert@localhost","2024-06-03 22:34:00","robert@localhost"
"S10195","47.954","35.389","VILN2","7430","86","I5868","mathi2018a","inhumation","R01068","C04014","0","1","extended","back","0",\N,"1","1","teleg1987a","2024-05-30 17:47:41","robert@localhost","2024-06-03 22:34:01","robert@localhost"
"S10195","47.954","35.389","VILN2","7430","86",\N,\N,"inhumation","R01069","C04015","1","1",\N,\N,\N,\N,"0",\N,"teleg1987a","2024-05-30 17:47:41","robert@localhost","2024-05-30 17:47:41","robert@localhost"
"S10195","47.954","35.389","VILN2","7430","86","I3714","mathi2018a","inhumation","R01070","C04016","0","1","extended","back","0",\N,"1","1","teleg1987a","2024-05-30 17:47:41","robert@localhost","2024-06-03 22:34:01","robert@localhost"
"S10195","47.954","35.389","VILN1","7446","77",\N,\N,"inhumation","R01071","C04017","1",\N,\N,\N,"190",\N,"1",\N,"teleg1987a","2024-05-30 17:47:41","robert@localhost","2024-05-30 17:47:41","robert@localhost"
"S10195","47.954","35.389","VILN1","7446","77",\N,\N,"inhumation","R01072","C04018","0","1","extended","back","1",\N,"1",\N,"teleg1987a","2024-05-30 17:47:41","robert@localhost","2024-06-03 22:34:05","robert@localhost"
"S10195","47.954","35.389","VILN1","7446","77",\N,\N,"inhumation","R01073","C04019","0","1","extended","back","180",\N,"1","1","teleg1987a","2024-05-30 17:47:41","robert@localhost","2024-06-03 22:34:06","robert@localhost"
"S10195","47.954","35.389","VILN1","7446","77","I3712","mathi2018a","inhumation","R01074","C04020","0","1","extended","back","210",\N,"1","1","teleg1987a","2024-05-30 17:47:41","robert@localhost","2024-06-03 22:34:06","robert@localhost"
"S10195","47.954","35.389","VILN1","7446","77",\N,\N,"inhumation","R01075","C04021","0","1","extended","back","20",\N,"1","1","teleg1987a","2024-05-30 17:47:41","robert@localhost","2024-06-03 22:34:06","robert@localhost"
"S10195","47.954","35.389","VILN1","7446","77",\N,\N,"inhumation","R01076","C04022","1","1",\N,\N,\N,\N,"0",\N,"teleg1987a","2024-05-30 17:47:41","robert@localhost","2024-05-30 17:47:41","robert@localhost"
"S10195","47.954","35.389","VILN1","7446","77",\N,\N,"inhumation","R01077","C04023","0","1","extended","back","10",\N,"1","1","teleg1987a","2024-05-30 17:47:41","robert@localhost","2024-06-03 22:33:57","robert@localhost"
"S10195","47.954","35.389","VILN1","7446","77",\N,\N,"inhumation","R01078","C04024","0","1","extended","back","170",\N,"1","1","teleg1987a","2024-05-30 17:47:41","robert@localhost","2024-06-03 22:33:57","robert@localhost"
"S10195","47.954","35.389","VILN1","7446","77",\N,\N,"inhumation","R01079","C04025","0","1","extended","back","135","225","1","1","teleg1987a","2024-05-30 17:47:41","robert@localhost","2024-06-03 22:33:56","robert@localhost"
"S10195","47.954","35.389","VILN1","7446","77",\N,\N,"inhumation","R01080","C04026","0","1","extended","back","135","225","0","1","teleg1987a","2024-05-30 17:47:41","robert@localhost","2024-06-03 22:33:56","robert@localhost"
"S10189","48.914","33.765","DER1","6851","883","I4112","mathi2018a","inhumation","R01081","C04027",\N,"1","extended","back","170",\N,"1",\N,"teleg1986a","2024-05-30 17:47:41","robert@localhost","2024-06-03 22:33:54","robert@localhost"
"S10189","48.914","33.765","DER1","6851","883",\N,\N,"inhumation","R01082","C04028",\N,"1","extended",\N,"0","90","0",\N,"teleg1986a","2024-05-30 17:47:41","robert@localhost","2024-06-03 22:33:51","robert@localhost"
"S10189","48.914","33.765","DER1","6851","883",\N,\N,"inhumation","R01083","C04029","1","1",\N,\N,\N,\N,"0",\N,"teleg1986a","2024-05-30 17:47:41","robert@localhost","2024-05-30 17:47:41","robert@localhost"
"S10189","48.914","33.765","DER1","6851","883",\N,\N,"inhumation","R01084","C04030","1","0","crouched","left","315","45","1",\N,"teleg1986a","2024-05-30 17:47:41","robert@localhost","2024-06-03 22:34:46","robert@localhost"
"S10189","48.914","33.765","DER1","6851","883",\N,\N,"inhumation","R01085","C04031","1",\N,"extended","right",\N,\N,"0",\N,"teleg1986a","2024-05-30 17:47:41","robert@localhost","2024-06-03 22:33:50","robert@localhost"
"S10189","48.914","33.765","DER1","6851","883",\N,\N,"inhumation","R01086","C04032",\N,"1",\N,\N,"45","135","0",\N,"teleg1986a","2024-05-30 17:47:41","robert@localhost","2024-05-30 17:47:41","robert@localhost"
"S10189","48.914","33.765","DER1","6851","883",\N,\N,"inhumation","R01087","C04033",\N,"1",\N,\N,"45","135","0",\N,"teleg1986a","2024-05-30 17:47:41","robert@localhost","2024-05-30 17:47:41","robert@localhost"
"S10189","48.914","33.765","DER1","6851","883",\N,\N,"inhumation","R01088","C04034","0","1","extended","back",\N,\N,"0",\N,"teleg1986a","2024-05-30 17:47:41","robert@localhost","2024-06-03 22:33:50","robert@localhost"
"S10189","48.914","33.765","DER1","6851","883",\N,\N,"inhumation","R01089","C04035",\N,\N,"extended","left","0","90","0",\N,"teleg1986a","2024-05-30 17:47:41","robert@localhost","2024-06-03 22:33:49","robert@localhost"
"S10189","48.914","33.765","DER1","6851","883","I4110","mathi2018a","inhumation","R01090","C04036",\N,\N,"extended","back","180","270","0",\N,"teleg1986a","2024-05-30 17:47:41","robert@localhost","2024-06-03 22:33:49","robert@localhost"
"S10189","48.914","33.765","DER1","6851","883",\N,\N,"inhumation","R01091","C04037",\N,\N,"extended","back","0","90","0","1","teleg1986a","2024-05-30 17:47:41","robert@localhost","2024-06-03 22:33:49","robert@localhost"
"S10189","48.914","33.765","DER1","6851","883","I5886","mathi2018a","inhumation","R01092","C04038",\N,\N,"sitting","bottom",\N,\N,"1",\N,"teleg1986a","2024-05-30 17:47:41","robert@localhost","2024-06-03 22:35:59","robert@localhost"
"S10189","48.914","33.765","DER1","6851","883","I5886","mathi2018a","inhumation","R01093","C04038",\N,\N,"extended","back",\N,\N,"0",\N,"teleg1986a","2024-05-30 17:47:41","robert@localhost","2024-06-03 22:33:48","robert@localhost"
"S10189","48.914","33.765","DER1","6851","883","I5891","mathi2018a",\N,"R01094","C04039",\N,\N,\N,\N,\N,\N,\N,\N,"mathi2018a","2024-05-30 17:47:41","robert@localhost","2024-05-30 17:47:41","robert@localhost"
"S10189","48.914","33.765","DER1","6851","883","I5881","mathi2018a",\N,"R01095","C04040",\N,\N,\N,\N,\N,\N,\N,\N,"mathi2018a","2024-05-30 17:47:41","robert@localhost","2024-05-30 17:47:41","robert@localhost"
"S10189","48.914","33.765","DER1","6851","883","I5888","mathi2018a",\N,"R01096","C04041",\N,\N,\N,\N,\N,\N,\N,\N,"mathi2018a","2024-05-30 17:47:41","robert@localhost","2024-05-30 17:47:41","robert@localhost"
"S10189","48.914","33.765","DER1","6851","883","I5892","mathi2018a",\N,"R01097","C04042",\N,\N,\N,\N,\N,\N,\N,\N,"mathi2018a","2024-05-30 17:47:41","robert@localhost","2024-05-30 17:47:41","robert@localhost"
"S10189","48.914","33.765","DER1","6851","883","I5883","mathi2018a",\N,"R01098","C04043",\N,\N,\N,\N,\N,\N,\N,\N,"mathi2018a","2024-05-30 17:47:41","robert@localhost","2024-05-30 17:47:41","robert@localhost"
"S10189","48.914","33.765","DER1","6851","883","I5878","mathi2018a",\N,"R01099","C04044",\N,\N,\N,\N,\N,\N,\N,\N,"mathi2018a","2024-05-30 17:47:41","robert@localhost","2024-05-30 17:47:41","robert@localhost"
"S10189","48.914","33.765","DER1","6851","883","I3717","mathi2018a",\N,"R01100","C04045",\N,\N,\N,\N,\N,\N,\N,\N,"mathi2018a","2024-05-30 17:47:41","robert@localhost","2024-05-30 17:47:41","robert@localhost"
"S10189","48.914","33.765","DER1","6851","883","I5875","mathi2018a",\N,"R01101","C04046",\N,\N,\N,\N,\N,\N,\N,\N,"mathi2018a","2024-05-30 17:47:41","robert@localhost","2024-05-30 17:47:41","robert@localhost"
"S10189","48.914","33.765","DER1","6851","883","I5884","mathi2018a",\N,"R01102","C04047",\N,\N,\N,\N,\N,\N,\N,\N,"mathi2018a","2024-05-30 17:47:41","robert@localhost","2024-05-30 17:47:41","robert@localhost"
"S10189","48.914","33.765","DER1","6851","883","I3718","mathi2018a",\N,"R01103","C04048",\N,\N,\N,\N,\N,\N,\N,\N,"mathi2018a","2024-05-30 17:47:41","robert@localhost","2024-05-30 17:47:41","robert@localhost"
"S10189","48.914","33.765","DER1","6851","883","I5879","mathi2018a",\N,"R01104","C04049",\N,\N,\N,\N,\N,\N,\N,\N,"mathi2018a","2024-05-30 17:47:41","robert@localhost","2024-05-30 17:47:41","robert@localhost"
"S10189","48.914","33.765","DER1","6851","883","I5885","mathi2018a",\N,"R01105","C04050",\N,\N,\N,\N,\N,\N,\N,\N,"mathi2018a","2024-05-30 17:47:41","robert@localhost","2024-05-30 17:47:41","robert@localhost"
"S10189","48.914","33.765","DER1","6851","883","I5890","mathi2018a",\N,"R01106","C04051",\N,\N,\N,\N,\N,\N,\N,\N,"mathi2018a","2024-05-30 17:47:41","robert@localhost","2024-05-30 17:47:41","robert@localhost"
"S10189","48.914","33.765","DER1","6851","883","I5893","mathi2018a",\N,"R01107","C04052",\N,\N,\N,\N,\N,\N,\N,\N,"mathi2018a","2024-05-30 17:47:41","robert@localhost","2024-05-30 17:47:41","robert@localhost"
"S10189","48.914","33.765","DER1","6851","883","I5882","mathi2018a",\N,"R01108","C04053",\N,\N,\N,\N,\N,\N,\N,\N,"mathi2018a","2024-05-30 17:47:41","robert@localhost","2024-05-30 17:47:41","robert@localhost"
"S10189","48.914","33.765","DER1","6851","883","I3719","mathi2018a",\N,"R01109","C04054",\N,\N,\N,\N,\N,\N,\N,\N,"mathi2018a","2024-05-30 17:47:41","robert@localhost","2024-05-30 17:47:41","robert@localhost"
"S10189","48.914","33.765","DER1","6851","883","I4114","mathi2018a",\N,"R01110","C04055",\N,\N,\N,\N,\N,\N,\N,\N,"mathi2018a","2024-05-30 17:47:41","robert@localhost","2024-05-30 17:47:41","robert@localhost"
"S10189","48.914","33.765","DER1","6851","883","I5889","mathi2018a",\N,"R01111","C04056",\N,\N,\N,\N,\N,\N,\N,\N,"mathi2018a","2024-05-30 17:47:41","robert@localhost","2024-05-30 17:47:41","robert@localhost"
"S10189","48.914","33.765","DER1","6851","883","I4111","mathi2018a",\N,"R01112","C04057",\N,\N,\N,\N,\N,\N,\N,\N,"mathi2018a","2024-05-30 17:47:41","robert@localhost","2024-05-30 17:47:41","robert@localhost"
"S10189","48.914","33.765","DER1","6851","883","I5876","mathi2018a",\N,"R01113","C04058",\N,\N,\N,\N,\N,\N,\N,\N,"mathi2018a","2024-05-30 17:47:41","robert@localhost","2024-05-30 17:47:41","robert@localhost"
"S10190","49.560","27.690","ILY1","4901","206","ILK002","mathi2018a","inhumation","R01114","C04059","1","1","heap",\N,\N,\N,\N,\N,"mathi2018a","2024-05-30 17:47:41","robert@localhost","2024-05-30 17:47:41","robert@localhost"
"S10190","49.560","27.690","ILY1","4901","206","ILK003","mathi2018a","inhumation","R01115","C04060","0",\N,"crouched",\N,\N,\N,\N,\N,"mathi2018a","2024-05-30 17:47:41","robert@localhost","2024-06-03 22:36:50","robert@localhost"
"S10190","49.560","27.690","ILY1","4901","206",\N,\N,"inhumation","R01116","C04061",\N,\N,\N,\N,\N,\N,\N,\N,"mathi2018a","2024-05-30 17:47:41","robert@localhost","2024-05-30 17:47:41","robert@localhost"
"S10190","49.560","27.690","ILY1","4901","206",\N,\N,"inhumation","R01117","C04062",\N,\N,\N,\N,"135","225",\N,\N,"mathi2018a","2024-05-30 17:47:41","robert@localhost","2024-05-30 17:47:41","robert@localhost"
"S10190","49.560","27.690","ILY1","4901","206",\N,\N,"inhumation","R01118","C04063",\N,"1",\N,\N,\N,\N,"1",\N,"mathi2018a","2024-05-30 17:47:41","robert@localhost","2024-05-30 17:47:41","robert@localhost"
"S10192","48.220","37.146","SCHEV6","5653","178",\N,\N,"inhumation","R01119","C04074",\N,"1","extended","back","180","190","0",\N,"черны2014a","2024-05-30 17:47:41","robert@localhost","2024-06-03 21:53:22","robert@localhost"
"S10191","48.991","33.951","OZER3","7893","153",\N,\N,"inhumation","R01134","C04065",\N,"1","extended","back","0",\N,"0","1","черны2014a","2024-05-30 17:47:41","robert@localhost","2024-05-30 17:47:41","robert@localhost"
"S10191","48.991","33.951","OZER3","7893","153",\N,\N,"inhumation","R01135","C04066",\N,"1","crouched","right","200",\N,"1","1","черны2014a","2024-05-30 17:47:41","robert@localhost","2024-05-30 17:47:41","robert@localhost"
"S10191","48.991","33.951","OZER5","6830","324",\N,\N,"inhumation","R01136","C04067",\N,"1","crouched","right","90",\N,"1","0","черны2014a","2024-05-30 17:47:41","robert@localhost","2024-05-30 17:47:41","robert@localhost"
"S10191","48.991","33.951","OZER5","6830","324",\N,\N,"inhumation","R01137","C04068",\N,\N,\N,\N,\N,\N,"1","0","черны2014a","2024-05-30 17:47:41","robert@localhost","2024-05-30 17:47:41","robert@localhost"
"S10191","48.991","33.951","OZER5","6830","324",\N,\N,"inhumation","R01138","C04069",\N,"1",\N,\N,"90","180","0","0","черны2014a","2024-05-30 17:47:41","robert@localhost","2024-05-30 17:47:41","robert@localhost"
"S10191","48.991","33.951","OZER5","6830","324",\N,\N,"inhumation","R01139","C04070",\N,"1","crouched","left","60",\N,"1","0","черны2014a","2024-05-30 17:47:41","robert@localhost","2024-05-30 17:47:41","robert@localhost"
"S10191","48.991","33.951","OZER5","6830","324",\N,\N,"cremation","R01140","C04071","1",\N,\N,\N,\N,\N,"1","0","черны2014a","2024-05-30 17:47:41","robert@localhost","2024-05-30 17:47:41","robert@localhost"
"S10191","48.991","33.951","OZER4","5509","196",\N,\N,"inhumation","R01141","C04072",\N,\N,"crouched","left","270","0","0","1","черны2014a","2024-05-30 17:47:41","robert@localhost","2024-05-30 17:47:41","robert@localhost"
"S10191","48.991","33.951","OZER6","6646","320",\N,\N,"cenotaph","R01142","C04073",\N,\N,\N,\N,\N,\N,"0","0","черны2014a","2024-05-30 17:47:41","robert@localhost","2024-05-30 17:47:41","robert@localhost"
"S10255","46.213","18.703","ALSO4",\N,\N,\N,\N,"inhumation","R01143","C04311",\N,\N,\N,\N,\N,\N,"1","0","osztá2016a","2024-05-30 17:47:41","robert@localhost","2024-05-30 17:47:41","robert@localhost"
"S10255","46.213","18.703","ALSO4",\N,\N,\N,\N,"inhumation","R01144","C04312",\N,\N,\N,\N,\N,\N,"1","0","osztá2016a","2024-05-30 17:47:41","robert@localhost","2024-05-30 17:47:41","robert@localhost"
"S10255","46.213","18.703","ALSO4",\N,\N,\N,\N,"inhumation","R01145","C04313",\N,\N,\N,\N,\N,\N,"1","0","osztá2016a","2024-05-30 17:47:41","robert@localhost","2024-05-30 17:47:41","robert@localhost"
"S10255","46.213","18.703","ALSO4",\N,\N,\N,\N,"inhumation","R01146","C04314",\N,\N,\N,\N,\N,\N,"0","0","osztá2016a","2024-05-30 17:47:41","robert@localhost","2024-05-30 17:47:41","robert@localhost"
"S10255","46.213","18.703","ALSO4",\N,\N,\N,\N,"inhumation","R01147","C04315",\N,\N,\N,\N,\N,\N,"1","0","osztá2016a","2024-05-30 17:47:41","robert@localhost","2024-05-30 17:47:41","robert@localhost"
"S10255","46.213","18.703","ALSO4",\N,\N,\N,\N,"inhumation","R01148","C04316",\N,\N,\N,\N,\N,\N,"1","1","osztá2016a","2024-05-30 17:47:41","robert@localhost","2024-05-30 17:47:41","robert@localhost"
"S10255","46.213","18.703","ALSO4",\N,\N,\N,\N,"inhumation","R01149","C04317",\N,\N,\N,\N,\N,\N,"1","0","osztá2016a","2024-05-30 17:47:41","robert@localhost","2024-05-30 17:47:41","robert@localhost"
"S10255","46.213","18.703","ALSO4",\N,\N,\N,\N,"inhumation","R01150","C04318",\N,\N,\N,\N,\N,\N,"1","0","osztá2016a","2024-05-30 17:47:41","robert@localhost","2024-05-30 17:47:41","robert@localhost"
"S10255","46.213","18.703","ALSO4",\N,\N,\N,\N,"inhumation","R01151","C04319",\N,\N,\N,\N,\N,\N,"1","0","osztá2016a","2024-05-30 17:47:41","robert@localhost","2024-05-30 17:47:41","robert@localhost"
"S10255","46.213","18.703","ALSO4",\N,\N,\N,\N,"inhumation","R01152","C04320",\N,\N,\N,\N,\N,\N,"1","0","osztá2016a","2024-05-30 17:47:41","robert@localhost","2024-05-30 17:47:41","robert@localhost"
"S10255","46.213","18.703","ALSO4",\N,\N,\N,\N,"inhumation","R01153","C04321",\N,\N,\N,\N,\N,\N,"1","0","osztá2016a","2024-05-30 17:47:41","robert@localhost","2024-05-30 17:47:41","robert@localhost"
"S10255","46.213","18.703","ALSO4",\N,\N,\N,\N,"inhumation","R01154","C04323",\N,\N,\N,\N,\N,\N,"0","0","osztá2016a","2024-05-30 17:47:41","robert@localhost","2024-05-30 17:47:41","robert@localhost"
"S10255","46.213","18.703","ALSO4",\N,\N,\N,\N,"inhumation","R01155","C04324",\N,\N,\N,\N,\N,\N,"0","0","osztá2016a","2024-05-30 17:47:41","robert@localhost","2024-05-30 17:47:41","robert@localhost"
"S10255","46.213","18.703","ALSO4",\N,\N,\N,\N,"inhumation","R01156","C04325",\N,\N,\N,\N,\N,\N,"1","0","osztá2016a","2024-05-30 17:47:41","robert@localhost","2024-05-30 17:47:41","robert@localhost"
"S10255","46.213","18.703","ALSO4",\N,\N,\N,\N,"inhumation","R01157","C04327",\N,\N,\N,\N,\N,\N,"1","0","osztá2016a","2024-05-30 17:47:41","robert@localhost","2024-05-30 17:47:41","robert@localhost"
"S10255","46.213","18.703","ALSO4",\N,\N,\N,\N,"inhumation","R01158","C04331",\N,\N,\N,\N,\N,\N,"0","0","osztá2016a","2024-05-30 17:47:41","robert@localhost","2024-05-30 17:47:41","robert@localhost"
"S10255","46.213","18.703","ALSO4",\N,\N,\N,\N,"inhumation","R01159","C04332",\N,\N,\N,\N,\N,\N,\N,\N,"osztá2016a","2024-05-30 17:47:41","robert@localhost","2024-05-30 17:47:41","robert@localhost"
"S10255","46.213","18.703","ALSO4",\N,\N,\N,\N,"inhumation","R01160","C04333",\N,\N,\N,\N,\N,\N,"1","0","osztá2016a","2024-05-30 17:47:41","robert@localhost","2024-05-30 17:47:41","robert@localhost"
"S10255","46.213","18.703","ALSO4",\N,\N,\N,\N,"inhumation","R01161","C04334",\N,\N,\N,\N,\N,\N,"1","0","osztá2016a","2024-05-30 17:47:41","robert@localhost","2024-05-30 17:47:41","robert@localhost"
"S10255","46.213","18.703","ALSO4",\N,\N,\N,\N,"inhumation","R01162","C04335",\N,\N,\N,\N,\N,\N,"0","0","osztá2016a","2024-05-30 17:47:41","robert@localhost","2024-05-30 17:47:41","robert@localhost"
"S10255","46.213","18.703","ALSO4",\N,\N,\N,\N,"inhumation","R01163","C04336",\N,\N,\N,\N,\N,\N,"1","0","osztá2016a","2024-05-30 17:47:41","robert@localhost","2024-05-30 17:47:41","robert@localhost"
"S10255","46.213","18.703","ALSO4",\N,\N,\N,\N,"inhumation","R01164","C04337",\N,\N,\N,\N,\N,\N,"1","0","osztá2016a","2024-05-30 17:47:41","robert@localhost","2024-05-30 17:47:41","robert@localhost"
"S10255","46.213","18.703","ALSO4",\N,\N,\N,\N,"inhumation","R01165","C04338",\N,\N,\N,\N,\N,\N,"1","0","osztá2016a","2024-05-30 17:47:41","robert@localhost","2024-05-30 17:47:41","robert@localhost"
"S10255","46.213","18.703","ALSO4",\N,\N,\N,\N,"inhumation","R01166","C04339",\N,\N,\N,\N,\N,\N,"1","0","osztá2016a","2024-05-30 17:47:41","robert@localhost","2024-05-30 17:47:41","robert@localhost"
"S10255","46.213","18.703","ALSO4",\N,\N,\N,\N,"inhumation","R01167","C04340",\N,\N,\N,\N,\N,\N,"1","0","osztá2016a","2024-05-30 17:47:41","robert@localhost","2024-05-30 17:47:41","robert@localhost"
"S10255","46.213","18.703","ALSO4",\N,\N,\N,\N,"inhumation","R01168","C04341",\N,\N,\N,\N,\N,\N,"1","0","osztá2016a","2024-05-30 17:47:41","robert@localhost","2024-05-30 17:47:41","robert@localhost"
"S10255","46.213","18.703","ALSO4",\N,\N,\N,\N,"inhumation","R01169","C04342",\N,\N,\N,\N,\N,\N,"1","0","osztá2016a","2024-05-30 17:47:41","robert@localhost","2024-05-30 17:47:41","robert@localhost"
"S10255","46.213","18.703","ALSO4",\N,\N,\N,\N,"inhumation","R01170","C04343",\N,\N,\N,\N,\N,\N,"1","1","osztá2016a","2024-05-30 17:47:41","robert@localhost","2024-05-30 17:47:41","robert@localhost"
"S10255","46.213","18.703","ALSO4",\N,\N,\N,\N,"inhumation","R01171","C04344",\N,\N,\N,\N,\N,\N,"1","0","osztá2016a","2024-05-30 17:47:41","robert@localhost","2024-05-30 17:47:41","robert@localhost"
"S10255","46.213","18.703","ALSO4",\N,\N,\N,\N,"inhumation","R01172","C04345",\N,\N,\N,\N,\N,\N,"1","0","osztá2016a","2024-05-30 17:47:41","robert@localhost","2024-05-30 17:47:41","robert@localhost"
"S10255","46.213","18.703","ALSO4",\N,\N,\N,\N,"inhumation","R01173","C04346",\N,\N,\N,\N,\N,\N,"1","0","osztá2016a","2024-05-30 17:47:41","robert@localhost","2024-05-30 17:47:41","robert@localhost"
"S10255","46.213","18.703","ALSO4",\N,\N,\N,\N,"inhumation","R01174","C04347",\N,\N,\N,\N,\N,\N,"1","0","osztá2016a","2024-05-30 17:47:41","robert@localhost","2024-05-30 17:47:41","robert@localhost"
"S10255","46.213","18.703","ALSO4",\N,\N,\N,\N,"inhumation","R01175","C04348",\N,\N,\N,\N,\N,\N,"0","0","osztá2016a","2024-05-30 17:47:41","robert@localhost","2024-05-30 17:47:41","robert@localhost"
"S10255","46.213","18.703","ALSO4",\N,\N,\N,\N,"inhumation","R01176","C04349",\N,\N,\N,\N,\N,\N,"0","0","osztá2016a","2024-05-30 17:47:41","robert@localhost","2024-05-30 17:47:41","robert@localhost"
"S10255","46.213","18.703","ALSO4",\N,\N,\N,\N,"inhumation","R01177","C04350",\N,"1",\N,\N,\N,\N,"1","0","osztá2016a","2024-05-30 17:47:41","robert@localhost","2024-05-30 17:47:41","robert@localhost"
"S10255","46.213","18.703","ALSO4",\N,\N,\N,\N,"inhumation","R01178","C04351",\N,\N,\N,\N,\N,\N,\N,\N,"osztá2016a","2024-05-30 17:47:41","robert@localhost","2024-05-30 17:47:41","robert@localhost"
"S10255","46.213","18.703","ALSO4",\N,\N,\N,\N,"inhumation","R01179","C04352",\N,\N,\N,\N,\N,\N,"1","0","osztá2016a","2024-05-30 17:47:41","robert@localhost","2024-05-30 17:47:41","robert@localhost"
"S10255","46.213","18.703","ALSO4",\N,\N,\N,\N,"inhumation","R01180","C04353",\N,\N,\N,\N,\N,\N,"1","0","osztá2016a","2024-05-30 17:47:41","robert@localhost","2024-05-30 17:47:41","robert@localhost"
"S10255","46.213","18.703","ALSO4",\N,\N,\N,\N,"inhumation","R01181","C04354",\N,\N,\N,\N,\N,\N,"1","0","osztá2016a","2024-05-30 17:47:41","robert@localhost","2024-05-30 17:47:41","robert@localhost"
"S10255","46.213","18.703","ALSO4",\N,\N,\N,\N,"inhumation","R01182","C04357",\N,\N,\N,\N,\N,\N,"1","0","osztá2016a","2024-05-30 17:47:41","robert@localhost","2024-05-30 17:47:41","robert@localhost"
"S10255","46.213","18.703","ALSO4",\N,\N,\N,\N,"inhumation","R01183","C04358",\N,\N,\N,\N,\N,\N,"1","1","osztá2016a","2024-05-30 17:47:41","robert@localhost","2024-05-30 17:47:41","robert@localhost"
"S10255","46.213","18.703","ALSO4",\N,\N,\N,\N,"inhumation","R01184","C04359",\N,\N,\N,\N,\N,\N,"1","0","osztá2016a","2024-05-30 17:47:41","robert@localhost","2024-05-30 17:47:41","robert@localhost"
"S10255","46.213","18.703","ALSO4",\N,\N,\N,\N,"inhumation","R01185","C04360",\N,\N,\N,\N,\N,\N,"1","0","osztá2016a","2024-05-30 17:47:41","robert@localhost","2024-05-30 17:47:41","robert@localhost"
"S10255","46.213","18.703","ALSO4",\N,\N,\N,\N,"inhumation","R01186","C04361",\N,\N,\N,\N,\N,\N,"1","0","osztá2016a","2024-05-30 17:47:41","robert@localhost","2024-05-30 17:47:41","robert@localhost"
"S10255","46.213","18.703","ALSO4",\N,\N,\N,\N,"inhumation","R01187","C04362",\N,\N,\N,\N,\N,\N,"1","0","osztá2016a","2024-05-30 17:47:41","robert@localhost","2024-05-30 17:47:41","robert@localhost"
"S10255","46.213","18.703","ALSO4",\N,\N,\N,\N,"inhumation","R01188","C04363",\N,\N,\N,\N,\N,\N,"1","0","osztá2016a","2024-05-30 17:47:41","robert@localhost","2024-05-30 17:47:41","robert@localhost"
"S10255","46.213","18.703","ALSO4",\N,\N,\N,\N,"inhumation","R01189","C04364",\N,\N,\N,\N,\N,\N,"1","0","osztá2016a","2024-05-30 17:47:41","robert@localhost","2024-05-30 17:47:41","robert@localhost"
"S10255","46.213","18.703","ALSO4",\N,\N,\N,\N,"inhumation","R01190","C04365",\N,\N,\N,\N,\N,\N,"1","0","osztá2016a","2024-05-30 17:47:41","robert@localhost","2024-05-30 17:47:41","robert@localhost"
"S10255","46.213","18.703","ALSO4",\N,\N,\N,\N,"inhumation","R01191","C04366",\N,\N,\N,\N,\N,\N,"0","0","osztá2016a","2024-05-30 17:47:41","robert@localhost","2024-05-30 17:47:41","robert@localhost"
"S10255","46.213","18.703","ALSO4",\N,\N,"I0056","haak2015a","inhumation","R01192","C04367",\N,\N,\N,\N,\N,\N,"1","0","osztá2016a","2024-05-30 17:47:41","robert@localhost","2024-05-30 17:47:41","robert@localhost"
"S10255","46.213","18.703","ALSO4",\N,\N,\N,\N,"inhumation","R01193","C04368",\N,\N,\N,\N,\N,\N,"1","0","osztá2016a","2024-05-30 17:47:41","robert@localhost","2024-05-30 17:47:41","robert@localhost"
"S10255","46.213","18.703","ALSO4",\N,\N,\N,\N,"inhumation","R01194","C04369",\N,\N,\N,\N,\N,\N,"1","0","osztá2016a","2024-05-30 17:47:41","robert@localhost","2024-05-30 17:47:41","robert@localhost"
"S10255","46.213","18.703","ALSO4",\N,\N,\N,\N,"inhumation","R01195","C04370",\N,\N,\N,\N,\N,\N,"1","0","osztá2016a","2024-05-30 17:47:41","robert@localhost","2024-05-30 17:47:41","robert@localhost"
"S10255","46.213","18.703","ALSO4",\N,\N,\N,\N,"inhumation","R01196","C04371",\N,\N,\N,\N,\N,\N,"1","0","osztá2016a","2024-05-30 17:47:41","robert@localhost","2024-05-30 17:47:41","robert@localhost"
"S10255","46.213","18.703","ALSO4",\N,\N,\N,\N,"inhumation","R01197","C04372",\N,\N,\N,\N,\N,\N,"1","0","osztá2016a","2024-05-30 17:47:41","robert@localhost","2024-05-30 17:47:41","robert@localhost"
"S10255","46.213","18.703","ALSO4",\N,\N,\N,\N,"inhumation","R01198","C04373",\N,\N,"crouched","left",\N,\N,"1","0","osztá2016a","2024-05-30 17:47:41","robert@localhost","2024-05-30 17:47:41","robert@localhost"
"S10255","46.213","18.703","ALSO4",\N,\N,\N,\N,"inhumation","R01199","C04374",\N,\N,\N,\N,\N,\N,"1","0","osztá2016a","2024-05-30 17:47:41","robert@localhost","2024-05-30 17:47:41","robert@localhost"
"S10255","46.213","18.703","ALSO4",\N,\N,\N,\N,"inhumation","R01200","C04375",\N,\N,\N,\N,\N,\N,"1","0","osztá2016a","2024-05-30 17:47:41","robert@localhost","2024-05-30 17:47:41","robert@localhost"
"S10255","46.213","18.703","ALSO4",\N,\N,\N,\N,"inhumation","R01201","C04376",\N,\N,\N,\N,\N,\N,"1","0","osztá2016a","2024-05-30 17:47:41","robert@localhost","2024-05-30 17:47:41","robert@localhost"
"S10255","46.213","18.703","ALSO4",\N,\N,\N,\N,"inhumation","R01202","C04377",\N,\N,\N,\N,\N,\N,"1","0","osztá2016a","2024-05-30 17:47:41","robert@localhost","2024-05-30 17:47:41","robert@localhost"
"S10255","46.213","18.703","ALSO4",\N,\N,\N,\N,"inhumation","R01203","C04378",\N,\N,\N,\N,\N,\N,"1","0","osztá2016a","2024-05-30 17:47:41","robert@localhost","2024-05-30 17:47:41","robert@localhost"
"S10255","46.213","18.703","ALSO4",\N,\N,\N,\N,"inhumation","R01204","C04379",\N,\N,\N,\N,\N,\N,"0","0","osztá2016a","2024-05-30 17:47:41","robert@localhost","2024-05-30 17:47:41","robert@localhost"
"S10255","46.213","18.703","ALSO4",\N,\N,\N,\N,"inhumation","R01205","C04380",\N,\N,\N,\N,\N,\N,"1","0","osztá2016a","2024-05-30 17:47:41","robert@localhost","2024-05-30 17:47:41","robert@localhost"
"S10255","46.213","18.703","ALSO4",\N,\N,\N,\N,"inhumation","R01206","C04381",\N,\N,\N,\N,\N,\N,"1","0","osztá2016a","2024-05-30 17:47:41","robert@localhost","2024-05-30 17:47:41","robert@localhost"
"S10255","46.213","18.703","ALSO4",\N,\N,\N,\N,"inhumation","R01207","C04382",\N,\N,\N,\N,\N,\N,"1","0","osztá2016a","2024-05-30 17:47:41","robert@localhost","2024-05-30 17:47:41","robert@localhost"
"S10255","46.213","18.703","ALSO4",\N,\N,\N,\N,"inhumation","R01208","C04383",\N,\N,\N,\N,\N,\N,\N,\N,"osztá2016a","2024-05-30 17:47:41","robert@localhost","2024-05-30 17:47:41","robert@localhost"
"S10255","46.213","18.703","ALSO5","4624","123",\N,\N,"inhumation","R01209","C04384",\N,\N,\N,\N,\N,\N,\N,\N,"osztá2016a","2024-05-30 17:47:41","robert@localhost","2024-05-30 17:47:41","robert@localhost"
"S10255","46.213","18.703","ALSO5","4624","123",\N,\N,"inhumation","R01210","C04385",\N,\N,\N,\N,\N,\N,\N,\N,"osztá2016a","2024-05-30 17:47:41","robert@localhost","2024-05-30 17:47:41","robert@localhost"
"S10255","46.213","18.703","ALSO4",\N,\N,\N,\N,"inhumation","R01211","C04386",\N,\N,\N,\N,\N,\N,"1","0","osztá2016a","2024-05-30 17:47:41","robert@localhost","2024-05-30 17:47:41","robert@localhost"
"S10255","46.213","18.703","ALSO4",\N,\N,\N,\N,"inhumation","R01212","C04387",\N,\N,\N,\N,\N,\N,"1","0","osztá2016a","2024-05-30 17:47:41","robert@localhost","2024-05-30 17:47:41","robert@localhost"
"S10255","46.213","18.703","ALSO4",\N,\N,\N,\N,"inhumation","R01213","C04388",\N,\N,\N,\N,\N,\N,"0","0","osztá2016a","2024-05-30 17:47:41","robert@localhost","2024-05-30 17:47:41","robert@localhost"
"S10255","46.213","18.703","ALSO4",\N,\N,\N,\N,"inhumation","R01214","C04389",\N,\N,\N,\N,\N,\N,"1","0","osztá2016a","2024-05-30 17:47:41","robert@localhost","2024-05-30 17:47:41","robert@localhost"
"S10255","46.213","18.703","ALSO4",\N,\N,\N,\N,"inhumation","R01215","C04390",\N,\N,\N,\N,\N,\N,"1","0","osztá2016a","2024-05-30 17:47:41","robert@localhost","2024-05-30 17:47:41","robert@localhost"
"S10255","46.213","18.703","ALSO4",\N,\N,\N,\N,"inhumation","R01216","C04391",\N,\N,\N,\N,\N,\N,"1","0","osztá2016a","2024-05-30 17:47:41","robert@localhost","2024-05-30 17:47:41","robert@localhost"
"S10255","46.213","18.703","ALSO4",\N,\N,\N,\N,"inhumation","R01217","C04392",\N,\N,\N,\N,\N,\N,\N,\N,"osztá2016a","2024-05-30 17:47:41","robert@localhost","2024-05-30 17:47:41","robert@localhost"
"S10255","46.213","18.703","ALSO4",\N,\N,\N,\N,"inhumation","R01218","C04393",\N,\N,\N,\N,\N,\N,"1","0","osztá2016a","2024-05-30 17:47:41","robert@localhost","2024-05-30 17:47:41","robert@localhost"
"S10255","46.213","18.703","ALSO4",\N,\N,\N,\N,"inhumation","R01219","C04394",\N,\N,\N,\N,\N,\N,"1","1","osztá2016a","2024-05-30 17:47:41","robert@localhost","2024-05-30 17:47:41","robert@localhost"
"S10255","46.213","18.703","ALSO4",\N,\N,\N,\N,"inhumation","R01220","C04395",\N,\N,\N,\N,\N,\N,"1","0","osztá2016a","2024-05-30 17:47:41","robert@localhost","2024-05-30 17:47:41","robert@localhost"
"S10255","46.213","18.703","ALSO4",\N,\N,\N,\N,"inhumation","R01221","C04396",\N,\N,\N,\N,\N,\N,"1","0","osztá2016a","2024-05-30 17:47:41","robert@localhost","2024-05-30 17:47:41","robert@localhost"
"S10255","46.213","18.703","ALSO4",\N,\N,\N,\N,"inhumation","R01222","C04397",\N,\N,\N,\N,\N,\N,"1","0","osztá2016a","2024-05-30 17:47:41","robert@localhost","2024-05-30 17:47:41","robert@localhost"
"S10255","46.213","18.703","ALSO4",\N,\N,\N,\N,"inhumation","R01223","C04398",\N,\N,\N,\N,\N,\N,"1","0","osztá2016a","2024-05-30 17:47:41","robert@localhost","2024-05-30 17:47:41","robert@localhost"
"S10255","46.213","18.703","ALSO4",\N,\N,\N,\N,"inhumation","R01224","C04399",\N,\N,\N,\N,\N,\N,"1","0","osztá2016a","2024-05-30 17:47:41","robert@localhost","2024-05-30 17:47:41","robert@localhost"
"S10255","46.213","18.703","ALSO4",\N,\N,\N,\N,"inhumation","R01225","C04400",\N,\N,\N,\N,\N,\N,"1","0","osztá2016a","2024-05-30 17:47:41","robert@localhost","2024-05-30 17:47:41","robert@localhost"
"S10255","46.213","18.703","ALSO4",\N,\N,\N,\N,"inhumation","R01226","C04401",\N,\N,\N,\N,\N,\N,"1","1","osztá2016a","2024-05-30 17:47:41","robert@localhost","2024-05-30 17:47:41","robert@localhost"
"S10255","46.213","18.703","ALSO4",\N,\N,\N,\N,"inhumation","R01227","C04402",\N,\N,\N,\N,\N,\N,"1","0","osztá2016a","2024-05-30 17:47:41","robert@localhost","2024-05-30 17:47:41","robert@localhost"
"S10255","46.213","18.703","ALSO4",\N,\N,\N,\N,"inhumation","R01228","C04403",\N,\N,\N,\N,\N,\N,"0","0","osztá2016a","2024-05-30 17:47:41","robert@localhost","2024-05-30 17:47:41","robert@localhost"
"S10255","46.213","18.703","ALSO4",\N,\N,\N,\N,"inhumation","R01229","C04404",\N,\N,\N,\N,\N,\N,"1","0","osztá2016a","2024-05-30 17:47:41","robert@localhost","2024-05-30 17:47:41","robert@localhost"
"S10255","46.213","18.703","ALSO4",\N,\N,\N,\N,"inhumation","R01230","C04405",\N,\N,\N,\N,\N,\N,"1","0","osztá2016a","2024-05-30 17:47:41","robert@localhost","2024-05-30 17:47:41","robert@localhost"
"S10255","46.213","18.703","ALSO4",\N,\N,\N,\N,"inhumation","R01231","C04406",\N,\N,"crouched","right",\N,\N,"1","0","osztá2016a","2024-05-30 17:47:41","robert@localhost","2024-05-30 17:47:41","robert@localhost"
"S10255","46.213","18.703","ALSO4",\N,\N,\N,\N,"inhumation","R01232","C04407",\N,\N,\N,\N,\N,\N,"1","0","osztá2016a","2024-05-30 17:47:41","robert@localhost","2024-05-30 17:47:41","robert@localhost"
"S10255","46.213","18.703","ALSO4",\N,\N,\N,\N,"inhumation","R01233","C04408",\N,\N,\N,\N,\N,\N,"1","0","osztá2016a","2024-05-30 17:47:41","robert@localhost","2024-05-30 17:47:41","robert@localhost"
"S10255","46.213","18.703","ALSO4",\N,\N,\N,\N,"inhumation","R01234","C04410",\N,\N,\N,\N,"45","135","1","0","osztá2016a","2024-05-30 17:47:41","robert@localhost","2024-05-30 17:47:41","robert@localhost"
"S10255","46.213","18.703","ALSO4",\N,\N,\N,\N,"inhumation","R01235","C04411",\N,\N,\N,\N,"45","135","1","0","osztá2016a","2024-05-30 17:47:41","robert@localhost","2024-05-30 17:47:41","robert@localhost"
"S10255","46.213","18.703","ALSO4",\N,\N,\N,\N,"inhumation","R01236","C04412",\N,\N,\N,\N,"45","135","1","0","osztá2016a","2024-05-30 17:47:41","robert@localhost","2024-05-30 17:47:41","robert@localhost"
"S10255","46.213","18.703","ALSO4",\N,\N,\N,\N,"inhumation","R01237","C04413",\N,\N,\N,\N,"45","135","1","0","osztá2016a","2024-05-30 17:47:41","robert@localhost","2024-05-30 17:47:41","robert@localhost"
"S10255","46.213","18.703","ALSO4",\N,\N,\N,\N,"inhumation","R01238","C04414",\N,\N,\N,\N,"45","135","1","0","osztá2016a","2024-05-30 17:47:41","robert@localhost","2024-05-30 17:47:41","robert@localhost"
"S10255","46.213","18.703","ALSO4",\N,\N,\N,\N,"inhumation","R01239","C04415",\N,\N,\N,\N,"45","135","1","0","osztá2016a","2024-05-30 17:47:41","robert@localhost","2024-05-30 17:47:41","robert@localhost"
"S10255","46.213","18.703","ALSO4",\N,\N,\N,\N,"inhumation","R01240","C04416",\N,\N,\N,\N,"45","135","1","0","osztá2016a","2024-05-30 17:47:41","robert@localhost","2024-05-30 17:47:41","robert@localhost"
"S10255","46.213","18.703","ALSO4",\N,\N,\N,\N,"inhumation","R01241","C04417",\N,\N,\N,\N,"45","135","1","0","osztá2016a","2024-05-30 17:47:41","robert@localhost","2024-05-30 17:47:41","robert@localhost"
"S10255","46.213","18.703","ALSO4",\N,\N,\N,\N,"inhumation","R01242","C04418",\N,\N,\N,\N,"45","135","1","0","osztá2016a","2024-05-30 17:47:41","robert@localhost","2024-05-30 17:47:41","robert@localhost"
"S10255","46.213","18.703","ALSO4",\N,\N,\N,\N,"inhumation","R01243","C04419",\N,\N,\N,\N,"225","315","1","0","osztá2016a","2024-05-30 17:47:41","robert@localhost","2024-05-30 17:47:41","robert@localhost"
"S10255","46.213","18.703","ALSO4",\N,\N,\N,\N,"inhumation","R01244","C04420",\N,\N,\N,\N,"225","315","1","0","osztá2016a","2024-05-30 17:47:41","robert@localhost","2024-05-30 17:47:41","robert@localhost"
"S10255","46.213","18.703","ALSO4",\N,\N,\N,\N,"inhumation","R01245","C04421",\N,\N,\N,\N,"225","315","1","0","osztá2016a","2024-05-30 17:47:41","robert@localhost","2024-05-30 17:47:41","robert@localhost"
"S10255","46.213","18.703","ALSO4",\N,\N,\N,\N,"inhumation","R01246","C04422",\N,\N,\N,\N,"225","315","1","0","osztá2016a","2024-05-30 17:47:41","robert@localhost","2024-05-30 17:47:41","robert@localhost"
"S10255","46.213","18.703","ALSO4",\N,\N,\N,\N,"inhumation","R01247","C04423",\N,\N,\N,\N,"225","315","1","0","osztá2016a","2024-05-30 17:47:41","robert@localhost","2024-05-30 17:47:41","robert@localhost"
"S10255","46.213","18.703","ALSO4",\N,\N,\N,\N,"inhumation","R01248","C04424",\N,\N,\N,\N,"225","315","1","0","osztá2016a","2024-05-30 17:47:41","robert@localhost","2024-05-30 17:47:41","robert@localhost"
"S10255","46.213","18.703","ALSO4",\N,\N,\N,\N,"inhumation","R01249","C04425",\N,\N,\N,\N,\N,\N,"1","0","osztá2016a","2024-05-30 17:47:41","robert@localhost","2024-05-30 17:47:41","robert@localhost"
"S10255","46.213","18.703","ALSO4",\N,\N,\N,\N,"inhumation","R01250","C04426",\N,\N,\N,\N,\N,\N,"1","0","osztá2016a","2024-05-30 17:47:41","robert@localhost","2024-05-30 17:47:41","robert@localhost"
"S10255","46.213","18.703","ALSO4",\N,\N,\N,\N,"inhumation","R01251","C04427",\N,\N,\N,\N,\N,\N,"1","0","osztá2016a","2024-05-30 17:47:41","robert@localhost","2024-05-30 17:47:41","robert@localhost"
"S10255","46.213","18.703","ALSO4",\N,\N,\N,\N,"inhumation","R01252","C04428",\N,\N,"crouched","right",\N,\N,"1","0","osztá2016a","2024-05-30 17:47:41","robert@localhost","2024-05-30 17:47:41","robert@localhost"
"S10255","46.213","18.703","ALSO4",\N,\N,\N,\N,"inhumation","R01253","C04429",\N,\N,"crouched","right",\N,\N,"1","1","osztá2016a","2024-05-30 17:47:41","robert@localhost","2024-05-30 17:47:41","robert@localhost"
"S10255","46.213","18.703","ALSO4",\N,\N,\N,\N,"inhumation","R01254","C04430",\N,\N,\N,\N,\N,\N,"1","0","osztá2016a","2024-05-30 17:47:41","robert@localhost","2024-05-30 17:47:41","robert@localhost"
"S10255","46.213","18.703","ALSO4",\N,\N,\N,\N,"inhumation","R01255","C04431",\N,\N,\N,\N,\N,\N,"1","0","osztá2016a","2024-05-30 17:47:41","robert@localhost","2024-05-30 17:47:41","robert@localhost"
"S10255","46.213","18.703","ALSO5","4624","123",\N,\N,"inhumation","R01256","C04432",\N,\N,\N,\N,\N,\N,\N,\N,"osztá2016a","2024-05-30 17:47:41","robert@localhost","2024-05-30 17:47:41","robert@localhost"
"S10255","46.213","18.703","ALSO5","4624","123",\N,\N,"inhumation","R01257","C04433",\N,\N,\N,\N,\N,\N,\N,\N,"osztá2016a","2024-05-30 17:47:41","robert@localhost","2024-05-30 17:47:41","robert@localhost"
"S10255","46.213","18.703","ALSO4",\N,\N,\N,\N,"inhumation","R01258","C04434",\N,\N,\N,\N,\N,\N,"1","0","osztá2016a","2024-05-30 17:47:41","robert@localhost","2024-05-30 17:47:41","robert@localhost"
"S10255","46.213","18.703","ALSO4",\N,\N,\N,\N,"inhumation","R01259","C04435",\N,\N,\N,\N,\N,\N,\N,\N,"osztá2016a","2024-05-30 17:47:41","robert@localhost","2024-05-30 17:47:41","robert@localhost"
"S10255","46.213","18.703","ALSO4",\N,\N,\N,\N,"inhumation","R01260","C04436",\N,\N,\N,\N,\N,\N,"0","0","osztá2016a","2024-05-30 17:47:41","robert@localhost","2024-05-30 17:47:41","robert@localhost"
"S10255","46.213","18.703","ALSO4",\N,\N,\N,\N,"inhumation","R01261","C04437",\N,\N,\N,\N,\N,\N,"1","0","osztá2016a","2024-05-30 17:47:41","robert@localhost","2024-05-30 17:47:41","robert@localhost"
"S10255","46.213","18.703","ALSO4",\N,\N,\N,\N,"inhumation","R01262","C04438",\N,\N,\N,\N,\N,\N,"1","0","osztá2016a","2024-05-30 17:47:41","robert@localhost","2024-05-30 17:47:41","robert@localhost"
"S10255","46.213","18.703","ALSO4",\N,\N,\N,\N,"inhumation","R01263","C04439",\N,\N,\N,\N,\N,\N,"1","0","osztá2016a","2024-05-30 17:47:41","robert@localhost","2024-05-30 17:47:41","robert@localhost"
"S10255","46.213","18.703","ALSO4",\N,\N,\N,\N,"inhumation","R01264","C04440",\N,\N,\N,\N,\N,\N,"1","0","osztá2016a","2024-05-30 17:47:41","robert@localhost","2024-05-30 17:47:41","robert@localhost"
"S10255","46.213","18.703","ALSO4",\N,\N,\N,\N,"inhumation","R01265","C04441",\N,\N,\N,\N,\N,\N,\N,\N,"osztá2016a","2024-05-30 17:47:41","robert@localhost","2024-05-30 17:47:41","robert@localhost"
"S10255","46.213","18.703","ALSO4",\N,\N,\N,\N,"inhumation","R01266","C04442",\N,\N,\N,\N,\N,\N,"1","0","osztá2016a","2024-05-30 17:47:41","robert@localhost","2024-05-30 17:47:41","robert@localhost"
"S10255","46.213","18.703","ALSO4",\N,\N,\N,\N,"inhumation","R01267","C04443",\N,\N,\N,\N,\N,\N,"0","0","osztá2016a","2024-05-30 17:47:41","robert@localhost","2024-05-30 17:47:41","robert@localhost"
"S10255","46.213","18.703","ALSO4",\N,\N,\N,\N,"inhumation","R01268","C04444",\N,\N,\N,\N,\N,\N,"1","0","osztá2016a","2024-05-30 17:47:41","robert@localhost","2024-05-30 17:47:41","robert@localhost"
"S10255","46.213","18.703","ALSO4",\N,\N,\N,\N,"inhumation","R01269","C04445",\N,\N,\N,\N,\N,\N,"1","0","osztá2016a","2024-05-30 17:47:41","robert@localhost","2024-05-30 17:47:41","robert@localhost"
"S10573","46.400","18.740","SZEMHEG1","7777","120","I0176","haak2015a",\N,"R01270","C04446",\N,\N,\N,\N,\N,\N,\N,\N,"haak2015a","2024-05-30 17:47:41","robert@localhost","2024-05-30 17:47:41","robert@localhost"
"S10255","46.213","18.703","ALSO4",\N,\N,\N,\N,"inhumation","R01271","C04447",\N,\N,\N,\N,\N,\N,\N,\N,"pósa2015a","2024-05-30 17:47:41","robert@localhost","2024-05-30 17:47:41","robert@localhost"
"S10255","46.213","18.703","ALSO4",\N,\N,\N,\N,"inhumation","R01272","C04448",\N,\N,\N,\N,\N,\N,\N,\N,"pósa2015a","2024-05-30 17:47:41","robert@localhost","2024-05-30 17:47:41","robert@localhost"
"S10255","46.213","18.703","ALSO4",\N,\N,\N,\N,"inhumation","R01273","C04449",\N,\N,\N,\N,\N,\N,\N,\N,"pósa2015a","2024-05-30 17:47:41","robert@localhost","2024-05-30 17:47:41","robert@localhost"
"S10255","46.213","18.703","ALSO4",\N,\N,\N,\N,"inhumation","R01274","C04450",\N,\N,\N,\N,\N,\N,\N,\N,"pósa2015a","2024-05-30 17:47:41","robert@localhost","2024-05-30 17:47:41","robert@localhost"
"S10255","46.213","18.703","ALSO4",\N,\N,\N,\N,"inhumation","R01275","C04451",\N,\N,\N,\N,\N,\N,\N,\N,"pósa2015a","2024-05-30 17:47:41","robert@localhost","2024-05-30 17:47:41","robert@localhost"
"S10255","46.213","18.703","ALSO4",\N,\N,\N,\N,"inhumation","R01276","C04452",\N,\N,\N,\N,\N,\N,\N,\N,"pósa2015a","2024-05-30 17:47:41","robert@localhost","2024-05-30 17:47:41","robert@localhost"
"S10255","46.213","18.703","ALSO4",\N,\N,\N,\N,"inhumation","R01277","C04453",\N,\N,\N,\N,\N,\N,\N,\N,"pósa2015a","2024-05-30 17:47:41","robert@localhost","2024-05-30 17:47:41","robert@localhost"
"S10255","46.213","18.703","ALSO4",\N,\N,\N,\N,"inhumation","R01278","C04454",\N,\N,\N,\N,\N,\N,\N,\N,"pósa2015a","2024-05-30 17:47:41","robert@localhost","2024-05-30 17:47:41","robert@localhost"
"S10255","46.213","18.703","ALSO4",\N,\N,\N,\N,"inhumation","R01279","C04455",\N,\N,\N,\N,\N,\N,\N,\N,"pósa2015a","2024-05-30 17:47:41","robert@localhost","2024-05-30 17:47:41","robert@localhost"
"S10255","46.213","18.703","ALSO4",\N,\N,\N,\N,"inhumation","R01280","C04456",\N,\N,\N,\N,\N,\N,\N,\N,"pósa2015a","2024-05-30 17:47:41","robert@localhost","2024-05-30 17:47:41","robert@localhost"
"S10255","46.213","18.703","ALSO4",\N,\N,\N,\N,"inhumation","R01281","C04457",\N,\N,\N,\N,\N,\N,\N,\N,"pósa2015a","2024-05-30 17:47:41","robert@localhost","2024-05-30 17:47:41","robert@localhost"
"S10255","46.213","18.703","ALSO4",\N,\N,\N,\N,"inhumation","R01282","C04458",\N,\N,\N,\N,\N,\N,\N,\N,"pósa2015a","2024-05-30 17:47:41","robert@localhost","2024-05-30 17:47:41","robert@localhost"
"S10255","46.213","18.703","ALSO4",\N,\N,\N,\N,"inhumation","R01283","C04459",\N,\N,\N,\N,\N,\N,\N,\N,"pósa2015a","2024-05-30 17:47:41","robert@localhost","2024-05-30 17:47:41","robert@localhost"
"S10255","46.213","18.703","ALSO4",\N,\N,\N,\N,"inhumation","R01284","C04460",\N,\N,\N,\N,\N,\N,\N,\N,"pósa2015a","2024-05-30 17:47:41","robert@localhost","2024-05-30 17:47:41","robert@localhost"
"S10255","46.213","18.703","ALSO4",\N,\N,\N,\N,"inhumation","R01285","C04461",\N,\N,\N,\N,\N,\N,\N,\N,"pósa2015a","2024-05-30 17:47:41","robert@localhost","2024-05-30 17:47:41","robert@localhost"
"S10255","46.213","18.703","ALSO4",\N,\N,\N,\N,"inhumation","R01286","C04462",\N,\N,\N,\N,\N,\N,\N,\N,"pósa2015a","2024-05-30 17:47:41","robert@localhost","2024-05-30 17:47:41","robert@localhost"
"S10255","46.213","18.703","ALSO4",\N,\N,\N,\N,"inhumation","R01287","C04463",\N,\N,\N,\N,\N,\N,\N,\N,"pósa2015a","2024-05-30 17:47:41","robert@localhost","2024-05-30 17:47:41","robert@localhost"
"S10255","46.213","18.703","ALSO4",\N,\N,\N,\N,"inhumation","R01288","C04464",\N,\N,\N,\N,\N,\N,\N,\N,"pósa2015a","2024-05-30 17:47:41","robert@localhost","2024-05-30 17:47:41","robert@localhost"
"S10255","46.213","18.703","ALSO4",\N,\N,\N,\N,"inhumation","R01289","C04465",\N,\N,\N,\N,\N,\N,\N,\N,"pósa2015a","2024-05-30 17:47:41","robert@localhost","2024-05-30 17:47:41","robert@localhost"
"S10255","46.213","18.703","ALSO4",\N,\N,\N,\N,"inhumation","R01290","C04466",\N,\N,\N,\N,\N,\N,\N,\N,"pósa2015a","2024-05-30 17:47:41","robert@localhost","2024-05-30 17:47:41","robert@localhost"
"S10255","46.213","18.703","ALSO4",\N,\N,\N,\N,"inhumation","R01291","C04467",\N,\N,\N,\N,\N,\N,\N,\N,"pósa2015a","2024-05-30 17:47:41","robert@localhost","2024-05-30 17:47:41","robert@localhost"
"S10255","46.213","18.703","ALSO4",\N,\N,\N,\N,"inhumation","R01292","C04468",\N,\N,\N,\N,\N,\N,\N,\N,"pósa2015a","2024-05-30 17:47:41","robert@localhost","2024-05-30 17:47:41","robert@localhost"
"S10255","46.213","18.703","ALSO4",\N,\N,\N,\N,"inhumation","R01293","C04469",\N,\N,\N,\N,\N,\N,\N,\N,"pósa2015a","2024-05-30 17:47:41","robert@localhost","2024-05-30 17:47:41","robert@localhost"
"S10255","46.213","18.703","ALSO4",\N,\N,\N,\N,"inhumation","R01294","C04470",\N,\N,\N,\N,\N,\N,\N,\N,"pósa2015a","2024-05-30 17:47:41","robert@localhost","2024-05-30 17:47:41","robert@localhost"
"S10190","49.560","27.690","ILY1","4901","206","ILK001","mathi2018a","inhumation","R01295","C04479","1","1","heap",\N,\N,\N,\N,\N,"mathi2018a","2024-05-30 17:47:41","robert@localhost","2024-05-31 03:46:08","Rscripts@localhost"
"S10574","51.870","10.900","DERMII1","6796","288",\N,\N,"inhumation","R01296","C04494",\N,"1","crouched","left","90",\N,"0","0","frits2011a","2024-05-30 17:47:41","robert@localhost","2024-05-30 17:47:41","robert@localhost"
"S10574","51.870","10.900","DERMII1","6796","288",\N,\N,"inhumation","R01297","C04495",\N,"1","crouched","left","90","100","1","0","frits2011a","2024-05-30 17:47:41","robert@localhost","2024-05-30 17:47:41","robert@localhost"
"S10574","51.870","10.900","DERMII1","6796","288",\N,\N,"inhumation","R01298","C04496",\N,"1","crouched","left","100","110","0","0","frits2011a","2024-05-30 17:47:41","robert@localhost","2024-05-30 17:47:41","robert@localhost"
"S10574","51.870","10.900","DERMII1","6796","288",\N,\N,"inhumation","R01299","C04497",\N,"1","crouched","right","120",\N,"1","0","frits2011a","2024-05-30 17:47:41","robert@localhost","2024-05-30 17:47:41","robert@localhost"
"S10574","51.870","10.900","DERMII1","6796","288",\N,\N,"inhumation","R01300","C04498",\N,"1","crouched","left","270",\N,"1","0","frits2011a","2024-05-30 17:47:41","robert@localhost","2024-05-30 17:47:41","robert@localhost"
"S10574","51.870","10.900","DERMII1","6796","288",\N,\N,"inhumation","R01301","C04499",\N,"1",\N,\N,"50","70","1","0","frits2011a","2024-05-30 17:47:41","robert@localhost","2024-05-30 17:47:41","robert@localhost"
"S10574","51.870","10.900","DERMII1","6796","288",\N,\N,"inhumation","R01302","C04500",\N,"1","crouched","left","90",\N,"1","0","frits2011a","2024-05-30 17:47:41","robert@localhost","2024-05-30 17:47:41","robert@localhost"
"S10574","51.870","10.900","DERMII1","6796","288",\N,\N,"inhumation","R01303","C04501",\N,"1","crouched","left","70",\N,"0","0","frits2011a","2024-05-30 17:47:41","robert@localhost","2024-05-30 17:47:41","robert@localhost"
"S10574","51.870","10.900","DERMII1","6796","288",\N,\N,"inhumation","R01304","C04502",\N,\N,\N,\N,\N,\N,"0","0","frits2011a","2024-05-30 17:47:41","robert@localhost","2024-05-30 17:47:41","robert@localhost"
"S10574","51.870","10.900","DERMII1","6796","288",\N,\N,"inhumation","R01305","C04503",\N,\N,"crouched","right","110","120","0","0","frits2011a","2024-05-30 17:47:41","robert@localhost","2024-05-30 17:47:41","robert@localhost"
"S10574","51.870","10.900","DERMII1","6796","288",\N,\N,"inhumation","R01306","C04504",\N,"1","crouched","right","80","90","0","0","frits2011a","2024-05-30 17:47:41","robert@localhost","2024-05-30 17:47:41","robert@localhost"
"S10574","51.870","10.900","DERMII1","6796","288",\N,\N,"inhumation","R01307","C04505",\N,"1","crouched","right","70","90","0","0","frits2011a","2024-05-30 17:47:41","robert@localhost","2024-05-30 17:47:41","robert@localhost"
"S10574","51.870","10.900","DERMII1","6796","288",\N,\N,"inhumation","R01308","C04506",\N,"1","crouched","right","100","120","1","0","frits2011a","2024-05-30 17:47:41","robert@localhost","2024-05-30 17:47:41","robert@localhost"
"S10574","51.870","10.900","DERMII1","6796","288",\N,\N,"inhumation","R01309","C04507",\N,\N,\N,\N,\N,\N,\N,\N,"frits2011a","2024-05-30 17:47:41","robert@localhost","2024-05-30 17:47:41","robert@localhost"
"S10574","51.870","10.900","DERMII1","6796","288",\N,\N,"inhumation","R01310","C04508",\N,\N,\N,\N,\N,\N,\N,\N,"frits2011a","2024-05-30 17:47:41","robert@localhost","2024-05-30 17:47:41","robert@localhost"
"S10574","51.870","10.900","DERMII1","6796","288",\N,\N,"inhumation","R01311","C04509",\N,"1","crouched","left","90",\N,\N,\N,"frits2011a","2024-05-30 17:47:41","robert@localhost","2024-05-30 17:47:41","robert@localhost"
"S10574","51.870","10.900","DERMII1","6796","288",\N,\N,"inhumation","R01312","C04510",\N,"1","crouched","left","270",\N,"0","0","frits2011a","2024-05-30 17:47:41","robert@localhost","2024-05-30 17:47:41","robert@localhost"
"S10574","51.870","10.900","DERMII1","6796","288",\N,\N,"inhumation","R01313","C04511",\N,"1","crouched","left","80","100","0","0","frits2011a","2024-05-30 17:47:41","robert@localhost","2024-05-30 17:47:41","robert@localhost"
"S10574","51.870","10.900","DERMII1","6796","288",\N,\N,"inhumation","R01314","C04512",\N,"1","crouched","left","45","135","0","0","frits2011a","2024-05-30 17:47:41","robert@localhost","2024-05-30 17:47:41","robert@localhost"
"S10574","51.870","10.900","DERMII1","6796","288",\N,\N,"inhumation","R01315","C04513",\N,"1","crouched","left","260",\N,"1","0","frits2011a","2024-05-30 17:47:41","robert@localhost","2024-05-30 17:47:41","robert@localhost"
"S10574","51.870","10.900","DERMII1","6796","288",\N,\N,"inhumation","R01316","C04514",\N,"1","crouched","left","70","90","0","0","frits2011a","2024-05-30 17:47:41","robert@localhost","2024-05-30 17:47:41","robert@localhost"
"S10574","51.870","10.900","DERMII1","6796","288",\N,\N,"inhumation","R01317","C04515",\N,"1","crouched","left","80","90","1","0","frits2011a","2024-05-30 17:47:41","robert@localhost","2024-05-30 17:47:41","robert@localhost"
"S10574","51.870","10.900","DERMII1","6796","288",\N,\N,"inhumation","R01318","C04516",\N,"1","crouched","left","90","110",\N,\N,"frits2011a","2024-05-30 17:47:41","robert@localhost","2024-05-30 17:47:41","robert@localhost"
"S10574","51.870","10.900","DERMII1","6796","288",\N,\N,"inhumation","R01319","C04517",\N,"1","crouched","left","270",\N,"1","0","frits2011a","2024-05-30 17:47:41","robert@localhost","2024-05-30 17:47:41","robert@localhost"
"S10574","51.870","10.900","DERMII1","6796","288",\N,\N,"inhumation","R01320","C04518",\N,"0","crouched","left","300","310","1","0","frits2011a","2024-05-30 17:47:41","robert@localhost","2024-05-30 17:47:41","robert@localhost"
"S10574","51.870","10.900","DERMII1","6796","288",\N,\N,"inhumation","R01321","C04519",\N,"1","crouched","left","300","310","1","0","frits2011a","2024-05-30 17:47:41","robert@localhost","2024-05-30 17:47:41","robert@localhost"
"S10574","51.870","10.900","DERMII1","6796","288",\N,\N,"inhumation","R01322","C04520",\N,"1","crouched","right","270",\N,"1","0","frits2011a","2024-05-30 17:47:41","robert@localhost","2024-05-30 17:47:41","robert@localhost"
"S10574","51.870","10.900","DERMII1","6796","288",\N,\N,"inhumation","R01323","C04521",\N,"1",\N,\N,\N,\N,"0","0","frits2011a","2024-05-30 17:47:41","robert@localhost","2024-05-30 17:47:41","robert@localhost"
"S10574","51.870","10.900","DERMII1","6796","288",\N,\N,"inhumation","R01324","C04522",\N,"1","crouched","left","90",\N,"1","0","frits2011a","2024-05-30 17:47:41","robert@localhost","2024-05-30 17:47:41","robert@localhost"
"S10574","51.870","10.900","DERMII1","6796","288",\N,\N,"inhumation","R01325","C04523",\N,\N,\N,\N,\N,\N,\N,\N,"frits2011a","2024-05-30 17:47:41","robert@localhost","2024-05-30 17:47:41","robert@localhost"
"S10574","51.870","10.900","DERMII1","6796","288",\N,\N,"inhumation","R01326","C04524",\N,"1","crouched","left","45","135","1","0","frits2011a","2024-05-30 17:47:41","robert@localhost","2024-05-30 17:47:41","robert@localhost"
"S10574","51.870","10.900","DERMII1","6796","288",\N,\N,"inhumation","R01327","C04525",\N,"1","crouched","left","90",\N,"0","0","frits2011a","2024-05-30 17:47:41","robert@localhost","2024-05-30 17:47:41","robert@localhost"
"S10574","51.870","10.900","DERMII1","6796","288",\N,\N,"inhumation","R01328","C04526",\N,"1","crouched","right","90",\N,"0","0","frits2011a","2024-05-30 17:47:41","robert@localhost","2024-05-30 17:47:41","robert@localhost"
"S10574","51.870","10.900","DERMII1","6796","288",\N,\N,"inhumation","R01329","C04527",\N,"1","crouched","left","90",\N,"0","0","frits2011a","2024-05-30 17:47:41","robert@localhost","2024-05-30 17:47:41","robert@localhost"
"S10574","51.870","10.900","DERMII1","6796","288",\N,\N,"inhumation","R01330","C04528",\N,"1","crouched","left","270","290","1","0","frits2011a","2024-05-30 17:47:41","robert@localhost","2024-05-30 17:47:41","robert@localhost"
"S10574","51.870","10.900","DERMII1","6796","288",\N,\N,"inhumation","R01331","C04529",\N,"0","crouched","left",\N,\N,"0","0","frits2011a","2024-05-30 17:47:41","robert@localhost","2024-05-30 17:47:41","robert@localhost"
"S10574","51.870","10.900","DERMII1","6796","288",\N,\N,"inhumation","R01332","C04530",\N,\N,\N,\N,"225","315","0","0","frits2011a","2024-05-30 17:47:41","robert@localhost","2024-05-30 17:47:41","robert@localhost"
"S10574","51.870","10.900","DERMII1","6796","288",\N,\N,"inhumation","R01333","C04531",\N,"1","crouched","left","90",\N,\N,\N,"frits2011a","2024-05-30 17:47:41","robert@localhost","2024-05-30 17:47:41","robert@localhost"
"S10574","51.870","10.900","DERMII1","6796","288",\N,\N,"inhumation","R01334","C04532","1","1",\N,\N,\N,\N,\N,\N,"frits2011a","2024-05-30 17:47:41","robert@localhost","2024-05-30 17:47:41","robert@localhost"
"S10574","51.870","10.900","DERMII1","6796","288",\N,\N,"inhumation","R01335","C04533","1","1",\N,\N,\N,\N,\N,\N,"frits2011a","2024-05-30 17:47:41","robert@localhost","2024-05-30 17:47:41","robert@localhost"
"S10574","51.870","10.900","DERMII1","6796","288",\N,\N,"inhumation","R01336","C04534",\N,\N,"crouched","left","0","90","1","0","frits2011a","2024-05-30 17:47:41","robert@localhost","2024-05-30 17:47:41","robert@localhost"
"S10574","51.870","10.900","DERMII1","6796","288",\N,\N,"inhumation","R01337","C04535",\N,"1","crouched","left","110",\N,"1","1","frits2011a","2024-05-30 17:47:41","robert@localhost","2024-05-30 17:47:41","robert@localhost"
"S10575","51.900","11.050","HALSON1","7050","78","HAL4 / I0100","haak2015a","inhumation","R01338","C04536",\N,"1","crouched","left","270",\N,"1","0","frits2011a","2024-05-30 17:47:41","robert@localhost","2024-05-30 17:47:41","robert@localhost"
"S10575","51.900","11.050","HALSON1","7050","78",\N,\N,"inhumation","R01339","C04537","1","1",\N,\N,\N,\N,"1","0","frits2011a","2024-05-30 17:47:41","robert@localhost","2024-05-30 17:47:41","robert@localhost"
"S10575","51.900","11.050","HALSON1","7050","78","HAL5 / I0046","haak2015a","inhumation","R01340","C04538",\N,"1","crouched","right","270",\N,"0","0","frits2011a","2024-05-30 17:47:41","robert@localhost","2024-05-30 17:47:41","robert@localhost"
"S10575","51.900","11.050","HALSON1","7050","78",\N,\N,"inhumation","R01341","C04539","1","1",\N,\N,\N,\N,\N,\N,"frits2011a","2024-05-30 17:47:41","robert@localhost","2024-05-30 17:47:41","robert@localhost"
"S10575","51.900","11.050","HALSON1","7050","78",\N,\N,"inhumation","R01342","C04540",\N,"1","crouched","left","130",\N,"1","0","frits2011a","2024-05-30 17:47:41","robert@localhost","2024-05-30 17:47:41","robert@localhost"
"S10575","51.900","11.050","HALSON1","7050","78",\N,\N,"inhumation","R01343","C04541",\N,"1","crouched","left","45","135","1","0","frits2011a","2024-05-30 17:47:41","robert@localhost","2024-05-30 17:47:41","robert@localhost"
"S10575","51.900","11.050","HALSON1","7050","78",\N,\N,"inhumation","R01344","C04542",\N,"1","crouched","left","220",\N,"1","0","frits2011a","2024-05-30 17:47:41","robert@localhost","2024-05-30 17:47:41","robert@localhost"
"S10575","51.900","11.050","HALSON1","7050","78",\N,\N,"inhumation","R01345","C04543",\N,"1","crouched","left","90",\N,"0","0","frits2011a","2024-05-30 17:47:41","robert@localhost","2024-05-30 17:47:41","robert@localhost"
"S10575","51.900","11.050","HALSON1","7050","78",\N,\N,"inhumation","R01346","C04544","1",\N,\N,\N,\N,\N,\N,\N,"frits2011a","2024-05-30 17:47:41","robert@localhost","2024-05-30 17:47:41","robert@localhost"
"S10575","51.900","11.050","HALSON1","7050","78",\N,\N,"inhumation","R01347","C04545",\N,"1","crouched","left","130","135","1","0","frits2011a","2024-05-30 17:47:41","robert@localhost","2024-05-30 17:47:41","robert@localhost"
"S10575","51.900","11.050","HALSON1","7050","78",\N,\N,"inhumation","R01348","C04546",\N,"1",\N,\N,\N,\N,\N,\N,"frits2011a","2024-05-30 17:47:41","robert@localhost","2024-05-30 17:47:41","robert@localhost"
"S10575","51.900","11.050","HALSON1","7050","78","HAL14 / I0056","haak2015a","inhumation","R01349","C04547",\N,"1","crouched","left","270","280","0","0","frits2011a","2024-05-30 17:47:41","robert@localhost","2024-05-30 17:47:41","robert@localhost"
"S10575","51.900","11.050","HALSON1","7050","78",\N,\N,"inhumation","R01350","C04548",\N,"1","crouched","right","80","90",\N,\N,"frits2011a","2024-05-30 17:47:41","robert@localhost","2024-05-30 17:47:41","robert@localhost"
"S10575","51.900","11.050","HALSON1","7050","78",\N,\N,"inhumation","R01351","C04549",\N,"1","crouched","left","270",\N,"1","0","frits2011a","2024-05-30 17:47:41","robert@localhost","2024-05-30 17:47:41","robert@localhost"
"S10575","51.900","11.050","HALSON1","7050","78",\N,\N,"inhumation","R01352","C04550",\N,"1","crouched","right","60",\N,"0","0","frits2011a","2024-05-30 17:47:41","robert@localhost","2024-05-30 17:47:41","robert@localhost"
"S10575","51.900","11.050","HALSON1","7050","78",\N,\N,"inhumation","R01353","C04551",\N,"1","crouched","right","90",\N,"0","0","frits2011a","2024-05-30 17:47:41","robert@localhost","2024-05-30 17:47:41","robert@localhost"
"S10575","51.900","11.050","HALSON1","7050","78",\N,\N,"inhumation","R01354","C04552",\N,"1","extended","front/right","60","90","0","0","frits2011a","2024-05-30 17:47:41","robert@localhost","2024-05-30 17:47:41","robert@localhost"
"S10575","51.900","11.050","HALSON1","7050","78",\N,\N,"inhumation","R01355","C04553",\N,"1","crouched","right","270",\N,\N,\N,"frits2011a","2024-05-30 17:47:41","robert@localhost","2024-05-30 17:47:41","robert@localhost"
"S10575","51.900","11.050","HALSON1","7050","78",\N,\N,"inhumation","R01356","C04554",\N,\N,\N,\N,\N,\N,\N,\N,"frits2011a","2024-05-30 17:47:41","robert@localhost","2024-05-30 17:47:41","robert@localhost"
"S10575","51.900","11.050","HALSON1","7050","78",\N,\N,"inhumation","R01357","C04555",\N,"1",\N,\N,"270","290","0","0","frits2011a","2024-05-30 17:47:41","robert@localhost","2024-05-30 17:47:41","robert@localhost"
"S10575","51.900","11.050","HALSON1","7050","78",\N,\N,"inhumation","R01358","C04556",\N,\N,"crouched","left","70","90","0","0","frits2011a","2024-05-30 17:47:41","robert@localhost","2024-05-30 17:47:41","robert@localhost"
"S10575","51.900","11.050","HALSON1","7050","78",\N,\N,"inhumation","R01359","C04557",\N,"1","crouched","back","90",\N,"1","0","frits2011a","2024-05-30 17:47:41","robert@localhost","2024-05-30 17:47:41","robert@localhost"
"S10575","51.900","11.050","HALSON1","7050","78",\N,\N,"inhumation","R01360","C04558",\N,"1","crouched","left","90",\N,"0","0","frits2011a","2024-05-30 17:47:41","robert@localhost","2024-05-30 17:47:41","robert@localhost"
"S10575","51.900","11.050","HALSON1","7050","78",\N,\N,"inhumation","R01361","C04559",\N,"1","crouched","left","270","280","0","0","frits2011a","2024-05-30 17:47:41","robert@localhost","2024-05-30 17:47:41","robert@localhost"
"S10575","51.900","11.050","HALSON1","7050","78",\N,\N,"inhumation","R01362","C04560",\N,"1","crouched","left","90",\N,"0","0","frits2011a","2024-05-30 17:47:41","robert@localhost","2024-05-30 17:47:41","robert@localhost"
"S10575","51.900","11.050","HALSON1","7050","78",\N,\N,"inhumation","R01363","C04561",\N,"1","crouched",\N,"90",\N,"1","0","frits2011a","2024-05-30 17:47:41","robert@localhost","2024-05-30 17:47:41","robert@localhost"
"S10575","51.900","11.050","HALSON1","7050","78",\N,\N,"inhumation","R01364","C04562",\N,"1","crouched","left","100",\N,\N,\N,"frits2011a","2024-05-30 17:47:41","robert@localhost","2024-05-30 17:47:41","robert@localhost"
"S10575","51.900","11.050","HALSON1","7050","78",\N,\N,"inhumation","R01365","C04563",\N,"1","crouched","left","90",\N,"0","0","frits2011a","2024-05-30 17:47:41","robert@localhost","2024-05-30 17:47:41","robert@localhost"
"S10575","51.900","11.050","HALSON1","7050","78",\N,\N,"inhumation","R01366","C04564",\N,"1","crouched","left","270",\N,"1","0","frits2011a","2024-05-30 17:47:41","robert@localhost","2024-05-30 17:47:41","robert@localhost"
"S10575","51.900","11.050","HALSON1","7050","78","HAL25 / I0048","haak2015a","inhumation","R01367","C04565",\N,"1","crouched","left","70",\N,"0","0","frits2011a","2024-05-30 17:47:41","robert@localhost","2024-05-30 17:47:41","robert@localhost"
"S10575","51.900","11.050","HALSON1","7050","78","HAL24 / I0821","haak2015a","inhumation","R01368","C04566",\N,"1","crouched","left","270",\N,\N,\N,"frits2011a","2024-05-30 17:47:41","robert@localhost","2024-05-30 17:47:41","robert@localhost"
"S10575","51.900","11.050","HALSON1","7050","78",\N,\N,"inhumation","R01369","C04567",\N,"1","crouched","left","270",\N,"0","0","frits2011a","2024-05-30 17:47:41","robert@localhost","2024-05-30 17:47:41","robert@localhost"
"S10575","51.900","11.050","HALSON1","7050","78",\N,\N,"inhumation","R01370","C04568",\N,"1","crouched","left","80","90","0","0","frits2011a","2024-05-30 17:47:41","robert@localhost","2024-05-30 17:47:41","robert@localhost"
"S10575","51.900","11.050","HALSON1","7050","78","HAL34 / I0057","haak2015a","inhumation","R01371","C04569",\N,"1","crouched","left","100",\N,"0","0","frits2011a","2024-05-30 17:47:41","robert@localhost","2024-05-30 17:47:41","robert@localhost"
"S10575","51.900","11.050","HALSON1","7050","78",\N,\N,"inhumation","R01372","C04570",\N,"1","crouched","left","0",\N,"1","0","frits2011a","2024-05-30 17:47:41","robert@localhost","2024-05-30 17:47:41","robert@localhost"
"S10575","51.900","11.050","HALSON1","7050","78","HAL2 / I0659","haak2015a","inhumation","R01373","C04571",\N,"1","crouched","left","280",\N,"1","0","frits2011a","2024-05-30 17:47:41","robert@localhost","2024-05-30 17:47:41","robert@localhost"
"S10575","51.900","11.050","HALSON1","7050","78",\N,\N,"inhumation","R01374","C04572",\N,"1","crouched","left","70",\N,"1","0","frits2011a","2024-05-30 17:47:41","robert@localhost","2024-05-30 17:47:41","robert@localhost"
"S10575","51.900","11.050","HALSON1","7050","78",\N,\N,"inhumation","R01375","C04573",\N,"1","crouched","left","90",\N,\N,\N,"frits2011a","2024-05-30 17:47:41","robert@localhost","2024-05-30 17:47:41","robert@localhost"
"S10575","51.900","11.050","HALSON1","7050","78",\N,\N,"inhumation","R01376","C04574",\N,"1",\N,\N,"110",\N,"0","0","frits2011a","2024-05-30 17:47:41","robert@localhost","2024-05-30 17:47:41","robert@localhost"
"S10575","51.900","11.050","HALSON1","7050","78",\N,\N,"inhumation","R01377","C04575",\N,"1","crouched","right","220",\N,"0","0","frits2011a","2024-05-30 17:47:41","robert@localhost","2024-05-30 17:47:41","robert@localhost"
"S10575","51.900","11.050","HALSON1","7050","78",\N,\N,"inhumation","R01378","C04576",\N,"1","crouched","left","270",\N,"1","0","frits2011a","2024-05-30 17:47:41","robert@localhost","2024-05-30 17:47:41","robert@localhost"
"S10575","51.900","11.050","HALSON1","7050","78",\N,\N,"inhumation","R01379","C04577",\N,"1","crouched","left","90",\N,"0","0","frits2011a","2024-05-30 17:47:41","robert@localhost","2024-05-30 17:47:41","robert@localhost"
"S10255","46.213","18.703","ALSO3","6852","101",\N,\N,"inhumation","R01380","C04578",\N,"1",\N,\N,"160",\N,\N,\N,"oross2016a","2024-05-30 17:47:41","robert@localhost","2024-05-30 17:47:41","robert@localhost"
"S11013","50.175","14.647","BRANNLA1","3875","115","BNL004","papac2021a","inhumation","R01381","C07431","1","1","crouched",\N,"135","225","0","0","papac2021a","2024-05-30 17:47:41","robert@localhost","2024-05-30 17:47:41","robert@localhost"
"S11013","50.175","14.647","BRANNLA1","3875","115","BNL005","papac2021a","inhumation","R01382","C07432","0","1","crouched","right","135","225","1","0","papac2021a","2024-05-30 17:47:41","robert@localhost","2024-05-30 17:47:41","robert@localhost"
"S11013","50.175","14.647","BRANNLA1","3875","115","BNL006","papac2021a","inhumation","R01383","C07433","1","1",\N,\N,\N,\N,"0","0","papac2021a","2024-05-30 17:47:41","robert@localhost","2024-05-30 17:47:41","robert@localhost"
"S11013","50.175","14.647","BRANNLA1","3875","115","BNL007","papac2021a","inhumation","R01384","C07434","1","1",\N,\N,\N,\N,"0","0","papac2021a","2024-05-30 17:47:41","robert@localhost","2024-05-30 17:47:41","robert@localhost"
"S11013","50.175","14.647","BRANNLA1","3875","115","BNL008","papac2021a","inhumation","R01385","C07435","0","1","crouched","right","135","225","1","0","papac2021a","2024-05-30 17:47:41","robert@localhost","2024-05-30 17:47:41","robert@localhost"
"S11013","50.175","14.647","BRANNLA1","3875","115","BNL009","papac2021a","inhumation","R01386","C07436","0","1","crouched","right","135","225","1","0","papac2021a","2024-05-30 17:47:41","robert@localhost","2024-05-30 17:47:41","robert@localhost"
"S11013","50.175","14.647","BRANNLA1","3875","115","BNL010","papac2021a","inhumation","R01387","C07437","1","1",\N,\N,\N,\N,"0","0","papac2021a","2024-05-30 17:47:41","robert@localhost","2024-05-30 17:47:41","robert@localhost"
"S04332","50.360","13.745","BREZULO2","5439","494","BRZ001","papac2021a","inhumation","R01388","C07450","0","1","crouched","right","225","315","1","0","papac2021a","2024-05-30 17:47:41","robert@localhost","2024-05-30 17:47:41","robert@localhost"
"S04332","50.360","13.745","BREZULO3","5456","459","BRZ002","papac2021a","inhumation","R01389","C07451","0","1","crouched","left","225","315","0","0","papac2021a","2024-05-30 17:47:41","robert@localhost","2024-05-30 17:47:41","robert@localhost"
"S04332","50.360","13.745","BREZULO2","5439","494","BRZ003","papac2021a","inhumation","R01390","C07452","0","1","crouched","right","45","135","1","0","papac2021a","2024-05-30 17:47:41","robert@localhost","2024-05-30 17:47:41","robert@localhost"
"S11014","50.373","13.365","CACHOV3","4323","138","CAH001","papac2021a","inhumation","R01391","C07453","0","1","crouched","right","270","0","1","0","papac2021a","2024-05-30 17:47:41","robert@localhost","2024-05-30 17:47:41","robert@localhost"
"S11014","50.373","13.365","CACHOV3","4323","138","CAH002","papac2021a","inhumation","R01392","C07454","0","1","crouched","left","45","135","1","0","papac2021a","2024-05-30 17:47:41","robert@localhost","2024-05-30 17:47:41","robert@localhost"
"S11014","50.373","13.365","CACHOV3","4323","138","CAH003","papac2021a","inhumation","R01393","C07455","0","1","crouched","right","225","315","1","0","papac2021a","2024-05-30 17:47:41","robert@localhost","2024-05-30 17:47:41","robert@localhost"
"S11014","50.373","13.365","CACHOV3","4323","138","CAH004","papac2021a","inhumation","R01394","C07456","0","1","crouched","left","0","90","1","0","papac2021a","2024-05-30 17:47:41","robert@localhost","2024-05-30 17:47:41","robert@localhost"
"S11014","50.373","13.365","CACHOV3","4323","138",\N,\N,"inhumation","R01395","C07457",\N,\N,\N,\N,\N,\N,\N,\N,"papac2021a","2024-05-30 17:47:41","robert@localhost","2024-05-30 17:47:41","robert@localhost"
"S11014","50.373","13.365","CACHOV3","4323","138","CAH005","papac2021a","inhumation","R01396","C07458","0","1","crouched","right","225","315","1","0","papac2021a","2024-05-30 17:47:41","robert@localhost","2024-05-30 17:47:41","robert@localhost"
"S11014","50.373","13.365","CACHOV3","4323","138","CAH006","papac2021a","inhumation","R01397","C07459","0","1","crouched","right","225","315","1","0","papac2021a","2024-05-30 17:47:41","robert@localhost","2024-05-30 17:47:41","robert@localhost"
"S11014","50.373","13.365","CACHOV3","4323","138","CAH007","papac2021a","inhumation","R01398","C07460","0","1","crouched","left","45","135","1","0","papac2021a","2024-05-30 17:47:41","robert@localhost","2024-05-30 17:47:41","robert@localhost"
"S11014","50.373","13.365","CACHOV3","4323","138","CAH008","papac2021a","inhumation","R01399","C07461","0","1","crouched","right","225","315","1","0","papac2021a","2024-05-30 17:47:41","robert@localhost","2024-05-30 17:47:41","robert@localhost"
"S11014","50.373","13.365","CACHOV3","4323","138","CAH009","papac2021a","inhumation","R01400","C07462","0","1","crouched","left","45","135","1","0","papac2021a","2024-05-30 17:47:41","robert@localhost","2024-05-30 17:47:41","robert@localhost"
"S11014","50.373","13.365","CACHOV3","4323","138","CAH010","papac2021a","inhumation","R01401","C07463","0","1","crouched","left","45","135","1","0","papac2021a","2024-05-30 17:47:41","robert@localhost","2024-05-30 17:47:41","robert@localhost"
"S11014","50.373","13.365","CACHOV3","4323","138","CAH011","papac2021a","inhumation","R01402","C07464","0","1","crouched","left","45","135","1","0","papac2021a","2024-05-30 17:47:41","robert@localhost","2024-05-30 17:47:41","robert@localhost"
"S11015","50.423","13.431","DROUZK2","4613","179","DRO001","papac2021a","inhumation","R01403","C07465","0","1","crouched","right","270","0","0","0","papac2021a","2024-05-30 17:47:41","robert@localhost","2024-05-30 17:47:41","robert@localhost"
"S11016","50.201","14.290","HOLUB1","5617","83","HOL001","papac2021a","inhumation","R01404","C07466","0","1","crouched","right","90","180","1","0","papac2021a","2024-05-30 17:47:41","robert@localhost","2024-05-30 17:47:41","robert@localhost"
"S11016","50.201","14.290","HOLUB2","5154","122","HOL004","papac2021a","inhumation","R01405","C07467","0","1","crouched","left","0","90",\N,\N,"papac2021a","2024-05-30 17:47:41","robert@localhost","2024-05-30 17:47:41","robert@localhost"
"S11016","50.201","14.290","HOLUB2","5154","122","HOL002","papac2021a","inhumation","R01406","C07468","0","1","crouched","left","0","90",\N,\N,"papac2021a","2024-05-30 17:47:41","robert@localhost","2024-05-30 17:47:41","robert@localhost"
"S11017","50.080","14.277","HOS-PAL6","4270","95","HOP001A","papac2021a","inhumation","R01407","C07469","0","1","crouched","left","315","45","1","0","papac2021a","2024-05-30 17:47:41","robert@localhost","2024-05-30 17:47:41","robert@localhost"
"S11017","50.080","14.277","HOS-PAL6","4270","95","HOP002A","papac2021a","inhumation","R01408","C07470","0","1","crouched","right","135","225","1","0","papac2021a","2024-05-30 17:47:41","robert@localhost","2024-05-30 17:47:41","robert@localhost"
"S11017","50.080","14.277","HOS-PAL6","4270","95","HOP003A","papac2021a","inhumation","R01409","C07471","0","1","crouched","left","315","45","0","0","papac2021a","2024-05-30 17:47:41","robert@localhost","2024-05-30 17:47:41","robert@localhost"
"S11017","50.080","14.277","HOS-PAL6","4270","95","HOP004A","papac2021a","inhumation","R01410","C07472","0","1","crouched","left","135","225","0","0","papac2021a","2024-05-30 17:47:41","robert@localhost","2024-05-30 17:47:41","robert@localhost"
"S11018","50.215","15.119","CHLEB1","3877","62","CHL008","papac2021a","inhumation","R01411","C07473","1","1",\N,\N,\N,\N,"1","0","papac2021a","2024-05-30 17:47:41","robert@localhost","2024-05-30 17:47:41","robert@localhost"
"S11018","50.215","15.119","CHLEB1","3877","62","CHL003","papac2021a","inhumation","R01412","C07474","1","1",\N,\N,\N,\N,\N,\N,"papac2021a","2024-05-30 17:47:41","robert@localhost","2024-05-30 17:47:41","robert@localhost"
"S11018","50.215","15.119","CHLEB1","3877","62","CHL002","papac2021a","inhumation","R01413","C07475","1","1",\N,\N,\N,\N,\N,\N,"papac2021a","2024-05-30 17:47:41","robert@localhost","2024-05-30 17:47:41","robert@localhost"
"S11018","50.215","15.119","CHLEB1","3877","62","CHL007","papac2021a","inhumation","R01414","C07480","1","1",\N,\N,\N,\N,\N,\N,"papac2021a","2024-05-30 17:47:41","robert@localhost","2024-05-30 17:47:41","robert@localhost"
"S11018","50.215","15.119","CHLEB1","3877","62","CHL004","papac2021a","inhumation","R01415","C07481","1","1",\N,\N,\N,\N,\N,\N,"papac2021a","2024-05-30 17:47:41","robert@localhost","2024-05-30 17:47:41","robert@localhost"
"S11018","50.215","15.119","CHLEB1","3877","62","CHL005","papac2021a","inhumation","R01416","C07482","1","1",\N,\N,\N,\N,\N,\N,"papac2021a","2024-05-30 17:47:41","robert@localhost","2024-05-30 17:47:41","robert@localhost"
"S11018","50.215","15.119","CHLEB1","3877","62","CHL006","papac2021a","inhumation","R01417","C07483","1","1",\N,\N,\N,\N,\N,\N,"papac2021a","2024-05-30 17:47:41","robert@localhost","2024-05-30 17:47:41","robert@localhost"
"S11018","50.215","15.119","CHLEB1","3877","62","CHL001","papac2021a","inhumation","R01418","C07484","1","1",\N,\N,\N,\N,\N,\N,"papac2021a","2024-05-30 17:47:41","robert@localhost","2024-05-30 17:47:41","robert@localhost"
"S11019","50.118","14.259","KNEZE1","4192","83","I4145","papac2021a","inhumation","R01419","C07489","1","1","crouched","left","315","45","1","0","papac2021a","2024-05-30 17:47:41","robert@localhost","2024-05-30 17:47:41","robert@localhost"
"S11019","50.118","14.259","KNEZE1","4192","83","I4136","papac2021a","inhumation","R01420","C07490","1","1","crouched","left","315","45","1","0","papac2021a","2024-05-30 17:47:41","robert@localhost","2024-05-30 17:47:41","robert@localhost"
"S11019","50.118","14.259","KNEZE2","4072","23","KNE002","papac2021a","inhumation","R01421","C07491","1","1",\N,\N,"90","180","1","0","papac2021a","2024-05-30 17:47:41","robert@localhost","2024-05-30 17:47:41","robert@localhost"
"S11019","50.118","14.259","KNEZE2","4072","23",\N,\N,"inhumation","R01422","C07492","1","1",\N,\N,\N,\N,"1","0","papac2021a","2024-05-30 17:47:41","robert@localhost","2024-05-30 17:47:41","robert@localhost"
"S11019","50.118","14.259","KNEZE2","4072","23","KNE003","papac2021a","inhumation","R01423","C07493","0","1","crouched","right","135","225","1","0","papac2021a","2024-05-30 17:47:41","robert@localhost","2024-05-30 17:47:41","robert@localhost"
"S11019","50.118","14.259","KNEZE2","4072","23","KNE004","papac2021a","inhumation","R01424","C07494","0","1","crouched","right","135","225","1","0","papac2021a","2024-05-30 17:47:41","robert@localhost","2024-05-30 17:47:41","robert@localhost"
"S11019","50.118","14.259","KNEZE2","4072","23","KNE005","papac2021a","inhumation","R01425","C07495","0","1","crouched","right","135","225","1","0","papac2021a","2024-05-30 17:47:41","robert@localhost","2024-05-30 17:47:41","robert@localhost"
"S11019","50.118","14.259","KNEZE2","4072","23","KNE006","papac2021a","inhumation","R01426","C07496","1","0",\N,\N,\N,\N,"0","0","papac2021a","2024-05-30 17:47:41","robert@localhost","2024-05-30 17:47:41","robert@localhost"
"S11019","50.118","14.259","KNEZE2","4072","23","KNE001","papac2021a","inhumation","R01427","C07497","0","1","crouched","right","90","180","1","0","papac2021a","2024-05-30 17:47:41","robert@localhost","2024-05-30 17:47:41","robert@localhost"
"S11019","50.118","14.259","KNEZE2","4072","23","KNE007","papac2021a","inhumation","R01428","C07498","0","1","crouched","right","90","180","1","0","papac2021a","2024-05-30 17:47:41","robert@localhost","2024-05-30 17:47:41","robert@localhost"
"S11020","50.031","15.169","KOLI12","6657","992","kol002","papac2021a","inhumation","R01429","C07499","0","1","crouched","right/back","135","225","1","0","papac2021a","2024-05-30 17:47:41","robert@localhost","2024-06-03 22:35:38","robert@localhost"
"S11020","50.031","15.169","KOLI12","6657","992","kol006","papac2021a","inhumation","R01430","C07500","0","1","crouched","left","315","45","1","0","papac2021a","2024-05-30 17:47:41","robert@localhost","2024-06-03 22:35:55","robert@localhost"
"S11020","50.031","15.169","KOLI15","4799","125","KO1001A","papac2021a","inhumation","R01431","C07501",\N,\N,\N,\N,\N,\N,"0","0","papac2021a","2024-05-30 17:47:41","robert@localhost","2024-05-30 17:47:41","robert@localhost"
"S11020","50.031","15.169","KOLI15","4799","125","KO1016","papac2021a","inhumation","R01432","C07502",\N,\N,\N,\N,\N,\N,"0","0","papac2021a","2024-05-30 17:47:41","robert@localhost","2024-05-30 17:47:41","robert@localhost"
"S11020","50.031","15.169","KOLI18","3874","48","KO1006","papac2021a","inhumation","R01433","C07503","0","1","prone","front",\N,\N,"0","0","papac2021a","2024-05-30 17:47:41","robert@localhost","2024-05-30 17:47:41","robert@localhost"
"S11020","50.031","15.169","KOLI18","3874","48","KO1007","papac2021a","inhumation","R01434","C07504","0","1","extended","back",\N,\N,"0","0","papac2021a","2024-05-30 17:47:41","robert@localhost","2024-06-03 22:33:48","robert@localhost"
"S11020","50.031","15.169","KOLI18","3874","48","KO1008","papac2021a","inhumation","R01435","C07505","0","1","crouched","right","135","225","0","0","papac2021a","2024-05-30 17:47:41","robert@localhost","2024-05-30 17:47:41","robert@localhost"
"S11020","50.031","15.169","KOLI18","3874","48","KO1012","papac2021a","inhumation","R01436","C07506","0","1","crouched","right","135","225","1","0","papac2021a","2024-05-30 17:47:41","robert@localhost","2024-05-30 17:47:41","robert@localhost"
"S11020","50.031","15.169","KOLI18","3874","48","KO1011","papac2021a","inhumation","R01437","C07507","0","1","crouched","right","135","225","1","0","papac2021a","2024-05-30 17:47:41","robert@localhost","2024-05-30 17:47:41","robert@localhost"
"S11020","50.031","15.169","KOLI18","3874","48","KO1013","papac2021a","inhumation","R01438","C07508","0","1","crouched","right","135","225","1","0","papac2021a","2024-05-30 17:47:41","robert@localhost","2024-05-30 17:47:41","robert@localhost"
"S11020","50.031","15.169","KOLI18","3874","48","KO1015","papac2021a","inhumation","R01439","C07509","0","1","crouched","right","135","225","1","0","papac2021a","2024-05-30 17:47:41","robert@localhost","2024-05-30 17:47:41","robert@localhost"
"S11021","50.026","15.169","KOLI24","4271","99","KO1003A","papac2021a","inhumation","R01440","C07510","0","1","crouched","left","315","45","1","0","papac2021a","2024-05-30 17:47:41","robert@localhost","2024-05-30 17:47:41","robert@localhost"
"S11021","50.026","15.169","KOLI24","4271","99","KO1004A","papac2021a","inhumation","R01441","C07511","0","1","crouched","left","315","45","1","0","papac2021a","2024-05-30 17:47:41","robert@localhost","2024-05-30 17:47:41","robert@localhost"
"S11021","50.026","15.169","KOLI24","4271","99","KO1005A","papac2021a","inhumation","R01442","C07512","0","1","crouched","right","170","190","1","0","papac2021a","2024-05-30 17:47:41","robert@localhost","2024-05-30 17:47:41","robert@localhost"
"S11021","50.026","15.169","KOLI24","4271","99",\N,\N,"inhumation","R01443","C07513","1","1","crouched","right","225","315","1","0","brzob2015a","2024-05-30 17:47:41","robert@localhost","2024-05-30 17:47:41","robert@localhost"
"S11022","50.011","15.213","KOLI62","4275","97","KOP001A","papac2021a","inhumation","R01444","C07514","0","1","crouched","right","135","225","1","0","papac2021a","2024-05-30 17:47:41","robert@localhost","2024-05-30 17:47:41","robert@localhost"
"S11022","50.011","15.213","KOLI62","4275","97","KOP002A","papac2021a","inhumation","R01445","C07515","0","1","crouched","left","315","45","1","0","papac2021a","2024-05-30 17:47:41","robert@localhost","2024-05-30 17:47:41","robert@localhost"
"S11022","50.011","15.213","KOLI62","4275","97","KOP003A","papac2021a","inhumation","R01446","C07516","0","1","crouched","left","315","45","1","0","papac2021a","2024-05-30 17:47:41","robert@localhost","2024-05-30 17:47:41","robert@localhost"
"S11023","50.009","15.222","KOLI71","4056","49","KO7001","papac2021a","inhumation","R01447","C07517","1","1","crouched","right","180","270","1","0","papac2021a","2024-05-30 17:47:41","robert@localhost","2024-05-30 17:47:41","robert@localhost"
"S11023","50.009","15.222","KOLI71","4056","49","KO7002","papac2021a","inhumation","R01448","C07518","1","1","crouched","right","180","270","1","0","papac2021a","2024-05-30 17:47:41","robert@localhost","2024-05-30 17:47:41","robert@localhost"
"S11023","50.009","15.222","KOLI71","4056","49","KO7003","papac2021a","inhumation","R01449","C07519","1","1","crouched","right","180","270","1","0","papac2021a","2024-05-30 17:47:41","robert@localhost","2024-05-30 17:47:41","robert@localhost"
"S11024","50.009","15.231","KOLST2","5659","49","KOB001","papac2021a","inhumation","R01450","C07520","0","1","crouched","left","270","0","1","0","papac2021a","2024-05-30 17:47:41","robert@localhost","2024-05-30 17:47:41","robert@localhost"
"S11024","50.009","15.231","KOLST2","5659","49","KOB002","papac2021a","inhumation","R01451","C07521","0","1","crouched","left","270","0","1","0","papac2021a","2024-05-30 17:47:41","robert@localhost","2024-05-30 17:47:41","robert@localhost"
"S11024","50.009","15.231","KOLST3","7957","428",\N,\N,"inhumation","R01452","C07522","0","1","crouched","right","270","0","1","0","vávra2016a","2024-05-30 17:47:41","robert@localhost","2024-05-30 17:47:41","robert@localhost"
"S11024","50.009","15.231","KOLST2","5659","49",\N,\N,"inhumation","R01453","C07523","0","1","crouched","left","270","0",\N,\N,"vávra2016a","2024-05-30 17:47:41","robert@localhost","2024-05-30 17:47:41","robert@localhost"
"S11024","50.009","15.231","KOLST2","5659","49",\N,\N,"inhumation","R01454","C07524","1","0",\N,\N,\N,\N,\N,\N,"vávra2016a","2024-05-30 17:47:41","robert@localhost","2024-05-30 17:47:41","robert@localhost"
"S11024","50.009","15.231","KOLST2","5659","49","KOB003","papac2021a","inhumation","R01455","C07525","1","0","crouched","left","270","0","1","0","papac2021a","2024-05-30 17:47:41","robert@localhost","2024-05-30 17:47:41","robert@localhost"
"S11024","50.009","15.231","KOLST2","5659","49","KOB004","papac2021a","inhumation","R01456","C07526","0","1","crouched","left","270","0","1","0","papac2021a","2024-05-30 17:47:41","robert@localhost","2024-05-30 17:47:41","robert@localhost"
"S11024","50.009","15.231","KOLST2","5659","49",\N,\N,"inhumation","R01457","C07527","0","1","crouched","left","270","0","0","0","vávra2016a","2024-05-30 17:47:41","robert@localhost","2024-05-30 17:47:41","robert@localhost"
"S11024","50.009","15.231","KOLST2","5659","49",\N,\N,"inhumation","R01458","C07528","0","1","crouched","left","270","0","0","0","vávra2016a","2024-05-30 17:47:41","robert@localhost","2024-05-30 17:47:41","robert@localhost"
"S11024","50.009","15.231","KOLST2","5659","49",\N,\N,"inhumation","R01459","C07529","0","1","crouched","left","270","0","1","0","vávra2016a","2024-05-30 17:47:41","robert@localhost","2024-05-30 17:47:41","robert@localhost"
"S11024","50.009","15.231","KOLST2","5659","49","KOB005","papac2021a","inhumation","R01460","C07530","0","1","crouched","left","270","0","1","0","papac2021a","2024-05-30 17:47:41","robert@localhost","2024-05-30 17:47:41","robert@localhost"
"S11024","50.009","15.231","KOLST2","5659","49",\N,\N,"inhumation","R01461","C07531","0","1",\N,"left","270","0",\N,\N,"vávra2016a","2024-05-30 17:47:41","robert@localhost","2024-05-30 17:47:41","robert@localhost"
"S11024","50.009","15.231","KOLST2","5659","49",\N,\N,"inhumation","R01462","C07532","1","0",\N,\N,\N,\N,\N,\N,"vávra2016a","2024-05-30 17:47:41","robert@localhost","2024-05-30 17:47:41","robert@localhost"
"S11024","50.009","15.231","KOLST2","5659","49",\N,\N,"inhumation","R01463","C07533","1","1",\N,\N,\N,\N,\N,\N,"vávra2016a","2024-05-30 17:47:41","robert@localhost","2024-05-30 17:47:41","robert@localhost"
"S11024","50.009","15.231","KOLST2","5659","49",\N,\N,"inhumation","R01464","C07534","1","1",\N,\N,\N,\N,\N,\N,"vávra2016a","2024-05-30 17:47:41","robert@localhost","2024-05-30 17:47:41","robert@localhost"
"S11024","50.009","15.231","KOLST2","5659","49","KOB006","papac2021a","inhumation","R01465","C07535","0","1","crouched","left","270","0","1","0","papac2021a","2024-05-30 17:47:41","robert@localhost","2024-05-30 17:47:41","robert@localhost"
"S11024","50.009","15.231","KOLST2","5659","49","KOB007","papac2021a","inhumation","R01466","C07536","0","1","crouched","left","270","0","1","0","papac2021a","2024-05-30 17:47:41","robert@localhost","2024-05-30 17:47:41","robert@localhost"
"S11024","50.009","15.231","KOLST2","5659","49",\N,\N,"inhumation","R01467","C07537",\N,\N,\N,\N,\N,\N,"0","0","vávra2016a","2024-05-30 17:47:41","robert@localhost","2024-05-30 17:47:41","robert@localhost"
"S11025","50.556","13.661","KONO2","4596","180","KON001","papac2021a","inhumation","R01468","C07538","0","1","crouched","left","45","135","1","0","papac2021a","2024-05-30 17:47:41","robert@localhost","2024-05-30 17:47:41","robert@localhost"
"S11025","50.556","13.661","KONO2","4596","180","KON002","papac2021a","inhumation","R01469","C07539","0","1","crouched","left","45","135","1","0","papac2021a","2024-05-30 17:47:41","robert@localhost","2024-05-30 17:47:41","robert@localhost"
"S11025","50.556","13.661","KONO2","4596","180","KON003","papac2021a","inhumation","R01470","C07540","0","1","crouched","right","225","315","1","0","papac2021a","2024-05-30 17:47:41","robert@localhost","2024-05-30 17:47:41","robert@localhost"
"S11025","50.556","13.661","KONO2","4596","180","KON004","papac2021a","inhumation","R01471","C07541","0","1","crouched","left","90","180","1","0","papac2021a","2024-05-30 17:47:41","robert@localhost","2024-05-30 17:47:41","robert@localhost"
"S11025","50.556","13.661","KONO2","4596","180","KON005","papac2021a","inhumation","R01472","C07542","0","1","crouched","right","225","315","1","0","papac2021a","2024-05-30 17:47:41","robert@localhost","2024-05-30 17:47:41","robert@localhost"
"S06070","50.143","14.231","MAKOT1","5502","127","I14175","papac2021a","inhumation","R01473","C07545","0","1","crouched","right","270","0","0","0","papac2021a","2024-05-30 17:47:41","robert@localhost","2024-05-30 17:47:41","robert@localhost"
"S06070","50.143","14.231","MAKOT1","5502","127","I7186","papac2021a","inhumation","R01474","C07546","0","1","crouched","right","270","0","0","0","papac2021a","2024-05-30 17:47:41","robert@localhost","2024-05-30 17:47:41","robert@localhost"
"S06070","50.143","14.231","MAKOT1","5502","127","I14174","papac2021a","inhumation","R01475","C07547","0","1",\N,"left","45","135","0","0","papac2021a","2024-05-30 17:47:41","robert@localhost","2024-05-30 17:47:41","robert@localhost"
"S06070","50.143","14.231","MAKOT1","5502","127","I14170","papac2021a","inhumation","R01476","C07548","1","1",\N,"right","315","45","0","0","papac2021a","2024-05-30 17:47:41","robert@localhost","2024-05-30 17:47:41","robert@localhost"
"S06070","50.143","14.231","MAKOT2","6059","68","I7187","papac2021a","inhumation","R01477","C07549","0","1","crouched","right","315","45","0","0","papac2021a","2024-05-30 17:47:41","robert@localhost","2024-05-30 17:47:41","robert@localhost"
"S06070","50.143","14.231","MAKOT1","5502","127","I14167","papac2021a","inhumation","R01478","C07550","0","1","crouched","right","135","225","0","0","papac2021a","2024-05-30 17:47:41","robert@localhost","2024-05-30 17:47:41","robert@localhost"
"S06070","50.143","14.231","MAKOT1","5502","127","I7188","papac2021a","inhumation","R01479","C07551","1","0",\N,\N,\N,\N,"0","0","papac2021a","2024-05-30 17:47:41","robert@localhost","2024-05-30 17:47:41","robert@localhost"
"S06070","50.143","14.231","MAKOT1","5502","127","I7192","papac2021a","inhumation","R01480","C07552","0","1","crouched","right","315","45","0","0","papac2021a","2024-05-30 17:47:41","robert@localhost","2024-05-30 17:47:41","robert@localhost"
"S06070","50.143","14.231","MAKOT1","5502","127","I7189","papac2021a","inhumation","R01481","C07553","0","1","crouched","right","180","270","0","0","papac2021a","2024-05-30 17:47:41","robert@localhost","2024-05-30 17:47:41","robert@localhost"
"S06070","50.143","14.231","MAKOT1","5502","127","I7191","papac2021a","inhumation","R01482","C07554","0","1",\N,\N,\N,\N,"0","0","papac2021a","2024-05-30 17:47:41","robert@localhost","2024-05-30 17:47:41","robert@localhost"
"S06070","50.143","14.231","MAKOT1","5502","127","I14176","papac2021a","inhumation","R01483","C07556","0","1","crouched","right","180","270","0","0","papac2021a","2024-05-30 17:47:41","robert@localhost","2024-05-30 17:47:41","robert@localhost"
"S06070","50.143","14.231","MAKOT1","5502","127","I14168","papac2021a","inhumation","R01484","C07557","0","1","crouched","left","315","45","0","0","papac2021a","2024-05-30 17:47:41","robert@localhost","2024-05-30 17:47:41","robert@localhost"
"S06070","50.143","14.231","MAKOT1","5502","127","I7193","papac2021a","inhumation","R01485","C07558","0","1","crouched","left","225","315","0","0","papac2021a","2024-05-30 17:47:41","robert@localhost","2024-06-03 22:35:38","robert@localhost"
"S06070","50.143","14.231","MAKOT1","5502","127","I14171","papac2021a","inhumation","R01486","C07559","0","1","crouched","right","135","225","0","0","papac2021a","2024-05-30 17:47:41","robert@localhost","2024-05-30 17:47:41","robert@localhost"
"S06070","50.143","14.231","MAKOT1","5502","127","I14169","papac2021a","inhumation","R01487","C07560","0","1","crouched","right","225","315","0","0","papac2021a","2024-05-30 17:47:41","robert@localhost","2024-05-30 17:47:41","robert@localhost"
"S06070","50.143","14.231","MAKOT1","5502","127","I14172","papac2021a","inhumation","R01488","C07561","0","1","crouched","right","270","0","0","0","papac2021a","2024-05-30 17:47:41","robert@localhost","2024-05-30 17:47:41","robert@localhost"
"S06070","50.143","14.231","MAKOT1","5502","127","I7194","papac2021a","inhumation","R01489","C07563","0","1",\N,\N,"315","45",\N,\N,"papac2021a","2024-05-30 17:47:41","robert@localhost","2024-05-30 17:47:41","robert@localhost"
"S06070","50.143","14.231","MAKOT1","5502","127","I14173","papac2021a","inhumation","R01490","C07564","0","1",\N,\N,"315","45",\N,\N,"papac2021a","2024-05-30 17:47:41","robert@localhost","2024-05-30 17:47:41","robert@localhost"
"S06070","50.143","14.231","MAKOT1","5502","127","I16121","papac2021a","inhumation","R01491","C07565","0","1",\N,\N,"45","135",\N,\N,"papac2021a","2024-05-30 17:47:41","robert@localhost","2024-05-30 17:47:41","robert@localhost"
"S06070","50.143","14.231","MAKOT1","5502","127","I16122","papac2021a","inhumation","R01492","C07567","0","1","crouched","left","90","180",\N,\N,"papac2021a","2024-05-30 17:47:41","robert@localhost","2024-05-30 17:47:41","robert@localhost"
"S11026","49.992","15.776","MIKUL2","3874","51","MIB024","papac2021a","inhumation","R01493","C07570","0","1","crouched","right","135","225","1","0","papac2021a","2024-05-30 17:47:41","robert@localhost","2024-05-30 17:47:41","robert@localhost"
"S11026","49.992","15.776","MIKUL2","3874","51","MIB028","papac2021a","inhumation","R01494","C07571","0","1","crouched","right","135","225","1","0","papac2021a","2024-05-30 17:47:41","robert@localhost","2024-05-30 17:47:41","robert@localhost"
"S11026","49.992","15.776","MIKUL2","3874","51","MIB034","papac2021a","inhumation","R01495","C07572","0","1","crouched","right","135","225","1","0","papac2021a","2024-05-30 17:47:41","robert@localhost","2024-05-30 17:47:41","robert@localhost"
"S11026","49.992","15.776","MIKUL2","3874","51","MIB001","papac2021a","inhumation","R01496","C07573","0","1","crouched","right","135","225","1","0","papac2021a","2024-05-30 17:47:41","robert@localhost","2024-05-30 17:47:41","robert@localhost"
"S11026","49.992","15.776","MIKUL2","3874","51","MIB002","papac2021a","inhumation","R01497","C07574","0","1","crouched","right","90","180","1","0","papac2021a","2024-05-30 17:47:41","robert@localhost","2024-05-30 17:47:41","robert@localhost"
"S11026","49.992","15.776","MIKUL2","3874","51","MIB004","papac2021a","inhumation","R01498","C07575","0","1","crouched","right","135","225","1","0","papac2021a","2024-05-30 17:47:41","robert@localhost","2024-05-30 17:47:41","robert@localhost"
"S11026","49.992","15.776","MIKUL2","3874","51","MIB005","papac2021a","inhumation","R01499","C07576","0","1","crouched","right","90","180","1","0","papac2021a","2024-05-30 17:47:41","robert@localhost","2024-05-30 17:47:41","robert@localhost"
"S11026","49.992","15.776","MIKUL2","3874","51",\N,\N,"inhumation","R01500","C07577","0","1","crouched","right","90","180","1","0","papac2021a","2024-05-30 17:47:41","robert@localhost","2024-05-30 17:47:41","robert@localhost"
"S11026","49.992","15.776","MIKUL2","3874","51","MIB003","papac2021a","inhumation","R01501","C07578","0","1","crouched","right","135","225","1","0","papac2021a","2024-05-30 17:47:41","robert@localhost","2024-05-30 17:47:41","robert@localhost"
"S11026","49.992","15.776","MIKUL2","3874","51","MIS001","papac2021a","inhumation","R01502","C07579","0","1","crouched","right","135","225","1","0","papac2021a","2024-05-30 17:47:41","robert@localhost","2024-05-30 17:47:41","robert@localhost"
"S11026","49.992","15.776","MIKUL2","3874","51","MIS002","papac2021a","inhumation","R01503","C07580","0","1","crouched","right","135","225","1","0","papac2021a","2024-05-30 17:47:41","robert@localhost","2024-05-30 17:47:41","robert@localhost"
"S11026","49.992","15.776","MIKUL2","3874","51","MIS004","papac2021a","inhumation","R01504","C07581","0","1","crouched","right","90","180","1","0","papac2021a","2024-05-30 17:47:41","robert@localhost","2024-05-30 17:47:41","robert@localhost"
"S11026","49.992","15.776","MIKUL1","4143","119","MIS006","papac2021a","inhumation","R01505","C07582","0","1","crouched","right","90","180","0","0","papac2021a","2024-05-30 17:47:41","robert@localhost","2024-05-30 17:47:41","robert@localhost"
"S11026","49.992","15.776","MIKUL2","3874","51",\N,\N,"inhumation","R01506","C07583","0","1","crouched","left","90","180","1","0","papac2021a","2024-05-30 17:47:41","robert@localhost","2024-05-30 17:47:41","robert@localhost"
"S11026","49.992","15.776","MIKUL2","3874","51",\N,\N,"inhumation","R01507","C07584","0","1","crouched","right","170","180","1","0","papac2021a","2024-05-30 17:47:41","robert@localhost","2024-05-30 17:47:41","robert@localhost"
"S11026","49.992","15.776","MIKUL2","3874","51","MIG010","papac2021a","inhumation","R01508","C07585","0","1","crouched","right","90","180","1","0","papac2021a","2024-05-30 17:47:41","robert@localhost","2024-05-30 17:47:41","robert@localhost"
"S11026","49.992","15.776","MIKUL3","3974","67","MIG011","papac2021a","inhumation","R01509","C07586","0","1","crouched","right","135","225","1","0","papac2021a","2024-05-30 17:47:41","robert@localhost","2024-05-30 17:47:41","robert@localhost"
"S11026","49.992","15.776","MIKUL2","3874","51","MIG012","papac2021a","inhumation","R01510","C07587","0","1","crouched","left","315","45","1","0","papac2021a","2024-05-30 17:47:41","robert@localhost","2024-05-30 17:47:41","robert@localhost"
"S11027","50.268","14.523","NERAT1","6061","74","NER001","papac2021a","inhumation","R01511","C07588","0","1","crouched","right","180","270","1","0","papac2021a","2024-05-30 17:47:41","robert@localhost","2024-05-30 17:47:41","robert@localhost"
"S11028","50.293","14.485","OBRIS2","4570","193","OBR001A, B","papac2021a","inhumation","R01512","C07589","0","1","crouched","left","45","135","1","0","papac2021a","2024-05-30 17:47:41","robert@localhost","2024-05-30 17:47:41","robert@localhost"
"S11028","50.293","14.485","OBRIS2","4570","193","OBR002A","papac2021a","inhumation","R01513","C07590","0","1","crouched","left?","45","135","0","0","papac2021a","2024-05-30 17:47:41","robert@localhost","2024-05-30 17:47:41","robert@localhost"
"S11028","50.293","14.485","OBRIS2","4570","193","OBR003A","papac2021a","inhumation","R01514","C07591","0","1","crouched","right","270","0","1","0","papac2021a","2024-05-30 17:47:41","robert@localhost","2024-05-30 17:47:41","robert@localhost"
"S11028","50.293","14.485","OBRIS2","4570","193","OBR004A, B","papac2021a","inhumation","R01515","C07592","0","1","crouched","left","90","180","1","0","papac2021a","2024-05-30 17:47:41","robert@localhost","2024-05-30 17:47:41","robert@localhost"
"S11029","50.250","15.811","PLONL5","4668","187","PNL001","papac2021a","inhumation","R01516","C07593","0","1","crouched","right","270","0","1","0","papac2021a","2024-05-30 17:47:41","robert@localhost","2024-05-30 17:47:41","robert@localhost"
"S11030","50.153","14.495","PRDAB1","4073","39","PDA001","papac2021a","inhumation","R01517","C07594","0","1","crouched","right","90","180","1","0","papac2021a","2024-05-30 17:47:41","robert@localhost","2024-05-30 17:47:41","robert@localhost"
"S10034","50.050","14.351","PRJIN4","4774","188","JIN001","papac2021a","inhumation","R01518","C07595","0","1","crouched","left","45","135","1","0","papac2021a","2024-05-30 17:47:41","robert@localhost","2024-05-30 17:47:41","robert@localhost"
"S11032","50.052","14.345","PRNBU5","4372","149","I13467","patte2021a","inhumation","R01519","C07596","0","1","crouched","right","90","180","1","0","papac2021a","2024-05-30 17:47:41","robert@localhost","2024-05-30 17:47:41","robert@localhost"
"S11032","50.052","14.345","PRNBU5","4372","149","OHR002","papac2021a","inhumation","R01520","C07597","0","1","crouched","left","45","135","1","0","papac2021a","2024-05-30 17:47:41","robert@localhost","2024-05-30 17:47:41","robert@localhost"
"S11031","50.156","14.539","PRMIS1","4073","41","PMI002","papac2021a","inhumation","R01521","C07598","0","1","crouched","right","90","180","1","0","papac2021a","2024-05-30 17:47:41","robert@localhost","2024-05-30 17:47:41","robert@localhost"
"S11031","50.156","14.539","PRMIS1","4073","41","PMI001","papac2021a","inhumation","R01522","C07599","0","1","crouched","right","90","180","1","0","papac2021a","2024-05-30 17:47:41","robert@localhost","2024-05-30 17:47:41","robert@localhost"
"S11031","50.156","14.539","PRMIS1","4073","41","PMI003","papac2021a","inhumation","R01523","C07600","0","1","crouched","right","90","180","1","0","papac2021a","2024-05-30 17:47:41","robert@localhost","2024-05-30 17:47:41","robert@localhost"
"S11031","50.156","14.539","PRMIS1","4073","41","PMI004","papac2021a","inhumation","R01524","C07601","0","1","crouched","right","90","180","0","0","papac2021a","2024-05-30 17:47:41","robert@localhost","2024-05-30 17:47:41","robert@localhost"
"S11031","50.156","14.539","PRMIS1","4073","41","PMI006","papac2021a","inhumation","R01525","C07602","0","1","crouched","left","90","180","1","0","papac2021a","2024-05-30 17:47:41","robert@localhost","2024-05-30 17:47:41","robert@localhost"
"S11031","50.156","14.539","PRMIS2","3874","38","PMI011","papac2021a","inhumation","R01526","C07603","1",\N,\N,\N,"180","270","1","0","papac2021a","2024-05-30 17:47:41","robert@localhost","2024-05-30 17:47:41","robert@localhost"
"S11031","50.156","14.539","PRMIS2","3874","38","PMI008","papac2021a","inhumation","R01527","C07604","1",\N,"crouched","right","90","180","1","0","papac2021a","2024-05-30 17:47:41","robert@localhost","2024-05-30 17:47:41","robert@localhost"
"S11031","50.156","14.539","PRMIS2","3874","38","PMI009","papac2021a","inhumation","R01528","C07605","0","1","crouched","right","90","180","1","0","papac2021a","2024-05-30 17:47:41","robert@localhost","2024-05-30 17:47:41","robert@localhost"
"S11031","50.156","14.539","PRMIS2","3874","38","PMI007","papac2021a","inhumation","R01529","C07606","0","1","crouched","right","90","180","1","0","papac2021a","2024-05-30 17:47:41","robert@localhost","2024-05-30 17:47:41","robert@localhost"
"S11031","50.156","14.539","PRMIS2","3874","38","PMI010","papac2021a","inhumation","R01530","C07607","0","1","crouched","right","90","180","1","0","papac2021a","2024-05-30 17:47:41","robert@localhost","2024-05-30 17:47:41","robert@localhost"
"S11031","50.156","14.539","PRMIS3","3838","103","PMI012","papac2021a","inhumation","R01531","C07608","0","1","crouched","right","90","180","1","0","papac2021a","2024-05-30 17:47:41","robert@localhost","2024-05-30 17:47:41","robert@localhost"
"S11032","50.052","14.345","PRNBU5","4372","149","BUT001","papac2021a","inhumation","R01532","C07609","0","1","crouched","right","225","315","1","0","papac2021a","2024-05-30 17:47:41","robert@localhost","2024-05-30 17:47:41","robert@localhost"
"S11032","50.052","14.345","PRNBU5","4372","149","BUT002","papac2021a","inhumation","R01533","C07610","0","1","crouched","left","45","135","1","0","papac2021a","2024-05-30 17:47:41","robert@localhost","2024-05-30 17:47:41","robert@localhost"
"S11032","50.052","14.345","PRNBU5","4372","149","BUT003","papac2021a","inhumation","R01534","C07611","0","1","crouched","right","225","315","1","0","papac2021a","2024-05-30 17:47:41","robert@localhost","2024-05-30 17:47:41","robert@localhost"
"S11033","50.078","14.312","PRRUZ3","4273","105","PRU001A","papac2021a","inhumation","R01535","C07612","0","1","crouched","right","135","225","1","0","papac2021a","2024-05-30 17:47:41","robert@localhost","2024-05-30 17:47:41","robert@localhost"
"S11033","50.078","14.312","PRRUZ3","4273","105","PRU002A, B","papac2021a","inhumation","R01536","C07613","0","1","crouched","right","135","225","1","0","papac2021a","2024-05-30 17:47:41","robert@localhost","2024-05-30 17:47:41","robert@localhost"
"S11033","50.078","14.312","PRRUZ3","4273","105","PRU003A, B","papac2021a","inhumation","R01537","C07614","0","1","crouched","right","135","225","1","0","papac2021a","2024-05-30 17:47:41","robert@localhost","2024-05-30 17:47:41","robert@localhost"
"S11033","50.078","14.312","PRRUZ3","4273","105","PRU004, A, B","papac2021a","inhumation","R01538","C07615","0","1","crouched","left","315","45","1","0","papac2021a","2024-05-30 17:47:41","robert@localhost","2024-05-30 17:47:41","robert@localhost"
"S11033","50.078","14.312","PRRUZ3","4273","105","PRU005A, B, C","papac2021a","inhumation","R01539","C07616","0","1","crouched","right","135","225","1","0","papac2021a","2024-05-30 17:47:41","robert@localhost","2024-05-30 17:47:41","robert@localhost"
"S11029","50.250","15.811","PLONL4","4605","126",\N,\N,"inhumation","R01540","C07617","0","1","crouched","right","0","90","1","0","papac2021a","2024-05-30 17:47:41","robert@localhost","2024-05-30 17:47:41","robert@localhost"
"S11029","50.250","15.811","PLONL4","4605","126","PRE001","papac2021a","inhumation","R01541","C07618","1","1",\N,\N,\N,\N,\N,\N,"papac2021a","2024-05-30 17:47:41","robert@localhost","2024-05-30 17:47:41","robert@localhost"
"S11029","50.250","15.811","PLONL4","4605","126",\N,\N,"inhumation","R01542","C07619","1","1",\N,\N,\N,\N,\N,\N,"papac2021a","2024-05-30 17:47:41","robert@localhost","2024-05-30 17:47:41","robert@localhost"
"S11029","50.250","15.811","PLONL4","4605","126",\N,\N,"inhumation","R01543","C07620","1","1",\N,\N,\N,\N,\N,\N,"papac2021a","2024-05-30 17:47:41","robert@localhost","2024-05-30 17:47:41","robert@localhost"
"S11029","50.250","15.811","PLONL4","4605","126",\N,\N,"inhumation","R01544","C07621","1","1",\N,\N,\N,\N,\N,\N,"papac2021a","2024-05-30 17:47:41","robert@localhost","2024-05-30 17:47:41","robert@localhost"
"S08787","50.542","13.843","RDVE3","4378","156","RDV001","papac2021a","inhumation","R01545","C07622","0","1","crouched","right","225","315","1","0","papac2021a","2024-05-30 17:47:41","robert@localhost","2024-05-30 17:47:41","robert@localhost"
"S08787","50.542","13.843","RDVE3","4378","156","I7208","papac2021a","inhumation","R01546","C07623","0","1","crouched","right","225","315","1","0","papac2021a","2024-05-30 17:47:41","robert@localhost","2024-05-30 17:47:41","robert@localhost"
"S08787","50.542","13.843","RDVE3","4378","156","I7209","papac2021a","inhumation","R01547","C07624","0","1","crouched","right","225","315","1","0","papac2021a","2024-05-30 17:47:41","robert@localhost","2024-05-30 17:47:41","robert@localhost"
"S08787","50.542","13.843","RDVE3","4378","156","I7207","papac2021a","inhumation","R01548","C07625","0","1","crouched","right","225","315","1","0","papac2021a","2024-05-30 17:47:41","robert@localhost","2024-05-30 17:47:41","robert@localhost"
"S11034","50.417","14.246","ROUD1","3993","64","ROU001","papac2021a","inhumation","R01549","C07626","1","1",\N,\N,\N,\N,\N,\N,"papac2021a","2024-05-30 17:47:41","robert@localhost","2024-05-30 17:47:41","robert@localhost"
"S11034","50.417","14.246","ROUD1","3993","64","ROU002","papac2021a","inhumation","R01550","C07627","1","1",\N,\N,\N,\N,\N,\N,"papac2021a","2024-05-30 17:47:41","robert@localhost","2024-05-30 17:47:41","robert@localhost"
"S11034","50.417","14.246","ROUD1","3993","64","ROU003","papac2021a","inhumation","R01551","C07628","1","1",\N,\N,\N,\N,\N,\N,"papac2021a","2024-05-30 17:47:41","robert@localhost","2024-05-30 17:47:41","robert@localhost"
"S11034","50.417","14.246","ROUD1","3993","64","ROU004","papac2021a","inhumation","R01552","C07629","1","1",\N,\N,\N,\N,\N,\N,"papac2021a","2024-05-30 17:47:41","robert@localhost","2024-05-30 17:47:41","robert@localhost"
"S11034","50.417","14.246","ROUD1","3993","64","ROU005","papac2021a","inhumation","R01553","C07630","1","1",\N,\N,\N,\N,\N,\N,"papac2021a","2024-05-30 17:47:41","robert@localhost","2024-05-30 17:47:41","robert@localhost"
"S11034","50.417","14.246","ROUD1","3993","64","ROU006","papac2021a","inhumation","R01554","C07631","1","1",\N,\N,\N,\N,\N,\N,"papac2021a","2024-05-30 17:47:41","robert@localhost","2024-05-30 17:47:41","robert@localhost"
"S11034","50.417","14.246","ROUD1","3993","64","ROU007","papac2021a","inhumation","R01555","C07632","1","1",\N,\N,\N,\N,\N,\N,"papac2021a","2024-05-30 17:47:41","robert@localhost","2024-05-30 17:47:41","robert@localhost"
"S11035","50.613","13.961","STADN1","4656","180","STD001","papac2021a","inhumation","R01556","C07644","0","1","crouched","right","270","0","1","0","papac2021a","2024-05-30 17:47:41","robert@localhost","2024-05-30 17:47:41","robert@localhost"
"S11035","50.613","13.961","STADN1","4656","180","STD002","papac2021a","inhumation","R01557","C07645","0","1","crouched","right","225","315","1","0","papac2021a","2024-05-30 17:47:41","robert@localhost","2024-05-30 17:47:41","robert@localhost"
"S11035","50.613","13.961","STADN1","4656","180","STD003","papac2021a","inhumation","R01558","C07646","0","1","crouched","left","0","90","1","0","papac2021a","2024-05-30 17:47:41","robert@localhost","2024-05-30 17:47:41","robert@localhost"
"S11036","50.283","14.539","TISIC2","4278","109","TIS001A, B","papac2021a","inhumation","R01559","C07647","0","1","crouched","right","90","180","1","0","papac2021a","2024-05-30 17:47:41","robert@localhost","2024-05-30 17:47:41","robert@localhost"
"S11036","50.283","14.539","TISIC2","4278","109","TIS002A, B","papac2021a","inhumation","R01560","C07649","0","1","crouched","right","90","180","1","0","papac2021a","2024-05-30 17:47:41","robert@localhost","2024-05-30 17:47:41","robert@localhost"
"S08795","50.168","14.723","TOUSE1","4764","145","TOU001","papac2021a","inhumation","R01561","C07650","1","1","crouched","right","90","180","1","0","papac2021a","2024-05-30 17:47:41","robert@localhost","2024-05-30 17:47:41","robert@localhost"
"S11037","50.638","13.992","TRMI1","4600","174","TRM001","papac2021a","inhumation","R01562","C07651","0","1","crouched","right","225","315","1","0","papac2021a","2024-05-30 17:47:41","robert@localhost","2024-05-30 17:47:41","robert@localhost"
"S11037","50.638","13.992","TRMI1","4600","174","TRM002","papac2021a","inhumation","R01563","C07652","0","1","crouched","right","225","315","1","0","papac2021a","2024-05-30 17:47:41","robert@localhost","2024-05-30 17:47:41","robert@localhost"
"S11037","50.638","13.992","TRMI1","4600","174","TRM003","papac2021a","inhumation","R01564","C07653","0","1","crouched","right","45","135","1","0","papac2021a","2024-05-30 17:47:41","robert@localhost","2024-05-30 17:47:41","robert@localhost"
"S11037","50.638","13.992","TRMI1","4600","174","TRM005","papac2021a","inhumation","R01565","C07654","0","1","crouched","left","45","135","1","0","papac2021a","2024-05-30 17:47:41","robert@localhost","2024-05-30 17:47:41","robert@localhost"
"S11037","50.638","13.992","TRMI1","4600","174","TRM006","papac2021a","inhumation","R01566","C07655","0","1","crouched","right","180","270","1","0","papac2021a","2024-05-30 17:47:41","robert@localhost","2024-05-30 17:47:41","robert@localhost"
"S11038","50.138","14.273","TUCHO2","6058","62","TUC007","papac2021a","inhumation","R01567","C07656",\N,"1",\N,\N,\N,\N,"1","0","papac2021a","2024-05-30 17:47:41","robert@localhost","2024-05-30 17:47:41","robert@localhost"
"S11038","50.138","14.273","TUCHO3","4868","112","TUC001","papac2021a","inhumation","R01568","C07657",\N,\N,\N,\N,\N,\N,"0","0","papac2021a","2024-05-30 17:47:41","robert@localhost","2024-05-30 17:47:41","robert@localhost"
"S11038","50.138","14.273","TUCHO3","4868","112","TUC002","papac2021a","inhumation","R01569","C07658",\N,\N,\N,\N,\N,\N,"0","0","papac2021a","2024-05-30 17:47:41","robert@localhost","2024-05-30 17:47:41","robert@localhost"
"S11038","50.138","14.273","TUCHO3","4868","112","TUC003","papac2021a","inhumation","R01570","C07659",\N,\N,\N,\N,\N,\N,"0","0","papac2021a","2024-05-30 17:47:41","robert@localhost","2024-05-30 17:47:41","robert@localhost"
"S11038","50.138","14.273","TUCHO3","4868","112","TUC004","papac2021a","inhumation","R01571","C07660",\N,\N,\N,\N,\N,\N,"0","0","papac2021a","2024-05-30 17:47:41","robert@localhost","2024-05-30 17:47:41","robert@localhost"
"S11038","50.138","14.273","TUCHO3","4868","112","TUC005","papac2021a","inhumation","R01572","C07661",\N,\N,\N,\N,\N,\N,"0","0","papac2021a","2024-05-30 17:47:41","robert@localhost","2024-05-30 17:47:41","robert@localhost"
"S11038","50.138","14.273","TUCHO3","4868","112","TUC006","papac2021a","inhumation","R01573","C07662",\N,\N,\N,\N,\N,\N,"0","0","papac2021a","2024-05-30 17:47:41","robert@localhost","2024-05-30 17:47:41","robert@localhost"
"S10033","50.155","14.318","VELPR1","4803","123","VPR001","papac2021a","inhumation","R01574","C07663",\N,\N,\N,\N,\N,\N,"0","0","papac2021a","2024-05-30 17:47:41","robert@localhost","2024-05-30 17:47:41","robert@localhost"
"S11039","50.532","14.071","VELZE2","4848","201","I6696","papac2021a","inhumation","R01575","C07664","0","1","crouched",\N,"90","180","1","0","papac2021a","2024-05-30 17:47:41","robert@localhost","2024-05-30 17:47:41","robert@localhost"
"S11040","50.363","14.452","VLIN2","5702","94","VLI005","papac2021a","inhumation","R01576","C07665","0","1","crouched","left","225","315","1","0","papac2021a","2024-05-30 17:47:41","robert@localhost","2024-05-30 17:47:41","robert@localhost"
"S11040","50.363","14.452","VLIN2","5702","94","VLI006","papac2021a","inhumation","R01577","C07666","0","1","crouched","left","270","0","0","0","papac2021a","2024-05-30 17:47:41","robert@localhost","2024-05-30 17:47:41","robert@localhost"
"S11040","50.363","14.452","VLIN5","4612","115","VLI031","papac2021a","inhumation","R01578","C07667","0","1","crouched","right","45","135","0","0","papac2021a","2024-05-30 17:47:41","robert@localhost","2024-05-30 17:47:41","robert@localhost"
"S11040","50.363","14.452","VLIN5","4612","115","VLI032","papac2021a","inhumation","R01579","C07668","0","1","crouched","left","90","180","0","0","papac2021a","2024-05-30 17:47:41","robert@localhost","2024-05-30 17:47:41","robert@localhost"
"S11040","50.363","14.452","VLIN5","4612","115","VLI033","papac2021a","inhumation","R01580","C07669","0","1","crouched","right","90","180","0","0","papac2021a","2024-05-30 17:47:41","robert@localhost","2024-05-30 17:47:41","robert@localhost"
"S11040","50.363","14.452","VLIN1","6058","69","VLI004","papac2021a","inhumation","R01581","C07670","0","1","crouched","right",\N,\N,"0","0","papac2021a","2024-05-30 17:47:41","robert@localhost","2024-05-30 17:47:41","robert@localhost"
"S11040","50.363","14.452","VLIN6","4668","183","VLI007","papac2021a","inhumation","R01582","C07671","0","1","crouched","left","45","135","1","0","papac2021a","2024-05-30 17:47:41","robert@localhost","2024-05-30 17:47:41","robert@localhost"
"S11040","50.363","14.452","VLIN6","4668","183","VLI071","papac2021a","inhumation","R01583","C07672","0","1","crouched","left","45","135","1","0","papac2021a","2024-05-30 17:47:41","robert@localhost","2024-05-30 17:47:41","robert@localhost"
"S11040","50.363","14.452","VLIN6","4668","183","VLI008","papac2021a","inhumation","R01584","C07673","0","1","crouched","left","45","135","1","0","papac2021a","2024-05-30 17:47:41","robert@localhost","2024-05-30 17:47:41","robert@localhost"
"S11040","50.363","14.452","VLIN6","4668","183","VLI072","papac2021a","inhumation","R01585","C07674","0","1","crouched","left","45","135","1","0","papac2021a","2024-05-30 17:47:41","robert@localhost","2024-05-30 17:47:41","robert@localhost"
"S11040","50.363","14.452","VLIN6","4668","183","VLI009","papac2021a","inhumation","R01586","C07675","0","1","crouched","left","90","180","1","0","papac2021a","2024-05-30 17:47:41","robert@localhost","2024-05-30 17:47:41","robert@localhost"
"S11040","50.363","14.452","VLIN6","4668","183","VLI073","papac2021a","inhumation","R01587","C07676","0","1","crouched","right","225","315","0","0","papac2021a","2024-05-30 17:47:41","robert@localhost","2024-05-30 17:47:41","robert@localhost"
"S11040","50.363","14.452","VLIN6","4668","183","VLI074","papac2021a","inhumation","R01588","C07677","0","1","crouched","right","270","0","1","0","papac2021a","2024-05-30 17:47:41","robert@localhost","2024-05-30 17:47:41","robert@localhost"
"S11040","50.363","14.452","VLIN6","4668","183","VLI075","papac2021a","inhumation","R01589","C07678","0","1","crouched","right","270","0","0","0","papac2021a","2024-05-30 17:47:41","robert@localhost","2024-05-30 17:47:41","robert@localhost"
"S11040","50.363","14.452","VLIN6","4668","183","VLI066","papac2021a","inhumation","R01590","C07679","0","1","crouched","right","225","315","1","0","papac2021a","2024-05-30 17:47:41","robert@localhost","2024-05-30 17:47:41","robert@localhost"
"S11040","50.363","14.452","VLIN6","4668","183","VLI010","papac2021a","inhumation","R01591","C07680","0","1","crouched","left","45","135","1","0","papac2021a","2024-05-30 17:47:41","robert@localhost","2024-05-30 17:47:41","robert@localhost"
"S11040","50.363","14.452","VLIN6","4668","183","VLI067","papac2021a","inhumation","R01592","C07681","0","1","crouched","left","45","135","0","0","papac2021a","2024-05-30 17:47:41","robert@localhost","2024-05-30 17:47:41","robert@localhost"
"S11040","50.363","14.452","VLIN6","4668","183","VLI076","papac2021a","inhumation","R01593","C07682","0","1","crouched","left","0","90","0","0","papac2021a","2024-05-30 17:47:41","robert@localhost","2024-05-30 17:47:41","robert@localhost"
"S11040","50.363","14.452","VLIN6","4668","183","VLI077","papac2021a","inhumation","R01594","C07683","0","1","crouched","left","0","90","0","0","papac2021a","2024-05-30 17:47:41","robert@localhost","2024-05-30 17:47:41","robert@localhost"
"S11040","50.363","14.452","VLIN6","4668","183","VLI078","papac2021a","inhumation","R01595","C07684","0",\N,\N,\N,\N,\N,"1","0","papac2021a","2024-05-30 17:47:41","robert@localhost","2024-05-30 17:47:41","robert@localhost"
"S11040","50.363","14.452","VLIN6","4668","183","VLI079","papac2021a","inhumation","R01596","C07685","0","1","crouched","left","45","135","0","0","papac2021a","2024-05-30 17:47:41","robert@localhost","2024-05-30 17:47:41","robert@localhost"
"S11040","50.363","14.452","VLIN6","4668","183","VLI080","papac2021a","inhumation","R01597","C07686","0","1","crouched","left","90","180","1","0","papac2021a","2024-05-30 17:47:41","robert@localhost","2024-05-30 17:47:41","robert@localhost"
"S11040","50.363","14.452","VLIN6","4668","183","VLI081","papac2021a","inhumation","R01598","C07687","0","1","crouched","right","270","0","0","0","papac2021a","2024-05-30 17:47:41","robert@localhost","2024-05-30 17:47:41","robert@localhost"
"S11040","50.363","14.452","VLIN6","4668","183","VLI082","papac2021a","inhumation","R01599","C07688","0","1","crouched","right","225","315","0","0","papac2021a","2024-05-30 17:47:41","robert@localhost","2024-05-30 17:47:41","robert@localhost"
"S11040","50.363","14.452","VLIN6","4668","183","VLI083","papac2021a","inhumation","R01600","C07689","0","1","crouched","left","90","180","1","0","papac2021a","2024-05-30 17:47:41","robert@localhost","2024-05-30 17:47:41","robert@localhost"
"S11040","50.363","14.452","VLIN6","4668","183","VLI084","papac2021a","inhumation","R01601","C07690","0","1","crouched","right","225","315","1","0","papac2021a","2024-05-30 17:47:41","robert@localhost","2024-05-30 17:47:41","robert@localhost"
"S11040","50.363","14.452","VLIN6","4668","183","VLI011","papac2021a","inhumation","R01602","C07691","0","1","crouched","right","270","0","0","0","papac2021a","2024-05-30 17:47:41","robert@localhost","2024-05-30 17:47:41","robert@localhost"
"S11040","50.363","14.452","VLIN6","4668","183","VLI012","papac2021a","inhumation","R01603","C07692","0","1","crouched","left","45","135","1","0","papac2021a","2024-05-30 17:47:41","robert@localhost","2024-05-30 17:47:41","robert@localhost"
"S11040","50.363","14.452","VLIN6","4668","183","VLI013","papac2021a","inhumation","R01604","C07693","0","1","crouched","left","45","135","1","0","papac2021a","2024-05-30 17:47:41","robert@localhost","2024-05-30 17:47:41","robert@localhost"
"S11040","50.363","14.452","VLIN6","4668","183","VLI085","papac2021a","inhumation","R01605","C07694","0","1","crouched","right","270","0","0","0","papac2021a","2024-05-30 17:47:41","robert@localhost","2024-05-30 17:47:41","robert@localhost"
"S11040","50.363","14.452","VLIN6","4668","183","VLI086","papac2021a","inhumation","R01606","C07695","0","1","crouched","left","90","180","1","0","papac2021a","2024-05-30 17:47:41","robert@localhost","2024-05-30 17:47:41","robert@localhost"
"S11040","50.363","14.452","VLIN6","4668","183","VLI068","papac2021a","inhumation","R01607","C07696","0","1","crouched","left","90","180","1","0","papac2021a","2024-05-30 17:47:41","robert@localhost","2024-05-30 17:47:41","robert@localhost"
"S11040","50.363","14.452","VLIN6","4668","183","VLI014","papac2021a","inhumation","R01608","C07697","0","1","crouched","left","45","135","1","0","papac2021a","2024-05-30 17:47:41","robert@localhost","2024-05-30 17:47:41","robert@localhost"
"S11040","50.363","14.452","VLIN6","4668","183","VLI087","papac2021a","inhumation","R01609","C07698","0","1","crouched","left","45","135","1","0","papac2021a","2024-05-30 17:47:41","robert@localhost","2024-05-30 17:47:41","robert@localhost"
"S11040","50.363","14.452","VLIN6","4668","183","VLI069","papac2021a","inhumation","R01610","C07699","0","1","crouched","left","45","135","0","0","papac2021a","2024-05-30 17:47:41","robert@localhost","2024-05-30 17:47:41","robert@localhost"
"S11040","50.363","14.452","VLIN6","4668","183","VLI015","papac2021a","inhumation","R01611","C07700","0","1","crouched","right","225","315","1","0","papac2021a","2024-05-30 17:47:41","robert@localhost","2024-05-30 17:47:41","robert@localhost"
"S11040","50.363","14.452","VLIN6","4668","183","VLI016","papac2021a","inhumation","R01612","C07701","0","1","crouched","left","225","315","1","0","papac2021a","2024-05-30 17:47:41","robert@localhost","2024-06-03 22:35:39","robert@localhost"
"S11040","50.363","14.452","VLIN6","4668","183","VLI088","papac2021a","inhumation","R01613","C07702","0","1","crouched","left","90","180","0","0","papac2021a","2024-05-30 17:47:41","robert@localhost","2024-05-30 17:47:41","robert@localhost"
"S11040","50.363","14.452","VLIN6","4668","183","VLI017","papac2021a","inhumation","R01614","C07703","0","1","crouched","left","90","180","1","0","papac2021a","2024-05-30 17:47:41","robert@localhost","2024-05-30 17:47:41","robert@localhost"
"S11040","50.363","14.452","VLIN6","4668","183","VLI089","papac2021a","inhumation","R01615","C07704","0","1","crouched","right","225","315","1","0","papac2021a","2024-05-30 17:47:41","robert@localhost","2024-05-30 17:47:41","robert@localhost"
"S11040","50.363","14.452","VLIN6","4668","183","VLI070","papac2021a","inhumation","R01616","C07705","0","1","crouched","left","225","315","0","0","papac2021a","2024-05-30 17:47:41","robert@localhost","2024-05-30 17:47:41","robert@localhost"
"S11040","50.363","14.452","VLIN6","4668","183","VLI018","papac2021a","inhumation","R01617","C07706","0","1","crouched","left","45","135","1","0","papac2021a","2024-05-30 17:47:41","robert@localhost","2024-05-30 17:47:41","robert@localhost"
"S11040","50.363","14.452","VLIN6","4668","183","VLI090","papac2021a","inhumation","R01618","C07707","0","1","crouched","left","0","90","1","0","papac2021a","2024-05-30 17:47:41","robert@localhost","2024-05-30 17:47:41","robert@localhost"
"S11040","50.363","14.452","VLIN6","4668","183","VLI091","papac2021a","inhumation","R01619","C07708","0","1","crouched","left","90","180","0","0","papac2021a","2024-05-30 17:47:41","robert@localhost","2024-05-30 17:47:41","robert@localhost"
"S11040","50.363","14.452","VLIN6","4668","183","VLI019","papac2021a","inhumation","R01620","C07709","0","1","crouched","right","225","315","1","0","papac2021a","2024-05-30 17:47:41","robert@localhost","2024-05-30 17:47:41","robert@localhost"
"S11040","50.363","14.452","VLIN6","4668","183","VLI092","papac2021a","inhumation","R01621","C07710","0","1","crouched","right","270","0","1","0","papac2021a","2024-05-30 17:47:41","robert@localhost","2024-05-30 17:47:41","robert@localhost"
"S11040","50.363","14.452","VLIN6","4668","183","VLI020","papac2021a","inhumation","R01622","C07711","0","1","crouched","left","45","135","1","0","papac2021a","2024-05-30 17:47:41","robert@localhost","2024-05-30 17:47:41","robert@localhost"
"S11040","50.363","14.452","VLIN7","4270","96","VLI021","papac2021a","inhumation","R01623","C07712","1",\N,\N,\N,\N,\N,"1","0","papac2021a","2024-05-30 17:47:41","robert@localhost","2024-05-30 17:47:41","robert@localhost"
"S11040","50.363","14.452","VLIN7","4270","96","VLI022","papac2021a","inhumation","R01624","C07713","0","1","crouched","right","135","225","1","0","papac2021a","2024-05-30 17:47:41","robert@localhost","2024-05-30 17:47:41","robert@localhost"
"S11040","50.363","14.452","VLIN7","4270","96","VLI023","papac2021a","inhumation","R01625","C07714","0","1","crouched","left","0","90","0","0","papac2021a","2024-05-30 17:47:41","robert@localhost","2024-05-30 17:47:41","robert@localhost"
"S11040","50.363","14.452","VLIN7","4270","96","VLI024","papac2021a","inhumation","R01626","C07715","0","1","crouched","left","0","90","0","0","papac2021a","2024-05-30 17:47:41","robert@localhost","2024-05-30 17:47:41","robert@localhost"
"S11040","50.363","14.452","VLIN7","4270","96","VLI025","papac2021a","inhumation","R01627","C07716","0","1","crouched","left","0","90","1","0","papac2021a","2024-05-30 17:47:41","robert@localhost","2024-05-30 17:47:41","robert@localhost"
"S11040","50.363","14.452","VLIN7","4270","96","VLI026","papac2021a","inhumation","R01628","C07717","0","1","crouched","right","135","225","1","0","papac2021a","2024-05-30 17:47:41","robert@localhost","2024-05-30 17:47:41","robert@localhost"
"S11040","50.363","14.452","VLIN7","4270","96","VLI027","papac2021a","inhumation","R01629","C07718","0","1","crouched","right","135","225","1","0","papac2021a","2024-05-30 17:47:41","robert@localhost","2024-05-30 17:47:41","robert@localhost"
"S11040","50.363","14.452","VLIN7","4270","96","VLI028","papac2021a","inhumation","R01630","C07719","0","1","crouched","right","135","225","1","0","papac2021a","2024-05-30 17:47:41","robert@localhost","2024-05-30 17:47:41","robert@localhost"
"S11040","50.363","14.452","VLIN7","4270","96","VLI029","papac2021a","inhumation","R01631","C07720","0","1","crouched","left","0","90","1","0","papac2021a","2024-05-30 17:47:41","robert@localhost","2024-05-30 17:47:41","robert@localhost"
"S11040","50.363","14.452","VLIN7","4270","96","VLI030","papac2021a","inhumation","R01632","C07721","0","1","crouched","left","315","45","0","0","papac2021a","2024-05-30 17:47:41","robert@localhost","2024-05-30 17:47:41","robert@localhost"
"S11040","50.363","14.452","VLIN8","3874","128","VLI047","papac2021a","inhumation","R01633","C07722","0","1","crouched","right","180","270","0","0","papac2021a","2024-05-30 17:47:41","robert@localhost","2024-05-30 17:47:41","robert@localhost"
"S11040","50.363","14.452","VLIN8","3874","128","VLI046","papac2021a","inhumation","R01634","C07723","0","1","crouched","right","135","225","1","0","papac2021a","2024-05-30 17:47:41","robert@localhost","2024-05-30 17:47:41","robert@localhost"
"S11040","50.363","14.452","VLIN8","3874","128","VLI063","papac2021a","inhumation","R01635","C07724","0","1","crouched","right","180","270","1","0","papac2021a","2024-05-30 17:47:41","robert@localhost","2024-05-30 17:47:41","robert@localhost"
"S11040","50.363","14.452","VLIN8","3874","128","VLI039","papac2021a","inhumation","R01636","C07725","0","1","crouched","right","135","225","0","0","papac2021a","2024-05-30 17:47:41","robert@localhost","2024-05-30 17:47:41","robert@localhost"
"S11040","50.363","14.452","VLIN8","3874","128","VLI045","papac2021a","inhumation","R01637","C07726","0","1","crouched","right","180","270","1","0","papac2021a","2024-05-30 17:47:41","robert@localhost","2024-05-30 17:47:41","robert@localhost"
"S11040","50.363","14.452","VLIN8","3874","128","VLI060","papac2021a","inhumation","R01638","C07727","0","1","crouched","right","180","270","1","0","papac2021a","2024-05-30 17:47:41","robert@localhost","2024-05-30 17:47:41","robert@localhost"
"S11040","50.363","14.452","VLIN8","3874","128","VLI065","papac2021a","inhumation","R01639","C07728","0","1","crouched","right","0","90","0","0","papac2021a","2024-05-30 17:47:41","robert@localhost","2024-05-30 17:47:41","robert@localhost"
"S11040","50.363","14.452","VLIN8","3874","128","VLI042","papac2021a","inhumation","R01640","C07729","0","1","crouched","right","180","270","1","0","papac2021a","2024-05-30 17:47:41","robert@localhost","2024-05-30 17:47:41","robert@localhost"
"S11040","50.363","14.452","VLIN8","3874","128",\N,\N,"inhumation","R01641","C07730","0","1","crouched","right","135","225","1","0","papac2021a","2024-05-30 17:47:41","robert@localhost","2024-05-30 17:47:41","robert@localhost"
"S11040","50.363","14.452","VLIN8","3874","128","VLI041","papac2021a","inhumation","R01642","C07731","0","1","crouched","right","135","225","1","0","papac2021a","2024-05-30 17:47:41","robert@localhost","2024-05-30 17:47:41","robert@localhost"
"S11040","50.363","14.452","VLIN8","3874","128","VLI0040","papac2021a","inhumation","R01643","C07732","0","1","crouched","right","315","45","1","0","papac2021a","2024-05-30 17:47:41","robert@localhost","2024-05-30 17:47:41","robert@localhost"
"S11040","50.363","14.452","VLIN9","4334","178","VLI053","papac2021a","inhumation","R01644","C07733","1",\N,"crouched","right",\N,\N,"1","0","papac2021a","2024-05-30 17:47:41","robert@localhost","2024-05-30 17:47:41","robert@localhost"
"S11040","50.363","14.452","VLIN8","3874","128","VLI062","papac2021a","inhumation","R01645","C07736","0","1","crouched","right","90","180","1","0","papac2021a","2024-05-30 17:47:41","robert@localhost","2024-05-30 17:47:41","robert@localhost"
"S11040","50.363","14.452","VLIN8","3874","128","VLI061","papac2021a","inhumation","R01646","C07737","0","1","crouched","right","180","270","1","0","papac2021a","2024-05-30 17:47:41","robert@localhost","2024-05-30 17:47:41","robert@localhost"
"S11040","50.363","14.452","VLIN8","3874","128","VLI058","papac2021a","inhumation","R01647","C07738","0","1","crouched","left","180","270","1","0","papac2021a","2024-05-30 17:47:41","robert@localhost","2024-05-30 17:47:41","robert@localhost"
"S11040","50.363","14.452","VLIN8","3874","128","VLI064","papac2021a","inhumation","R01648","C07739","0","1","crouched","right","180","270","1","0","papac2021a","2024-05-30 17:47:41","robert@localhost","2024-05-30 17:47:41","robert@localhost"
"S11040","50.363","14.452","VLIN8","3874","128","VLI048","papac2021a","inhumation","R01649","C07740","0","1","crouched","right","180","270","1","0","papac2021a","2024-05-30 17:47:41","robert@localhost","2024-05-30 17:47:41","robert@localhost"
"S11040","50.363","14.452","VLIN8","3874","128","VLI0049","papac2021a","inhumation","R01650","C07741","0","1","crouched","right","180","270","1","0","papac2021a","2024-05-30 17:47:41","robert@localhost","2024-05-30 17:47:41","robert@localhost"
"S11040","50.363","14.452","VLIN8","3874","128","VLI050","papac2021a","inhumation","R01651","C07742","0","1","crouched","left","135","225","1","0","papac2021a","2024-05-30 17:47:41","robert@localhost","2024-05-30 17:47:41","robert@localhost"
"S11040","50.363","14.452","VLIN8","3874","128","VLI051","papac2021a","inhumation","R01652","C07743","0","1","crouched","left?","180","270","0","0","papac2021a","2024-05-30 17:47:41","robert@localhost","2024-05-30 17:47:41","robert@localhost"
"S11041","50.138","14.660","ZELE1","6575","285","ZEL001","papac2021a","inhumation","R01653","C07744","0","1","crouched","left","45","135","1","0","papac2021a","2024-05-30 17:47:41","robert@localhost","2024-05-30 17:47:41","robert@localhost"
"S11041","50.138","14.660","ZELE1","6575","285",\N,\N,"inhumation","R01654","C07745","0","1","crouched","right","45","135","0","0","papac2021a","2024-05-30 17:47:41","robert@localhost","2024-05-30 17:47:41","robert@localhost"
"S10035","50.122","14.457","PRKOB1","6479","234","I4894","papac2021a","inhumation","R01655","C07746","1","1",\N,\N,\N,\N,"0","0","papac2021a","2024-05-30 17:47:41","robert@localhost","2024-05-30 17:47:41","robert@localhost"
"S11011","50.553","13.787","BILI2","5602","159","I6695","papac2021a","inhumation","R01656","C07747",\N,"1",\N,\N,\N,\N,"1","0","papac2021a","2024-05-30 17:47:41","robert@localhost","2024-05-30 17:47:41","robert@localhost"
"S11011","50.553","13.787","BILI1","5738","231","I6677","papac2021a","inhumation","R01657","C07748",\N,"1","crouched",\N,"45","135",\N,\N,"papac2021a","2024-05-30 17:47:41","robert@localhost","2024-05-30 17:47:41","robert@localhost"
"S11011","50.553","13.787","BILI1","5738","231",\N,\N,"inhumation","R01658","C07749",\N,"1","crouched",\N,"45","135",\N,\N,"papac2021a","2024-05-30 17:47:41","robert@localhost","2024-05-30 17:47:41","robert@localhost"
"S11012","50.351","13.852","BLSA1","4671","107","BLS001","papac2021a","inhumation","R01659","C07750",\N,"1","crouched","right","315","45",\N,\N,"papac2021a","2024-05-30 17:47:41","robert@localhost","2024-05-30 17:47:41","robert@localhost"
"S11012","50.351","13.852","BLSA1","4671","107","BLS002","papac2021a","inhumation","R01660","C07751",\N,"1","crouched","left","315","45",\N,\N,"papac2021a","2024-05-30 17:47:41","robert@localhost","2024-05-30 17:47:41","robert@localhost"
"S11013","50.175","14.647","BRANNLA1","3875","115","BNL001","papac2021a","inhumation","R01661","C07752","0","1","crouched","right","135","225",\N,\N,"papac2021a","2024-05-30 17:47:41","robert@localhost","2024-05-30 17:47:41","robert@localhost"
"S11013","50.175","14.647","BRANNLA1","3875","115","BNL002","papac2021a","inhumation","R01662","C07753","0","1","crouched",\N,"135","225",\N,\N,"papac2021a","2024-05-30 17:47:41","robert@localhost","2024-05-30 17:47:41","robert@localhost"
"S11013","50.175","14.647","BRANNLA1","3875","115","BNL003","papac2021a","inhumation","R01663","C07754","1","1","crouched","left","135","225","0","0","papac2021a","2024-05-30 17:47:41","robert@localhost","2024-05-30 17:47:41","robert@localhost"
"S11020","50.031","15.169","KOLI17","4514","178","KO1002A","papac2021a","inhumation","R01664","C07755","0","1","crouched","right","180","270","1","0","papac2021a","2024-05-30 17:47:41","robert@localhost","2024-05-30 17:47:41","robert@localhost"
"S11020","50.031","15.169","KOLI18","3874","48","KO1009","papac2021a","inhumation","R01665","C07756","0","1","crouched","right","135","225","1","0","papac2021a","2024-05-30 17:47:41","robert@localhost","2024-05-30 17:47:41","robert@localhost"
"S11020","50.031","15.169","KOLI18","3874","48","KO1010","papac2021a","inhumation","R01666","C07757","0","1","crouched","right","135","225","1","0","papac2021a","2024-05-30 17:47:41","robert@localhost","2024-05-30 17:47:41","robert@localhost"
"S11020","50.031","15.169","KOLI18","3874","48","KO1014","papac2021a","inhumation","R01667","C07758","0","1",\N,\N,"135","225","0","0","papac2021a","2024-05-30 17:47:41","robert@localhost","2024-05-30 17:47:41","robert@localhost"
"S11030","50.153","14.495","PRDAB1","4073","39","PDA002","papac2021a","inhumation","R01668","C07759","0","1","crouched","right","180","270","1","0","papac2021a","2024-05-30 17:47:41","robert@localhost","2024-05-30 17:47:41","robert@localhost"
"S11029","50.250","15.811","PLONL5","4668","187","PNL002","papac2021a","inhumation","R01669","C07760","0","1","crouched","right","270","0","1","0","papac2021a","2024-05-30 17:47:41","robert@localhost","2024-05-30 17:47:41","robert@localhost"
"S11030","50.153","14.495","PRDAB1","4073","39","PDA003","papac2021a","inhumation","R01670","C07761","1","1",\N,\N,\N,\N,"0","0","papac2021a","2024-05-30 17:47:41","robert@localhost","2024-05-30 17:47:41","robert@localhost"
"S11030","50.153","14.495","PRDAB1","4073","39","PDA004","papac2021a","inhumation","R01671","C07763","1","1",\N,\N,\N,\N,"0","0","papac2021a","2024-05-30 17:47:41","robert@localhost","2024-05-30 17:47:41","robert@localhost"
"S11030","50.153","14.495","PRDAB1","4073","39","PDA005","papac2021a","inhumation","R01672","C07764","1","1",\N,\N,\N,\N,"0","0","papac2021a","2024-05-30 17:47:41","robert@localhost","2024-05-30 17:47:41","robert@localhost"
"S10035","50.122","14.457","PRKOB2","4075","52","I4885","papac2021a","inhumation","R01673","C07765","0","1","crouched","left","0","90","1","0","papac2021a","2024-05-30 17:47:41","robert@localhost","2024-05-30 17:47:41","robert@localhost"
"S10035","50.122","14.457","PRKOB2","4075","52","I4886","papac2021a","inhumation","R01674","C07766","0","1","crouched","left","0","90","1","0","papac2021a","2024-05-30 17:47:41","robert@localhost","2024-05-30 17:47:41","robert@localhost"
"S10035","50.122","14.457","PRKOB2","4075","52","I4887","papac2021a","inhumation","R01675","C07767","0","1","crouched","left","0","90","1","0","papac2021a","2024-05-30 17:47:41","robert@localhost","2024-05-30 17:47:41","robert@localhost"
"S12600","47.985","7.399","NIEINN2","4308","269",\N,\N,"cremation","R01676","C12000",\N,\N,"scattered",\N,\N,\N,"0","0","goepf2017a","2024-05-30 17:47:41","robert@localhost","2024-05-30 17:47:41","robert@localhost"
"S12600","47.985","7.399","NIEINN3","2994","368","NIED","brune2020a","inhumation","R01677","C12001","0","1","extended","right","110","120","0","0","goepf2017a","2024-05-30 17:47:41","robert@localhost","2024-05-30 17:47:41","robert@localhost"
"S12601","48.098","7.437","BISMUE1","3881","141",\N,\N,"inhumation","R01678","C12002","0","0","crouched","left","90","100","0","0","vergn2013a","2024-05-30 17:47:41","robert@localhost","2024-05-30 17:47:41","robert@localhost"
"S12601","48.098","7.437","BISMUE1","3881","141","BIS130","brune2020a","inhumation","R01679","C12003",\N,\N,\N,\N,\N,\N,\N,\N,"vergn2013a","2024-05-30 17:47:41","robert@localhost","2024-05-30 17:47:41","robert@localhost"
"S12601","48.098","7.437","BISMUE1","3881","141","BIS159","brune2020a","inhumation","R01680","C12004",\N,"1","crouched","left","50","60","0","0","vergn2013a","2024-05-30 17:47:41","robert@localhost","2024-05-30 17:47:41","robert@localhost"
"S12601","48.098","7.437","BISMUE1","3881","141",\N,\N,"inhumation","R01681","C12005","0","1","crouched","right","240","260","0","0","vergn2013a","2024-05-30 17:47:41","robert@localhost","2024-05-30 17:47:41","robert@localhost"
"S12601","48.098","7.437","BISMUE1","3881","141","BIS382","brune2020a","inhumation","R01682","C12006","0","1","crouched","left","90","100","0","0","vergn2013a","2024-05-30 17:47:41","robert@localhost","2024-05-30 17:47:41","robert@localhost"
"S12601","48.098","7.437","BISMUE1","3881","141",\N,\N,"inhumation","R01683","C12007","0","1","crouched","right","200","220","0","0","vergn2013a","2024-05-30 17:47:41","robert@localhost","2024-05-30 17:47:41","robert@localhost"
"S12601","48.098","7.437","BISMUE1","3881","141","BIS385","brune2020a","inhumation","R01684","C12008","0","0","crouched","right","250","270","0","0","vergn2013a","2024-05-30 17:47:41","robert@localhost","2024-05-30 17:47:41","robert@localhost"
"S12601","48.098","7.437","BISMUE1","3881","141",\N,\N,"inhumation","R01685","C12009","1",\N,\N,\N,\N,\N,"0","0","vergn2013a","2024-05-30 17:47:41","robert@localhost","2024-05-30 17:47:41","robert@localhost"
"S12601","48.098","7.437","BISMUE1","3881","141","BIS388-1","brune2020a","inhumation","R01686","C12010","0","1","crouched","right","270","290","0","0","vergn2013a","2024-05-30 17:47:41","robert@localhost","2024-05-30 17:47:41","robert@localhost"
"S12601","48.098","7.437","BISMUE1","3881","141","BIS388-2","brune2020a","inhumation","R01687","C12011","0","1","crouched","left","80","100","0","0","vergn2013a","2024-05-30 17:47:41","robert@localhost","2024-05-30 17:47:41","robert@localhost"
"S12601","48.098","7.437","BISMUE1","3881","141",\N,\N,"inhumation","R01688","C12012","0","1","crouched","left","110","120","0","0","vergn2013a","2024-05-30 17:47:41","robert@localhost","2024-05-30 17:47:41","robert@localhost"
"S12602","48.462","7.482","OPAEI7","3755","107","OBE3626-1","brune2020a","inhumation","R01689","C12013",\N,\N,"crouched","left","135","225",\N,\N,"brune2020a","2024-05-30 17:47:41","robert@localhost","2024-06-03 22:36:51","robert@localhost"
"S12602","48.462","7.482","OPAEI7","3755","107","OBE3626-2","brune2020a","inhumation","R01690","C12014",\N,\N,"crouched","left","135","225",\N,\N,"brune2020a","2024-05-30 17:47:41","robert@localhost","2024-06-03 22:36:51","robert@localhost"
"S12602","48.462","7.482","OPAEI7","3755","107","OBE3628","brune2020a","inhumation","R01691","C12015",\N,\N,"crouched","left","135","225",\N,\N,"brune2020a","2024-05-30 17:47:41","robert@localhost","2024-06-03 22:36:51","robert@localhost"
"S12602","48.462","7.482","OPAEI7","3755","107","OBE3722","brune2020a","inhumation","R01692","C12016",\N,\N,"crouched","left","135","225",\N,\N,"brune2020a","2024-05-30 17:47:41","robert@localhost","2024-06-03 22:36:52","robert@localhost"
"S12603","47.744","7.397","RIXZAC1","3686","83",\N,\N,"inhumation","R01693","C12017","0","1","crouched","right","260","280","0","0","lefra2010b","2024-05-30 17:47:41","robert@localhost","2024-05-30 17:47:41","robert@localhost"
"S12603","47.744","7.397","RIXZAC1","3686","83","RIX4","brune2020a","inhumation","R01694","C12018","0","1","crouched","right/front","230","260","0","0","lefra2010b","2024-05-30 17:47:41","robert@localhost","2024-05-30 17:47:41","robert@localhost"
"S12603","47.744","7.397","RIXZAC1","3686","83",\N,\N,"inhumation","R01695","C12019","0","1","crouched","right","230","260","0","0","lefra2010b","2024-05-30 17:47:41","robert@localhost","2024-05-30 17:47:41","robert@localhost"
"S12603","47.744","7.397","RIXZAC1","3686","83",\N,\N,"inhumation","R01696","C12020","0","1","crouched","left","90","100","0","0","lefra2010b","2024-05-30 17:47:41","robert@localhost","2024-05-30 17:47:41","robert@localhost"
"S12603","47.744","7.397","RIXZAC1","3686","83",\N,\N,"inhumation","R01697","C12021","0","1","crouched","right","230","260","0","0","lefra2010b","2024-05-30 17:47:41","robert@localhost","2024-05-30 17:47:41","robert@localhost"
"S12603","47.744","7.397","RIXZAC1","3686","83","RIX15","brune2020a","inhumation","R01698","C12022","0","1","crouched","left/front","90","100","0","0","lefra2010b","2024-05-30 17:47:41","robert@localhost","2024-05-30 17:47:41","robert@localhost"
"S12603","47.744","7.397","RIXZAC1","3686","83","RIX2","brune2020a","inhumation","R01699","C12023",\N,\N,\N,\N,\N,\N,\N,\N,"brune2020a","2024-05-30 17:47:41","robert@localhost","2024-05-30 17:47:41","robert@localhost"
"S12604","48.445","7.671","NORDHA2","5367","112","NOR2B2","brune2020a","inhumation","R01701","C12025",\N,\N,\N,\N,\N,\N,\N,\N,"brune2020a","2024-05-30 17:47:41","robert@localhost","2024-05-30 17:47:41","robert@localhost"
"S12604","48.445","7.671","NORDHA2","5367","112","NOR2B6","brune2020a","inhumation","R01702","C12026",\N,\N,\N,\N,\N,\N,\N,\N,"brune2020a","2024-05-30 17:47:41","robert@localhost","2024-05-30 17:47:41","robert@localhost"
"S12604","48.445","7.671","NORDHA2","5367","112",\N,\N,"inhumation","R01703","C12027",\N,\N,\N,\N,\N,\N,\N,\N,"fisch2022a","2024-05-30 17:47:41","robert@localhost","2024-05-30 17:47:41","robert@localhost"
"S12604","48.445","7.671","NORDHA2","5367","112","NOR3-15","brune2020a","inhumation","R01704","C12028",\N,\N,\N,\N,\N,\N,"1",\N,"fisch2022a","2024-05-30 17:47:41","robert@localhost","2024-05-30 17:47:41","robert@localhost"
"S12604","48.445","7.671","NORDHA2","5367","112","NOR3-6","brune2020a","inhumation","R01705","C12029",\N,\N,\N,\N,\N,\N,"1",\N,"brune2020a","2024-05-30 17:47:41","robert@localhost","2024-05-30 17:47:41","robert@localhost"
"S12604","48.445","7.671","NORDHA2","5367","112",\N,\N,"inhumation","R01706","C12030",\N,\N,\N,\N,\N,\N,\N,\N,"fisch2022a","2024-05-30 17:47:41","robert@localhost","2024-05-30 17:47:41","robert@localhost"
"S12604","48.445","7.671","NORDHA2","5367","112","NOR4","brune2020a","inhumation","R01707","C12031",\N,\N,\N,\N,\N,\N,"1",\N,"brune2020a","2024-05-30 17:47:41","robert@localhost","2024-05-30 17:47:41","robert@localhost"
"S12605","48.236","4.079","SLPTCP2","7035","98","SLPT201","brune2020a","inhumation","R01708","C12032","0","1","crouched","right/front","340","350","1","0","rayna2016a","2024-05-30 17:47:41","robert@localhost","2024-05-30 17:47:41","robert@localhost"
"S12605","48.236","4.079","SLPTCP2","7035","98","SLPT505","brune2020a","inhumation","R01709","C12033","0","1","crouched","right","100","110","1","0","rayna2016a","2024-05-30 17:47:41","robert@localhost","2024-05-30 17:47:41","robert@localhost"
"S12605","48.236","4.079","SLPTCP2","7035","98",\N,\N,"inhumation","R01710","C12034",\N,"1",\N,\N,\N,\N,\N,\N,"rayna2016a","2024-05-30 17:47:41","robert@localhost","2024-05-30 17:47:41","robert@localhost"
"S12606","48.257","4.095","BRESMA4","4465","136","BRE445A","brune2020a","inhumation","R01711","C12035",\N,\N,\N,\N,\N,\N,\N,\N,"brune2020a","2024-05-30 17:47:41","robert@localhost","2024-05-30 17:47:41","robert@localhost"
"S12606","48.257","4.095","BRESMA4","4465","136","BRE445B","brune2020a","inhumation","R01712","C12036",\N,\N,\N,\N,\N,\N,\N,\N,"brune2020a","2024-05-30 17:47:41","robert@localhost","2024-05-30 17:47:41","robert@localhost"
"S12606","48.257","4.095","BRESMA4","4465","136","BRE445C","brune2020a","inhumation","R01713","C12037",\N,\N,\N,\N,\N,\N,\N,\N,"brune2020a","2024-05-30 17:47:41","robert@localhost","2024-05-30 17:47:41","robert@localhost"
"S12606","48.257","4.095","BRESMA4","4465","136","BRE445FK","brune2020a","inhumation","R01714","C12038",\N,\N,\N,\N,\N,\N,\N,\N,"brune2020a","2024-05-30 17:47:41","robert@localhost","2024-05-30 17:47:41","robert@localhost"
"S12606","48.257","4.095","BRESMA4","4465","136","BRE445HI","brune2020a","inhumation","R01715","C12039",\N,\N,\N,\N,\N,\N,\N,\N,"brune2020a","2024-05-30 17:47:41","robert@localhost","2024-05-30 17:47:41","robert@localhost"
"S12606","48.257","4.095","BRESMA2","6621","294","BRE447","brune2020a","inhumation","R01716","C12040",\N,\N,\N,\N,\N,\N,\N,\N,"brune2020a","2024-05-30 17:47:41","robert@localhost","2024-05-30 17:47:41","robert@localhost"
"S12607","48.236","4.113","BUCPDA2","6341","129","BUCH5","brune2020a","inhumation","R01717","C12041",\N,\N,\N,\N,\N,\N,\N,\N,"brune2020a","2024-05-30 17:47:41","robert@localhost","2024-05-30 17:47:41","robert@localhost"
"S12607","48.236","4.113","BUCPDA2","6341","129","BUCH4","brune2020a","inhumation","R01718","C12042",\N,\N,\N,\N,\N,\N,\N,\N,"brune2020a","2024-05-30 17:47:41","robert@localhost","2024-05-30 17:47:41","robert@localhost"
"S12607","48.236","4.113","BUCPDA2","6341","129","BUCH3","brune2020a","inhumation","R01719","C12043",\N,\N,\N,\N,\N,\N,\N,\N,"brune2020a","2024-05-30 17:47:41","robert@localhost","2024-05-30 17:47:41","robert@localhost"
"S12607","48.236","4.113","BUCPDA2","6341","129","BUCH8","brune2020a","inhumation","R01720","C12044",\N,\N,\N,\N,\N,\N,\N,\N,"brune2020a","2024-05-30 17:47:41","robert@localhost","2024-05-30 17:47:41","robert@localhost"
"S12607","48.236","4.113","BUCPDA2","6341","129","BUCH6","brune2020a","inhumation","R01721","C12045",\N,\N,\N,\N,\N,\N,\N,\N,"brune2020a","2024-05-30 17:47:41","robert@localhost","2024-05-30 17:47:41","robert@localhost"
"S08357","49.393","3.738","BEALP2","6058","40",\N,\N,"inhumation","R01722","C12046",\N,\N,\N,\N,\N,\N,\N,\N,"brune2020a","2024-05-30 17:47:41","robert@localhost","2024-05-30 17:47:41","robert@localhost"
"S12607","48.236","4.113","BUCPDA2","6341","129","BUCH2","brune2020a","inhumation","R01723","C12047",\N,\N,\N,\N,\N,\N,\N,\N,"brune2020a","2024-05-30 17:47:41","robert@localhost","2024-05-30 17:47:41","robert@localhost"
"S08357","49.393","3.738","BEALP2","6058","40","BLP10","brune2020a","inhumation","R01724","C12048",\N,\N,\N,\N,\N,\N,\N,\N,"brune2020a","2024-05-30 17:47:41","robert@localhost","2024-05-30 17:47:41","robert@localhost"
"S12608","48.519","3.596","PSSLHDL1","5510","94","PSS2042","brune2020a","inhumation","R01725","C12049",\N,\N,\N,\N,\N,\N,\N,\N,"brune2020a","2024-05-30 17:47:41","robert@localhost","2024-05-30 17:47:41","robert@localhost"
"S12608","48.519","3.596","PSSLHDL1","5510","94","PSS282","brune2020a","inhumation","R01726","C12050",\N,\N,\N,\N,\N,\N,\N,\N,"brune2020a","2024-05-30 17:47:41","robert@localhost","2024-05-30 17:47:41","robert@localhost"
"S12608","48.519","3.596","PSSLHDL1","5510","94","PSS3072","brune2020a","inhumation","R01727","C12051",\N,\N,\N,\N,\N,\N,\N,\N,"brune2020a","2024-05-30 17:47:41","robert@localhost","2024-05-30 17:47:41","robert@localhost"
"S12608","48.519","3.596","PSSLHDL1","5510","94","PSS4693","brune2020a","inhumation","R01728","C12052",\N,\N,\N,\N,\N,\N,\N,\N,"brune2020a","2024-05-30 17:47:41","robert@localhost","2024-05-30 17:47:41","robert@localhost"
"S12608","48.519","3.596","PSSLHDL1","5510","94","PSS1","brune2020a","inhumation","R01729","C12053",\N,\N,\N,\N,\N,\N,\N,\N,"brune2020a","2024-05-30 17:47:41","robert@localhost","2024-05-30 17:47:41","robert@localhost"
"S12608","48.519","3.596","PSSLHDL1","5510","94","PSS2","brune2020a","inhumation","R01730","C12054",\N,\N,\N,\N,\N,\N,\N,\N,"brune2020a","2024-05-30 17:47:41","robert@localhost","2024-05-30 17:47:41","robert@localhost"
"S12608","48.519","3.596","PSSLHDL1","5510","94","PSS2323","brune2020a","inhumation","R01731","C12055",\N,\N,\N,\N,\N,\N,\N,\N,"brune2020a","2024-05-30 17:47:41","robert@localhost","2024-05-30 17:47:41","robert@localhost"
"S12608","48.519","3.596","PSSLHDL1","5510","94","PSS3378","brune2020a","inhumation","R01732","C12056",\N,\N,\N,\N,\N,\N,\N,\N,"brune2020a","2024-05-30 17:47:41","robert@localhost","2024-05-30 17:47:41","robert@localhost"
"S12608","48.519","3.596","PSSLHDL1","5510","94","PSS4170","brune2020a","inhumation","R01733","C12057",\N,\N,\N,\N,\N,\N,\N,\N,"brune2020a","2024-05-30 17:47:41","robert@localhost","2024-05-30 17:47:41","robert@localhost"
"S01653","49.387","3.771","CUI-CHAU2","5661","118",\N,\N,"inhumation","R01734","C12058","0","1","crouched","right","270","280","0","0","colas2015a","2024-05-30 17:47:41","robert@localhost","2024-05-30 17:47:41","robert@localhost"
"S01653","49.387","3.771","CUI-CHAU2","5661","118",\N,\N,"inhumation","R01735","C12059",\N,\N,\N,\N,\N,\N,\N,\N,"brune2020a","2024-05-30 17:47:41","robert@localhost","2024-05-30 17:47:41","robert@localhost"
"S01653","49.387","3.771","CUI-CHAU2","5661","118","CCF315-1","brune2020a","inhumation","R01736","C12060",\N,\N,\N,\N,\N,\N,\N,\N,"brune2020a","2024-05-30 17:47:41","robert@localhost","2024-05-30 17:47:41","robert@localhost"
"S01653","49.387","3.771","CUI-CHAU2","5661","118",\N,\N,"inhumation","R01737","C12061",\N,\N,\N,\N,\N,\N,\N,\N,"brune2020a","2024-05-30 17:47:41","robert@localhost","2024-05-30 17:47:41","robert@localhost"
"S01653","49.387","3.771","CUI-CHAU2","5661","118","CCT99","brune2020a","inhumation","R01738","C12062","0","1","crouched","back","50","60","0","0","colas2015a","2024-05-30 17:47:41","robert@localhost","2024-05-30 17:47:41","robert@localhost"
"S01285","49.406","3.892","BBM3","5653","276",\N,"brune2020a","inhumation","R01739","C12063",\N,\N,\N,\N,\N,\N,\N,\N,"brune2020a","2024-05-30 17:47:41","robert@localhost","2024-05-30 17:47:41","robert@localhost"
"S12609","48.989","4.317","CHENCH3","7968","459","Recy1","brune2020a","inhumation","R01740","C12064",\N,\N,\N,\N,\N,\N,\N,\N,"brune2020a","2024-05-30 17:47:41","robert@localhost","2024-05-30 17:47:41","robert@localhost"
"S12609","48.989","4.317","CHENCH3","7968","459",\N,\N,"inhumation","R01741","C12065",\N,\N,\N,\N,\N,\N,\N,\N,"brune2020a","2024-05-30 17:47:41","robert@localhost","2024-05-30 17:47:41","robert@localhost"
"S02908","49.648","5.048","LHCMAI2","5990","76","Mairy4249","brune2020a","inhumation","R01742","C12066",\N,\N,\N,\N,\N,\N,\N,\N,"brune2020a","2024-05-30 17:47:41","robert@localhost","2024-05-30 17:47:41","robert@localhost"
"S02908","49.648","5.048","LHCMAI2","5990","76",\N,\N,"inhumation","R01743","C12067",\N,\N,\N,\N,\N,\N,\N,\N,"brune2020a","2024-05-30 17:47:41","robert@localhost","2024-05-30 17:47:41","robert@localhost"
"S02908","49.648","5.048","LHCMAI2","5990","76",\N,\N,"inhumation","R01744","C12068",\N,\N,\N,\N,\N,\N,\N,\N,"brune2020a","2024-05-30 17:47:41","robert@localhost","2024-05-30 17:47:41","robert@localhost"
"S12610","48.640","4.688","ISMLP2","4622","183","ISM1","brune2020a","inhumation","R01745","C12069","0","1","crouched","left","30","40","1","0","baili2016a","2024-05-30 17:47:41","robert@localhost","2024-05-30 17:47:41","robert@localhost"
"S12610","48.640","4.688","ISMLP2","4622","183","ISM2","brune2020a","inhumation","R01746","C12070","0","1","crouched","left","30","40","0","0","baili2016a","2024-05-30 17:47:41","robert@localhost","2024-05-30 17:47:41","robert@localhost"
"S12611","49.051","4.499","LCCDDR1","4605","158",\N,\N,"inhumation","R01747","C12071","0","1","irregular","back","340","0",\N,"0","desbr2014a","2024-05-30 17:47:41","robert@localhost","2024-05-30 17:47:41","robert@localhost"
"S12611","49.051","4.499","LCCDDR1","4605","158","CHEP2","brune2020a","inhumation: carbonized","R01748","C12072","0","1","crouched","left","160","180",\N,"0","desbr2014a","2024-05-30 17:47:41","robert@localhost","2024-05-30 17:47:41","robert@localhost"
"S12611","49.051","4.499","LCCDDR1","4605","158","CHEP3","brune2020a","inhumation: carbonized","R01749","C12073","1","1",\N,\N,"0","10",\N,"0","desbr2014a","2024-05-30 17:47:41","robert@localhost","2024-05-30 17:47:41","robert@localhost"
"S12611","49.051","4.499","LCCDDR1","4605","158","CHEP4","brune2020a","inhumation","R01750","C12074","1","1",\N,\N,"100","130",\N,"0","desbr2014a","2024-05-30 17:47:41","robert@localhost","2024-05-30 17:47:41","robert@localhost"
"S12611","49.051","4.499","LCCDDR1","4605","158",\N,\N,"cremation","R01751","C12075",\N,\N,\N,\N,\N,\N,\N,"0","desbr2014a","2024-05-30 17:47:41","robert@localhost","2024-05-30 17:47:41","robert@localhost"
"S12612","43.125","2.211","LPPC2","6434","232","SP1","brune2020a","inhumation","R01752","C12076",\N,\N,\N,\N,\N,\N,\N,\N,"brune2020a","2024-05-30 17:47:41","robert@localhost","2024-05-30 17:47:41","robert@localhost"
"S12612","43.125","2.211","LPPC2","6434","232","SP395","brune2020a","inhumation","R01753","C12077",\N,\N,\N,\N,\N,\N,\N,\N,"brune2020a","2024-05-30 17:47:41","robert@localhost","2024-05-30 17:47:41","robert@localhost"
"S12612","43.125","2.211","LPPC2","6434","232","SP249","brune2020a","inhumation","R01754","C12078",\N,\N,\N,\N,\N,\N,\N,\N,"brune2020a","2024-05-30 17:47:41","robert@localhost","2024-05-30 17:47:41","robert@localhost"
"S12612","43.125","2.211","LPPC2","6434","232","SP386","brune2020a","inhumation","R01755","C12079",\N,\N,\N,\N,\N,\N,\N,\N,"brune2020a","2024-05-30 17:47:41","robert@localhost","2024-05-30 17:47:41","robert@localhost"
"S02641","43.205","3.131","LECRE","6256","24","CRE3","brune2020a","inhumation","R01756","C12080",\N,\N,\N,\N,\N,\N,\N,\N,"brune2020a","2024-05-30 17:47:41","robert@localhost","2024-05-30 17:47:41","robert@localhost"
"S02641","43.205","3.131","LECRE","6256","24","CRE5B","brune2020a","inhumation","R01757","C12081",\N,\N,\N,\N,\N,\N,\N,\N,"loiso2009a","2024-05-30 17:47:41","robert@localhost","2024-05-30 17:47:41","robert@localhost"
"S02641","43.205","3.131","LECRE","6256","24","CRE5D","brune2020a","inhumation","R01758","C12082",\N,\N,\N,\N,\N,\N,\N,\N,"loiso2009a","2024-05-30 17:47:41","robert@localhost","2024-05-30 17:47:41","robert@localhost"
"S02641","43.205","3.131","LECRE","6256","24","CRE7-A","brune2020a","inhumation","R01759","C12083",\N,\N,\N,\N,\N,\N,\N,\N,"loiso2009a","2024-05-30 17:47:41","robert@localhost","2024-05-30 17:47:41","robert@localhost"
"S02641","43.205","3.131","LECRE","6256","24","CRE8C","brune2020a","inhumation","R01760","C12084",\N,\N,\N,\N,\N,\N,\N,\N,"loiso2009a","2024-05-30 17:47:41","robert@localhost","2024-05-30 17:47:41","robert@localhost"
"S02641","43.205","3.131","LECRE","6256","24","CRE11A","brune2020a","inhumation","R01761","C12085",\N,\N,\N,\N,\N,\N,\N,\N,"loiso2009a","2024-05-30 17:47:41","robert@localhost","2024-05-30 17:47:41","robert@localhost"
"S02641","43.205","3.131","LECRE","6256","24","CRE11B","brune2020a","inhumation","R01762","C12086",\N,\N,\N,\N,\N,\N,\N,\N,"loiso2009a","2024-05-30 17:47:41","robert@localhost","2024-05-30 17:47:41","robert@localhost"
"S02641","43.205","3.131","LECRE","6256","24","CRE11C","brune2020a","inhumation","R01763","C12087",\N,\N,\N,\N,\N,\N,\N,\N,"loiso2009a","2024-05-30 17:47:41","robert@localhost","2024-05-30 17:47:41","robert@localhost"
"S02641","43.205","3.131","LECRE","6256","24","CRE14","brune2020a","inhumation","R01764","C12088",\N,\N,\N,\N,\N,\N,\N,\N,"loiso2009a","2024-05-30 17:47:41","robert@localhost","2024-05-30 17:47:41","robert@localhost"
"S02641","43.205","3.131","LECRE","6256","24","CRE20-A","brune2020a","inhumation","R01765","C12089",\N,\N,\N,\N,\N,\N,\N,\N,"loiso2009a","2024-05-30 17:47:41","robert@localhost","2024-05-30 17:47:41","robert@localhost"
"S02641","43.205","3.131","LECRE","6256","24","CRE20-B","brune2020a","inhumation","R01766","C12090",\N,\N,\N,\N,\N,\N,\N,\N,"loiso2009a","2024-05-30 17:47:41","robert@localhost","2024-05-30 17:47:41","robert@localhost"
"S02641","43.205","3.131","LECRE","6256","24","CRE20-D","brune2020a","inhumation","R01767","C12091",\N,\N,\N,\N,\N,\N,\N,\N,"loiso2009a","2024-05-30 17:47:41","robert@localhost","2024-05-30 17:47:41","robert@localhost"
"S02641","43.205","3.131","LECRE","6256","24","CRE21","brune2020a","inhumation","R01768","C12092",\N,\N,\N,\N,\N,\N,\N,\N,"loiso2009a","2024-05-30 17:47:41","robert@localhost","2024-05-30 17:47:41","robert@localhost"
"S02641","43.205","3.131","LECRE","6256","24","CRE29","brune2020a","inhumation","R01769","C12093",\N,\N,\N,\N,\N,\N,\N,\N,"loiso2009a","2024-05-30 17:47:41","robert@localhost","2024-05-30 17:47:41","robert@localhost"
"S02641","43.205","3.131","LECRE","6256","24","CRE34","brune2020a","inhumation","R01770","C12094",\N,\N,\N,\N,\N,\N,\N,\N,"loiso2009a","2024-05-30 17:47:41","robert@localhost","2024-05-30 17:47:41","robert@localhost"
"S02679","45.060","3.860","PLGL1","6256","41","PIR1","brune2020a","inhumation","R01771","C12095",\N,\N,\N,\N,\N,\N,\N,\N,"brune2020a","2024-05-30 17:47:41","robert@localhost","2024-05-30 17:47:41","robert@localhost"
"S02679","45.060","3.860","PLGL1","6256","41","Pir2","brune2020a","inhumation","R01772","C12096",\N,\N,\N,\N,\N,\N,\N,\N,"brune2020a","2024-05-30 17:47:41","robert@localhost","2024-05-30 17:47:41","robert@localhost"
"S02679","45.060","3.860","PLGL1","6256","41","Pir3","brune2020a","inhumation","R01773","C12097",\N,\N,\N,\N,\N,\N,\N,\N,"brune2020a","2024-05-30 17:47:41","robert@localhost","2024-05-30 17:47:41","robert@localhost"
"S02679","45.060","3.860","PLGL1","6256","41","Pir7","brune2020a","inhumation","R01774","C12098",\N,\N,\N,\N,\N,\N,\N,\N,"brune2020a","2024-05-30 17:47:41","robert@localhost","2024-05-30 17:47:41","robert@localhost"
"S02679","45.060","3.860","PLGL2","4968","236","PIR6","brune2020a","inhumation","R01775","C12099",\N,\N,\N,\N,\N,\N,\N,\N,"brune2020a","2024-05-30 17:47:41","robert@localhost","2024-05-30 17:47:41","robert@localhost"
"S04154","43.530","1.340","VTOL1","6058","198","VT5-7","brune2020a","inhumation","R01776","C12100",\N,\N,\N,\N,\N,\N,\N,\N,"brune2020a","2024-05-30 17:47:41","robert@localhost","2024-05-30 17:47:41","robert@localhost"
"S04154","43.530","1.340","VTOL1","6058","198","VT7","brune2020a","inhumation","R01777","C12101",\N,\N,\N,\N,\N,\N,\N,\N,"brune2020a","2024-05-30 17:47:41","robert@localhost","2024-05-30 17:47:41","robert@localhost"
"S04154","43.530","1.340","VTOL1","6058","198","VTP4-3","brune2020a","inhumation","R01778","C12102",\N,\N,\N,\N,\N,\N,\N,\N,"brune2020a","2024-05-30 17:47:41","robert@localhost","2024-05-30 17:47:41","robert@localhost"
"S04154","43.530","1.340","VTOL3","3877","89","VTQ14","brune2020a","inhumation","R01779","C12103",\N,\N,\N,\N,\N,\N,\N,\N,"brune2020a","2024-05-30 17:47:41","robert@localhost","2024-05-30 17:47:41","robert@localhost"
"S01596","43.522","3.563","CRNG2","5259","112","BOU1","brune2020a","inhumation","R01780","C12104",\N,\N,\N,\N,\N,\N,\N,\N,"brune2020a","2024-05-30 17:47:41","robert@localhost","2024-05-30 17:47:41","robert@localhost"
"S01596","43.522","3.563","CRNG3","5347","702","BOU10","brune2020a","inhumation","R01781","C12105",\N,\N,\N,\N,\N,\N,\N,\N,"brune2020a","2024-05-30 17:47:41","robert@localhost","2024-05-30 17:47:41","robert@localhost"
"S01596","43.522","3.563","CRNG4","5158","35","BOU11","brune2020a","inhumation","R01782","C12106",\N,\N,\N,\N,\N,\N,\N,\N,"brune2020a","2024-05-30 17:47:41","robert@localhost","2024-05-30 17:47:41","robert@localhost"
"S01596","43.522","3.563","CRNG3","5347","702","BOU12","brune2020a","inhumation","R01783","C12107",\N,\N,\N,\N,\N,\N,\N,\N,"brune2020a","2024-05-30 17:47:41","robert@localhost","2024-05-30 17:47:41","robert@localhost"
"S01596","43.522","3.563","CRNG4","5158","35","BOU15","brune2020a","inhumation","R01784","C12108",\N,\N,\N,\N,\N,\N,\N,\N,"brune2020a","2024-05-30 17:47:41","robert@localhost","2024-05-30 17:47:41","robert@localhost"
"S01596","43.522","3.563","CRNG4","5158","35","BOU4","brune2020a","inhumation","R01785","C12109",\N,\N,\N,\N,\N,\N,\N,\N,"brune2020a","2024-05-30 17:47:41","robert@localhost","2024-05-30 17:47:41","robert@localhost"
"S01596","43.522","3.563","CRNG2","5259","112","BOU6","brune2020a","inhumation","R01786","C12110",\N,\N,\N,\N,\N,\N,\N,\N,"brune2020a","2024-05-30 17:47:41","robert@localhost","2024-05-30 17:47:41","robert@localhost"
"S01596","43.522","3.563","CRNG4","5158","35","BOU7","brune2020a","inhumation","R01787","C12111",\N,\N,\N,\N,\N,\N,\N,\N,"brune2020a","2024-05-30 17:47:41","robert@localhost","2024-05-30 17:47:41","robert@localhost"
"S01596","43.522","3.563","CRNG4","5158","35","BOU9","brune2020a","inhumation","R01788","C12112",\N,\N,\N,\N,\N,\N,\N,\N,"brune2020a","2024-05-30 17:47:41","robert@localhost","2024-05-30 17:47:41","robert@localhost"
"S12613","43.162","2.312","SAIEUG1","4777","188","EUG12","brune2020a","inhumation","R01789","C12113",\N,\N,\N,\N,\N,\N,\N,\N,"brune2020a","2024-05-30 17:47:41","robert@localhost","2024-05-30 17:47:41","robert@localhost"
"S12613","43.162","2.312","SAIEUG1","4777","188","EUG2","brune2020a","inhumation","R01790","C12114",\N,\N,\N,\N,\N,\N,\N,\N,"brune2020a","2024-05-30 17:47:41","robert@localhost","2024-05-30 17:47:41","robert@localhost"
"S12613","43.162","2.312","SAIEUG1","4777","188","EUG5","brune2020a","inhumation","R01791","C12115",\N,\N,\N,\N,\N,\N,\N,\N,"brune2020a","2024-05-30 17:47:41","robert@localhost","2024-05-30 17:47:41","robert@localhost"
"S12613","43.162","2.312","SAIEUG1","4777","188","EUG8","brune2020a","inhumation","R01792","C12116",\N,\N,\N,\N,\N,\N,\N,\N,"brune2020a","2024-05-30 17:47:41","robert@localhost","2024-05-30 17:47:41","robert@localhost"
"S12613","43.162","2.312","SAIEUG1","4777","188","EUG10","brune2020a","inhumation","R01793","C12117",\N,\N,\N,\N,\N,\N,\N,\N,"brune2020a","2024-05-30 17:47:41","robert@localhost","2024-05-30 17:47:41","robert@localhost"
"S12613","43.162","2.312","SAIEUG2","3881","77","EUG11","brune2020a","inhumation","R01794","C12118",\N,\N,\N,\N,\N,\N,\N,\N,"brune2020a","2024-05-30 17:47:41","robert@localhost","2024-05-30 17:47:41","robert@localhost"
"S12614","43.175","2.405","PEPFAD1","4703","230","FAD1","brune2020a","inhumation","R01795","C12119",\N,\N,\N,\N,\N,\N,\N,\N,"brune2020a","2024-05-30 17:47:41","robert@localhost","2024-05-30 17:47:41","robert@localhost"
"S12614","43.175","2.405","PEPFAD1","4703","230","FAD10","brune2020a","inhumation","R01796","C12120",\N,\N,\N,\N,\N,\N,\N,\N,"brune2020a","2024-05-30 17:47:41","robert@localhost","2024-05-30 17:47:41","robert@localhost"
"S12614","43.175","2.405","PEPFAD1","4703","230","FAD12","brune2020a","inhumation","R01797","C12121",\N,\N,\N,\N,\N,\N,\N,\N,"brune2020a","2024-05-30 17:47:41","robert@localhost","2024-05-30 17:47:41","robert@localhost"
"S12614","43.175","2.405","PEPFAD1","4703","230","FAD3","brune2020a","inhumation","R01798","C12122",\N,\N,\N,\N,\N,\N,\N,\N,"brune2020a","2024-05-30 17:47:41","robert@localhost","2024-05-30 17:47:41","robert@localhost"
"S12614","43.175","2.405","PEPFAD2","3879","96","FAD9","brune2020a","inhumation","R01799","C12123",\N,\N,\N,\N,\N,\N,\N,\N,"brune2020a","2024-05-30 17:47:41","robert@localhost","2024-05-30 17:47:41","robert@localhost"
"S12614","43.175","2.405","PEPFAD3","3700","180","FAD2","brune2020a","inhumation","R01800","C12124",\N,\N,\N,\N,\N,\N,\N,\N,"brune2020a","2024-05-30 17:47:41","robert@localhost","2024-05-30 17:47:41","robert@localhost"
"S12615","43.136","2.252","PEIRI2","4440","269","PEI2","brune2020a","inhumation","R01801","C12125",\N,\N,\N,\N,\N,\N,\N,\N,"brune2020a","2024-05-30 17:47:41","robert@localhost","2024-05-30 17:47:41","robert@localhost"
"S12615","43.136","2.252","PEIRI1","4731","207","PEI10","brune2020a","inhumation","R01802","C12126",\N,\N,\N,\N,\N,\N,\N,\N,"brune2020a","2024-05-30 17:47:41","robert@localhost","2024-05-30 17:47:41","robert@localhost"
"S12616","43.770","4.425","MITR31","4442","118","MIT1155","brune2020a","inhumation","R01803","C12127",\N,\N,\N,\N,\N,\N,\N,\N,"brune2020a","2024-05-30 17:47:41","robert@localhost","2024-05-30 17:47:41","robert@localhost"
"S12616","43.770","4.425","MITR31","4442","118","MIT83A","brune2020a","inhumation","R01804","C12128",\N,\N,\N,\N,\N,\N,\N,\N,"brune2020a","2024-05-30 17:47:41","robert@localhost","2024-05-30 17:47:41","robert@localhost"
"S12616","43.770","4.425","MITR32","4516","515","MIT1031","brune2020a","inhumation","R01805","C12129",\N,\N,\N,\N,\N,\N,\N,\N,"brune2020a","2024-05-30 17:47:41","robert@localhost","2024-05-30 17:47:41","robert@localhost"
"S12616","43.770","4.425","MITR32","4516","515","MIT11","brune2020a","inhumation","R01806","C12130",\N,\N,\N,\N,\N,\N,\N,\N,"brune2020a","2024-05-30 17:47:41","robert@localhost","2024-05-30 17:47:41","robert@localhost"
"S12616","43.770","4.425","MITR21","5598","223","MIT1030B","brune2020a","inhumation","R01807","C12131",\N,\N,\N,\N,\N,\N,\N,\N,"brune2020a","2024-05-30 17:47:41","robert@localhost","2024-05-30 17:47:41","robert@localhost"
"S12616","43.770","4.425","MITR21","5598","223","MIT1167A","brune2020a","inhumation","R01808","C12132",\N,\N,\N,\N,\N,\N,\N,\N,"brune2020a","2024-05-30 17:47:41","robert@localhost","2024-05-30 17:47:41","robert@localhost"
"S12616","43.770","4.425","MITR21","5598","223","MIT1167B","brune2020a","inhumation","R01809","C12133",\N,\N,\N,\N,\N,\N,\N,\N,"brune2020a","2024-05-30 17:47:41","robert@localhost","2024-05-30 17:47:41","robert@localhost"
"S12616","43.770","4.425","MITR21","5598","223","MIT1167C","brune2020a","inhumation","R01810","C12134",\N,\N,\N,\N,\N,\N,\N,\N,"brune2020a","2024-05-30 17:47:41","robert@localhost","2024-05-30 17:47:41","robert@localhost"
"S12616","43.770","4.425","MITR21","5598","223","MIT1059","brune2020a","inhumation","R01811","C12135",\N,\N,\N,\N,\N,\N,\N,\N,"brune2020a","2024-05-30 17:47:41","robert@localhost","2024-05-30 17:47:41","robert@localhost"
"S12617","43.296","1.962","CASQUI1","6103","80","QUIN59","brune2020a","inhumation","R01812","C12136",\N,\N,\N,\N,\N,\N,\N,\N,"brune2020a","2024-05-30 17:47:41","robert@localhost","2024-05-30 17:47:41","robert@localhost"
"S12617","43.296","1.962","CASQUI1","6103","80","QUIN234","brune2020a","inhumation","R01813","C12137",\N,\N,\N,\N,\N,\N,\N,\N,"brune2020a","2024-05-30 17:47:41","robert@localhost","2024-05-30 17:47:41","robert@localhost"
"S12617","43.296","1.962","CASQUI1","6103","80","QUIN58","brune2020a","inhumation","R01814","C12138",\N,\N,\N,\N,\N,\N,\N,\N,"brune2020a","2024-05-30 17:47:41","robert@localhost","2024-05-30 17:47:41","robert@localhost"
"S12618","43.820","4.363","NIMMV1","5340","248","VIGN203","brune2020a","inhumation","R01815","C12139",\N,\N,\N,\N,\N,\N,\N,\N,"brune2020a","2024-05-30 17:47:41","robert@localhost","2024-05-30 17:47:41","robert@localhost"
"S12618","43.820","4.363","NIMMV1","5340","248","VIGN3052","brune2020a","inhumation","R01816","C12140",\N,\N,\N,\N,\N,\N,\N,\N,"brune2020a","2024-05-30 17:47:41","robert@localhost","2024-05-30 17:47:41","robert@localhost"
"S12619","43.844","4.032","GAIOPT1","5891","244","PT2","brune2020a","inhumation","R01817","C12141",\N,\N,\N,\N,\N,\N,\N,\N,"brune2020a","2024-05-30 17:47:41","robert@localhost","2024-05-30 17:47:41","robert@localhost"
"S12620","43.046","2.956","SIGOPM1","5436","259","PECH5","brune2020a","inhumation","R01818","C12142",\N,\N,\N,\N,\N,\N,\N,\N,"brune2020a","2024-05-30 17:47:41","robert@localhost","2024-05-30 17:47:41","robert@localhost"
"S12620","43.046","2.956","SIGOPM1","5436","259","PECH8","brune2020a","inhumation","R01819","C12143",\N,\N,\N,\N,\N,\N,\N,\N,"brune2020a","2024-05-30 17:47:41","robert@localhost","2024-05-30 17:47:41","robert@localhost"
"S12620","43.046","2.956","SIGOPM1","5436","259","PECH10","brune2020a","inhumation","R01820","C12144",\N,\N,\N,\N,\N,\N,\N,\N,"brune2020a","2024-05-30 17:47:41","robert@localhost","2024-05-30 17:47:41","robert@localhost"
"S12620","43.046","2.956","SIGOPM1","5436","259","PECH3","brune2020a","inhumation","R01821","C12145",\N,\N,\N,\N,\N,\N,\N,\N,"brune2020a","2024-05-30 17:47:41","robert@localhost","2024-05-30 17:47:41","robert@localhost"
"S12620","43.046","2.956","SIGOPM1","5436","259","PECH9","brune2020a","inhumation","R01822","C12146",\N,\N,\N,\N,\N,\N,\N,\N,"brune2020a","2024-05-30 17:47:41","robert@localhost","2024-05-30 17:47:41","robert@localhost"
"S12621","43.311","3.482","AGDPEY2","5645","272","PEY163","brune2020a","inhumation","R01823","C12147",\N,\N,\N,\N,\N,\N,\N,\N,"brune2020a","2024-05-30 17:47:41","robert@localhost","2024-05-30 17:47:41","robert@localhost"
"S12621","43.311","3.482","AGDPEY2","5645","272","PEY53","brune2020a","inhumation","R01824","C12148",\N,\N,\N,\N,\N,\N,\N,\N,"brune2020a","2024-05-30 17:47:41","robert@localhost","2024-05-30 17:47:41","robert@localhost"
"S12621","43.311","3.482","AGDPEY2","5645","272","PEY74","brune2020a","inhumation","R01825","C12149",\N,\N,\N,\N,\N,\N,\N,\N,"brune2020a","2024-05-30 17:47:41","robert@localhost","2024-05-30 17:47:41","robert@localhost"
"S12622","43.361","3.427","BESLMO2","6253","264","BES1248","brune2020a","inhumation","R01826","C12150",\N,\N,\N,\N,\N,\N,\N,\N,"brune2020a","2024-05-30 17:47:41","robert@localhost","2024-05-30 17:47:41","robert@localhost"
"S12623","43.676","4.236","LCAIL1","8674","309","CLR05","brune2020a","inhumation","R01827","C12151",\N,\N,\N,\N,\N,\N,\N,\N,"brune2020a","2024-05-30 17:47:41","robert@localhost","2024-05-30 17:47:41","robert@localhost"
"S12623","43.676","4.236","LCAIL1","8674","309","CLR1","brune2020a","inhumation","R01828","C12152",\N,\N,\N,\N,\N,\N,\N,\N,"brune2020a","2024-05-30 17:47:41","robert@localhost","2024-05-30 17:47:41","robert@localhost"
"S12623","43.676","4.236","LCAIL1","8674","309","CLR11","brune2020a","inhumation","R01829","C12153",\N,\N,\N,\N,\N,\N,\N,\N,"brune2020a","2024-05-30 17:47:41","robert@localhost","2024-05-30 17:47:41","robert@localhost"
"S12623","43.676","4.236","LCAIL1","8674","309","CLR12","brune2020a","inhumation","R01830","C12154",\N,\N,\N,\N,\N,\N,\N,\N,"brune2020a","2024-05-30 17:47:41","robert@localhost","2024-05-30 17:47:41","robert@localhost"
"S12623","43.676","4.236","LCAIL1","8674","309","CLR13","brune2020a","inhumation","R01831","C12155",\N,\N,\N,\N,\N,\N,\N,\N,"brune2020a","2024-05-30 17:47:41","robert@localhost","2024-05-30 17:47:41","robert@localhost"
"S01345","51.310","11.400","BOTT1","7653","710","BOT004","rivol2020a","inhumation","R01832","C12493","0","1","sitting","bottom",\N,\N,"0","1","rivol2020a","2024-05-30 17:47:41","robert@localhost","2024-06-03 22:35:58","robert@localhost"
"S01345","51.310","11.400","BOTT1","7653","710","BOT005","rivol2020a","inhumation","R01833","C12494","0","1",\N,\N,\N,\N,"0","1","rivol2020a","2024-05-30 17:47:41","robert@localhost","2024-05-30 17:47:41","robert@localhost"
"S03277","43.810","7.510","PENDI3","7323","134","PEN001_real1","rivol2020a","inhumation","R01834","C12495",\N,\N,\N,\N,\N,\N,\N,\N,"rivol2020a","2024-05-30 17:47:41","robert@localhost","2024-05-30 17:47:41","robert@localhost"
"S03277","43.810","7.510","PENDI3","7323","134","PEN001_real2","rivol2020a","inhumation","R01835","C12496",\N,\N,\N,\N,\N,\N,\N,\N,"rivol2020a","2024-05-30 17:47:41","robert@localhost","2024-05-30 17:47:41","robert@localhost"
"S03277","43.810","7.510","PENDI3","7323","134","PEN003","rivol2020a","inhumation","R01836","C12497",\N,\N,\N,\N,\N,\N,\N,\N,"rivol2020a","2024-05-30 17:47:41","robert@localhost","2024-05-30 17:47:41","robert@localhost"
"S12900","43.700","6.990","MOUBRE1","6963","234","LBR001","rivol2020a","inhumation","R01837","C12498",\N,\N,\N,\N,\N,\N,\N,\N,"rivol2020a","2024-05-30 17:47:41","robert@localhost","2024-05-30 17:47:41","robert@localhost"
"S12900","43.700","6.990","MOUBRE2","6863","181","LBR002","rivol2020a","inhumation","R01838","C12499",\N,\N,\N,\N,\N,\N,\N,\N,"rivol2020a","2024-05-30 17:47:41","robert@localhost","2024-05-30 17:47:41","robert@localhost"
"S12900","43.700","6.990","MOUBRE2","6863","181","LBR003","rivol2020a","inhumation","R01839","C12500",\N,\N,\N,\N,\N,\N,\N,\N,"rivol2020a","2024-05-30 17:47:41","robert@localhost","2024-05-30 17:47:41","robert@localhost"
"S12900","43.700","6.990","MOUBRE3","6662","184","LBR004","rivol2020a","inhumation","R01840","C12501",\N,\N,\N,\N,\N,\N,\N,\N,"rivol2020a","2024-05-30 17:47:41","robert@localhost","2024-05-30 17:47:41","robert@localhost"
"S12900","43.700","6.990","MOUBRE2","6863","181","LBR005","rivol2020a","inhumation","R01841","C12502",\N,\N,\N,\N,\N,\N,\N,\N,"rivol2020a","2024-05-30 17:47:41","robert@localhost","2024-05-30 17:47:41","robert@localhost"
"S04146","48.840","9.220","SUT1","7050","108","XN166","rivol2020a","inhumation","R01842","C12503",\N,\N,\N,\N,\N,\N,\N,\N,"rivol2020a","2024-05-30 17:47:41","robert@localhost","2024-05-30 17:47:41","robert@localhost"
"S04146","48.840","9.220","SUT1","7050","108","XN167","rivol2020a","inhumation","R01843","C12504",\N,\N,\N,\N,\N,\N,\N,\N,"rivol2020a","2024-05-30 17:47:41","robert@localhost","2024-05-30 17:47:41","robert@localhost"
"S04146","48.840","9.220","SUT1","7050","108","XN171","rivol2020a","inhumation","R01844","C12505",\N,\N,\N,\N,\N,\N,\N,\N,"rivol2020a","2024-05-30 17:47:41","robert@localhost","2024-05-30 17:47:41","robert@localhost"
"S04146","48.840","9.220","SUT1","7050","108","XN172","rivol2020a","inhumation","R01845","C12506",\N,\N,\N,\N,\N,\N,\N,\N,"rivol2020a","2024-05-30 17:47:41","robert@localhost","2024-05-30 17:47:41","robert@localhost"
"S04146","48.840","9.220","SUT1","7050","108","XN173","rivol2020a","inhumation","R01846","C12507",\N,\N,\N,\N,\N,\N,\N,\N,"rivol2020a","2024-05-30 17:47:41","robert@localhost","2024-05-30 17:47:41","robert@localhost"
"S04146","48.840","9.220","SUT1","7050","108","XN178","rivol2020a","inhumation","R01847","C12508",\N,\N,\N,\N,\N,\N,\N,\N,"rivol2020a","2024-05-30 17:47:41","robert@localhost","2024-05-30 17:47:41","robert@localhost"
"S04146","48.840","9.220","SUT1","7050","108","XN180","rivol2020a","inhumation","R01848","C12509",\N,\N,\N,\N,\N,\N,\N,\N,"rivol2020a","2024-05-30 17:47:41","robert@localhost","2024-05-30 17:47:41","robert@localhost"
"S04146","48.840","9.220","SUT1","7050","108","XN206","rivol2020a","inhumation","R01849","C12510",\N,\N,\N,\N,\N,\N,\N,\N,"rivol2020a","2024-05-30 17:47:41","robert@localhost","2024-05-30 17:47:41","robert@localhost"
"S04146","48.840","9.220","SUT1","7050","108","XN207","rivol2020a","inhumation","R01850","C12511",\N,\N,\N,\N,\N,\N,\N,\N,"rivol2020a","2024-05-30 17:47:41","robert@localhost","2024-05-30 17:47:41","robert@localhost"
"S04146","48.840","9.220","SUT1","7050","108","XN224","rivol2020a","inhumation","R01851","C12512",\N,\N,\N,\N,\N,\N,\N,\N,"rivol2020a","2024-05-30 17:47:41","robert@localhost","2024-05-30 17:47:41","robert@localhost"
"S10575","51.900","11.050","HALSON1","7050","78",\N,\N,"inhumation","R01852","C12513",\N,\N,\N,\N,\N,\N,\N,\N,"meyer2018a","2024-05-30 17:47:41","robert@localhost","2024-05-30 17:47:41","robert@localhost"
"S10575","51.900","11.050","HALSON1","7050","78","HBS002","rivol2020a","inhumation","R01853","C12514",\N,\N,\N,\N,\N,\N,\N,\N,"meyer2018a","2024-05-30 17:47:41","robert@localhost","2024-05-30 17:47:41","robert@localhost"
"S10575","51.900","11.050","HALSON1","7050","78",\N,\N,"inhumation","R01854","C12515",\N,\N,\N,\N,\N,\N,\N,\N,"meyer2018a","2024-05-30 17:47:41","robert@localhost","2024-05-30 17:47:41","robert@localhost"
"S10575","51.900","11.050","HALSON1","7050","78","HBS004","rivol2020a","inhumation","R01855","C12516",\N,\N,\N,\N,\N,\N,\N,\N,"meyer2018a","2024-05-30 17:47:41","robert@localhost","2024-05-30 17:47:41","robert@localhost"
"S10575","51.900","11.050","HALSON1","7050","78","HBS005","rivol2020a","inhumation","R01856","C12517",\N,\N,\N,\N,\N,\N,\N,\N,"meyer2018a","2024-05-30 17:47:41","robert@localhost","2024-05-30 17:47:41","robert@localhost"
"S10575","51.900","11.050","HALSON1","7050","78","HBS006","rivol2020a","inhumation","R01857","C12518",\N,\N,\N,\N,\N,\N,\N,\N,"meyer2018a","2024-05-30 17:47:41","robert@localhost","2024-05-30 17:47:41","robert@localhost"
"S10575","51.900","11.050","HALSON1","7050","78","HBS007","rivol2020a","inhumation","R01858","C12519",\N,\N,\N,\N,\N,\N,\N,\N,"meyer2018a","2024-05-30 17:47:41","robert@localhost","2024-05-30 17:47:41","robert@localhost"
"S10575","51.900","11.050","HALSON1","7050","78","HBS008","rivol2020a","inhumation","R01859","C12520",\N,\N,\N,\N,\N,\N,\N,\N,"meyer2018a","2024-05-30 17:47:41","robert@localhost","2024-05-30 17:47:41","robert@localhost"
"S10575","51.900","11.050","HALSON1","7050","78","HBS009","rivol2020a","inhumation","R01860","C12521",\N,\N,\N,\N,\N,\N,\N,\N,"meyer2018a","2024-05-30 17:47:41","robert@localhost","2024-05-30 17:47:41","robert@localhost"
"S09095","47.860","3.560","GURNOU1","4279","170",\N,\N,"inhumation","R01861","C12522","0","1","crouched","left","220","240","1",\N,"meuni2011a","2024-05-30 17:47:41","robert@localhost","2024-05-30 17:47:41","robert@localhost"
"S12901","47.970","3.560","GURLNOI1","6462","175","GRG003","rivol2020a","inhumation","R01862","C12523",\N,\N,"crouched","left",\N,\N,\N,\N,"rivol2020a","2024-05-30 17:47:41","robert@localhost","2024-06-03 22:36:52","robert@localhost"
"S12901","47.970","3.560","GURLNOI1","6462","175","GRG008","rivol2020a","inhumation","R01863","C12524",\N,\N,"crouched","left",\N,\N,\N,\N,"rivol2020a","2024-05-30 17:47:41","robert@localhost","2024-06-03 22:36:52","robert@localhost"
"S12901","47.970","3.560","GURLNOI1","6462","175","GRG015","rivol2020a","inhumation","R01864","C12525",\N,\N,"crouched","left",\N,\N,\N,\N,"rivol2020a","2024-05-30 17:47:41","robert@localhost","2024-06-03 22:36:52","robert@localhost"
"S12901","47.970","3.560","GURLNOI1","6462","175","GRG016","rivol2020a","inhumation","R01865","C12526",\N,\N,"crouched","left",\N,\N,\N,\N,"rivol2020a","2024-05-30 17:47:41","robert@localhost","2024-06-03 22:36:53","robert@localhost"
"S12901","47.970","3.560","GURLNOI1","6462","175","GRG018","rivol2020a","inhumation","R01866","C12527",\N,\N,"crouched","left",\N,\N,\N,\N,"rivol2020a","2024-05-30 17:47:41","robert@localhost","2024-06-03 22:36:53","robert@localhost"
"S12901","47.970","3.560","GURLNOI1","6462","175","GRG019","rivol2020a","inhumation","R01867","C12528",\N,\N,"crouched","left",\N,\N,\N,\N,"rivol2020a","2024-05-30 17:47:41","robert@localhost","2024-06-03 22:36:45","robert@localhost"
"S12901","47.970","3.560","GURLNOI1","6462","175","GRG021","rivol2020a","inhumation","R01868","C12529",\N,\N,"crouched","left",\N,\N,\N,\N,"rivol2020a","2024-05-30 17:47:41","robert@localhost","2024-06-03 22:36:46","robert@localhost"
"S12901","47.970","3.560","GURLNOI1","6462","175","GRG022","rivol2020a","inhumation","R01869","C12530",\N,\N,"crouched","left",\N,\N,\N,\N,"rivol2020a","2024-05-30 17:47:41","robert@localhost","2024-06-03 22:36:46","robert@localhost"
"S12901","47.970","3.560","GURLNOI1","6462","175","GRG023","rivol2020a","inhumation","R01870","C12531",\N,\N,"crouched","left",\N,\N,\N,\N,"rivol2020a","2024-05-30 17:47:41","robert@localhost","2024-06-03 22:36:46","robert@localhost"
"S12901","47.970","3.560","GURLNOI1","6462","175","GRG025","rivol2020a","inhumation","R01871","C12532",\N,\N,"crouched","left",\N,\N,\N,\N,"rivol2020a","2024-05-30 17:47:41","robert@localhost","2024-06-03 22:36:46","robert@localhost"
"S12901","47.970","3.560","GURLNOI1","6462","175","GRG027","rivol2020a","inhumation","R01872","C12533",\N,\N,"crouched","left",\N,\N,\N,\N,"rivol2020a","2024-05-30 17:47:41","robert@localhost","2024-06-03 22:36:47","robert@localhost"
"S12901","47.970","3.560","GURLNOI1","6462","175","GRG028","rivol2020a","inhumation","R01873","C12534",\N,\N,"crouched","left",\N,\N,\N,\N,"rivol2020a","2024-05-30 17:47:41","robert@localhost","2024-06-03 22:36:47","robert@localhost"
"S12901","47.970","3.560","GURLNOI1","6462","175","GRG032","rivol2020a","inhumation","R01874","C12535",\N,\N,"crouched","left",\N,\N,\N,\N,"rivol2020a","2024-05-30 17:47:41","robert@localhost","2024-06-03 22:36:47","robert@localhost"
"S12901","47.970","3.560","GURLNOI1","6462","175","GRG035","rivol2020a","inhumation","R01875","C12536",\N,\N,"crouched","left",\N,\N,\N,\N,"rivol2020a","2024-05-30 17:47:41","robert@localhost","2024-06-03 22:36:48","robert@localhost"
"S12901","47.970","3.560","GURLNOI1","6462","175","GRG041","rivol2020a","inhumation","R01876","C12537",\N,\N,"crouched","left",\N,\N,\N,\N,"rivol2020a","2024-05-30 17:47:41","robert@localhost","2024-06-03 22:36:48","robert@localhost"
"S12901","47.970","3.560","GURLNOI1","6462","175","GRG043","rivol2020a","inhumation","R01877","C12538",\N,\N,"crouched","left",\N,\N,\N,\N,"rivol2020a","2024-05-30 17:47:41","robert@localhost","2024-06-03 22:36:48","robert@localhost"
"S12901","47.970","3.560","GURLNOI1","6462","175","GRG047","rivol2020a","inhumation","R01878","C12539",\N,\N,"crouched","left",\N,\N,\N,\N,"rivol2020a","2024-05-30 17:47:41","robert@localhost","2024-06-03 22:36:44","robert@localhost"
"S12901","47.970","3.560","GURLNOI1","6462","175","GRG049","rivol2020a","inhumation","R01879","C12540",\N,\N,"crouched","left",\N,\N,\N,\N,"rivol2020a","2024-05-30 17:47:41","robert@localhost","2024-06-03 22:36:44","robert@localhost"
"S12901","47.970","3.560","GURLNOI1","6462","175","GRG050","rivol2020a","inhumation","R01880","C12541",\N,\N,"crouched","left",\N,\N,\N,\N,"rivol2020a","2024-05-30 17:47:41","robert@localhost","2024-06-03 22:36:43","robert@localhost"
"S12901","47.970","3.560","GURLNOI1","6462","175","GRG052","rivol2020a","inhumation","R01881","C12542",\N,\N,"crouched","left",\N,\N,\N,\N,"rivol2020a","2024-05-30 17:47:41","robert@localhost","2024-06-03 22:36:43","robert@localhost"
"S12901","47.970","3.560","GURLNOI1","6462","175","GRG056","rivol2020a","inhumation","R01882","C12543",\N,\N,"crouched","left",\N,\N,\N,\N,"rivol2020a","2024-05-30 17:47:41","robert@localhost","2024-06-03 22:36:43","robert@localhost"
"S12901","47.970","3.560","GURLNOI1","6462","175","GRG057","rivol2020a","inhumation","R01883","C12544",\N,\N,"crouched","left",\N,\N,\N,\N,"rivol2020a","2024-05-30 17:47:41","robert@localhost","2024-06-03 22:36:42","robert@localhost"
"S02756","49.154","-0.364","FSOLHO1","5737","993","FLR001","rivol2020a","inhumation","R01884","C12545",\N,\N,\N,\N,\N,\N,"1",\N,"ghesq2019a","2024-05-30 17:47:41","robert@localhost","2024-05-30 17:47:41","robert@localhost"
"S02756","49.154","-0.364","FSOLHO1","5737","993","FLR002","rivol2020a","inhumation","R01885","C12546",\N,\N,\N,\N,\N,\N,"1",\N,"ghesq2019a","2024-05-30 17:47:41","robert@localhost","2024-05-30 17:47:41","robert@localhost"
"S02756","49.154","-0.364","FSOLHO1","5737","993","FLR003","rivol2020a","inhumation","R01886","C12547",\N,"1","crouched","right","270","280","1",\N,"ghesq2019a","2024-05-30 17:47:41","robert@localhost","2024-05-30 17:47:41","robert@localhost"
"S02756","49.154","-0.364","FSOLHO1","5737","993","FLR004","rivol2020a","inhumation","R01887","C12548",\N,"1","irregular","back/right","270","280","1",\N,"ghesq2019a","2024-05-30 17:47:41","robert@localhost","2024-05-30 17:47:41","robert@localhost"
"S02756","49.154","-0.364","FSOLHO1","5737","993","FLR005","rivol2020a","inhumation","R01888","C12549",\N,\N,\N,\N,\N,\N,"1",\N,"ghesq2019a","2024-05-30 17:47:41","robert@localhost","2024-05-30 17:47:41","robert@localhost"
"S02756","49.154","-0.364","FSOLHO1","5737","993","FLR007","rivol2020a","inhumation","R01889","C12550",\N,\N,\N,\N,\N,\N,"0",\N,"ghesq2019a","2024-05-30 17:47:41","robert@localhost","2024-05-30 17:47:41","robert@localhost"
"S02756","49.154","-0.364","FSOLHO1","5737","993","FLR010","rivol2020a","inhumation","R01890","C12551",\N,\N,\N,\N,\N,\N,"0",\N,"ghesq2019a","2024-05-30 17:47:41","robert@localhost","2024-05-30 17:47:41","robert@localhost"
"S02756","49.154","-0.364","FSOLHO1","5737","993","FLR013","rivol2020a","inhumation","R01891","C12552",\N,\N,\N,\N,\N,\N,"1",\N,"ghesq2019a","2024-05-30 17:47:41","robert@localhost","2024-05-30 17:47:41","robert@localhost"
"S02756","49.154","-0.364","FSOLHO1","5737","993","FLR014","rivol2020a","inhumation","R01892","C12553",\N,\N,\N,\N,\N,\N,"0",\N,"ghesq2019a","2024-05-30 17:47:41","robert@localhost","2024-05-30 17:47:41","robert@localhost"
"S12602","48.462","7.482","OPAEI4","6639","183","OBN001","rivol2020a","inhumation","R01893","C12554",\N,\N,\N,\N,\N,\N,\N,\N,"rivol2016a","2024-05-30 17:47:41","robert@localhost","2024-05-30 17:47:41","robert@localhost"
"S12602","48.462","7.482","OPAEI4","6639","183","OBN002","rivol2020a","inhumation","R01894","C12555",\N,\N,\N,\N,\N,\N,\N,\N,"rivol2016a","2024-05-30 17:47:41","robert@localhost","2024-05-30 17:47:41","robert@localhost"
"S12602","48.462","7.482","OPAEI4","6639","183","OBN003","rivol2020a","inhumation","R01895","C12556",\N,\N,\N,\N,\N,\N,\N,\N,"rivol2016a","2024-05-30 17:47:41","robert@localhost","2024-05-30 17:47:41","robert@localhost"
"S12602","48.462","7.482","OPAEI4","6639","183","OBN004","rivol2020a","inhumation","R01896","C12557",\N,\N,\N,\N,\N,\N,\N,\N,"rivol2016a","2024-05-30 17:47:41","robert@localhost","2024-05-30 17:47:41","robert@localhost"
"S12602","48.462","7.482","OPAEI4","6639","183","OBN005","rivol2020a","inhumation","R01897","C12558",\N,\N,\N,\N,\N,\N,\N,\N,"rivol2016a","2024-05-30 17:47:41","robert@localhost","2024-05-30 17:47:41","robert@localhost"
"S12602","48.462","7.482","OPAEI3","6661","203","OBN006","rivol2020a","inhumation","R01898","C12559",\N,\N,\N,\N,\N,\N,\N,\N,"rivol2016a","2024-05-30 17:47:41","robert@localhost","2024-05-30 17:47:41","robert@localhost"
"S12602","48.462","7.482","OPAEI4","6639","183","OBN007","rivol2020a","inhumation","R01899","C12560",\N,\N,\N,\N,\N,\N,\N,\N,"rivol2016a","2024-05-30 17:47:41","robert@localhost","2024-05-30 17:47:41","robert@localhost"
"S12602","48.462","7.482","OPAEI4","6639","183","OBN008","rivol2020a","inhumation","R01900","C12561",\N,\N,\N,\N,\N,\N,\N,\N,"rivol2016a","2024-05-30 17:47:41","robert@localhost","2024-05-30 17:47:41","robert@localhost"
"S12602","48.462","7.482","OPAEI4","6639","183","OBN009","rivol2020a","inhumation","R01901","C12562",\N,\N,\N,\N,\N,\N,\N,\N,"rivol2016a","2024-05-30 17:47:41","robert@localhost","2024-05-30 17:47:41","robert@localhost"
"S12602","48.462","7.482","OPAEI4","6639","183","OBN010","rivol2020a","inhumation","R01902","C12563",\N,\N,\N,\N,\N,\N,\N,\N,"rivol2016a","2024-05-30 17:47:41","robert@localhost","2024-05-30 17:47:41","robert@localhost"
"S12602","48.462","7.482","OPAEI3","6661","203","OBN011","rivol2020a","inhumation","R01903","C12564",\N,\N,\N,\N,\N,\N,\N,\N,"rivol2016a","2024-05-30 17:47:41","robert@localhost","2024-05-30 17:47:41","robert@localhost"
"S12602","48.462","7.482","OPAEI4","6639","183",\N,\N,"inhumation","R01904","C12565",\N,\N,\N,\N,\N,\N,\N,\N,"rivol2016a","2024-05-30 17:47:41","robert@localhost","2024-05-30 17:47:41","robert@localhost"
"S12602","48.462","7.482","OPAEI2","6636","53",\N,\N,"inhumation","R01905","C12566",\N,\N,\N,\N,\N,\N,\N,\N,"rivol2016a","2024-05-30 17:47:41","robert@localhost","2024-05-30 17:47:41","robert@localhost"
"S12902","46.150","-0.480","PRCHTCP1","6256","29","PRI001","rivol2020a","inhumation","R01906","C12567",\N,\N,\N,\N,\N,\N,\N,\N,"degui2011a","2024-05-30 17:47:41","robert@localhost","2024-05-30 17:47:41","robert@localhost"
"S12902","46.150","-0.480","PRCHTCP1","6256","29",\N,\N,"inhumation","R01907","C12568",\N,\N,\N,\N,\N,\N,\N,\N,"degui2011a","2024-05-30 17:47:41","robert@localhost","2024-05-30 17:47:41","robert@localhost"
"S12902","46.150","-0.480","PRCHTCP1","6256","29",\N,\N,"inhumation","R01908","C12569",\N,\N,\N,\N,\N,\N,\N,\N,"degui2011a","2024-05-30 17:47:41","robert@localhost","2024-05-30 17:47:41","robert@localhost"
"S12902","46.150","-0.480","PRCHTCP1","6256","29",\N,\N,"inhumation","R01909","C12570",\N,\N,\N,\N,\N,\N,\N,\N,"degui2011a","2024-05-30 17:47:41","robert@localhost","2024-05-30 17:47:41","robert@localhost"
"S12902","46.150","-0.480","PRCHTCP1","6256","29","PRI005","rivol2020a","inhumation","R01910","C12571",\N,\N,\N,\N,\N,\N,\N,\N,"degui2011a","2024-05-30 17:47:41","robert@localhost","2024-05-30 17:47:41","robert@localhost"
"S12902","46.150","-0.480","PRCHTCP1","6256","29","PRI006","rivol2020a","inhumation","R01911","C12572",\N,\N,\N,\N,\N,\N,\N,\N,"degui2011a","2024-05-30 17:47:41","robert@localhost","2024-05-30 17:47:41","robert@localhost"
"S12903","52.540","11.970","TANGE1","6960","187","TGM008","rivol2020a","inhumation","R01912","C12573",\N,\N,"crouched","back",\N,\N,\N,\N,"rivol2020a","2024-05-30 17:47:41","robert@localhost","2024-06-03 22:36:42","robert@localhost"
"S12903","52.540","11.970","TANGE1","6960","187","TGM009","rivol2020a","inhumation","R01913","C12574",\N,\N,"crouched","back",\N,\N,\N,\N,"rivol2020a","2024-05-30 17:47:41","robert@localhost","2024-06-03 22:36:42","robert@localhost"
"S10528","46.942","18.934","DUNA2","4423","97",\N,\N,"cremation","R01914","C02826","1",\N,"inside a vessel",\N,\N,\N,"1","0","vicze2011a","2024-06-03 22:24:47","robert@localhost","2024-06-03 22:24:47","robert@localhost"
"S10528","46.942","18.934","DUNA2","4423","97",\N,\N,"cremation","R01915","C02827","1",\N,"inside a vessel",\N,\N,\N,"1","0","vicze2011a","2024-06-03 22:24:47","robert@localhost","2024-06-03 22:24:47","robert@localhost"
"S10528","46.942","18.934","DUNA2","4423","97",\N,\N,"cremation","R01916","C02828","1",\N,"inside a vessel",\N,\N,\N,"1","0","vicze2011a","2024-06-03 22:24:47","robert@localhost","2024-06-03 22:24:47","robert@localhost"
"S10528","46.942","18.934","DUNA2","4423","97",\N,\N,"cremation","R01917","C02829","1",\N,"inside a vessel",\N,\N,\N,"1","0","vicze2011a","2024-06-03 22:24:47","robert@localhost","2024-06-03 22:24:47","robert@localhost"
"S10528","46.942","18.934","DUNA3","7032","329",\N,\N,"cremation","R01918","C02830","1",\N,"inside a vessel",\N,\N,\N,"1","0","vicze2011a","2024-06-03 22:24:47","robert@localhost","2024-06-03 22:24:47","robert@localhost"
"S10528","46.942","18.934","DUNA1","8699","226",\N,\N,"inhumation","R01919","C02831",\N,\N,\N,"right","45","135","0","0","vicze2011a","2024-06-03 22:24:47","robert@localhost","2024-06-03 22:24:47","robert@localhost"
"S10528","46.942","18.934","DUNA1","8699","226",\N,\N,"inhumation","R01920","C02832","0","1","crouched","back/right","90","135","1","0","vicze2011a","2024-06-03 22:24:47","robert@localhost","2024-06-03 22:24:47","robert@localhost"
"S10528","46.942","18.934","DUNA2","4423","97",\N,\N,"cremation","R01921","C02833","1",\N,"inside a vessel",\N,\N,\N,"1","0","vicze2011a","2024-06-03 22:24:47","robert@localhost","2024-06-03 22:24:47","robert@localhost"
"S10528","46.942","18.934","DUNA2","4423","97",\N,\N,"cremation","R01922","C02834","1",\N,"inside a vessel",\N,\N,\N,"1","0","vicze2011a","2024-06-03 22:24:47","robert@localhost","2024-06-03 22:24:47","robert@localhost"
"S10528","46.942","18.934","DUNA2","4423","97",\N,\N,"cremation","R01923","C02835","1",\N,"inside a vessel",\N,\N,\N,"1","0","vicze2011a","2024-06-03 22:24:47","robert@localhost","2024-06-03 22:24:47","robert@localhost"
"S10528","46.942","18.934","DUNA2","4423","97",\N,\N,"cremation","R01924","C02836","1",\N,"inside a vessel",\N,\N,\N,"1","0","vicze2011a","2024-06-03 22:24:47","robert@localhost","2024-06-03 22:24:47","robert@localhost"
"S10528","46.942","18.934","DUNA2","4423","97",\N,\N,"cremation","R01925","C02837","1",\N,"inside a vessel",\N,\N,\N,"1","0","vicze2011a","2024-06-03 22:24:47","robert@localhost","2024-06-03 22:24:47","robert@localhost"
"S10528","46.942","18.934","DUNA2","4423","97",\N,\N,"cremation","R01926","C02838","1",\N,"inside a vessel",\N,\N,\N,"1","0","vicze2011a","2024-06-03 22:24:47","robert@localhost","2024-06-03 22:24:47","robert@localhost"
"S10528","46.942","18.934","DUNA2","4423","97",\N,\N,"cremation","R01927","C02839","1",\N,"inside a vessel",\N,\N,\N,"1","0","vicze2011a","2024-06-03 22:24:47","robert@localhost","2024-06-03 22:24:47","robert@localhost"
"S10528","46.942","18.934","DUNA2","4423","97",\N,\N,"cremation","R01928","C02840","1",\N,"inside a vessel",\N,\N,\N,"1","0","vicze2011a","2024-06-03 22:24:47","robert@localhost","2024-06-03 22:24:47","robert@localhost"
"S10528","46.942","18.934","DUNA2","4423","97",\N,\N,"cremation","R01929","C02841","1",\N,"inside a vessel",\N,\N,\N,"1","0","vicze2011a","2024-06-03 22:24:47","robert@localhost","2024-06-03 22:24:47","robert@localhost"
"S10528","46.942","18.934","DUNA2","4423","97",\N,\N,"cremation","R01930","C02842","1",\N,"inside a vessel",\N,\N,\N,"1","0","vicze2011a","2024-06-03 22:24:47","robert@localhost","2024-06-03 22:24:47","robert@localhost"
"S10528","46.942","18.934","DUNA2","4423","97",\N,\N,"cremation","R01931","C02843","1",\N,"inside a vessel",\N,\N,\N,"1","0","vicze2011a","2024-06-03 22:24:47","robert@localhost","2024-06-03 22:24:47","robert@localhost"
"S10528","46.942","18.934","DUNA2","4423","97",\N,\N,"cremation","R01932","C02844","1",\N,"inside a vessel",\N,\N,\N,"1","0","vicze2011a","2024-06-03 22:24:47","robert@localhost","2024-06-03 22:24:47","robert@localhost"
"S10528","46.942","18.934","DUNA2","4423","97",\N,\N,"cremation","R01933","C02845","1",\N,"inside a vessel",\N,\N,\N,"1","0","vicze2011a","2024-06-03 22:24:47","robert@localhost","2024-06-03 22:24:47","robert@localhost"
"S10528","46.942","18.934","DUNA2","4423","97",\N,\N,"cremation","R01934","C02846","1",\N,"inside a vessel",\N,\N,\N,"1","0","vicze2011a","2024-06-03 22:24:47","robert@localhost","2024-06-03 22:24:47","robert@localhost"
"S10528","46.942","18.934","DUNA1","8699","226",\N,\N,"cremation","R01935","C02847","1",\N,"inside a vessel",\N,\N,\N,"1","0","vicze2011a","2024-06-03 22:24:47","robert@localhost","2024-06-03 22:24:47","robert@localhost"
"S10528","46.942","18.934","DUNA2","4423","97",\N,\N,"cremation","R01936","C02848","1",\N,"inside a vessel",\N,\N,\N,"1","0","vicze2011a","2024-06-03 22:24:47","robert@localhost","2024-06-03 22:24:47","robert@localhost"
"S10528","46.942","18.934","DUNA3","7032","329",\N,\N,"inhumation","R01937","C02849","1","1",\N,\N,\N,\N,"0","0","vicze2011a","2024-06-03 22:24:47","robert@localhost","2024-06-03 22:24:47","robert@localhost"
"S10528","46.942","18.934","DUNA2","4423","97",\N,\N,"cremation","R01938","C02850","1",\N,"inside a vessel",\N,\N,\N,"1","0","vicze2011a","2024-06-03 22:24:47","robert@localhost","2024-06-03 22:24:47","robert@localhost"
"S10528","46.942","18.934","DUNA2","4423","97",\N,\N,"cremation","R01939","C02851","1",\N,"inside a vessel",\N,\N,\N,"1","0","vicze2011a","2024-06-03 22:24:47","robert@localhost","2024-06-03 22:24:47","robert@localhost"
"S10528","46.942","18.934","DUNA1","8699","226",\N,\N,"cremation","R01940","C02852","1",\N,"inside a vessel",\N,\N,\N,"1","0","vicze2011a","2024-06-03 22:24:47","robert@localhost","2024-06-03 22:24:47","robert@localhost"
"S10528","46.942","18.934","DUNA1","8699","226",\N,\N,"cremation","R01941","C02853","1",\N,"inside a vessel",\N,\N,\N,"1","0","vicze2011a","2024-06-03 22:24:47","robert@localhost","2024-06-03 22:24:47","robert@localhost"
"S10528","46.942","18.934","DUNA2","4423","97",\N,\N,"cremation","R01942","C02854","1",\N,"inside a vessel",\N,\N,\N,"1","0","vicze2011a","2024-06-03 22:24:47","robert@localhost","2024-06-03 22:24:47","robert@localhost"
"S10528","46.942","18.934","DUNA2","4423","97",\N,\N,"cremation","R01943","C02855","1",\N,"inside a vessel",\N,\N,\N,"1","0","vicze2011a","2024-06-03 22:24:47","robert@localhost","2024-06-03 22:24:47","robert@localhost"
"S10528","46.942","18.934","DUNA1","8699","226",\N,\N,"cremation","R01944","C02856","1",\N,"inside a vessel",\N,\N,\N,"1","0","vicze2011a","2024-06-03 22:24:47","robert@localhost","2024-06-03 22:24:47","robert@localhost"
"S10528","46.942","18.934","DUNA2","4423","97",\N,\N,"cremation","R01945","C02857","1",\N,"inside a vessel",\N,\N,\N,"1","0","vicze2011a","2024-06-03 22:24:47","robert@localhost","2024-06-03 22:24:47","robert@localhost"
"S10528","46.942","18.934","DUNA2","4423","97",\N,\N,"cremation","R01946","C02858","1",\N,"inside a vessel",\N,\N,\N,"1","0","vicze2011a","2024-06-03 22:24:47","robert@localhost","2024-06-03 22:24:47","robert@localhost"
"S10528","46.942","18.934","DUNA1","8699","226",\N,\N,"cremation","R01947","C02859","1",\N,"inside a vessel",\N,\N,\N,"1","0","vicze2011a","2024-06-03 22:24:47","robert@localhost","2024-06-03 22:24:47","robert@localhost"
"S10528","46.942","18.934","DUNA2","4423","97",\N,\N,"cremation","R01948","C02860","1",\N,"inside a vessel",\N,\N,\N,"1","0","vicze2011a","2024-06-03 22:24:47","robert@localhost","2024-06-03 22:24:47","robert@localhost"
"S10528","46.942","18.934","DUNA2","4423","97",\N,\N,"cremation","R01949","C02861","1",\N,"inside a vessel",\N,\N,\N,"1","0","vicze2011a","2024-06-03 22:24:47","robert@localhost","2024-06-03 22:24:47","robert@localhost"
"S10528","46.942","18.934","DUNA2","4423","97",\N,\N,"cremation","R01950","C02862","1",\N,"inside a vessel",\N,\N,\N,"1","0","vicze2011a","2024-06-03 22:24:47","robert@localhost","2024-06-03 22:24:47","robert@localhost"
"S10528","46.942","18.934","DUNA2","4423","97",\N,\N,"cremation","R01951","C02863","1",\N,"inside a vessel",\N,\N,\N,"1","0","vicze2011a","2024-06-03 22:24:47","robert@localhost","2024-06-03 22:24:47","robert@localhost"
"S10528","46.942","18.934","DUNA2","4423","97",\N,\N,"cremation","R01952","C02864","1",\N,"inside a vessel",\N,\N,\N,"1","0","vicze2011a","2024-06-03 22:24:47","robert@localhost","2024-06-03 22:24:47","robert@localhost"
"S10528","46.942","18.934","DUNA2","4423","97",\N,\N,"cremation","R01953","C02865","1",\N,"inside a vessel",\N,\N,\N,"1","0","vicze2011a","2024-06-03 22:24:47","robert@localhost","2024-06-03 22:24:47","robert@localhost"
"S10528","46.942","18.934","DUNA2","4423","97",\N,\N,"cremation","R01954","C02866","1",\N,"inside a vessel",\N,\N,\N,"1","0","vicze2011a","2024-06-03 22:24:47","robert@localhost","2024-06-03 22:24:47","robert@localhost"
"S10528","46.942","18.934","DUNA2","4423","97",\N,\N,"cremation","R01955","C02867","1",\N,"inside a vessel",\N,\N,\N,"1","0","vicze2011a","2024-06-03 22:24:47","robert@localhost","2024-06-03 22:24:47","robert@localhost"
"S10528","46.942","18.934","DUNA1","8699","226",\N,\N,"inhumation","R01956","C02868",\N,\N,\N,"right","0","90","1","0","vicze2011a","2024-06-03 22:24:47","robert@localhost","2024-06-03 22:24:47","robert@localhost"
"S10528","46.942","18.934","DUNA1","8699","226",\N,\N,"cremation","R01957","C02869","1",\N,"inside a vessel",\N,\N,\N,"1","0","vicze2011a","2024-06-03 22:24:47","robert@localhost","2024-06-03 22:24:47","robert@localhost"
"S10528","46.942","18.934","DUNA1","8699","226",\N,\N,"cremation","R01958","C02870","1",\N,"inside a vessel",\N,\N,\N,"1","0","vicze2011a","2024-06-03 22:24:47","robert@localhost","2024-06-03 22:24:47","robert@localhost"
"S10528","46.942","18.934","DUNA2","4423","97",\N,\N,"cremation","R01959","C02871","1",\N,"inside a vessel",\N,\N,\N,"1","0","vicze2011a","2024-06-03 22:24:47","robert@localhost","2024-06-03 22:24:47","robert@localhost"
"S10528","46.942","18.934","DUNA2","4423","97",\N,\N,"cremation","R01960","C02872","1",\N,"inside a vessel",\N,\N,\N,"1","0","vicze2011a","2024-06-03 22:24:47","robert@localhost","2024-06-03 22:24:47","robert@localhost"
"S10528","46.942","18.934","DUNA2","4423","97",\N,\N,"cremation","R01961","C02873","1",\N,"inside a vessel",\N,\N,\N,"1","0","vicze2011a","2024-06-03 22:24:47","robert@localhost","2024-06-03 22:24:47","robert@localhost"
"S10528","46.942","18.934","DUNA1","8699","226",\N,\N,"cremation","R01962","C02874","1",\N,"inside a vessel",\N,\N,\N,"1","0","vicze2011a","2024-06-03 22:24:47","robert@localhost","2024-06-03 22:24:47","robert@localhost"
"S10528","46.942","18.934","DUNA2","4423","97",\N,\N,"cremation","R01963","C02875","1",\N,"inside a vessel",\N,\N,\N,"1","0","vicze2011a","2024-06-03 22:24:47","robert@localhost","2024-06-03 22:24:47","robert@localhost"
"S10528","46.942","18.934","DUNA2","4423","97",\N,\N,"cremation","R01964","C02876","1",\N,"inside a vessel",\N,\N,\N,"1","0","vicze2011a","2024-06-03 22:24:47","robert@localhost","2024-06-03 22:24:47","robert@localhost"
"S10528","46.942","18.934","DUNA2","4423","97",\N,\N,"cremation","R01965","C02877","1",\N,"inside a vessel",\N,\N,\N,"1","0","vicze2011a","2024-06-03 22:24:47","robert@localhost","2024-06-03 22:24:47","robert@localhost"
"S10528","46.942","18.934","DUNA2","4423","97",\N,\N,"cremation","R01966","C02878","1",\N,"inside a vessel",\N,\N,\N,"1","0","vicze2011a","2024-06-03 22:24:47","robert@localhost","2024-06-03 22:24:47","robert@localhost"
"S10528","46.942","18.934","DUNA2","4423","97",\N,\N,"cremation","R01967","C02879","1",\N,"inside a vessel",\N,\N,\N,"1","0","vicze2011a","2024-06-03 22:24:47","robert@localhost","2024-06-03 22:24:47","robert@localhost"
"S10528","46.942","18.934","DUNA2","4423","97",\N,\N,"cremation","R01968","C02880","1",\N,"inside a vessel",\N,\N,\N,"1","0","vicze2011a","2024-06-03 22:24:47","robert@localhost","2024-06-03 22:24:47","robert@localhost"
"S10528","46.942","18.934","DUNA2","4423","97",\N,\N,"cremation","R01969","C02881","1",\N,"inside a vessel",\N,\N,\N,"1","0","vicze2011a","2024-06-03 22:24:47","robert@localhost","2024-06-03 22:24:47","robert@localhost"
"S10528","46.942","18.934","DUNA2","4423","97",\N,\N,"inhumation","R01970","C02882","0","1","crouched","left","0","90","0","0","vicze2011a","2024-06-03 22:24:47","robert@localhost","2024-06-03 22:24:47","robert@localhost"
"S10528","46.942","18.934","DUNA2","4423","97",\N,\N,"cremation","R01971","C02883","1",\N,"inside a vessel",\N,\N,\N,"1","0","vicze2011a","2024-06-03 22:24:47","robert@localhost","2024-06-03 22:24:47","robert@localhost"
"S10528","46.942","18.934","DUNA2","4423","97",\N,\N,"cremation","R01972","C02884","1",\N,"inside a vessel",\N,\N,\N,"1","0","vicze2011a","2024-06-03 22:24:47","robert@localhost","2024-06-03 22:24:47","robert@localhost"
"S10528","46.942","18.934","DUNA2","4423","97",\N,\N,"inhumation","R01973","C02885","0","1","crouched","left","0","90","1","0","vicze2011a","2024-06-03 22:24:47","robert@localhost","2024-06-03 22:24:47","robert@localhost"
"S10528","46.942","18.934","DUNA1","8699","226",\N,\N,"cremation","R01974","C02886","1",\N,"inside a vessel",\N,\N,\N,"1","0","vicze2011a","2024-06-03 22:24:47","robert@localhost","2024-06-03 22:24:47","robert@localhost"
"S10528","46.942","18.934","DUNA2","4423","97",\N,\N,"cremation","R01975","C02887","1",\N,"inside a vessel",\N,\N,\N,"1","0","vicze2011a","2024-06-03 22:24:47","robert@localhost","2024-06-03 22:24:47","robert@localhost"
"S10528","46.942","18.934","DUNA2","4423","97",\N,\N,"cremation","R01976","C02888","1",\N,"inside a vessel",\N,\N,\N,"1","0","vicze2011a","2024-06-03 22:24:47","robert@localhost","2024-06-03 22:24:47","robert@localhost"
"S10528","46.942","18.934","DUNA2","4423","97",\N,\N,"cremation","R01977","C02889","1",\N,"inside a vessel",\N,\N,\N,"1","0","vicze2011a","2024-06-03 22:24:47","robert@localhost","2024-06-03 22:24:47","robert@localhost"
"S10528","46.942","18.934","DUNA2","4423","97",\N,\N,"cremation","R01978","C02890","1",\N,"inside a vessel",\N,\N,\N,"1","0","vicze2011a","2024-06-03 22:24:47","robert@localhost","2024-06-03 22:24:47","robert@localhost"
"S10528","46.942","18.934","DUNA2","4423","97",\N,\N,"cremation","R01979","C02891","1",\N,"inside a vessel",\N,\N,\N,"1","0","vicze2011a","2024-06-03 22:24:47","robert@localhost","2024-06-03 22:24:47","robert@localhost"
"S10528","46.942","18.934","DUNA2","4423","97",\N,\N,"cremation","R01980","C02892","1",\N,"inside a vessel",\N,\N,\N,"1","0","vicze2011a","2024-06-03 22:24:47","robert@localhost","2024-06-03 22:24:47","robert@localhost"
"S10528","46.942","18.934","DUNA2","4423","97",\N,\N,"cremation","R01981","C02893","1",\N,"inside a vessel",\N,\N,\N,"1","0","vicze2011a","2024-06-03 22:24:47","robert@localhost","2024-06-03 22:24:47","robert@localhost"
"S10528","46.942","18.934","DUNA2","4423","97",\N,\N,"cremation","R01982","C02894","1",\N,"inside a vessel",\N,\N,\N,"1","0","vicze2011a","2024-06-03 22:24:47","robert@localhost","2024-06-03 22:24:47","robert@localhost"
"S10528","46.942","18.934","DUNA2","4423","97",\N,\N,"cremation","R01983","C02895","1",\N,"inside a vessel",\N,\N,\N,"1","0","vicze2011a","2024-06-03 22:24:47","robert@localhost","2024-06-03 22:24:47","robert@localhost"
"S10528","46.942","18.934","DUNA2","4423","97",\N,\N,"cremation","R01984","C02896","1",\N,"inside a vessel",\N,\N,\N,"1","0","vicze2011a","2024-06-03 22:24:47","robert@localhost","2024-06-03 22:24:47","robert@localhost"
"S10528","46.942","18.934","DUNA3","7032","329",\N,\N,"cremation","R01985","C02897","1",\N,"inside a vessel",\N,\N,\N,"1","0","vicze2011a","2024-06-03 22:24:47","robert@localhost","2024-06-03 22:24:47","robert@localhost"
"S10528","46.942","18.934","DUNA2","4423","97",\N,\N,"cremation","R01986","C02898","1",\N,"inside a vessel",\N,\N,\N,"1","0","vicze2011a","2024-06-03 22:24:47","robert@localhost","2024-06-03 22:24:47","robert@localhost"
"S10528","46.942","18.934","DUNA1","8699","226",\N,\N,"cremation","R01987","C02899","1",\N,"inside a vessel",\N,\N,\N,"1","0","vicze2011a","2024-06-03 22:24:47","robert@localhost","2024-06-03 22:24:47","robert@localhost"
"S10528","46.942","18.934","DUNA2","4423","97",\N,\N,"cremation","R01988","C02900","1",\N,"inside a vessel",\N,\N,\N,"1","0","vicze2011a","2024-06-03 22:24:47","robert@localhost","2024-06-03 22:24:47","robert@localhost"
"S10528","46.942","18.934","DUNA2","4423","97",\N,\N,"cremation","R01989","C02901","1",\N,"inside a vessel",\N,\N,\N,"1","0","vicze2011a","2024-06-03 22:24:47","robert@localhost","2024-06-03 22:24:47","robert@localhost"
"S10528","46.942","18.934","DUNA2","4423","97",\N,\N,"cremation","R01990","C02902","1",\N,"inside a vessel",\N,\N,\N,"1","0","vicze2011a","2024-06-03 22:24:47","robert@localhost","2024-06-03 22:24:47","robert@localhost"
"S10528","46.942","18.934","DUNA2","4423","97",\N,\N,"cremation","R01991","C02903","1",\N,"inside a vessel",\N,\N,\N,"1","0","vicze2011a","2024-06-03 22:24:47","robert@localhost","2024-06-03 22:24:47","robert@localhost"
"S10528","46.942","18.934","DUNA1","8699","226",\N,\N,"cremation","R01992","C02904","1",\N,"inside a vessel",\N,\N,\N,"1","0","vicze2011a","2024-06-03 22:24:47","robert@localhost","2024-06-03 22:24:47","robert@localhost"
"S10528","46.942","18.934","DUNA2","4423","97",\N,\N,"cremation","R01993","C02905","1",\N,"inside a vessel",\N,\N,\N,"1","0","vicze2011a","2024-06-03 22:24:47","robert@localhost","2024-06-03 22:24:47","robert@localhost"
"S10528","46.942","18.934","DUNA2","4423","97",\N,\N,"cremation","R01994","C02906","1",\N,"inside a vessel",\N,\N,\N,"1","0","vicze2011a","2024-06-03 22:24:47","robert@localhost","2024-06-03 22:24:47","robert@localhost"
"S10528","46.942","18.934","DUNA2","4423","97",\N,\N,"cremation","R01995","C02907","1",\N,"inside a vessel",\N,\N,\N,"1","0","vicze2011a","2024-06-03 22:24:47","robert@localhost","2024-06-03 22:24:47","robert@localhost"
"S10528","46.942","18.934","DUNA2","4423","97",\N,\N,"cremation","R01996","C02908","1",\N,"inside a vessel",\N,\N,\N,"1","0","vicze2011a","2024-06-03 22:24:47","robert@localhost","2024-06-03 22:24:47","robert@localhost"
"S10528","46.942","18.934","DUNA2","4423","97",\N,\N,"cremation","R01997","C02909","1",\N,"inside a vessel",\N,\N,\N,"1","0","vicze2011a","2024-06-03 22:24:47","robert@localhost","2024-06-03 22:24:47","robert@localhost"
"S10528","46.942","18.934","DUNA2","4423","97",\N,\N,"cremation","R01998","C02910","1",\N,"inside a vessel",\N,\N,\N,"1","0","vicze2011a","2024-06-03 22:24:47","robert@localhost","2024-06-03 22:24:47","robert@localhost"
"S10528","46.942","18.934","DUNA2","4423","97",\N,\N,"cremation","R01999","C02911","1",\N,"inside a vessel",\N,\N,\N,"1","0","vicze2011a","2024-06-03 22:24:47","robert@localhost","2024-06-03 22:24:47","robert@localhost"
"S10528","46.942","18.934","DUNA2","4423","97",\N,\N,"cremation","R02000","C02912","1",\N,"inside a vessel",\N,\N,\N,"1","0","vicze2011a","2024-06-03 22:24:47","robert@localhost","2024-06-03 22:24:47","robert@localhost"
"S10528","46.942","18.934","DUNA3","7032","329",\N,\N,"cremation","R02001","C02913","1",\N,"inside a vessel",\N,\N,\N,"1","0","vicze2011a","2024-06-03 22:24:47","robert@localhost","2024-06-03 22:24:47","robert@localhost"
"S10528","46.942","18.934","DUNA4","5536","231",\N,\N,"cremation","R02002","C02914","1",\N,"inside a vessel",\N,\N,\N,"1","0","vicze2011a","2024-06-03 22:24:47","robert@localhost","2024-06-03 22:24:47","robert@localhost"
"S10528","46.942","18.934","DUNA3","7032","329",\N,\N,"cremation","R02003","C02915","1",\N,"inside a vessel",\N,\N,\N,"1","0","vicze2011a","2024-06-03 22:24:47","robert@localhost","2024-06-03 22:24:47","robert@localhost"
"S10528","46.942","18.934","DUNA3","7032","329",\N,\N,"cremation","R02004","C02916","1",\N,"inside a vessel",\N,\N,\N,"1","0","vicze2011a","2024-06-03 22:24:47","robert@localhost","2024-06-03 22:24:47","robert@localhost"
"S10528","46.942","18.934","DUNA3","7032","329",\N,\N,"cremation","R02005","C02917","1",\N,"inside a vessel",\N,\N,\N,"1","0","vicze2011a","2024-06-03 22:24:47","robert@localhost","2024-06-03 22:24:47","robert@localhost"
"S10528","46.942","18.934","DUNA2","4423","97",\N,\N,"cremation","R02006","C02918","1",\N,"inside a vessel",\N,\N,\N,"1","0","vicze2011a","2024-06-03 22:24:47","robert@localhost","2024-06-03 22:24:47","robert@localhost"
"S10528","46.942","18.934","DUNA3","7032","329",\N,\N,"cremation","R02007","C02919","1",\N,"inside a vessel",\N,\N,\N,"1","0","vicze2011a","2024-06-03 22:24:47","robert@localhost","2024-06-03 22:24:47","robert@localhost"
"S10528","46.942","18.934","DUNA4","5536","231",\N,\N,"cremation","R02008","C02920","1",\N,"inside a vessel",\N,\N,\N,"1","0","vicze2011a","2024-06-03 22:24:47","robert@localhost","2024-06-03 22:24:47","robert@localhost"
"S10528","46.942","18.934","DUNA3","7032","329",\N,\N,"cremation","R02009","C02921","1",\N,"inside a vessel",\N,\N,\N,"1","0","vicze2011a","2024-06-03 22:24:47","robert@localhost","2024-06-03 22:24:47","robert@localhost"
"S10528","46.942","18.934","DUNA3","7032","329",\N,\N,"cremation","R02010","C02922","1",\N,"inside a vessel",\N,\N,\N,"1","0","vicze2011a","2024-06-03 22:24:47","robert@localhost","2024-06-03 22:24:47","robert@localhost"
"S10528","46.942","18.934","DUNA3","7032","329",\N,\N,"cremation","R02011","C02923","1",\N,"inside a vessel",\N,\N,\N,"1","0","vicze2011a","2024-06-03 22:24:47","robert@localhost","2024-06-03 22:24:47","robert@localhost"
"S10528","46.942","18.934","DUNA3","7032","329",\N,\N,"cremation","R02012","C02924","1",\N,"inside a vessel",\N,\N,\N,"1","0","vicze2011a","2024-06-03 22:24:47","robert@localhost","2024-06-03 22:24:47","robert@localhost"
"S10528","46.942","18.934","DUNA3","7032","329",\N,\N,"cremation","R02013","C02925","1",\N,"inside a vessel",\N,\N,\N,"1","0","vicze2011a","2024-06-03 22:24:47","robert@localhost","2024-06-03 22:24:47","robert@localhost"
"S10528","46.942","18.934","DUNA3","7032","329",\N,\N,"cremation","R02014","C02926","1",\N,"inside a vessel",\N,\N,\N,"1","0","vicze2011a","2024-06-03 22:24:47","robert@localhost","2024-06-03 22:24:47","robert@localhost"
"S10528","46.942","18.934","DUNA3","7032","329",\N,\N,"cremation","R02015","C02927","1",\N,"inside a vessel",\N,\N,\N,"1","0","vicze2011a","2024-06-03 22:24:47","robert@localhost","2024-06-03 22:24:47","robert@localhost"
"S10528","46.942","18.934","DUNA3","7032","329",\N,\N,"cremation","R02016","C02928","1",\N,"inside a vessel",\N,\N,\N,"1","0","vicze2011a","2024-06-03 22:24:47","robert@localhost","2024-06-03 22:24:47","robert@localhost"
"S10528","46.942","18.934","DUNA3","7032","329",\N,\N,"cremation","R02017","C02929","1",\N,"inside a vessel",\N,\N,\N,"1","0","vicze2011a","2024-06-03 22:24:47","robert@localhost","2024-06-03 22:24:47","robert@localhost"
"S10528","46.942","18.934","DUNA4","5536","231",\N,\N,"cremation","R02018","C02930","1",\N,"inside a vessel",\N,\N,\N,"1","0","vicze2011a","2024-06-03 22:24:47","robert@localhost","2024-06-03 22:24:47","robert@localhost"
"S10528","46.942","18.934","DUNA3","7032","329",\N,\N,"inhumation","R02019","C02931","1","1",\N,\N,\N,\N,"1","0","vicze2011a","2024-06-03 22:24:47","robert@localhost","2024-06-03 22:24:47","robert@localhost"
"S10528","46.942","18.934","DUNA3","7032","329",\N,\N,"cremation","R02020","C02932","1",\N,"inside a vessel",\N,\N,\N,"1","0","vicze2011a","2024-06-03 22:24:47","robert@localhost","2024-06-03 22:24:47","robert@localhost"
"S10528","46.942","18.934","DUNA3","7032","329",\N,\N,"cremation","R02021","C02933","1",\N,"inside a vessel",\N,\N,\N,"1","0","vicze2011a","2024-06-03 22:24:47","robert@localhost","2024-06-03 22:24:47","robert@localhost"
"S10528","46.942","18.934","DUNA3","7032","329",\N,\N,"cremation","R02022","C02934","1",\N,"inside a vessel",\N,\N,\N,"1","0","vicze2011a","2024-06-03 22:24:47","robert@localhost","2024-06-03 22:24:47","robert@localhost"
"S10528","46.942","18.934","DUNA3","7032","329",\N,\N,"cremation","R02023","C02935","1",\N,"inside a vessel",\N,\N,\N,"1","0","vicze2011a","2024-06-03 22:24:47","robert@localhost","2024-06-03 22:24:47","robert@localhost"
"S10528","46.942","18.934","DUNA1","8699","226",\N,\N,"cremation","R02024","C02936","1",\N,"inside a vessel",\N,\N,\N,"1","0","vicze2011a","2024-06-03 22:24:47","robert@localhost","2024-06-03 22:24:47","robert@localhost"
"S10528","46.942","18.934","DUNA2","4423","97",\N,\N,"cremation","R02025","C02937","1",\N,"inside a vessel",\N,\N,\N,"1","0","vicze2011a","2024-06-03 22:24:47","robert@localhost","2024-06-03 22:24:47","robert@localhost"
"S10528","46.942","18.934","DUNA3","7032","329",\N,\N,"cremation","R02026","C02938","1",\N,"inside a vessel",\N,\N,\N,"1","0","vicze2011a","2024-06-03 22:24:47","robert@localhost","2024-06-03 22:24:47","robert@localhost"
"S10528","46.942","18.934","DUNA3","7032","329",\N,\N,"cremation","R02027","C02939","1",\N,"inside a vessel",\N,\N,\N,"1","0","vicze2011a","2024-06-03 22:24:47","robert@localhost","2024-06-03 22:24:47","robert@localhost"
"S10528","46.942","18.934","DUNA2","4423","97",\N,\N,"cremation","R02028","C02940","1",\N,"inside a vessel",\N,\N,\N,"1","0","vicze2011a","2024-06-03 22:24:47","robert@localhost","2024-06-03 22:24:47","robert@localhost"
"S10528","46.942","18.934","DUNA2","4423","97",\N,\N,"cremation","R02029","C02941","1",\N,"inside a vessel",\N,\N,\N,"1","0","vicze2011a","2024-06-03 22:24:47","robert@localhost","2024-06-03 22:24:47","robert@localhost"
"S10528","46.942","18.934","DUNA3","7032","329",\N,\N,"cremation","R02030","C02942","1",\N,"inside a vessel",\N,\N,\N,"1","0","vicze2011a","2024-06-03 22:24:47","robert@localhost","2024-06-03 22:24:47","robert@localhost"
"S10528","46.942","18.934","DUNA3","7032","329",\N,\N,"cremation","R02031","C02943","1",\N,"inside a vessel",\N,\N,\N,"1","0","vicze2011a","2024-06-03 22:24:47","robert@localhost","2024-06-03 22:24:47","robert@localhost"
"S10528","46.942","18.934","DUNA3","7032","329",\N,\N,"cremation","R02032","C02944","1",\N,"inside a vessel",\N,\N,\N,"1","0","vicze2011a","2024-06-03 22:24:47","robert@localhost","2024-06-03 22:24:47","robert@localhost"
"S10528","46.942","18.934","DUNA3","7032","329",\N,\N,"cremation","R02033","C02945","1",\N,"inside a vessel",\N,\N,\N,"1","0","vicze2011a","2024-06-03 22:24:47","robert@localhost","2024-06-03 22:24:47","robert@localhost"
"S10528","46.942","18.934","DUNA3","7032","329",\N,\N,"cremation","R02034","C02946","1",\N,"inside a vessel",\N,\N,\N,"1","0","vicze2011a","2024-06-03 22:24:47","robert@localhost","2024-06-03 22:24:47","robert@localhost"
"S10528","46.942","18.934","DUNA3","7032","329",\N,\N,"cremation","R02035","C02947","1",\N,"inside a vessel",\N,\N,\N,"1","0","vicze2011a","2024-06-03 22:24:47","robert@localhost","2024-06-03 22:24:47","robert@localhost"
"S10528","46.942","18.934","DUNA3","7032","329",\N,\N,"cremation","R02036","C02948","1",\N,"inside a vessel",\N,\N,\N,"1","0","vicze2011a","2024-06-03 22:24:47","robert@localhost","2024-06-03 22:24:47","robert@localhost"
"S10528","46.942","18.934","DUNA2","4423","97",\N,\N,"cremation","R02037","C02949","1",\N,"inside a vessel",\N,\N,\N,"1","0","vicze2011a","2024-06-03 22:24:47","robert@localhost","2024-06-03 22:24:47","robert@localhost"
"S10528","46.942","18.934","DUNA2","4423","97",\N,\N,"cremation","R02038","C02950","1",\N,"inside a vessel",\N,\N,\N,"1","0","vicze2011a","2024-06-03 22:24:47","robert@localhost","2024-06-03 22:24:47","robert@localhost"
"S10528","46.942","18.934","DUNA2","4423","97",\N,\N,"inhumation","R02039","C02951",\N,\N,\N,"left","45","135","1","0","vicze2011a","2024-06-03 22:24:47","robert@localhost","2024-06-03 22:24:47","robert@localhost"
"S10528","46.942","18.934","DUNA4","5536","231",\N,\N,"cremation","R02040","C02952","1",\N,"inside a vessel",\N,\N,\N,"1","0","vicze2011a","2024-06-03 22:24:47","robert@localhost","2024-06-03 22:24:47","robert@localhost"
"S10528","46.942","18.934","DUNA4","5536","231",\N,\N,"cremation","R02041","C02953","1",\N,"inside a vessel",\N,\N,\N,"1","0","vicze2011a","2024-06-03 22:24:47","robert@localhost","2024-06-03 22:24:47","robert@localhost"
"S10528","46.942","18.934","DUNA3","7032","329",\N,\N,"cremation","R02042","C02954","1",\N,"inside a vessel",\N,\N,\N,"1","0","vicze2011a","2024-06-03 22:24:47","robert@localhost","2024-06-03 22:24:47","robert@localhost"
"S10528","46.942","18.934","DUNA3","7032","329",\N,\N,"cremation","R02043","C02955","1",\N,"inside a vessel",\N,\N,\N,"1","0","vicze2011a","2024-06-03 22:24:47","robert@localhost","2024-06-03 22:24:47","robert@localhost"
"S10528","46.942","18.934","DUNA4","5536","231",\N,\N,"cremation","R02044","C02956","1",\N,"inside a vessel",\N,\N,\N,"1","0","vicze2011a","2024-06-03 22:24:47","robert@localhost","2024-06-03 22:24:47","robert@localhost"
"S10528","46.942","18.934","DUNA3","7032","329",\N,\N,"cremation","R02045","C02957","1",\N,"inside a vessel",\N,\N,\N,"1","0","vicze2011a","2024-06-03 22:24:47","robert@localhost","2024-06-03 22:24:47","robert@localhost"
"S10528","46.942","18.934","DUNA3","7032","329",\N,\N,"cremation","R02046","C02958","1",\N,"inside a vessel",\N,\N,\N,"1","0","vicze2011a","2024-06-03 22:24:47","robert@localhost","2024-06-03 22:24:47","robert@localhost"
"S10528","46.942","18.934","DUNA3","7032","329",\N,\N,"cremation","R02047","C02959","1",\N,"inside a vessel",\N,\N,\N,"1","0","vicze2011a","2024-06-03 22:24:47","robert@localhost","2024-06-03 22:24:47","robert@localhost"
"S10528","46.942","18.934","DUNA3","7032","329",\N,\N,"cremation","R02048","C02960","1",\N,"inside a vessel",\N,\N,\N,"1","0","vicze2011a","2024-06-03 22:24:47","robert@localhost","2024-06-03 22:24:47","robert@localhost"
"S10528","46.942","18.934","DUNA2","4423","97",\N,\N,"cremation","R02049","C02961","1",\N,"inside a vessel",\N,\N,\N,"1","0","vicze2011a","2024-06-03 22:24:47","robert@localhost","2024-06-03 22:24:47","robert@localhost"
"S10528","46.942","18.934","DUNA2","4423","97",\N,\N,"cremation","R02050","C02962","1",\N,"inside a vessel",\N,\N,\N,"1","0","vicze2011a","2024-06-03 22:24:47","robert@localhost","2024-06-03 22:24:47","robert@localhost"
"S10528","46.942","18.934","DUNA4","5536","231",\N,\N,"cremation","R02051","C02963","1",\N,"inside a vessel",\N,\N,\N,"1","0","vicze2011a","2024-06-03 22:24:47","robert@localhost","2024-06-03 22:24:47","robert@localhost"
"S10528","46.942","18.934","DUNA4","5536","231",\N,\N,"cremation","R02052","C02964","1",\N,"inside a vessel",\N,\N,\N,"1","0","vicze2011a","2024-06-03 22:24:47","robert@localhost","2024-06-03 22:24:47","robert@localhost"
"S10528","46.942","18.934","DUNA3","7032","329",\N,\N,"cremation","R02053","C02965","1",\N,"inside a vessel",\N,\N,\N,"1","0","vicze2011a","2024-06-03 22:24:47","robert@localhost","2024-06-03 22:24:47","robert@localhost"
"S10528","46.942","18.934","DUNA3","7032","329",\N,\N,"cremation","R02054","C02966","1",\N,"inside a vessel",\N,\N,\N,"1","0","vicze2011a","2024-06-03 22:24:47","robert@localhost","2024-06-03 22:24:47","robert@localhost"
"S10528","46.942","18.934","DUNA2","4423","97",\N,\N,"cremation","R02055","C02967","1",\N,"inside a vessel",\N,\N,\N,"1","0","vicze2011a","2024-06-03 22:24:47","robert@localhost","2024-06-03 22:24:47","robert@localhost"
"S10528","46.942","18.934","DUNA2","4423","97",\N,\N,"cremation","R02056","C02968","1",\N,"inside a vessel",\N,\N,\N,"1","0","vicze2011a","2024-06-03 22:24:47","robert@localhost","2024-06-03 22:24:47","robert@localhost"
"S10528","46.942","18.934","DUNA3","7032","329",\N,\N,"cremation","R02057","C02969","1",\N,"inside a vessel",\N,\N,\N,"1","0","vicze2011a","2024-06-03 22:24:47","robert@localhost","2024-06-03 22:24:47","robert@localhost"
"S10528","46.942","18.934","DUNA3","7032","329",\N,\N,"cremation","R02058","C02970","1",\N,"inside a vessel",\N,\N,\N,"1","0","vicze2011a","2024-06-03 22:24:47","robert@localhost","2024-06-03 22:24:47","robert@localhost"
"S10528","46.942","18.934","DUNA3","7032","329",\N,\N,"cremation","R02059","C02971","1",\N,"inside a vessel",\N,\N,\N,"1","0","vicze2011a","2024-06-03 22:24:47","robert@localhost","2024-06-03 22:24:47","robert@localhost"
"S10528","46.942","18.934","DUNA3","7032","329",\N,\N,"cremation","R02060","C02972","1",\N,"inside a vessel",\N,\N,\N,"1","0","vicze2011a","2024-06-03 22:24:47","robert@localhost","2024-06-03 22:24:47","robert@localhost"
"S10528","46.942","18.934","DUNA4","5536","231",\N,\N,"cremation","R02061","C02973","1",\N,"inside a vessel",\N,\N,\N,"1","0","vicze2011a","2024-06-03 22:24:47","robert@localhost","2024-06-03 22:24:47","robert@localhost"
"S10528","46.942","18.934","DUNA3","7032","329",\N,\N,"cremation","R02062","C02974","1",\N,"inside a vessel",\N,\N,\N,"1","0","vicze2011a","2024-06-03 22:24:47","robert@localhost","2024-06-03 22:24:47","robert@localhost"
"S10528","46.942","18.934","DUNA2","4423","97",\N,\N,"cremation","R02063","C02975","1",\N,"inside a vessel",\N,\N,\N,"1","0","vicze2011a","2024-06-03 22:24:47","robert@localhost","2024-06-03 22:24:47","robert@localhost"
"S10528","46.942","18.934","DUNA2","4423","97",\N,\N,"cremation","R02064","C02976","1",\N,"inside a vessel",\N,\N,\N,"1","0","vicze2011a","2024-06-03 22:24:47","robert@localhost","2024-06-03 22:24:47","robert@localhost"
"S10528","46.942","18.934","DUNA2","4423","97",\N,\N,"cremation","R02065","C02977","1",\N,"inside a vessel",\N,\N,\N,"1","0","vicze2011a","2024-06-03 22:24:47","robert@localhost","2024-06-03 22:24:47","robert@localhost"
"S10528","46.942","18.934","DUNA2","4423","97",\N,\N,"cremation","R02066","C02978","1",\N,"inside a vessel",\N,\N,\N,"1","0","vicze2011a","2024-06-03 22:24:47","robert@localhost","2024-06-03 22:24:47","robert@localhost"
"S10528","46.942","18.934","DUNA2","4423","97",\N,\N,"cremation","R02067","C02979","1",\N,"inside a vessel",\N,\N,\N,"1","0","vicze2011a","2024-06-03 22:24:47","robert@localhost","2024-06-03 22:24:47","robert@localhost"
"S10528","46.942","18.934","DUNA2","4423","97",\N,\N,"cremation","R02068","C02980","1",\N,"inside a vessel",\N,\N,\N,"1","0","vicze2011a","2024-06-03 22:24:47","robert@localhost","2024-06-03 22:24:47","robert@localhost"
"S10013","47.560","7.520","HEG1","4377","161","I1392","olald2018a","inhumation","R02069","C02981","0","1","extended","right","170",\N,"0","0","billo2010a","2024-06-03 22:24:47","robert@localhost","2024-06-03 22:24:47","robert@localhost"
"S10014","47.960","7.300","ROU1","4285","125","I1391","olald2018a","inhumation","R02070","C02982","0","1","extended","right","180",\N,"0","0","lefra2016a","2024-06-03 22:24:47","robert@localhost","2024-06-03 22:24:47","robert@localhost"
"S03766","47.650","7.460","SIERE1","4293","112",\N,\N,"inhumation","R02071","C02983","0","1","crouched","right","140",\N,"0","0","vergn2011a","2024-06-03 22:24:47","robert@localhost","2024-06-03 22:24:47","robert@localhost"
"S03766","47.650","7.460","SIERE1","4293","112","I1390","olald2018a","inhumation","R02072","C02984","0","1","crouched","left","120",\N,"0","0","vergn2011a","2024-06-03 22:24:47","robert@localhost","2024-06-03 22:24:47","robert@localhost"
"S03766","47.650","7.460","SIERE1","4293","112","I1389","olald2018a","inhumation","R02073","C02985","0","1","crouched","left","120",\N,"0","0","vergn2011a","2024-06-03 22:24:47","robert@localhost","2024-06-03 22:24:47","robert@localhost"
"S03766","47.650","7.460","SIERE1","4293","112",\N,\N,"inhumation","R02074","C02986","0",\N,\N,\N,\N,\N,"0","0","vergn2011a","2024-06-03 22:24:47","robert@localhost","2024-06-03 22:24:47","robert@localhost"
"S09002","49.260","6.170","MON1","3930","170","I1381","olald2018a","inhumation","R02075","C02987","0",\N,\N,"left","260",\N,"1","0","lefeb2008a","2024-06-03 22:24:47","robert@localhost","2024-06-03 22:24:47","robert@localhost"
"S09002","49.260","6.170","MON1","3930","170","I1382","olald2018a","inhumation","R02076","C02988","0","1","crouched","left","240",\N,"1","0","lefeb2008a","2024-06-03 22:24:47","robert@localhost","2024-06-03 22:24:47","robert@localhost"
"S09002","49.260","6.170","MON1","3930","170",\N,\N,"inhumation","R02077","C02989","0","1","crouched","left","260",\N,"1","0","lefeb2008a","2024-06-03 22:24:47","robert@localhost","2024-06-03 22:24:47","robert@localhost"
"S09002","49.260","6.170","MON1","3930","170",\N,\N,"inhumation","R02078","C02990","0",\N,\N,\N,\N,\N,"0","0","lefeb2008a","2024-06-03 22:24:47","robert@localhost","2024-06-03 22:24:47","robert@localhost"
"S09002","49.260","6.170","MON1","3930","170",\N,\N,"inhumation","R02079","C02991","0",\N,\N,\N,\N,\N,"0","0","lefeb2008a","2024-06-03 22:24:47","robert@localhost","2024-06-03 22:24:47","robert@localhost"
"S09002","49.260","6.170","MON1","3930","170",\N,\N,"inhumation","R02080","C02992","0",\N,\N,\N,\N,\N,"0","0","lefeb2008a","2024-06-03 22:24:47","robert@localhost","2024-06-03 22:24:47","robert@localhost"
"S09002","49.260","6.170","MON1","3930","170",\N,\N,"inhumation","R02081","C02993","0",\N,\N,\N,\N,\N,"0","0","lefeb2008a","2024-06-03 22:24:47","robert@localhost","2024-06-03 22:24:47","robert@localhost"
"S09002","49.260","6.170","MON1","3930","170",\N,\N,"inhumation","R02082","C02994","0","1","crouched","left","250",\N,"0","0","lefeb2008a","2024-06-03 22:24:47","robert@localhost","2024-06-03 22:24:47","robert@localhost"
"S09002","49.260","6.170","MON1","3930","170",\N,\N,"inhumation","R02083","C02995","0",\N,\N,"left","70",\N,"1","0","lefeb2008a","2024-06-03 22:24:47","robert@localhost","2024-06-03 22:24:47","robert@localhost"
"S09002","49.260","6.170","MON1","3930","170",\N,\N,"inhumation","R02084","C02996","0","1","crouched","left","80",\N,"1","0","lefeb2008a","2024-06-03 22:24:47","robert@localhost","2024-06-03 22:24:47","robert@localhost"
"S09002","49.260","6.170","MON1","3930","170",\N,\N,"inhumation","R02085","C02997","0","1","crouched","left","60",\N,"1","0","lefeb2008a","2024-06-03 22:24:47","robert@localhost","2024-06-03 22:24:47","robert@localhost"
"S09002","49.260","6.170","MON1","3930","170",\N,\N,"inhumation","R02086","C02998","0","1","crouched","left","50",\N,"1","0","lefeb2008a","2024-06-03 22:24:47","robert@localhost","2024-06-03 22:24:47","robert@localhost"
"S08983","43.960","5.760","LFA1","4127","369","I2575","olald2018a","inhumation","R02087","C02999","0","1","crouched","left","0",\N,"1","0","lemer2011a","2024-06-03 22:24:47","robert@localhost","2024-06-03 22:24:47","robert@localhost"
"S10017","43.457","5.863","CDR1","6651","65",\N,\N,"inhumation","R02088","C03000","0",\N,\N,"back","90",\N,"0","0","remic2012a","2024-06-03 22:24:47","robert@localhost","2024-06-03 22:24:47","robert@localhost"
"S10017","43.457","5.863","CDR1","6651","65","I4303","olald2018a","inhumation","R02089","C03001","0","1","crouched","left","200",\N,"0","0","remic2012a","2024-06-03 22:24:47","robert@localhost","2024-06-03 22:24:47","robert@localhost"
"S10017","43.457","5.863","CDR1","6651","65","I4305","olald2018a","inhumation","R02090","C03002","0","1","crouched","left","200",\N,"0","0","remic2012a","2024-06-03 22:24:47","robert@localhost","2024-06-03 22:24:47","robert@localhost"
"S10017","43.457","5.863","CDR1","6651","65","I4304","olald2018a","disarticulated","R02091","C03003","1",\N,\N,\N,\N,\N,"0","0","remic2012a","2024-06-03 22:24:47","robert@localhost","2024-06-03 22:24:47","robert@localhost"
"S10017","43.457","5.863","CDR2","4624","179",\N,\N,"disarticulated","R02092","C03004","1",\N,\N,\N,\N,\N,"0","0","remic2012a","2024-06-03 22:24:47","robert@localhost","2024-06-03 22:24:47","robert@localhost"
"S10017","43.457","5.863","CDR2","4624","179",\N,\N,"inhumation","R02093","C03005","0","1","extended","left","50",\N,"0","0","remic2012a","2024-06-03 22:24:47","robert@localhost","2024-06-03 22:24:47","robert@localhost"
"S10018","43.340","5.060","COL1","5518","709","I4308","olald2018a","inhumation","R02094","C03006","0",\N,\N,\N,\N,\N,"0","0","olald2018a","2024-06-03 22:24:47","robert@localhost","2024-06-03 22:24:47","robert@localhost"
"S10018","43.340","5.060","COL1","5518","709",\N,\N,"disarticulated","R02095","C03007","1",\N,\N,\N,\N,\N,"0","0","olald2018a","2024-06-03 22:24:47","robert@localhost","2024-06-03 22:24:47","robert@localhost"
"S10018","43.340","5.060","COL1","5518","709",\N,\N,"disarticulated","R02096","C03008","1",\N,\N,\N,\N,\N,"0","0","olald2018a","2024-06-03 22:24:47","robert@localhost","2024-06-03 22:24:47","robert@localhost"
"S10018","43.340","5.060","COL1","5518","709",\N,\N,"disarticulated","R02097","C03009","1",\N,\N,\N,\N,\N,"0","0","olald2018a","2024-06-03 22:24:47","robert@localhost","2024-06-03 22:24:47","robert@localhost"
"S10018","43.340","5.060","COL1","5518","709",\N,\N,"disarticulated","R02098","C03010","1",\N,\N,\N,\N,\N,"0","0","olald2018a","2024-06-03 22:24:47","robert@localhost","2024-06-03 22:24:47","robert@localhost"
"S10018","43.340","5.060","COL1","5518","709",\N,\N,"disarticulated","R02099","C03011","1",\N,\N,\N,\N,\N,"0","0","olald2018a","2024-06-03 22:24:47","robert@localhost","2024-06-03 22:24:47","robert@localhost"
"S10018","43.340","5.060","COL1","5518","709",\N,\N,"disarticulated","R02100","C03012","1",\N,\N,\N,\N,\N,"0","0","olald2018a","2024-06-03 22:24:47","robert@localhost","2024-06-03 22:24:47","robert@localhost"
"S10018","43.340","5.060","COL1","5518","709",\N,\N,"disarticulated","R02101","C03013","1",\N,\N,\N,\N,\N,"0","0","olald2018a","2024-06-03 22:24:47","robert@localhost","2024-06-03 22:24:47","robert@localhost"
"S10018","43.340","5.060","COL1","5518","709",\N,\N,"disarticulated","R02102","C03014","1",\N,\N,\N,\N,\N,"0","0","olald2018a","2024-06-03 22:24:47","robert@localhost","2024-06-03 22:24:47","robert@localhost"
"S10018","43.340","5.060","COL1","5518","709",\N,\N,"disarticulated","R02103","C03015","1",\N,\N,\N,\N,\N,"0","0","olald2018a","2024-06-03 22:24:47","robert@localhost","2024-06-03 22:24:47","robert@localhost"
"S10018","43.340","5.060","COL1","5518","709",\N,\N,"disarticulated","R02104","C03016","1",\N,\N,\N,\N,\N,"0","0","olald2018a","2024-06-03 22:24:47","robert@localhost","2024-06-03 22:24:47","robert@localhost"
"S03198","52.734","5.096","OOS1","4352","119","I5748","olald2018a","inhumation","R02105","C03017","0","1","crouched","left","40",\N,"1","0","fokke2017a","2024-06-03 22:24:47","robert@localhost","2024-06-03 22:24:47","robert@localhost"
"S10507","50.699","13.940","TUCH1","3877","142","I4074","olald2018a","inhumation","R02106","C03018","0",\N,"crouched","left",\N,\N,"0","0","fokke2017a","2024-06-03 22:24:47","robert@localhost","2024-06-03 22:24:47","robert@localhost"
"S10507","50.699","13.940","TUCH1","3877","142","I4067","olald2018a","inhumation","R02107","C03019","0",\N,"crouched","left","70",\N,"0","0","fokke2017a","2024-06-03 22:24:47","robert@localhost","2024-06-03 22:24:47","robert@localhost"
"S10506","50.342","13.589","TVR1","3888","132","I4068","olald2018a","inhumation","R02108","C03020","0",\N,"crouched","right","90",\N,"0","0","fokke2017a","2024-06-03 22:24:47","robert@localhost","2024-06-03 22:24:47","robert@localhost"
"S10506","50.342","13.589","TVR1","3888","132","I4069","olald2018a","inhumation","R02109","C03021","0",\N,"crouched",\N,\N,\N,"0","0","fokke2017a","2024-06-03 22:24:47","robert@localhost","2024-06-03 22:24:47","robert@localhost"
"S03198","52.734","5.096","OOS4","3886","115",\N,\N,"inhumation","R02110","C03022","0",\N,"crouched","right","10",\N,"0","0","fokke2017a","2024-06-03 22:24:47","robert@localhost","2024-06-03 22:24:47","robert@localhost"
"S03198","52.734","5.096","OOS4","3886","115",\N,\N,"inhumation","R02111","C03023","0",\N,"crouched",\N,\N,\N,"0","0","fokke2017a","2024-06-03 22:24:47","robert@localhost","2024-06-03 22:24:47","robert@localhost"
"S03198","52.734","5.096","OOS4","3886","115",\N,\N,"inhumation","R02112","C03024","0",\N,"crouched",\N,\N,\N,"0","0","fokke2017a","2024-06-03 22:24:47","robert@localhost","2024-06-03 22:24:47","robert@localhost"
"S03198","52.734","5.096","OOS4","3886","115","I4073","olald2018a","inhumation","R02113","C03025","0",\N,"crouched","left","100",\N,"0","0","fokke2017a","2024-06-03 22:24:47","robert@localhost","2024-06-03 22:24:47","robert@localhost"
"S03198","52.734","5.096","OOS4","3886","115",\N,\N,"inhumation","R02114","C03026","0",\N,"crouched","left","90",\N,"0","0","fokke2017a","2024-06-03 22:24:47","robert@localhost","2024-06-03 22:24:47","robert@localhost"
"S03198","52.734","5.096","OOS4","3886","115","I4075","olald2018a","inhumation","R02115","C03027","0",\N,"crouched","right","70",\N,"0","0","fokke2017a","2024-06-03 22:24:47","robert@localhost","2024-06-03 22:24:47","robert@localhost"
"S03198","52.734","5.096","OOS4","3886","115","I4076","olald2018a","inhumation","R02116","C03028","0",\N,"crouched","right","330",\N,"0","0","fokke2017a","2024-06-03 22:24:47","robert@localhost","2024-06-03 22:24:47","robert@localhost"
"S03198","52.734","5.096","OOS4","3886","115","I5750","olald2018a","disarticulated","R02117","C03029","1",\N,\N,\N,\N,\N,"0","0","fokke2017a","2024-06-03 22:24:47","robert@localhost","2024-06-03 22:24:47","robert@localhost"
"S03198","52.734","5.096","OOS6","3775","82","I4070","olald2018a","inhumation","R02118","C03030","0","1","extended","back","110",\N,"0","0","fokke2017a","2024-06-03 22:24:47","robert@localhost","2024-06-03 22:24:47","robert@localhost"
"S03198","52.734","5.096","OOS6","3775","82","I4071","olald2018a","inhumation","R02119","C03031","0","1","extended","back","90",\N,"0","0","fokke2017a","2024-06-03 22:24:47","robert@localhost","2024-06-03 22:24:47","robert@localhost"
"S10025","48.316","10.892","HUT1","4271","53",\N,\N,"inhumation","R02120","C03032","0",\N,\N,\N,\N,\N,"0","0","olald2018a","2024-06-03 22:24:47","robert@localhost","2024-06-03 22:24:47","robert@localhost"
"S10025","48.316","10.892","HUT1","4271","53","E09537_d","olald2018a","inhumation","R02121","C03033","0",\N,"crouched","left","0",\N,"1","0","olald2018a","2024-06-03 22:24:47","robert@localhost","2024-06-03 22:24:47","robert@localhost"
"S10025","48.316","10.892","HUT1","4271","53","E09538","olald2018a","inhumation","R02122","C03034","0",\N,"crouched","right","180",\N,"1","0","olald2018a","2024-06-03 22:24:47","robert@localhost","2024-06-03 22:24:47","robert@localhost"
"S10025","48.316","10.892","HUT1","4271","53","E09569","olald2018a","inhumation","R02123","C03035","0",\N,"crouched",\N,\N,\N,"1","0","olald2018a","2024-06-03 22:24:47","robert@localhost","2024-06-03 22:24:47","robert@localhost"
"S10025","48.316","10.892","HUT1","4271","53",\N,\N,"inhumation","R02124","C03036","0",\N,\N,\N,\N,\N,"0","0","stock2015a","2024-06-03 22:24:47","robert@localhost","2024-06-03 22:24:47","robert@localhost"
"S10025","48.316","10.892","HUT1","4271","53",\N,\N,"inhumation","R02125","C03037","0",\N,\N,\N,\N,\N,"0","0","stock2015a","2024-06-03 22:24:47","robert@localhost","2024-06-03 22:24:47","robert@localhost"
"S10025","48.316","10.892","HUT1","4271","53",\N,\N,"inhumation","R02126","C03038","0",\N,\N,\N,\N,\N,"0","0","stock2015a","2024-06-03 22:24:47","robert@localhost","2024-06-03 22:24:47","robert@localhost"
"S10025","48.316","10.892","HUT1","4271","53",\N,\N,"inhumation","R02127","C03039","0",\N,\N,\N,\N,\N,"0","0","stock2015a","2024-06-03 22:24:47","robert@localhost","2024-06-03 22:24:47","robert@localhost"
"S10026","48.330","10.900","AHE1","4254","106",\N,\N,"inhumation","R02128","C03040","0",\N,"crouched",\N,\N,\N,"0","0","olald2018a","2024-06-03 22:24:47","robert@localhost","2024-06-03 22:24:47","robert@localhost"
"S10026","48.330","10.900","AHE1","4254","106","E09613_d","olald2018a","inhumation","R02129","C03041","0",\N,"crouched","right","180",\N,"1","0","olald2018a","2024-06-03 22:24:47","robert@localhost","2024-06-03 22:24:47","robert@localhost"
"S10026","48.330","10.900","AHE1","4254","106",\N,\N,"inhumation","R02130","C03042","0",\N,"crouched",\N,\N,\N,"0","0","olald2018a","2024-06-03 22:24:47","robert@localhost","2024-06-03 22:24:47","robert@localhost"
"S10026","48.330","10.900","AHE1","4254","106",\N,\N,"inhumation","R02131","C03043","0",\N,"crouched",\N,\N,\N,"0","0","olald2018a","2024-06-03 22:24:47","robert@localhost","2024-06-03 22:24:47","robert@localhost"
"S10026","48.330","10.900","AHE1","4254","106",\N,\N,"inhumation","R02132","C03044","0",\N,"crouched",\N,\N,\N,"0","0","olald2018a","2024-06-03 22:24:47","robert@localhost","2024-06-03 22:24:47","robert@localhost"
"S10026","48.330","10.900","AHE1","4254","106",\N,\N,"inhumation","R02133","C03045","0",\N,"crouched",\N,\N,\N,"0","0","olald2018a","2024-06-03 22:24:47","robert@localhost","2024-06-03 22:24:47","robert@localhost"
"S10026","48.330","10.900","AHE1","4254","106","E09568_d","olald2018a","inhumation","R02134","C03046","0",\N,"crouched","left",\N,\N,"0","0","olald2018a","2024-06-03 22:24:47","robert@localhost","2024-06-03 22:24:47","robert@localhost"
"S10026","48.330","10.900","AHE1","4254","106",\N,\N,"inhumation","R02135","C03047","0",\N,"crouched","right",\N,\N,"0","0","olald2018a","2024-06-03 22:24:47","robert@localhost","2024-06-03 22:24:47","robert@localhost"
"S10026","48.330","10.900","AHE1","4254","106",\N,\N,"inhumation","R02136","C03048","0",\N,"crouched",\N,\N,\N,"0","0","olald2018a","2024-06-03 22:24:47","robert@localhost","2024-06-03 22:24:47","robert@localhost"
"S10026","48.330","10.900","AHE1","4254","106","E09614_d","olald2018a","inhumation","R02137","C03049","0",\N,"crouched","right","180",\N,"1","0","olald2018a","2024-06-03 22:24:47","robert@localhost","2024-06-03 22:24:47","robert@localhost"
"S10027","48.691","13.016","OSA2","4368","103",\N,\N,"inhumation","R02138","C03050","0",\N,\N,\N,\N,\N,"0","0","olald2018a","2024-06-03 22:24:47","robert@localhost","2024-06-03 22:24:47","robert@localhost"
"S10027","48.691","13.016","OSA2","4368","103",\N,\N,"inhumation","R02139","C03051","0",\N,\N,\N,\N,\N,"0","0","olald2018a","2024-06-03 22:24:47","robert@localhost","2024-06-03 22:24:47","robert@localhost"
"S10027","48.691","13.016","OSA2","4368","103","I5021","olald2018a","inhumation","R02140","C03052","0",\N,"crouched","left","0",\N,"1","0","olald2018a","2024-06-03 22:24:47","robert@localhost","2024-06-03 22:24:47","robert@localhost"
"S10027","48.691","13.016","OSA2","4368","103",\N,\N,"inhumation","R02141","C03053","0",\N,\N,\N,\N,\N,"0","0","olald2018a","2024-06-03 22:24:47","robert@localhost","2024-06-03 22:24:47","robert@localhost"
"S10027","48.691","13.016","OSA2","4368","103",\N,\N,"inhumation","R02142","C03054","0",\N,\N,\N,\N,\N,"0","0","olald2018a","2024-06-03 22:24:47","robert@localhost","2024-06-03 22:24:47","robert@localhost"
"S10027","48.691","13.016","OSA2","4368","103","I5022","olald2018a","inhumation","R02143","C03055","0",\N,"crouched","left",\N,\N,"1","0","olald2018a","2024-06-03 22:24:47","robert@localhost","2024-06-03 22:24:47","robert@localhost"
"S10027","48.691","13.016","OSA2","4368","103",\N,\N,"inhumation","R02144","C03056","0",\N,\N,\N,\N,\N,"0","0","olald2018a","2024-06-03 22:24:47","robert@localhost","2024-06-03 22:24:47","robert@localhost"
"S10027","48.691","13.016","OSA2","4368","103",\N,\N,"inhumation","R02145","C03057","0",\N,\N,\N,\N,\N,"0","0","olald2018a","2024-06-03 22:24:47","robert@localhost","2024-06-03 22:24:47","robert@localhost"
"S10027","48.691","13.016","OSA2","4368","103","I5023","olald2018a","inhumation","R02146","C03058","0",\N,"crouched","right",\N,\N,"1","0","olald2018a","2024-06-03 22:24:47","robert@localhost","2024-06-03 22:24:47","robert@localhost"
"S10027","48.691","13.016","OSA2","4368","103","I5529","olald2018a","inhumation","R02147","C03059","0",\N,"crouched","left","0",\N,"1","0","olald2018a","2024-06-03 22:24:47","robert@localhost","2024-06-03 22:24:47","robert@localhost"
"S10027","48.691","13.016","OSA2","4368","103",\N,\N,"inhumation","R02148","C03060","0",\N,\N,\N,\N,\N,"0","0","olald2018a","2024-06-03 22:24:47","robert@localhost","2024-06-03 22:24:47","robert@localhost"
"S10028","48.664","13.074","BRG1","4743","131","I5019","olald2018a","inhumation","R02149","C03061","0",\N,\N,\N,\N,\N,"1","0","olald2018a","2024-06-03 22:24:47","robert@localhost","2024-06-03 22:24:47","robert@localhost"
"S10028","48.664","13.074","BRG1","4743","131",\N,\N,\N,"R02150","C03062",\N,\N,\N,\N,\N,\N,"0","0","olald2018a","2024-06-03 22:24:47","robert@localhost","2024-06-03 22:24:47","robert@localhost"
"S10028","48.664","13.074","BRG1","4743","131",\N,\N,\N,"R02151","C03063",\N,\N,\N,\N,\N,\N,"0","0","olald2018a","2024-06-03 22:24:47","robert@localhost","2024-06-03 22:24:47","robert@localhost"
"S10028","48.664","13.074","BRG1","4743","131",\N,\N,\N,"R02152","C03064",\N,\N,\N,\N,\N,\N,"0","0","olald2018a","2024-06-03 22:24:47","robert@localhost","2024-06-03 22:24:47","robert@localhost"
"S10028","48.664","13.074","BRG1","4743","131",\N,\N,\N,"R02153","C03065",\N,\N,\N,\N,\N,\N,"0","0","olald2018a","2024-06-03 22:24:47","robert@localhost","2024-06-03 22:24:47","robert@localhost"
"S10028","48.664","13.074","BRG1","4743","131",\N,\N,\N,"R02154","C03066",\N,\N,\N,\N,\N,\N,"0","0","olald2018a","2024-06-03 22:24:47","robert@localhost","2024-06-03 22:24:47","robert@localhost"
"S10028","48.664","13.074","BRG1","4743","131","I3607","olald2018a","inhumation","R02155","C03067","0",\N,"crouched","left",\N,\N,"1","0","olald2018a","2024-06-03 22:24:47","robert@localhost","2024-06-03 22:24:47","robert@localhost"
"S10028","48.664","13.074","BRG1","4743","131",\N,\N,\N,"R02156","C03068",\N,\N,\N,\N,\N,\N,"0","0","olald2018a","2024-06-03 22:24:47","robert@localhost","2024-06-03 22:24:47","robert@localhost"
"S10028","48.664","13.074","BRG1","4743","131","I3604","olald2018a","inhumation","R02157","C03069","0",\N,"crouched","left",\N,\N,"0","0","olald2018a","2024-06-03 22:24:47","robert@localhost","2024-06-03 22:24:47","robert@localhost"
"S10029","48.883","12.533","ALB1","4271","62","I3587","olald2018a","inhumation","R02158","C03070","0",\N,"crouched","left",\N,\N,"1","0","olald2018a","2024-06-03 22:24:47","robert@localhost","2024-06-03 22:24:47","robert@localhost"
"S10029","48.883","12.533","ALB1","4271","62","I3588","olald2018a","inhumation","R02159","C03071","0",\N,"crouched","left",\N,\N,"0","0","olald2018a","2024-06-03 22:24:47","robert@localhost","2024-06-03 22:24:47","robert@localhost"
"S10029","48.883","12.533","ALB1","4271","62","I3589","olald2018a","inhumation","R02160","C03072","0",\N,"crouched","left","0",\N,"1","0","olald2018a","2024-06-03 22:24:47","robert@localhost","2024-06-03 22:24:47","robert@localhost"
"S10029","48.883","12.533","ALB1","4271","62","I3590","olald2018a","inhumation","R02161","C03073","0",\N,"crouched","right",\N,\N,"1","0","olald2018a","2024-06-03 22:24:47","robert@localhost","2024-06-03 22:24:47","robert@localhost"
"S10029","48.883","12.533","ALB1","4271","62",\N,\N,"inhumation","R02162","C03074","0",\N,"crouched",\N,\N,\N,"0","0","olald2018a","2024-06-03 22:24:47","robert@localhost","2024-06-03 22:24:47","robert@localhost"
"S10029","48.883","12.533","ALB1","4271","62","I3593","olald2018a","inhumation","R02163","C03075","0",\N,"crouched","right",\N,\N,"0","0","olald2018a","2024-06-03 22:24:47","robert@localhost","2024-06-03 22:24:47","robert@localhost"
"S10029","48.883","12.533","ALB1","4271","62",\N,\N,"inhumation","R02164","C03076","0",\N,"crouched",\N,\N,\N,"0","0","olald2018a","2024-06-03 22:24:47","robert@localhost","2024-06-03 22:24:47","robert@localhost"
"S10029","48.883","12.533","ALB1","4271","62","I3592","olald2018a","inhumation","R02165","C03077","0",\N,"crouched","right",\N,\N,"0","0","olald2018a","2024-06-03 22:24:47","robert@localhost","2024-06-03 22:24:47","robert@localhost"
"S10029","48.883","12.533","ALB1","4271","62","I3594","olald2018a","inhumation","R02166","C03078","0",\N,"crouched",\N,"180",\N,"1","0","olald2018a","2024-06-03 22:24:47","robert@localhost","2024-06-03 22:24:47","robert@localhost"
"S10029","48.883","12.533","ALB1","4271","62",\N,\N,"inhumation","R02167","C03079","0",\N,"crouched",\N,\N,\N,"0","0","olald2018a","2024-06-03 22:24:47","robert@localhost","2024-06-03 22:24:47","robert@localhost"
"S10029","48.883","12.533","ALB1","4271","62",\N,\N,"inhumation","R02168","C03080","0",\N,"crouched",\N,\N,\N,"0","0","olald2018a","2024-06-03 22:24:47","robert@localhost","2024-06-03 22:24:47","robert@localhost"
"S10029","48.883","12.533","ALB1","4271","62","I3596","olald2018a","inhumation","R02169","C03081","0",\N,"crouched","left",\N,\N,"1","0","olald2018a","2024-06-03 22:24:47","robert@localhost","2024-06-03 22:24:47","robert@localhost"
"S10029","48.883","12.533","ALB1","4271","62","I3597","olald2018a","inhumation","R02170","C03082","0",\N,"crouched","left",\N,\N,"0","0","olald2018a","2024-06-03 22:24:47","robert@localhost","2024-06-03 22:24:47","robert@localhost"
"S10029","48.883","12.533","ALB1","4271","62","I3599","olald2018a","inhumation","R02171","C03083","0",\N,"crouched","left",\N,\N,"0","0","olald2018a","2024-06-03 22:24:47","robert@localhost","2024-06-03 22:24:47","robert@localhost"
"S10029","48.883","12.533","ALB1","4271","62","I3600","olald2018a","inhumation","R02172","C03084","0",\N,"crouched","left",\N,\N,"1","0","olald2018a","2024-06-03 22:24:47","robert@localhost","2024-06-03 22:24:47","robert@localhost"
"S10029","48.883","12.533","ALB1","4271","62","I3601","olald2018a","inhumation","R02173","C03085","0",\N,"crouched","right",\N,\N,"0","0","olald2018a","2024-06-03 22:24:47","robert@localhost","2024-06-03 22:24:47","robert@localhost"
"S10029","48.883","12.533","ALB1","4271","62","I3602","olald2018a","inhumation","R02174","C03086","0",\N,"crouched","right",\N,\N,"0","0","olald2018a","2024-06-03 22:24:47","robert@localhost","2024-06-03 22:24:47","robert@localhost"
"S10029","48.883","12.533","ALB1","4271","62",\N,\N,"inhumation","R02175","C03087","0",\N,"crouched",\N,\N,\N,"0","0","olald2018a","2024-06-03 22:24:47","robert@localhost","2024-06-03 22:24:47","robert@localhost"
"S10029","48.883","12.533","ALB1","4271","62",\N,\N,"inhumation","R02176","C03088","0",\N,"crouched",\N,\N,\N,"0","0","olald2018a","2024-06-03 22:24:47","robert@localhost","2024-06-03 22:24:47","robert@localhost"
"S07458","48.850","12.767","IRL2","4272","61","I6591","olald2018a","inhumation","R02177","C03089","0",\N,"crouched","left","0",\N,"0","0","olald2018a","2024-06-03 22:24:47","robert@localhost","2024-06-03 22:24:47","robert@localhost"
"S07458","48.850","12.767","IRL2","4272","61","I6590","olald2018a","inhumation","R02178","C03090","0",\N,"crouched","right","0",\N,"0","0","olald2018a","2024-06-03 22:24:47","robert@localhost","2024-06-03 22:24:47","robert@localhost"
"S07458","48.850","12.767","IRL2","4272","61",\N,\N,"inhumation","R02179","C03091","0",\N,\N,\N,\N,\N,"0","0","olald2018a","2024-06-03 22:24:47","robert@localhost","2024-06-03 22:24:47","robert@localhost"
"S07458","48.850","12.767","IRL2","4272","61","I4248","olald2018a","inhumation","R02180","C03092","0",\N,"crouched","left","0",\N,"0","0","olald2018a","2024-06-03 22:24:47","robert@localhost","2024-06-03 22:24:47","robert@localhost"
"S07458","48.850","12.767","IRL2","4272","61","I4249","olald2018a","inhumation","R02181","C03093","0",\N,"crouched","right","0",\N,"0","0","olald2018a","2024-06-03 22:24:47","robert@localhost","2024-06-03 22:24:47","robert@localhost"
"S07458","48.850","12.767","IRL2","4272","61","I4250","olald2018a","inhumation","R02182","C03094","0",\N,"crouched","right","0",\N,"0","0","olald2018a","2024-06-03 22:24:47","robert@localhost","2024-06-03 22:24:47","robert@localhost"
"S07458","48.850","12.767","IRL2","4272","61","I5655","olald2018a","inhumation","R02183","C03095","0",\N,"extended","right","180","270","1","0","olald2018a","2024-06-03 22:24:47","robert@localhost","2024-06-03 22:24:47","robert@localhost"
"S07458","48.850","12.767","IRL2","4272","61","I5656","olald2018a","inhumation","R02184","C03096","0",\N,\N,\N,\N,\N,"0","0","olald2018a","2024-06-03 22:24:47","robert@localhost","2024-06-03 22:24:47","robert@localhost"
"S07458","48.850","12.767","IRL2","4272","61","I5657 /  RISE921","olald2018a","inhumation","R02185","C03097","0",\N,"crouched","left","0",\N,"0","0","olald2018a","2024-06-03 22:24:47","robert@localhost","2024-06-03 22:24:47","robert@localhost"
"S07458","48.850","12.767","IRL2","4272","61","I5658","olald2018a","inhumation","R02186","C03098","0",\N,"crouched","right","0",\N,"0","0","olald2018a","2024-06-03 22:24:47","robert@localhost","2024-06-03 22:24:47","robert@localhost"
"S07458","48.850","12.767","IRL2","4272","61","I5659","olald2018a","inhumation","R02187","C03099","0",\N,"crouched","left","0",\N,"0","0","olald2018a","2024-06-03 22:24:47","robert@localhost","2024-06-03 22:24:47","robert@localhost"
"S07458","48.850","12.767","IRL2","4272","61","I5833","olald2018a","inhumation","R02188","C03100","0",\N,"crouched","left","0",\N,"0","0","olald2018a","2024-06-03 22:24:47","robert@localhost","2024-06-03 22:24:47","robert@localhost"
"S07458","48.850","12.767","IRL2","4272","61",\N,\N,"inhumation","R02189","C03101","0",\N,\N,\N,\N,\N,"0","0","olald2018a","2024-06-03 22:24:47","robert@localhost","2024-06-03 22:24:47","robert@localhost"
"S07458","48.850","12.767","IRL2","4272","61",\N,\N,"inhumation","R02190","C03102","0",\N,\N,\N,\N,\N,"0","0","olald2018a","2024-06-03 22:24:47","robert@localhost","2024-06-03 22:24:47","robert@localhost"
"S07458","48.850","12.767","IRL2","4272","61","I5660","olald2018a","inhumation","R02191","C03103","0",\N,"crouched","left","180","270","1","0","olald2018a","2024-06-03 22:24:47","robert@localhost","2024-06-03 22:24:47","robert@localhost"
"S07458","48.850","12.767","IRL2","4272","61",\N,\N,"inhumation","R02192","C03104","0",\N,\N,\N,\N,\N,"0","0","olald2018a","2024-06-03 22:24:47","robert@localhost","2024-06-03 22:24:47","robert@localhost"
"S07458","48.850","12.767","IRL2","4272","61","I5661","olald2018a","inhumation","R02193","C03105","0",\N,"crouched","left","0",\N,"0","0","olald2018a","2024-06-03 22:24:47","robert@localhost","2024-06-03 22:24:47","robert@localhost"
"S07458","48.850","12.767","IRL2","4272","61","I5834","olald2018a","inhumation","R02194","C03106","0",\N,"extended","left","0",\N,"0","0","olald2018a","2024-06-03 22:24:47","robert@localhost","2024-06-03 22:24:47","robert@localhost"
"S07458","48.850","12.767","IRL2","4272","61",\N,\N,"inhumation","R02195","C03107","0",\N,\N,\N,\N,\N,"0","0","olald2018a","2024-06-03 22:24:47","robert@localhost","2024-06-03 22:24:47","robert@localhost"
"S07458","48.850","12.767","IRL2","4272","61","I5663","olald2018a","inhumation","R02196","C03108","0",\N,"crouched","left","0",\N,"0","0","olald2018a","2024-06-03 22:24:47","robert@localhost","2024-06-03 22:24:47","robert@localhost"
"S07458","48.850","12.767","IRL2","4272","61","I5835","olald2018a","inhumation","R02197","C03109","0",\N,"crouched","left","0",\N,"0","0","olald2018a","2024-06-03 22:24:47","robert@localhost","2024-06-03 22:24:47","robert@localhost"
"S07458","48.850","12.767","IRL2","4272","61",\N,\N,"inhumation","R02198","C03110","0",\N,\N,\N,\N,\N,"0","0","olald2018a","2024-06-03 22:24:47","robert@localhost","2024-06-03 22:24:47","robert@localhost"
"S07458","48.850","12.767","IRL2","4272","61","I6624","olald2018a","inhumation","R02199","C03111","0",\N,"crouched","right","180","270","0","0","olald2018a","2024-06-03 22:24:47","robert@localhost","2024-06-03 22:24:47","robert@localhost"
"S07458","48.850","12.767","IRL2","4272","61",\N,\N,"inhumation","R02200","C03112","0",\N,\N,\N,\N,\N,"0","0","olald2018a","2024-06-03 22:24:47","robert@localhost","2024-06-03 22:24:47","robert@localhost"
"S07458","48.850","12.767","IRL2","4272","61",\N,\N,"inhumation","R02201","C03113","0",\N,\N,\N,\N,\N,"0","0","olald2018a","2024-06-03 22:24:47","robert@localhost","2024-06-03 22:24:47","robert@localhost"
"S10030","48.711","11.453","MAN1","8418","219","I5527","olald2018a","inhumation","R02202","C03114","0",\N,"crouched","right","180",\N,"0","0","olald2018a","2024-06-03 22:24:47","robert@localhost","2024-06-03 22:24:47","robert@localhost"
"S10030","48.711","11.453","MAN1","8418","219",\N,\N,"inhumation","R02203","C03115","0",\N,"crouched","left","0",\N,"1","0","olald2018a","2024-06-03 22:24:47","robert@localhost","2024-06-03 22:24:47","robert@localhost"
"S10030","48.711","11.453","MAN1","8418","219",\N,\N,"inhumation","R02204","C03116","0",\N,"crouched","right","180",\N,"1","0","olald2018a","2024-06-03 22:24:47","robert@localhost","2024-06-03 22:24:47","robert@localhost"
"S10030","48.711","11.453","MAN1","8418","219","I5014","olald2018a","inhumation","R02205","C03117","0",\N,"crouched","right","180",\N,"1","0","olald2018a","2024-06-03 22:24:47","robert@localhost","2024-06-03 22:24:47","robert@localhost"
"S10031","48.706","11.325","WEI1","5757","168","I6482","olald2018a","inhumation","R02206","C03118","0",\N,\N,\N,\N,\N,"0","0","olald2018a","2024-06-03 22:24:47","robert@localhost","2024-06-03 22:24:47","robert@localhost"
"S10031","48.706","11.325","WEI1","5757","168","I5531","olald2018a","inhumation","R02207","C03119","0",\N,\N,\N,\N,\N,"0","0","olald2018a","2024-06-03 22:24:47","robert@localhost","2024-06-03 22:24:47","robert@localhost"
"S10031","48.706","11.325","WEI1","5757","168","I6481","olald2018a","inhumation","R02208","C03120","0",\N,\N,\N,\N,\N,"0","0","price2004a","2024-06-03 22:24:47","robert@localhost","2024-06-03 22:24:47","robert@localhost"
"S10031","48.706","11.325","WEI1","5757","168",\N,\N,"inhumation","R02209","C03121","0",\N,\N,\N,\N,\N,"0","0","price2004a","2024-06-03 22:24:47","robert@localhost","2024-06-03 22:24:47","robert@localhost"
"S10031","48.706","11.325","WEI1","5757","168",\N,\N,"inhumation","R02210","C03122","0",\N,\N,\N,\N,\N,"0","0","price2004a","2024-06-03 22:24:47","robert@localhost","2024-06-03 22:24:47","robert@localhost"
"S10031","48.706","11.325","WEI1","5757","168",\N,\N,"inhumation","R02211","C03123","0",\N,\N,\N,\N,\N,"0","0","price2004a","2024-06-03 22:24:47","robert@localhost","2024-06-03 22:24:47","robert@localhost"
"S10031","48.706","11.325","WEI1","5757","168",\N,\N,"inhumation","R02212","C03124","0",\N,\N,\N,\N,\N,"0","0","price2004a","2024-06-03 22:24:47","robert@localhost","2024-06-03 22:24:47","robert@localhost"
"S10031","48.706","11.325","WEI1","5757","168",\N,\N,"inhumation","R02213","C03125","0",\N,\N,\N,\N,\N,"0","0","price2004a","2024-06-03 22:24:47","robert@localhost","2024-06-03 22:24:47","robert@localhost"
"S10031","48.706","11.325","WEI1","5757","168",\N,\N,"inhumation","R02214","C03126","0",\N,\N,\N,\N,\N,"0","0","price2004a","2024-06-03 22:24:47","robert@localhost","2024-06-03 22:24:47","robert@localhost"
"S10031","48.706","11.325","WEI1","5757","168","I5530","olald2018a","inhumation","R02215","C03127","0",\N,\N,\N,\N,\N,"0","0","price2004a","2024-06-03 22:24:47","robert@localhost","2024-06-03 22:24:47","robert@localhost"
"S10031","48.706","11.325","WEI1","5757","168",\N,\N,"inhumation","R02216","C03128","0",\N,\N,\N,\N,\N,"0","0","price2004a","2024-06-03 22:24:47","robert@localhost","2024-06-03 22:24:47","robert@localhost"
"S10032","49.653","8.328","WOR1","4947","256","I5836","olald2018a","inhumation","R02217","C03129","0",\N,\N,\N,"90",\N,"1","0","zylma1995a","2024-06-03 22:24:47","robert@localhost","2024-06-03 22:24:47","robert@localhost"
"S10033","50.155","14.318","VELPR2","5832","156",\N,\N,\N,"R02218","C03130",\N,\N,\N,\N,\N,\N,"0","0","olald2018a","2024-06-03 22:24:47","robert@localhost","2024-06-03 22:24:47","robert@localhost"
"S10033","50.155","14.318","VELPR2","5832","156",\N,\N,\N,"R02219","C03131",\N,\N,\N,\N,\N,\N,"0","0","olald2018a","2024-06-03 22:24:47","robert@localhost","2024-06-03 22:24:47","robert@localhost"
"S10033","50.155","14.318","VELPR2","5832","156",\N,\N,\N,"R02220","C03132",\N,\N,\N,\N,\N,\N,"0","0","olald2018a","2024-06-03 22:24:47","robert@localhost","2024-06-03 22:24:47","robert@localhost"
"S10033","50.155","14.318","VELPR2","5832","156",\N,\N,\N,"R02221","C03133",\N,\N,\N,\N,\N,\N,"0","0","olald2018a","2024-06-03 22:24:47","robert@localhost","2024-06-03 22:24:47","robert@localhost"
"S10033","50.155","14.318","VELPR2","5832","156",\N,\N,\N,"R02222","C03134",\N,\N,\N,\N,\N,\N,"0","0","olald2018a","2024-06-03 22:24:47","robert@localhost","2024-06-03 22:24:47","robert@localhost"
"S10033","50.155","14.318","VELPR2","5832","156",\N,\N,\N,"R02223","C03135",\N,\N,\N,\N,\N,\N,"0","0","olald2018a","2024-06-03 22:24:47","robert@localhost","2024-06-03 22:24:47","robert@localhost"
"S10033","50.155","14.318","VELPR2","5832","156",\N,\N,\N,"R02224","C03136",\N,\N,\N,\N,\N,\N,"0","0","olald2018a","2024-06-03 22:24:47","robert@localhost","2024-06-03 22:24:47","robert@localhost"
"S10033","50.155","14.318","VELPR2","5832","156",\N,\N,\N,"R02225","C03137",\N,\N,\N,\N,\N,\N,"0","0","olald2018a","2024-06-03 22:24:47","robert@localhost","2024-06-03 22:24:47","robert@localhost"
"S10033","50.155","14.318","VELPR2","5832","156",\N,\N,\N,"R02226","C03138",\N,\N,\N,\N,\N,\N,"0","0","olald2018a","2024-06-03 22:24:47","robert@localhost","2024-06-03 22:24:47","robert@localhost"
"S10033","50.155","14.318","VELPR2","5832","156",\N,\N,\N,"R02227","C03139",\N,\N,\N,\N,\N,\N,"0","0","olald2018a","2024-06-03 22:24:47","robert@localhost","2024-06-03 22:24:47","robert@localhost"
"S10033","50.155","14.318","VELPR2","5832","156",\N,\N,\N,"R02228","C03140",\N,\N,\N,\N,\N,\N,"0","0","olald2018a","2024-06-03 22:24:47","robert@localhost","2024-06-03 22:24:47","robert@localhost"
"S10033","50.155","14.318","VELPR2","5832","156",\N,\N,\N,"R02229","C03141",\N,\N,\N,\N,\N,\N,"0","0","olald2018a","2024-06-03 22:24:47","robert@localhost","2024-06-03 22:24:47","robert@localhost"
"S10033","50.155","14.318","VELPR2","5832","156",\N,\N,\N,"R02230","C03142",\N,\N,\N,\N,\N,\N,"0","0","olald2018a","2024-06-03 22:24:47","robert@localhost","2024-06-03 22:24:47","robert@localhost"
"S10033","50.155","14.318","VELPR3","5180","305","I6480","papac2021a","inhumation","R02231","C03143","0",\N,\N,"left","0",\N,"0","0","olald2018a","2024-06-03 22:24:47","robert@localhost","2024-06-03 22:24:47","robert@localhost"
"S10033","50.155","14.318","VELPR3","5180","305","I6468","papac2021a","inhumation","R02232","C03144","0",\N,\N,"right","180",\N,"1","0","olald2018a","2024-06-03 22:24:47","robert@localhost","2024-06-03 22:24:47","robert@localhost"
"S10033","50.155","14.318","VELPR3","5180","305",\N,\N,\N,"R02233","C03145",\N,\N,\N,\N,\N,\N,"0","0","olald2018a","2024-06-03 22:24:47","robert@localhost","2024-06-03 22:24:47","robert@localhost"
"S10033","50.155","14.318","VELPR3","5180","305",\N,\N,\N,"R02234","C03146",\N,\N,\N,\N,\N,\N,"0","0","olald2018a","2024-06-03 22:24:47","robert@localhost","2024-06-03 22:24:47","robert@localhost"
"S10033","50.155","14.318","VELPR3","5180","305",\N,\N,\N,"R02235","C03147",\N,\N,\N,\N,\N,\N,"0","0","olald2018a","2024-06-03 22:24:47","robert@localhost","2024-06-03 22:24:47","robert@localhost"
"S10033","50.155","14.318","VELPR3","5180","305",\N,\N,\N,"R02236","C03148",\N,\N,\N,\N,\N,\N,"0","0","olald2018a","2024-06-03 22:24:47","robert@localhost","2024-06-03 22:24:47","robert@localhost"
"S10033","50.155","14.318","VELPR3","5180","305",\N,\N,\N,"R02237","C03149",\N,\N,\N,\N,\N,\N,"0","0","olald2018a","2024-06-03 22:24:47","robert@localhost","2024-06-03 22:24:47","robert@localhost"
"S10033","50.155","14.318","VELPR3","5180","305",\N,\N,\N,"R02238","C03150",\N,\N,\N,\N,\N,\N,"0","0","olald2018a","2024-06-03 22:24:47","robert@localhost","2024-06-03 22:24:47","robert@localhost"
"S10033","50.155","14.318","VELPR4","4017","86","I4139","papac2021a",\N,"R02239","C03151",\N,\N,\N,\N,\N,\N,"0","0","olald2018a","2024-06-03 22:24:47","robert@localhost","2024-06-03 22:24:47","robert@localhost"
"S10033","50.155","14.318","VELPR4","4017","86",\N,\N,\N,"R02240","C03152",\N,\N,\N,\N,\N,\N,"0","0","olald2018a","2024-06-03 22:24:47","robert@localhost","2024-06-03 22:24:47","robert@localhost"
"S10033","50.155","14.318","VELPR4","4017","86",\N,\N,\N,"R02241","C03153",\N,\N,\N,\N,\N,\N,"0","0","olald2018a","2024-06-03 22:24:47","robert@localhost","2024-06-03 22:24:47","robert@localhost"
"S10033","50.155","14.318","VELPR4","4017","86",\N,\N,\N,"R02242","C03154",\N,\N,\N,\N,\N,\N,"0","0","olald2018a","2024-06-03 22:24:47","robert@localhost","2024-06-03 22:24:47","robert@localhost"
"S10033","50.155","14.318","VELPR4","4017","86",\N,\N,\N,"R02243","C03155",\N,\N,\N,\N,\N,\N,"0","0","olald2018a","2024-06-03 22:24:47","robert@localhost","2024-06-03 22:24:47","robert@localhost"
"S10034","50.050","14.351","PRJIN5","4273","133","I4946","papac2021a","inhumation","R02244","C03156","0",\N,"crouched","right","180","270","1","0","horak2008a","2024-06-03 22:24:47","robert@localhost","2024-06-03 22:24:47","robert@localhost"
"S10034","50.050","14.351","PRJIN5","4273","133",\N,\N,"inhumation","R02245","C03157","0",\N,"crouched","left","0",\N,"1","0","horak2008a","2024-06-03 22:24:47","robert@localhost","2024-06-03 22:24:47","robert@localhost"
"S10034","50.050","14.351","PRJIN5","4273","133","I4895","papac2021a","inhumation","R02246","C03158","0",\N,"crouched","left","0",\N,"1","0","horak2008a","2024-06-03 22:24:47","robert@localhost","2024-06-03 22:24:47","robert@localhost"
"S10034","50.050","14.351","PRJIN5","4273","133","I4947","papac2021a","inhumation","R02247","C03159","0",\N,"crouched","right","180","270","1","0","horak2008a","2024-06-03 22:24:47","robert@localhost","2024-06-03 22:24:47","robert@localhost"
"S10034","50.050","14.351","PRJIN5","4273","133","I4896","papac2021a","inhumation","R02248","C03160","0",\N,"crouched","left","0",\N,"1","0","horak2008a","2024-06-03 22:24:47","robert@localhost","2024-06-03 22:24:47","robert@localhost"
"S10034","50.050","14.351","PRJIN5","4273","133","I5514","papac2021a","inhumation","R02249","C03161","0",\N,"crouched","left","0",\N,"1","0","horak2008a","2024-06-03 22:24:47","robert@localhost","2024-06-03 22:24:47","robert@localhost"
"S10034","50.050","14.351","PRJIN6","3997","90","I11160","patte2021a","inhumation","R02250","C03162","0",\N,\N,\N,"0",\N,"1","0","petri2009a","2024-06-03 22:24:47","robert@localhost","2024-06-03 22:24:47","robert@localhost"
"S10034","50.050","14.351","PRJIN6","3997","90","I14185","patte2021a","inhumation","R02251","C03163","0",\N,"crouched","right","180",\N,"1","0","petri2009a","2024-06-03 22:24:47","robert@localhost","2024-06-03 22:24:47","robert@localhost"
"S10034","50.050","14.351","PRJIN6","3997","90",\N,\N,"inhumation","R02252","C03164","0",\N,"crouched",\N,\N,\N,"1","0","petri2009a","2024-06-03 22:24:47","robert@localhost","2024-06-03 22:24:47","robert@localhost"
"S10034","50.050","14.351","PRJIN6","3997","90","I14188","patte2021a","inhumation","R02253","C03166","0",\N,\N,\N,\N,\N,"0","0","velem1998a","2024-06-03 22:24:47","robert@localhost","2024-06-03 22:24:47","robert@localhost"
"S10034","50.050","14.351","PRJIN6","3997","90","I14585","patte2021a","inhumation","R02254","C03167","0",\N,\N,\N,\N,\N,"1","0","velem1998a","2024-06-03 22:24:47","robert@localhost","2024-06-03 22:24:47","robert@localhost"
"S10034","50.050","14.351","PRJIN6","3997","90","I14191","patte2021a","inhumation","R02255","C03168","0",\N,\N,\N,\N,\N,"0","0","velem1998a","2024-06-03 22:24:47","robert@localhost","2024-06-03 22:24:47","robert@localhost"
"S10034","50.050","14.351","PRJIN6","3997","90",\N,\N,"inhumation","R02256","C03169","0",\N,"crouched","right","160",\N,"1","0","petri2009a","2024-06-03 22:24:47","robert@localhost","2024-06-03 22:24:47","robert@localhost"
"S10034","50.050","14.351","PRJIN6","3997","90",\N,\N,"inhumation","R02257","C03170","0",\N,"crouched","right","160",\N,"1","0","petri2009a","2024-06-03 22:24:47","robert@localhost","2024-06-03 22:24:47","robert@localhost"
"S10034","50.050","14.351","PRJIN6","3997","90","I14186","patte2021a","inhumation","R02258","C03171","0",\N,"crouched","right","150",\N,"1","0","petri2009a","2024-06-03 22:24:47","robert@localhost","2024-06-03 22:24:47","robert@localhost"
"S10034","50.050","14.351","PRJIN6","3997","90","I15825","patte2021a","inhumation","R02259","C03172","0",\N,\N,\N,"190",\N,"1","0","petri2009a","2024-06-03 22:24:47","robert@localhost","2024-06-03 22:24:47","robert@localhost"
"S10034","50.050","14.351","PRJIN6","3997","90","I14189","patte2021a","inhumation","R02260","C03173","0",\N,\N,\N,\N,\N,"0","0","velem1998a","2024-06-03 22:24:47","robert@localhost","2024-06-03 22:24:47","robert@localhost"
"S10034","50.050","14.351","PRJIN6","3997","90",\N,\N,"inhumation","R02261","C03174","0",\N,\N,\N,\N,\N,"0","0","velem1998a","2024-06-03 22:24:47","robert@localhost","2024-06-03 22:24:47","robert@localhost"
"S10034","50.050","14.351","PRJIN6","3997","90","PRAJIN54","papac2021a","inhumation","R02262","C03175","0",\N,"crouched","right","190",\N,"1","0","petri2009a","2024-06-03 22:24:47","robert@localhost","2024-06-03 22:24:47","robert@localhost"
"S10034","50.050","14.351","PRJIN6","3997","90",\N,\N,"inhumation","R02263","C03176","0",\N,\N,\N,"230",\N,"1","0","velem1998a","2024-06-03 22:24:47","robert@localhost","2024-06-03 22:24:47","robert@localhost"
"S10034","50.050","14.351","PRJIN6","3997","90",\N,\N,"inhumation","R02264","C03177","0",\N,\N,\N,\N,\N,"0","0","velem1998a","2024-06-03 22:24:47","robert@localhost","2024-06-03 22:24:47","robert@localhost"
"S10034","50.050","14.351","PRJIN6","3997","90","PRAJIN59","papac2021a","inhumation","R02265","C03178","0",\N,"crouched","right","190",\N,"1","0","petri2009a","2024-06-03 22:24:47","robert@localhost","2024-06-03 22:24:47","robert@localhost"
"S10034","50.050","14.351","PRJIN6","3997","90",\N,\N,"inhumation","R02266","C03179","0",\N,\N,\N,\N,\N,"0","0","petri2009a","2024-06-03 22:24:47","robert@localhost","2024-06-03 22:24:47","robert@localhost"
"S10034","50.050","14.351","PRJIN6","3997","90",\N,\N,"inhumation","R02267","C03180","0",\N,\N,\N,\N,\N,"1","0","petri2009a","2024-06-03 22:24:47","robert@localhost","2024-06-03 22:24:47","robert@localhost"
"S10034","50.050","14.351","PRJIN6","3997","90","I14192","patte2021a","inhumation","R02268","C03181","0",\N,\N,\N,\N,\N,"0","0","velem1998a","2024-06-03 22:24:47","robert@localhost","2024-06-03 22:24:47","robert@localhost"
"S10034","50.050","14.351","PRJIN6","3997","90",\N,\N,"inhumation","R02269","C03182","0",\N,\N,\N,\N,\N,"0","0","velem1998a","2024-06-03 22:24:47","robert@localhost","2024-06-03 22:24:47","robert@localhost"
"S10034","50.050","14.351","PRJIN6","3997","90",\N,\N,"inhumation","R02270","C03183","0",\N,\N,\N,\N,\N,"1","0","velem1998a","2024-06-03 22:24:47","robert@localhost","2024-06-03 22:24:47","robert@localhost"
"S10034","50.050","14.351","PRJIN6","3997","90",\N,\N,"inhumation","R02271","C03184","0",\N,\N,\N,\N,\N,"0","0","velem1998a","2024-06-03 22:24:47","robert@localhost","2024-06-03 22:24:47","robert@localhost"
"S10034","50.050","14.351","PRJIN6","3997","90",\N,\N,"inhumation","R02272","C03187","0",\N,"crouched","right","170",\N,"1","0","petri2009a","2024-06-03 22:24:47","robert@localhost","2024-06-03 22:24:47","robert@localhost"
"S10034","50.050","14.351","PRJIN6","3997","90","I14193","patte2021a","inhumation","R02273","C03189","0",\N,"crouched","right","190",\N,"1","0","petri2009a","2024-06-03 22:24:47","robert@localhost","2024-06-03 22:24:47","robert@localhost"
"S10034","50.050","14.351","PRJIN6","3997","90","PRAJIN84 (2)","papac2021a","inhumation","R02274","C03190","0",\N,"crouched","right","190",\N,"1","0","petri2009a","2024-06-03 22:24:47","robert@localhost","2024-06-03 22:24:47","robert@localhost"
"S10034","50.050","14.351","PRJIN6","3997","90",\N,\N,"inhumation","R02275","C03192","0",\N,"crouched","right","0",\N,"1","0","petri2009a","2024-06-03 22:24:47","robert@localhost","2024-06-03 22:24:47","robert@localhost"
"S10034","50.050","14.351","PRJIN6","3997","90",\N,\N,"inhumation","R02276","C03193","0",\N,\N,\N,\N,\N,"1","0","petri2009a","2024-06-03 22:24:47","robert@localhost","2024-06-03 22:24:47","robert@localhost"
"S10034","50.050","14.351","PRJIN6","3997","90",\N,\N,"inhumation","R02277","C03194","0",\N,\N,\N,\N,\N,"0","0","velem1998a","2024-06-03 22:24:47","robert@localhost","2024-06-03 22:24:47","robert@localhost"
"S10034","50.050","14.351","PRJIN6","3997","90",\N,\N,"inhumation","R02278","C03195","0",\N,\N,\N,\N,\N,"0","0","velem1998a","2024-06-03 22:24:47","robert@localhost","2024-06-03 22:24:47","robert@localhost"
"S10034","50.050","14.351","PRJIN6","3997","90","I11158","patte2021a","inhumation","R02279","C03196","0",\N,\N,\N,\N,\N,"0","0","velem1998a","2024-06-03 22:24:47","robert@localhost","2024-06-03 22:24:47","robert@localhost"
"S10034","50.050","14.351","PRJIN6","3997","90","I11159","patte2021a","inhumation","R02280","C03197","0",\N,\N,\N,\N,\N,"0","0","velem1998a","2024-06-03 22:24:47","robert@localhost","2024-06-03 22:24:47","robert@localhost"
"S10034","50.050","14.351","PRJIN6","3997","90","PRAJIN88","papac2021a","inhumation","R02281","C03198","0",\N,"crouched","right","180",\N,"1","0","petri2009a","2024-06-03 22:24:47","robert@localhost","2024-06-03 22:24:47","robert@localhost"
"S10034","50.050","14.351","PRJIN6","3997","90",\N,\N,"inhumation","R02282","C03199","0",\N,\N,\N,\N,\N,"0","0","velem1998a","2024-06-03 22:24:47","robert@localhost","2024-06-03 22:24:47","robert@localhost"
"S10034","50.050","14.351","PRJIN6","3997","90",\N,\N,"inhumation","R02283","C03200","0",\N,\N,\N,\N,\N,"1","0","petri2009a","2024-06-03 22:24:47","robert@localhost","2024-06-03 22:24:47","robert@localhost"
"S10034","50.050","14.351","PRJIN6","3997","90",\N,\N,"inhumation","R02284","C03201","0",\N,"crouched","right","0",\N,"1","0","petri2009a","2024-06-03 22:24:47","robert@localhost","2024-06-03 22:24:47","robert@localhost"
"S10034","50.050","14.351","PRJIN6","3997","90",\N,\N,"inhumation","R02285","C03202","0",\N,\N,\N,\N,\N,"0","0","velem1998a","2024-06-03 22:24:47","robert@localhost","2024-06-03 22:24:47","robert@localhost"
"S10034","50.050","14.351","PRJIN6","3997","90",\N,\N,"inhumation","R02286","C03203","0",\N,"crouched","right",\N,\N,"1","0","petri2009a","2024-06-03 22:24:47","robert@localhost","2024-06-03 22:24:47","robert@localhost"
"S10034","50.050","14.351","PRJIN6","3997","90",\N,\N,"inhumation","R02287","C03204","0",\N,"crouched","right","180",\N,"1","0","petri2009a","2024-06-03 22:24:47","robert@localhost","2024-06-03 22:24:47","robert@localhost"
"S10034","50.050","14.351","PRJIN6","3997","90","PRAJIN94","papac2021a","inhumation","R02288","C03205","0",\N,\N,\N,\N,\N,"1","0","petri2009a","2024-06-03 22:24:47","robert@localhost","2024-06-03 22:24:47","robert@localhost"
"S10034","50.050","14.351","PRJIN6","3997","90",\N,\N,"inhumation","R02289","C03206","0",\N,\N,\N,\N,\N,"0","0","velem1998a","2024-06-03 22:24:47","robert@localhost","2024-06-03 22:24:47","robert@localhost"
"S10034","50.050","14.351","PRJIN6","3997","90","PRAJIN97","papac2021a","inhumation","R02290","C03207","0",\N,"crouched","right","180",\N,"1","0","petri2009a","2024-06-03 22:24:47","robert@localhost","2024-06-03 22:24:47","robert@localhost"
"S10034","50.050","14.351","PRJIN6","3997","90",\N,\N,"inhumation","R02291","C03208","0",\N,"crouched","right","170",\N,"1","0","petri2009a","2024-06-03 22:24:47","robert@localhost","2024-06-03 22:24:47","robert@localhost"
"S10035","50.122","14.457","PRKOB1","6479","234","I4893","papac2021a","inhumation","R02292","C03209","0",\N,\N,\N,\N,\N,"0","0","olald2018a","2024-06-03 22:24:47","robert@localhost","2024-06-03 22:24:47","robert@localhost"
"S10035","50.122","14.457","PRKOB2","4075","52","I4888","papac2021a","inhumation","R02297","C03214","0",\N,"crouched","left","0","90","1","0","olald2018a","2024-06-03 22:24:47","robert@localhost","2024-06-03 22:24:47","robert@localhost"
"S10035","50.122","14.457","PRKOB2","4075","52","I4889","papac2021a","inhumation","R02298","C03215","0",\N,"crouched","left","0","90","1","0","olald2018a","2024-06-03 22:24:47","robert@localhost","2024-06-03 22:24:47","robert@localhost"
"S10035","50.122","14.457","PRKOB2","4075","52","I4890","papac2021a","inhumation","R02299","C03216","0",\N,"crouched","left","0","90","1","0","olald2018a","2024-06-03 22:24:47","robert@localhost","2024-06-03 22:24:47","robert@localhost"
"S10035","50.122","14.457","PRKOB2","4075","52","I4891","papac2021a","inhumation","R02300","C03217","0",\N,"extended","back","0","90","1","0","olald2018a","2024-06-03 22:24:47","robert@localhost","2024-06-03 22:24:47","robert@localhost"
"S10035","50.122","14.457","PRKOB2","4075","52","I4945","papac2021a","inhumation","R02301","C03218","0",\N,"crouched","right","180","270","1","0","olald2018a","2024-06-03 22:24:47","robert@localhost","2024-06-03 22:24:47","robert@localhost"
"S10035","50.122","14.457","PRKOB3","3862","108","I4884","papac2021a","inhumation","R02302","C03219","0",\N,\N,\N,\N,\N,"0","0","olald2018a","2024-06-03 22:24:47","robert@localhost","2024-06-03 22:24:47","robert@localhost"
"S10035","50.122","14.457","PRKOB3","3862","108","I4892","papac2021a","inhumation","R02303","C03220","0",\N,\N,\N,\N,\N,"0","0","olald2018a","2024-06-03 22:24:47","robert@localhost","2024-06-03 22:24:47","robert@localhost"
"S08787","50.542","13.843","RDVE4","4271","94","I7205","papac2021a","inhumation","R02304","C03221","0",\N,"crouched","left","315","45","1","0","olald2018a","2024-06-03 22:24:47","robert@localhost","2024-06-03 22:24:47","robert@localhost"
"S08787","50.542","13.843","RDVE4","4271","94","I7210","papac2021a","inhumation","R02305","C03222","0",\N,"crouched","left","45","315","0","0","olald2018a","2024-06-03 22:24:47","robert@localhost","2024-06-03 22:24:47","robert@localhost"
"S08787","50.542","13.843","RDVE4","4271","94","I7212","papac2021a","inhumation","R02306","C03223","0",\N,"crouched","left","315","45","1","0","olald2018a","2024-06-03 22:24:47","robert@localhost","2024-06-03 22:24:47","robert@localhost"
"S08787","50.542","13.843","RDVE4","4271","94","I7211","papac2021a","inhumation","R02307","C03224","0",\N,"crouched","right","180","270","0","0","olald2018a","2024-06-03 22:24:47","robert@localhost","2024-06-03 22:24:47","robert@localhost"
"S08787","50.542","13.843","RDVE4","4271","94","I7213","papac2021a","inhumation","R02308","C03225","0",\N,"crouched","right","135","225","1","0","olald2018a","2024-06-03 22:24:47","robert@localhost","2024-06-03 22:24:47","robert@localhost"
"S08787","50.542","13.843","RDVE4","4271","94","I7282","papac2021a","inhumation","R02309","C03226","0",\N,"crouched","left","315","45","1","0","olald2018a","2024-06-03 22:24:47","robert@localhost","2024-06-03 22:24:47","robert@localhost"
"S08787","50.542","13.843","RDVE4","4271","94","I7283","papac2021a","inhumation","R02310","C03236","0",\N,"crouched","right","0","90","1","0","olald2018a","2024-06-03 22:24:47","robert@localhost","2024-06-03 22:24:47","robert@localhost"
"S10039","50.193","14.162","BRANDY4","4832","178","I7286","papac2021a","inhumation","R02311","C03237","0",\N,"crouched","left","315","45","1","0","olald2018a","2024-06-03 22:24:47","robert@localhost","2024-06-03 22:24:47","robert@localhost"
"S10039","50.193","14.162","BRANDY4","4832","178","I7287","papac2021a","inhumation","R02312","C03238","0",\N,"crouched",\N,\N,\N,"1","0","olald2018a","2024-06-03 22:24:47","robert@localhost","2024-06-03 22:24:47","robert@localhost"
"S10039","50.193","14.162","BRANDY4","4832","178","I7288","papac2021a","inhumation","R02313","C03239","0",\N,"crouched","left","315","45","1","0","olald2018a","2024-06-03 22:24:47","robert@localhost","2024-06-03 22:24:47","robert@localhost"
"S10039","50.193","14.162","BRANDY4","4832","178","I7289","papac2021a","inhumation","R02314","C03240","0",\N,"crouched","left","45","315","0","0","olald2018a","2024-06-03 22:24:47","robert@localhost","2024-06-03 22:24:47","robert@localhost"
"S10039","50.193","14.162","BRANDY4","4832","178","I7290","papac2021a","inhumation","R02315","C03241","0",\N,"crouched","right","135","225","1","0","olald2018a","2024-06-03 22:24:47","robert@localhost","2024-06-03 22:24:47","robert@localhost"
"S08787","50.542","13.843","RDVE4","4271","94","I7214","papac2021a","inhumation","R02316","C03242","0",\N,"crouched","right","180","270","1","0","olald2018a","2024-06-03 22:24:47","robert@localhost","2024-06-03 22:24:47","robert@localhost"
"S08769","50.507","14.048","LOVOS4","5917","284","I6476","papac2021a","inhumation","R02317","C03243","0",\N,"crouched","right","135","225","1","0","olald2018a","2024-06-03 22:24:47","robert@localhost","2024-06-03 22:24:47","robert@localhost"
"S10038","50.277","15.818","LOCHEN2","5425","288","I5666","papac2021a","inhumation","R02318","C03244","0",\N,\N,\N,\N,\N,"1","0","olald2018a","2024-06-03 22:24:47","robert@localhost","2024-06-03 22:24:47","robert@localhost"
"S10039","50.193","14.162","BRANDY4","4832","178",\N,\N,"inhumation","R02319","C03245","0",\N,\N,\N,\N,\N,"1","0","kytli1960a","2024-06-03 22:24:47","robert@localhost","2024-06-03 22:24:47","robert@localhost"
"S10039","50.193","14.162","BRANDY4","4832","178",\N,\N,"inhumation","R02320","C03246","0",\N,"crouched","right","135","225","1","0","kytli1960a","2024-06-03 22:24:47","robert@localhost","2024-06-03 22:24:47","robert@localhost"
"S10039","50.193","14.162","BRANDY4","4832","178","I7249","papac2021a","inhumation","R02321","C03247","0",\N,\N,\N,\N,\N,"1","0","kytli1960a","2024-06-03 22:24:47","robert@localhost","2024-06-03 22:24:47","robert@localhost"
"S10039","50.193","14.162","BRANDY4","4832","178","I7250","papac2021a","inhumation","R02322","C03248","0",\N,"crouched","left","315","45","1","0","kytli1960a","2024-06-03 22:24:47","robert@localhost","2024-06-03 22:24:47","robert@localhost"
"S10039","50.193","14.162","BRANDY4","4832","178",\N,\N,"inhumation","R02323","C03249","0",\N,\N,\N,\N,\N,"1","0","kytli1960a","2024-06-03 22:24:47","robert@localhost","2024-06-03 22:24:47","robert@localhost"
"S10039","50.193","14.162","BRANDY4","4832","178","I7251","papac2021a","inhumation","R02324","C03250","0",\N,\N,\N,"315","45","1","0","kytli1960a","2024-06-03 22:24:47","robert@localhost","2024-06-03 22:24:47","robert@localhost"
"S10039","50.193","14.162","BRANDY4","4832","178","I7269","papac2021a","inhumation","R02325","C03251","0",\N,"crouched","left","0","90","0","0","kytli1960a","2024-06-03 22:24:47","robert@localhost","2024-06-03 22:24:47","robert@localhost"
"S10039","50.193","14.162","BRANDY4","4832","178",\N,\N,"inhumation","R02326","C03252","0",\N,"crouched","right","180","270","1","0","kytli1960a","2024-06-03 22:24:47","robert@localhost","2024-06-03 22:24:47","robert@localhost"
"S10039","50.193","14.162","BRANDY4","4832","178",\N,\N,"inhumation","R02327","C03253","0",\N,"crouched","left","315","45","1","0","kytli1960a","2024-06-03 22:24:47","robert@localhost","2024-06-03 22:24:47","robert@localhost"
"S10039","50.193","14.162","BRANDY4","4832","178","I7270","papac2021a","inhumation","R02328","C03254","0",\N,"crouched","right","180","270","1","0","kytli1960a","2024-06-03 22:24:47","robert@localhost","2024-06-03 22:24:47","robert@localhost"
"S10039","50.193","14.162","BRANDY4","4832","178","I7271","papac2021a","inhumation","R02329","C03255","0",\N,"crouched","left","0","90","1","0","kytli1960a","2024-06-03 22:24:47","robert@localhost","2024-06-03 22:24:47","robert@localhost"
"S10039","50.193","14.162","BRANDY4","4832","178",\N,\N,"inhumation","R02330","C03256","0",\N,"crouched",\N,\N,\N,"1","0","kytli1960a","2024-06-03 22:24:47","robert@localhost","2024-06-03 22:24:47","robert@localhost"
"S10039","50.193","14.162","BRANDY4","4832","178",\N,\N,"inhumation","R02331","C03257","0",\N,"crouched","left","0","90","1","0","kytli1960a","2024-06-03 22:24:47","robert@localhost","2024-06-03 22:24:47","robert@localhost"
"S10039","50.193","14.162","BRANDY4","4832","178",\N,\N,"inhumation","R02332","C03258","0",\N,"crouched","right","180","270","1","0","kytli1960a","2024-06-03 22:24:47","robert@localhost","2024-06-03 22:24:47","robert@localhost"
"S10039","50.193","14.162","BRANDY4","4832","178",\N,\N,"inhumation","R02333","C03259","0",\N,"crouched","left","0","90","1","0","kytli1960a","2024-06-03 22:24:47","robert@localhost","2024-06-03 22:24:47","robert@localhost"
"S10039","50.193","14.162","BRANDY4","4832","178","I7275","papac2021a","inhumation","R02334","C03260","0",\N,"crouched","left","0","90","1","0","kytli1960a","2024-06-03 22:24:47","robert@localhost","2024-06-03 22:24:47","robert@localhost"
"S10039","50.193","14.162","BRANDY4","4832","178","I7276","papac2021a","inhumation","R02335","C03261","0",\N,\N,\N,\N,\N,"1","0","kytli1960a","2024-06-03 22:24:47","robert@localhost","2024-06-03 22:24:47","robert@localhost"
"S10039","50.193","14.162","BRANDY4","4832","178",\N,\N,"inhumation","R02336","C03262","0",\N,\N,\N,\N,\N,"0","0","kytli1960a","2024-06-03 22:24:47","robert@localhost","2024-06-03 22:24:47","robert@localhost"
"S10039","50.193","14.162","BRANDY4","4832","178",\N,\N,"inhumation","R02337","C03263","0",\N,\N,\N,"180","270","0","0","kytli1960a","2024-06-03 22:24:47","robert@localhost","2024-06-03 22:24:47","robert@localhost"
"S10039","50.193","14.162","BRANDY4","4832","178",\N,\N,"inhumation","R02338","C03264","0",\N,"crouched","right","180","270","1","0","kytli1960a","2024-06-03 22:24:47","robert@localhost","2024-06-03 22:24:47","robert@localhost"
"S10039","50.193","14.162","BRANDY4","4832","178",\N,\N,"inhumation","R02339","C03265","0",\N,"crouched","right","180","270","1","0","kytli1960a","2024-06-03 22:24:47","robert@localhost","2024-06-03 22:24:47","robert@localhost"
"S10039","50.193","14.162","BRANDY4","4832","178",\N,\N,"inhumation","R02340","C03266","0",\N,"crouched","left",\N,\N,"1","0","kytli1960a","2024-06-03 22:24:47","robert@localhost","2024-06-03 22:24:47","robert@localhost"
"S10039","50.193","14.162","BRANDY4","4832","178","I7278","papac2021a","inhumation","R02341","C03267","0",\N,"crouched","left","45","315","1","0","kytli1960a","2024-06-03 22:24:47","robert@localhost","2024-06-03 22:24:47","robert@localhost"
"S10039","50.193","14.162","BRANDY3","4877","188","I7272","papac2021a","inhumation","R02342","C03268","0",\N,"crouched","right","225","315","1","0","olald2018a","2024-06-03 22:24:47","robert@localhost","2024-06-03 22:24:47","robert@localhost"
"S10039","50.193","14.162","BRANDY3","4877","188","I7279","papac2021a","inhumation","R02343","C03269","0",\N,"crouched","right","225","315","1","0","olald2018a","2024-06-03 22:24:47","robert@localhost","2024-06-03 22:24:47","robert@localhost"
"S10039","50.193","14.162","BRANDY3","4877","188","I7280","papac2021a","inhumation","R02344","C03270","0",\N,"crouched","right","225","315","1","0","olald2018a","2024-06-03 22:24:47","robert@localhost","2024-06-03 22:24:47","robert@localhost"
"S11032","50.052","14.345","PRNBU6",\N,\N,"I7281","papac2021a","inhumation","R02345","C03271","0",\N,"crouched","left","315","45","1","0","olald2018a","2024-06-03 22:24:47","robert@localhost","2024-06-03 22:24:47","robert@localhost"
"S10040","48.802","17.023","MOR1","6847","170","I5037","olald2018a","inhumation","R02346","C03272","0",\N,\N,\N,\N,\N,"0","0","olald2018a","2024-06-03 22:24:47","robert@localhost","2024-06-03 22:24:47","robert@localhost"
"S10040","48.802","17.023","MOR1","6847","170","I5042","olald2018a","inhumation","R02347","C03273","0",\N,\N,\N,\N,\N,"0","0","olald2018a","2024-06-03 22:24:47","robert@localhost","2024-06-03 22:24:47","robert@localhost"
"S10040","48.802","17.023","MOR1","6847","170","I5043","olald2018a","inhumation","R02348","C03274","0",\N,\N,\N,\N,\N,"0","0","olald2018a","2024-06-03 22:24:47","robert@localhost","2024-06-03 22:24:47","robert@localhost"
"S10040","48.802","17.023","MOR1","6847","170","I5044","olald2018a","inhumation","R02349","C03275","0",\N,\N,\N,\N,\N,"0","0","olald2018a","2024-06-03 22:24:47","robert@localhost","2024-06-03 22:24:47","robert@localhost"
"S10040","48.802","17.023","MOR1","6847","170",\N,\N,"inhumation","R02350","C03276","0",\N,\N,\N,\N,\N,"0","0","price2004a","2024-06-03 22:24:47","robert@localhost","2024-06-03 22:24:47","robert@localhost"
"S07780","50.646","21.647","SAM2","4271","25","I4252","olald2018a","inhumation","R02351","C03277","0",\N,"crouched","left","0","90","1","0","budzi2010a","2024-06-03 22:24:47","robert@localhost","2024-06-03 22:24:47","robert@localhost"
"S07780","50.646","21.647","SAM2","4271","25",\N,\N,"inhumation","R02352","C03278","0",\N,"crouched","left","0","90","1","0","budzi2010a","2024-06-03 22:24:47","robert@localhost","2024-06-03 22:24:47","robert@localhost"
"S07780","50.646","21.647","SAM2","4271","25",\N,\N,"inhumation","R02353","C03279","0",\N,"crouched","back","315","45","1","0","budzi2010a","2024-06-03 22:24:47","robert@localhost","2024-06-03 22:24:47","robert@localhost"
"S07780","50.646","21.647","SAM2","4271","25",\N,\N,"inhumation","R02354","C03280","0",\N,"crouched","left","0","90","1","0","budzi2010a","2024-06-03 22:24:47","robert@localhost","2024-06-03 22:24:47","robert@localhost"
"S07780","50.646","21.647","SAM2","4271","25",\N,\N,"inhumation","R02355","C03281","0",\N,"crouched","right","315","45","1","0","budzi2010a","2024-06-03 22:24:47","robert@localhost","2024-06-03 22:24:47","robert@localhost"
"S07780","50.646","21.647","SAM2","4271","25","I4251","olald2018a","inhumation","R02356","C03282","0",\N,"crouched","left","315","45","1","0","budzi2010a","2024-06-03 22:24:47","robert@localhost","2024-06-03 22:24:47","robert@localhost"
"S07780","50.646","21.647","SAM2","4271","25",\N,\N,"inhumation","R02357","C03283","0",\N,"crouched",\N,"135","225","1","0","budzi2010a","2024-06-03 22:24:47","robert@localhost","2024-06-03 22:24:47","robert@localhost"
"S07780","50.646","21.647","SAM2","4271","25",\N,\N,"inhumation","R02358","C03284","0",\N,"crouched","right","135","225","1","0","budzi2010a","2024-06-03 22:24:47","robert@localhost","2024-06-03 22:24:47","robert@localhost"
"S07780","50.646","21.647","SAM2","4271","25",\N,\N,"inhumation","R02359","C03285","0",\N,"crouched","left","0","90","1","0","budzi2010a","2024-06-03 22:24:47","robert@localhost","2024-06-03 22:24:47","robert@localhost"
"S07780","50.646","21.647","SAM2","4271","25","I4253","olald2018a","inhumation","R02360","C03286","0",\N,"crouched","left","315","45","1","0","budzi2010a","2024-06-03 22:24:47","robert@localhost","2024-06-03 22:24:47","robert@localhost"
"S10041","50.230","18.220","DZI6","4135","167","I6531","olald2018a","inhumation","R02361","C03287","0",\N,"crouched","right","315","45","1","0","olald2018a","2024-06-03 22:24:47","robert@localhost","2024-06-03 22:24:47","robert@localhost"
"S10041","50.230","18.220","DZI6","4135","167",\N,\N,\N,"R02362","C03288",\N,\N,\N,\N,\N,\N,"0","0","olald2018a","2024-06-03 22:24:47","robert@localhost","2024-06-03 22:24:47","robert@localhost"
"S10041","50.230","18.220","DZI6","4135","167",\N,\N,\N,"R02363","C03289",\N,\N,\N,\N,\N,\N,"0","0","olald2018a","2024-06-03 22:24:47","robert@localhost","2024-06-03 22:24:47","robert@localhost"
"S10042","51.040","17.070","IW1","4201","221","I6579","olald2018a","inhumation","R02364","C03290","0",\N,"crouched","right","135","225","1","0","olald2018a","2024-06-03 22:24:47","robert@localhost","2024-06-03 22:24:47","robert@localhost"
"S10043","50.870","16.860","JRS1","4783","167","I6580","olald2018a","inhumation","R02365","C03291","0",\N,"crouched","left","315","45","1","0","olald2018a","2024-06-03 22:24:47","robert@localhost","2024-06-03 22:24:47","robert@localhost"
"S10044","50.090","18.100","KOR3","4250","231","I6534","olald2018a","inhumation","R02366","C03292","0",\N,"crouched","left","315","45","1","0","olald2018a","2024-06-03 22:24:47","robert@localhost","2024-06-03 22:24:47","robert@localhost"
"S10044","50.090","18.100","KOR3","4250","231","I6535","olald2018a","inhumation","R02367","C03293","0",\N,"crouched",\N,\N,\N,"1","0","olald2018a","2024-06-03 22:24:47","robert@localhost","2024-06-03 22:24:47","robert@localhost"
"S10044","50.090","18.100","KOR3","4250","231","I6581","olald2018a","inhumation","R02368","C03294","0",\N,"crouched","back",\N,\N,"1","0","olald2018a","2024-06-03 22:24:47","robert@localhost","2024-06-03 22:24:47","robert@localhost"
"S10044","50.090","18.100","KOR3","4250","231","I6582","olald2018a","inhumation","R02369","C03295","0",\N,"crouched","back","135","225","1","0","olald2018a","2024-06-03 22:24:47","robert@localhost","2024-06-03 22:24:47","robert@localhost"
"S10044","50.090","18.100","KOR3","4250","231",\N,\N,\N,"R02370","C03296",\N,\N,\N,\N,\N,\N,"0","0","olald2018a","2024-06-03 22:24:47","robert@localhost","2024-06-03 22:24:47","robert@localhost"
"S10044","50.090","18.100","KOR3","4250","231",\N,\N,\N,"R02371","C03297",\N,\N,\N,\N,\N,\N,"0","0","olald2018a","2024-06-03 22:24:47","robert@localhost","2024-06-03 22:24:47","robert@localhost"
"S10044","50.090","18.100","KOR3","4250","231",\N,\N,\N,"R02372","C03298",\N,\N,\N,\N,\N,\N,"0","0","olald2018a","2024-06-03 22:24:47","robert@localhost","2024-06-03 22:24:47","robert@localhost"
"S10044","50.090","18.100","KOR3","4250","231",\N,\N,\N,"R02373","C03299",\N,\N,\N,\N,\N,\N,"0","0","olald2018a","2024-06-03 22:24:47","robert@localhost","2024-06-03 22:24:47","robert@localhost"
"S10045","50.110","18.210","RAC1","3920","146","I6537","olald2018a","inhumation","R02374","C03300","0",\N,"crouched","right","0","90","1","0","olald2018a","2024-06-03 22:24:47","robert@localhost","2024-06-03 22:24:47","robert@localhost"
"S03884","50.910","16.790","STW3","3939","206","I6538","olald2018a","inhumation","R02375","C03301","0",\N,"extended","back","135","225","1","0","olald2018a","2024-06-03 22:24:47","robert@localhost","2024-06-03 22:24:47","robert@localhost"
"S10046","50.960","17.020","ZRW1","4001","199","I6583","olald2018a","inhumation","R02376","C03302","0",\N,\N,\N,\N,\N,"1","0","olald2018a","2024-06-03 22:24:47","robert@localhost","2024-06-03 22:24:47","robert@localhost"
"S10047","47.621","19.045","BUD1","4277","42","I3528","olald2018a","inhumation","R02377","C03303","0",\N,\N,"left","315","45","1","0","olald2018a","2024-06-03 22:24:47","robert@localhost","2024-06-03 22:24:47","robert@localhost"
"S10047","47.621","19.045","BUD1","4277","42","I3529","olald2018a","inhumation","R02378","C03304","0",\N,\N,"right","135","225","1","0","olald2018a","2024-06-03 22:24:47","robert@localhost","2024-06-03 22:24:47","robert@localhost"
"S10048","47.599","19.055","BBE1","4271","36",\N,\N,\N,"R02379","C03305",\N,\N,\N,\N,\N,\N,"0","0","fisch2015a","2024-06-03 22:24:47","robert@localhost","2024-06-03 22:24:47","robert@localhost"
"S10048","47.599","19.055","BBE1","4271","36",\N,\N,"inhumation","R02380","C03306","0",\N,"crouched","right",\N,\N,"0","0","olald2018a","2024-06-03 22:24:47","robert@localhost","2024-06-03 22:24:47","robert@localhost"
"S10048","47.599","19.055","BBE1","4271","36","I2364","olald2018a","inhumation","R02381","C03307","0",\N,"crouched","right",\N,\N,"0","0","olald2018a","2024-06-03 22:24:47","robert@localhost","2024-06-03 22:24:47","robert@localhost"
"S10048","47.599","19.055","BBE1","4271","36",\N,\N,\N,"R02382","C03308",\N,\N,\N,\N,\N,\N,"0","0","fisch2015a","2024-06-03 22:24:47","robert@localhost","2024-06-03 22:24:47","robert@localhost"
"S10048","47.599","19.055","BBE1","4271","36","I5015","olald2018a","inhumation","R02383","C03309","0",\N,"crouched","right","135","225","1","0","olald2018a","2024-06-03 22:24:47","robert@localhost","2024-06-03 22:24:47","robert@localhost"
"S10048","47.599","19.055","BBE1","4271","36","I2365","olald2018a","inhumation","R02384","C03310","0",\N,"crouched","left","0","90","1","0","olald2018a","2024-06-03 22:24:47","robert@localhost","2024-06-03 22:24:47","robert@localhost"
"S10049","47.383","19.020","SZIF1","4271","35",\N,\N,\N,"R02385","C03311",\N,\N,\N,\N,\N,\N,"0","0","patay2013a","2024-06-03 22:24:47","robert@localhost","2024-06-03 22:24:47","robert@localhost"
"S10049","47.383","19.020","SZIF1","4271","35",\N,\N,"cremation","R02386","C03312","1",\N,\N,\N,\N,\N,"1","0","patay2013a","2024-06-03 22:24:47","robert@localhost","2024-06-03 22:24:47","robert@localhost"
"S10049","47.383","19.020","SZIF1","4271","35","I2741","olald2018a","inhumation","R02387","C03313","0",\N,"crouched","left","0","90","0","0","olald2018a","2024-06-03 22:24:47","robert@localhost","2024-06-03 22:24:47","robert@localhost"
"S10049","47.383","19.020","SZIF1","4271","35",\N,\N,"inhumation","R02388","C03314","0","1","crouched","left","30",\N,"1","0","patay2013a","2024-06-03 22:24:47","robert@localhost","2024-06-03 22:24:47","robert@localhost"
"S10049","47.383","19.020","SZIF1","4271","35",\N,\N,\N,"R02389","C03315",\N,\N,\N,\N,\N,\N,"1","0","patay2013a","2024-06-03 22:24:47","robert@localhost","2024-06-03 22:24:47","robert@localhost"
"S10049","47.383","19.020","SZIF1","4271","35",\N,\N,\N,"R02390","C03316",\N,\N,\N,\N,\N,\N,"1","0","patay2013a","2024-06-03 22:24:47","robert@localhost","2024-06-03 22:24:47","robert@localhost"
"S10049","47.383","19.020","SZIF1","4271","35",\N,\N,"inhumation","R02391","C03317","0","1","crouched","left","170",\N,"1","0","patay2013a","2024-06-03 22:24:47","robert@localhost","2024-06-03 22:24:47","robert@localhost"
"S10049","47.383","19.020","SZIF1","4271","35",\N,\N,"cremation","R02392","C03318","1",\N,\N,\N,\N,\N,"1","0","patay2013a","2024-06-03 22:24:47","robert@localhost","2024-06-03 22:24:47","robert@localhost"
"S10049","47.383","19.020","SZIF1","4271","35",\N,\N,"cremation","R02393","C03319","1",\N,\N,\N,\N,\N,"1","0","patay2013a","2024-06-03 22:24:47","robert@localhost","2024-06-03 22:24:47","robert@localhost"
"S10049","47.383","19.020","SZIF1","4271","35","I2786","olald2018a","inhumation","R02394","C03320","0",\N,"crouched","left","0","90","1","0","olald2018a","2024-06-03 22:24:47","robert@localhost","2024-06-03 22:24:47","robert@localhost"
"S10049","47.383","19.020","SZIF1","4271","35",\N,\N,"cremation","R02395","C03321","1",\N,"inside a vessel",\N,\N,\N,"1","0","patay2013a","2024-06-03 22:24:47","robert@localhost","2024-06-03 22:24:47","robert@localhost"
"S10049","47.383","19.020","SZIF1","4271","35",\N,\N,\N,"R02396","C03322",\N,\N,\N,\N,\N,\N,"0","0","fisch2015a","2024-06-03 22:24:47","robert@localhost","2024-06-03 22:24:47","robert@localhost"
"S10049","47.383","19.020","SZIF1","4271","35",\N,\N,"cremation","R02397","C03323","1",\N,\N,\N,\N,\N,"1","0","patay2013a","2024-06-03 22:24:47","robert@localhost","2024-06-03 22:24:47","robert@localhost"
"S10049","47.383","19.020","SZIF1","4271","35",\N,\N,"cremation","R02398","C03324","1",\N,\N,\N,\N,\N,"1","0","patay2013a","2024-06-03 22:24:47","robert@localhost","2024-06-03 22:24:47","robert@localhost"
"S10049","47.383","19.020","SZIF1","4271","35",\N,\N,\N,"R02399","C03325",\N,\N,\N,\N,\N,\N,"0","0","patay2013a","2024-06-03 22:24:47","robert@localhost","2024-06-03 22:24:47","robert@localhost"
"S10049","47.383","19.020","SZIF1","4271","35",\N,\N,"cremation","R02400","C03326","1",\N,"inside a vessel",\N,\N,\N,"1","0","patay2013a","2024-06-03 22:24:47","robert@localhost","2024-06-03 22:24:47","robert@localhost"
"S10049","47.383","19.020","SZIF1","4271","35",\N,\N,\N,"R02401","C03327",\N,\N,\N,\N,"0",\N,"1","0","patay2013a","2024-06-03 22:24:47","robert@localhost","2024-06-03 22:24:47","robert@localhost"
"S10049","47.383","19.020","SZIF1","4271","35",\N,\N,\N,"R02402","C03328",\N,\N,\N,\N,\N,\N,"0","0","fisch2015a","2024-06-03 22:24:47","robert@localhost","2024-06-03 22:24:47","robert@localhost"
"S10049","47.383","19.020","SZIF1","4271","35",\N,\N,\N,"R02403","C03329",\N,\N,\N,\N,\N,\N,"0","0","fisch2015a","2024-06-03 22:24:47","robert@localhost","2024-06-03 22:24:47","robert@localhost"
"S10049","47.383","19.020","SZIF1","4271","35",\N,\N,"inhumation","R02404","C03330","0","1","crouched","left","350",\N,"1","0","patay2013a","2024-06-03 22:24:47","robert@localhost","2024-06-03 22:24:47","robert@localhost"
"S10049","47.383","19.020","SZIF1","4271","35","I4178","olald2018a","inhumation","R02405","C03331","0",\N,"crouched","left","0","90","1","0","olald2018a","2024-06-03 22:24:47","robert@localhost","2024-06-03 22:24:47","robert@localhost"
"S10049","47.383","19.020","SZIF1","4271","35",\N,\N,\N,"R02406","C03332",\N,\N,\N,\N,\N,\N,"0","0","patay2013a","2024-06-03 22:24:47","robert@localhost","2024-06-03 22:24:47","robert@localhost"
"S10049","47.383","19.020","SZIF1","4271","35",\N,\N,"cremation","R02407","C03333","1",\N,\N,\N,\N,\N,"1","0","patay2013a","2024-06-03 22:24:47","robert@localhost","2024-06-03 22:24:47","robert@localhost"
"S10049","47.383","19.020","SZIF1","4271","35",\N,\N,"cremation","R02408","C03334","1",\N,\N,\N,\N,\N,"1","0","patay2013a","2024-06-03 22:24:47","robert@localhost","2024-06-03 22:24:47","robert@localhost"
"S10049","47.383","19.020","SZIF1","4271","35","I2787","olald2018a","inhumation","R02409","C03335","0",\N,"crouched","left","0","90","1","0","olald2018a","2024-06-03 22:24:47","robert@localhost","2024-06-03 22:24:47","robert@localhost"
"S10050","47.430","19.052","SZIU3","4761","62","I7045","olald2018a","inhumation","R02410","C03336","0",\N,"crouched","right","180","270","1","0","olald2018a","2024-06-03 22:24:47","robert@localhost","2024-06-03 22:24:47","robert@localhost"
"S10050","47.430","19.052","SZIU3","4761","62","I7041","olald2018a","inhumation","R02411","C03337","0",\N,"crouched","left","315","45","1","0","olald2018a","2024-06-03 22:24:47","robert@localhost","2024-06-03 22:24:47","robert@localhost"
"S10050","47.430","19.052","SZIU3","4761","62","I7044","olald2018a","inhumation","R02412","C03338","0",\N,"crouched","right","135","225","1","0","olald2018a","2024-06-03 22:24:47","robert@localhost","2024-06-03 22:24:47","robert@localhost"
"S10050","47.430","19.052","SZIU3","4761","62","I7043","olald2018a","inhumation","R02413","C03339","0",\N,"crouched","left","90","180","0","0","olald2018a","2024-06-03 22:24:47","robert@localhost","2024-06-03 22:24:47","robert@localhost"
"S10050","47.430","19.052","SZIU3","4761","62","I7042","olald2018a","inhumation","R02414","C03340","0",\N,"extended","left","180","270","0","0","olald2018a","2024-06-03 22:24:47","robert@localhost","2024-06-03 22:24:47","robert@localhost"
"S10050","47.430","19.052","SZIU3","4761","62","I7040","olald2018a","inhumation","R02415","C03341","0",\N,"extended","right","0","90","1","0","olald2018a","2024-06-03 22:24:47","robert@localhost","2024-06-03 22:24:47","robert@localhost"
"S10051","47.810","20.889","MEZ1","5211","252","I5116","olald2018a","inhumation","R02416","C03342","0",\N,"crouched","right","225","315","1","0","kalic1999a","2024-06-03 22:24:47","robert@localhost","2024-06-03 22:24:47","robert@localhost"
"S10051","47.810","20.889","MEZ1","5211","252",\N,\N,"inhumation","R02417","C03343","0",\N,"crouched","left",\N,\N,"1","0","kalic1999a","2024-06-03 22:24:47","robert@localhost","2024-06-03 22:24:47","robert@localhost"
"S10051","47.810","20.889","MEZ1","5211","252","I5117","olald2018a","inhumation","R02418","C03344","0","1","extended","left","200",\N,"1","0","kalic1999a","2024-06-03 22:24:47","robert@localhost","2024-06-03 22:24:47","robert@localhost"
"S10051","47.810","20.889","MEZ1","5211","252","I5118","olald2018a","inhumation","R02419","C03345","0","1","sitting","bottom","140",\N,"0","0","kalic1999a","2024-06-03 22:24:47","robert@localhost","2024-06-03 22:35:58","robert@localhost"
"S10051","47.810","20.889","MEZ1","5211","252",\N,\N,"cremation","R02420","C03346","1",\N,\N,\N,\N,\N,"1","0","kalic1999a","2024-06-03 22:24:47","robert@localhost","2024-06-03 22:24:47","robert@localhost"
"S10051","47.810","20.889","MEZ1","5211","252",\N,\N,"cremation","R02421","C03347","1",\N,\N,\N,\N,\N,"1","0","kalic1999a","2024-06-03 22:24:47","robert@localhost","2024-06-03 22:24:47","robert@localhost"
"S10051","47.810","20.889","MEZ1","5211","252",\N,\N,"cremation","R02422","C03348","1",\N,\N,\N,\N,\N,"1","0","kalic1999a","2024-06-03 22:24:47","robert@localhost","2024-06-03 22:24:47","robert@localhost"
"S10051","47.810","20.889","MEZ1","5211","252",\N,\N,"cremation","R02423","C03349","1",\N,\N,\N,\N,\N,"1","0","kalic1999a","2024-06-03 22:24:47","robert@localhost","2024-06-03 22:24:47","robert@localhost"
"S10051","47.810","20.889","MEZ1","5211","252",\N,\N,"cremation","R02424","C03350","1",\N,\N,\N,\N,\N,"1","0","kalic1999a","2024-06-03 22:24:47","robert@localhost","2024-06-03 22:24:47","robert@localhost"
"S10051","47.810","20.889","MEZ1","5211","252","I5519","olald2018a","inhumation","R02425","C03351","0","1","extended","back","0",\N,"0","0","kalic1999a","2024-06-03 22:24:47","robert@localhost","2024-06-03 22:24:47","robert@localhost"
"S10051","47.810","20.889","MEZ1","5211","252",\N,\N,"cremation","R02426","C03352","1",\N,\N,\N,\N,\N,"0","0","kalic1999a","2024-06-03 22:24:47","robert@localhost","2024-06-03 22:24:47","robert@localhost"
"S10051","47.810","20.889","MEZ1","5211","252",\N,\N,"cremation","R02427","C03353","1",\N,\N,\N,\N,\N,"0","0","kalic1999a","2024-06-03 22:24:47","robert@localhost","2024-06-03 22:24:47","robert@localhost"
"S10051","47.810","20.889","MEZ1","5211","252",\N,\N,"cremation","R02428","C03354","1",\N,\N,\N,\N,\N,"0","0","kalic1999a","2024-06-03 22:24:47","robert@localhost","2024-06-03 22:24:47","robert@localhost"
"S10051","47.810","20.889","MEZ1","5211","252",\N,\N,"cremation","R02429","C03355","1",\N,\N,\N,\N,\N,"0","0","kalic1999a","2024-06-03 22:24:47","robert@localhost","2024-06-03 22:24:47","robert@localhost"
"S10051","47.810","20.889","MEZ1","5211","252",\N,\N,"inhumation","R02430","C03356","0","1","extended","left","110",\N,"0","0","kalic1999a","2024-06-03 22:24:47","robert@localhost","2024-06-03 22:24:47","robert@localhost"
"S10051","47.810","20.889","MEZ1","5211","252",\N,\N,"inhumation","R02431","C03357","0",\N,\N,\N,\N,\N,"1","0","kalic1999a","2024-06-03 22:24:47","robert@localhost","2024-06-03 22:24:47","robert@localhost"
"S10051","47.810","20.889","MEZ1","5211","252",\N,\N,"inhumation","R02432","C03358","0","1","crouched","left","45","135","0","0","kalic1999a","2024-06-03 22:24:47","robert@localhost","2024-06-03 22:24:47","robert@localhost"
"S10135","43.980","26.400","MAL1","7182","264","I0700","mathi2018a","inhumation","R02433","C03483","0",\N,"crouched","left",\N,\N,"0","0","olald2018a","2024-06-03 22:24:47","robert@localhost","2024-06-03 22:24:47","robert@localhost"
"S10024","48.663","12.707","LAI1","4293","88","I5020","olald2018a","inhumation","R02434","C03494","0","1",\N,"right",\N,\N,"1","0","olald2018a","2024-06-03 22:24:47","robert@localhost","2024-06-03 22:24:47","robert@localhost"
"S10024","48.663","12.707","LAI1","4293","88","I5523","olald2018a","inhumation","R02435","C03495","0","1","crouched","right","90","180","1","0","olald2018a","2024-06-03 22:24:47","robert@localhost","2024-06-03 22:24:47","robert@localhost"
"S10024","48.663","12.707","LAI1","4293","88","I5524","olald2018a","inhumation","R02436","C03496","0","1","crouched","right","90","180","1","0","olald2018a","2024-06-03 22:24:47","robert@localhost","2024-06-03 22:24:47","robert@localhost"
"S10024","48.663","12.707","LAI1","4293","88","I5525","olald2018a","inhumation","R02437","C03497","0","1","crouched","right","90","180","1","0","olald2018a","2024-06-03 22:24:47","robert@localhost","2024-06-03 22:24:47","robert@localhost"
"S10024","48.663","12.707","LAI1","4293","88","I5526","olald2018a","inhumation","R02438","C03498","0","1","crouched",\N,\N,\N,"1","0","olald2018a","2024-06-03 22:24:47","robert@localhost","2024-06-03 22:24:47","robert@localhost"
"S10024","48.663","12.707","LAI1","4293","88",\N,\N,"inhumation","R02439","C03499","0","1",\N,\N,\N,\N,"1","0","olald2018a","2024-06-03 22:24:47","robert@localhost","2024-06-03 22:24:47","robert@localhost"
"S10025","48.316","10.892","HUT1","4271","53","I5017","olald2018a","inhumation","R02440","C03500","0",\N,\N,\N,\N,\N,"0","0","olald2018a","2024-06-03 22:24:47","robert@localhost","2024-06-03 22:24:47","robert@localhost"
"S10025","48.316","10.892","HUT1","4271","53","I4132","olald2018a","inhumation","R02441","C03501","0",\N,\N,\N,\N,\N,"1","0","olald2018a","2024-06-03 22:24:47","robert@localhost","2024-06-03 22:24:47","robert@localhost"
"S10025","48.316","10.892","HUT1","4271","53","I5119","olald2018a","inhumation","R02442","C03502","0",\N,\N,\N,\N,\N,"0","0","olald2018a","2024-06-03 22:24:47","robert@localhost","2024-06-03 22:24:47","robert@localhost"
"S10025","48.316","10.892","HUT1","4271","53","I5520","olald2018a","inhumation","R02443","C03503","0",\N,\N,\N,\N,\N,"0","0","olald2018a","2024-06-03 22:24:47","robert@localhost","2024-06-03 22:24:47","robert@localhost"
"S10025","48.316","10.892","HUT1","4271","53","I5521","olald2018a","inhumation","R02444","C03504","0",\N,\N,\N,\N,\N,"0","0","olald2018a","2024-06-03 22:24:47","robert@localhost","2024-06-03 22:24:47","robert@localhost"
"S10025","48.316","10.892","HUT1","4271","53","I5522","olald2018a","inhumation","R02445","C03505","0",\N,\N,\N,\N,\N,"0","0","olald2018a","2024-06-03 22:24:47","robert@localhost","2024-06-03 22:24:47","robert@localhost"
"S02322","49.700","-1.860","JAR1","6952","255",\N,\N,"inhumation","R02447","C03747","0",\N,"extended",\N,\N,\N,\N,"0","jovan2021a","2024-06-03 22:24:47","robert@localhost","2024-06-03 22:24:47","robert@localhost"
"S02322","49.700","-1.860","JAR1","6952","255",\N,\N,"inhumation","R02448","C03748","0",\N,"extended",\N,\N,\N,\N,"0","jovan2021a","2024-06-03 22:24:47","robert@localhost","2024-06-03 22:24:47","robert@localhost"
"S02322","49.700","-1.860","JAR1","6952","255",\N,\N,"inhumation","R02449","C03749",\N,\N,\N,\N,\N,\N,\N,"0","jovan2021a","2024-06-03 22:24:47","robert@localhost","2024-06-03 22:24:47","robert@localhost"
"S02322","49.700","-1.860","JAR1","6952","255",\N,\N,"inhumation","R02450","C03750",\N,\N,\N,\N,\N,\N,\N,"0","jovan2021a","2024-06-03 22:24:47","robert@localhost","2024-06-03 22:24:47","robert@localhost"
"S02322","49.700","-1.860","JAR1","6952","255",\N,\N,"inhumation","R02451","C03751",\N,\N,\N,\N,\N,\N,\N,"0","jovan2021a","2024-06-03 22:24:47","robert@localhost","2024-06-03 22:24:47","robert@localhost"
"S10143","43.213","27.864","VAR1","6455","380","VAR023_ANI160","pensk2023a","inhumation","R02452","C03562","0",\N,"extended","front",\N,\N,"0","0","mathi2018a","2024-06-03 22:24:47","robert@localhost","2024-06-03 22:24:47","robert@localhost"
"S10527","47.619","19.078","BUDAK1","4985","154",\N,\N,"inhumation","R02453","C04756","0","1","crouched","right","225","315","1","0","bondá2009a","2024-06-03 22:24:47","robert@localhost","2024-06-03 22:24:47","robert@localhost"
"S10527","47.619","19.078","BUDAK1","4985","154",\N,\N,"inhumation","R02454","C04757","0","1","extended","back","90","180","1","0","bondá2009a","2024-06-03 22:24:47","robert@localhost","2024-06-03 22:24:47","robert@localhost"
"S10527","47.619","19.078","BUDAK1","4985","154",\N,\N,"inhumation","R02455","C04758","0","1","crouched","right","135","225","0","0","bondá2009a","2024-06-03 22:24:47","robert@localhost","2024-06-03 22:24:47","robert@localhost"
"S10527","47.619","19.078","BUDAK1","4985","154",\N,\N,"inhumation","R02456","C04759","0","1","crouched","right","180","270","1","0","bondá2009a","2024-06-03 22:24:47","robert@localhost","2024-06-03 22:24:47","robert@localhost"
"S10527","47.619","19.078","BUDAK1","4985","154",\N,\N,"inhumation","R02457","C04760","0","1","crouched","right","180","270","1","0","bondá2009a","2024-06-03 22:24:47","robert@localhost","2024-06-03 22:24:47","robert@localhost"
"S10527","47.619","19.078","BUDAK1","4985","154",\N,\N,"inhumation","R02458","C04761","0","1","crouched","right","90","180","1","0","bondá2009a","2024-06-03 22:24:47","robert@localhost","2024-06-03 22:24:47","robert@localhost"
"S10527","47.619","19.078","BUDAK1","4985","154",\N,\N,"inhumation","R02459","C04762","0","1","crouched","right","135","225","0","0","bondá2009a","2024-06-03 22:24:47","robert@localhost","2024-06-03 22:24:47","robert@localhost"
"S10527","47.619","19.078","BUDAK1","4985","154",\N,\N,"inhumation","R02460","C04763","0","1","crouched","right","225","315","1","1","bondá2009a","2024-06-03 22:24:47","robert@localhost","2024-06-03 22:24:47","robert@localhost"
"S10527","47.619","19.078","BUDAK1","4985","154",\N,\N,"inhumation","R02461","C04764","0","1","crouched","left","180","270","0","0","bondá2009a","2024-06-03 22:24:47","robert@localhost","2024-06-03 22:24:47","robert@localhost"
"S10527","47.619","19.078","BUDAK1","4985","154",\N,\N,"inhumation","R02462","C04765","0","1","crouched","left","180","270","0","0","bondá2009a","2024-06-03 22:24:47","robert@localhost","2024-06-03 22:24:47","robert@localhost"
"S10527","47.619","19.078","BUDAK1","4985","154",\N,\N,"inhumation","R02463","C04766","0","1","crouched","right","180","270","1","0","bondá2009a","2024-06-03 22:24:47","robert@localhost","2024-06-03 22:24:47","robert@localhost"
"S10527","47.619","19.078","BUDAK1","4985","154",\N,\N,"inhumation","R02464","C04767","0","1","crouched","right","90","180","1","0","bondá2009a","2024-06-03 22:24:47","robert@localhost","2024-06-03 22:24:47","robert@localhost"
"S10527","47.619","19.078","BUDAK1","4985","154",\N,\N,"inhumation","R02465","C04768","0","1","crouched","left","180","270","0","0","bondá2009a","2024-06-03 22:24:47","robert@localhost","2024-06-03 22:24:47","robert@localhost"
"S10527","47.619","19.078","BUDAK1","4985","154",\N,\N,"inhumation","R02466","C04769","0","1","crouched","left","0","90","1","0","bondá2009a","2024-06-03 22:24:47","robert@localhost","2024-06-03 22:24:47","robert@localhost"
"S10527","47.619","19.078","BUDAK1","4985","154",\N,\N,"inhumation","R02467","C04770","0","1","crouched","left","270","0","1","0","bondá2009a","2024-06-03 22:24:47","robert@localhost","2024-06-03 22:24:47","robert@localhost"
"S10527","47.619","19.078","BUDAK1","4985","154",\N,\N,"inhumation","R02468","C04771","0","1","crouched","front/right","180","270","1","0","bondá2009a","2024-06-03 22:24:47","robert@localhost","2024-06-03 22:24:47","robert@localhost"
"S10527","47.619","19.078","BUDAK1","4985","154",\N,\N,"inhumation","R02469","C04772","0","1","crouched","left","270","0","0","1","bondá2009a","2024-06-03 22:24:47","robert@localhost","2024-06-03 22:24:47","robert@localhost"
"S10527","47.619","19.078","BUDAK1","4985","154",\N,\N,"inhumation","R02470","C04773","0","1","crouched","right","180","270","1","1","bondá2009a","2024-06-03 22:24:47","robert@localhost","2024-06-03 22:24:47","robert@localhost"
"S10527","47.619","19.078","BUDAK1","4985","154",\N,\N,"inhumation","R02471","C04774","0","1","crouched","right","90","180","1","0","bondá2009a","2024-06-03 22:24:47","robert@localhost","2024-06-03 22:24:47","robert@localhost"
"S10527","47.619","19.078","BUDAK1","4985","154",\N,\N,"inhumation","R02472","C04775","0","1","crouched","right","90","180","1","0","bondá2009a","2024-06-03 22:24:47","robert@localhost","2024-06-03 22:24:47","robert@localhost"
"S10527","47.619","19.078","BUDAK1","4985","154",\N,\N,"inhumation","R02473","C04776","0","1","crouched","right","90","180","0","0","bondá2009a","2024-06-03 22:24:47","robert@localhost","2024-06-03 22:24:47","robert@localhost"
"S10527","47.619","19.078","BUDAK1","4985","154",\N,\N,"inhumation","R02474","C04777","0","1","crouched","left","270","0","1","0","bondá2009a","2024-06-03 22:24:47","robert@localhost","2024-06-03 22:24:47","robert@localhost"
"S10527","47.619","19.078","BUDAK1","4985","154",\N,\N,"inhumation","R02475","C04778","0","1","crouched","left","180","270","0","0","bondá2009a","2024-06-03 22:24:47","robert@localhost","2024-06-03 22:24:47","robert@localhost"
"S10527","47.619","19.078","BUDAK1","4985","154",\N,\N,"inhumation","R02476","C04779","0","1","crouched","right","90","180","0","0","bondá2009a","2024-06-03 22:24:47","robert@localhost","2024-06-03 22:24:47","robert@localhost"
"S10527","47.619","19.078","BUDAK1","4985","154",\N,\N,"inhumation","R02477","C04780","0","1","extended","back","270","0","1","0","bondá2009a","2024-06-03 22:24:47","robert@localhost","2024-06-03 22:24:47","robert@localhost"
"S10527","47.619","19.078","BUDAK1","4985","154",\N,\N,"inhumation","R02478","C04781","0","1","crouched","left","180","270","0","1","bondá2009a","2024-06-03 22:24:47","robert@localhost","2024-06-03 22:24:47","robert@localhost"
"S10527","47.619","19.078","BUDAK1","4985","154",\N,\N,"inhumation","R02479","C04782","0","1","crouched","left","90","180","0","0","bondá2009a","2024-06-03 22:24:47","robert@localhost","2024-06-03 22:24:47","robert@localhost"
"S10527","47.619","19.078","BUDAK1","4985","154",\N,\N,"inhumation","R02480","C04783","0","1","crouched","left","0","90","0","0","bondá2009a","2024-06-03 22:24:47","robert@localhost","2024-06-03 22:24:47","robert@localhost"
"S10527","47.619","19.078","BUDAK1","4985","154",\N,\N,"inhumation","R02481","C04784","0","1","crouched","left","180","270","1","1","bondá2009a","2024-06-03 22:24:47","robert@localhost","2024-06-03 22:24:47","robert@localhost"
"S10527","47.619","19.078","BUDAK1","4985","154",\N,\N,"inhumation","R02482","C04785","0","1","crouched","left","90","180","1","0","bondá2009a","2024-06-03 22:24:47","robert@localhost","2024-06-03 22:24:47","robert@localhost"
"S10527","47.619","19.078","BUDAK1","4985","154",\N,\N,"inhumation","R02483","C04786","0","1","crouched","right","90","180","1","0","bondá2009a","2024-06-03 22:24:47","robert@localhost","2024-06-03 22:24:47","robert@localhost"
"S10527","47.619","19.078","BUDAK1","4985","154",\N,\N,"inhumation","R02484","C04787","0","1","crouched","left","90","180","1","0","bondá2009a","2024-06-03 22:24:47","robert@localhost","2024-06-03 22:24:47","robert@localhost"
"S10527","47.619","19.078","BUDAK1","4985","154",\N,\N,"inhumation","R02485","C04788","0","1","crouched","left","180","270","1","0","bondá2009a","2024-06-03 22:24:47","robert@localhost","2024-06-03 22:24:47","robert@localhost"
"S10527","47.619","19.078","BUDAK1","4985","154",\N,\N,"inhumation","R02486","C04789","0","1","crouched","right","90","180","1","0","bondá2009a","2024-06-03 22:24:47","robert@localhost","2024-06-03 22:24:47","robert@localhost"
"S10527","47.619","19.078","BUDAK1","4985","154",\N,\N,"inhumation","R02487","C04790","0","1","crouched","right","135","225","0","0","bondá2009a","2024-06-03 22:24:47","robert@localhost","2024-06-03 22:24:47","robert@localhost"
"S10527","47.619","19.078","BUDAK1","4985","154",\N,\N,"inhumation","R02488","C04791",\N,\N,\N,\N,\N,\N,"1","0","bondá2009a","2024-06-03 22:24:47","robert@localhost","2024-06-03 22:24:47","robert@localhost"
"S10527","47.619","19.078","BUDAK1","4985","154",\N,\N,"inhumation","R02489","C04792","0","1","crouched","left","90","180","0","0","bondá2009a","2024-06-03 22:24:47","robert@localhost","2024-06-03 22:24:47","robert@localhost"
"S10527","47.619","19.078","BUDAK1","4985","154",\N,\N,"inhumation","R02490","C04793","0","1","crouched","left","180","270","1","0","bondá2009a","2024-06-03 22:24:47","robert@localhost","2024-06-03 22:24:47","robert@localhost"
"S10527","47.619","19.078","BUDAK1","4985","154",\N,\N,"inhumation","R02491","C04794","0","1","crouched","left","180","270","0","0","bondá2009a","2024-06-03 22:24:47","robert@localhost","2024-06-03 22:24:47","robert@localhost"
"S10527","47.619","19.078","BUDAK1","4985","154",\N,\N,"inhumation","R02492","C04795","0","1","crouched","left","45","135","1","0","bondá2009a","2024-06-03 22:24:47","robert@localhost","2024-06-03 22:24:47","robert@localhost"
"S10527","47.619","19.078","BUDAK1","4985","154",\N,\N,"inhumation","R02493","C04796","0","1","crouched","left","90","180","1","0","bondá2009a","2024-06-03 22:24:47","robert@localhost","2024-06-03 22:24:47","robert@localhost"
"S10527","47.619","19.078","BUDAK1","4985","154",\N,\N,"inhumation","R02494","C04797","0","1","crouched","left","225","315","1","0","bondá2009a","2024-06-03 22:24:47","robert@localhost","2024-06-03 22:24:47","robert@localhost"
"S10527","47.619","19.078","BUDAK1","4985","154",\N,\N,"inhumation","R02495","C04798",\N,\N,\N,\N,"90","180","1","0","bondá2009a","2024-06-03 22:24:47","robert@localhost","2024-06-03 22:24:47","robert@localhost"
"S10527","47.619","19.078","BUDAK1","4985","154",\N,\N,"inhumation","R02496","C04799",\N,\N,\N,\N,\N,\N,"1","0","bondá2009a","2024-06-03 22:24:47","robert@localhost","2024-06-03 22:24:47","robert@localhost"
"S10527","47.619","19.078","BUDAK1","4985","154",\N,\N,"inhumation","R02497","C04800",\N,\N,\N,\N,"90","180","0","0","bondá2009a","2024-06-03 22:24:47","robert@localhost","2024-06-03 22:24:47","robert@localhost"
"S10527","47.619","19.078","BUDAK1","4985","154",\N,\N,"inhumation","R02498","C04801","0","1","crouched","left","45","135","1","0","bondá2009a","2024-06-03 22:24:47","robert@localhost","2024-06-03 22:24:47","robert@localhost"
"S10527","47.619","19.078","BUDAK1","4985","154",\N,\N,"inhumation","R02499","C04802","0","1","crouched","left","225","315","0","0","bondá2009a","2024-06-03 22:24:47","robert@localhost","2024-06-03 22:24:47","robert@localhost"
"S10527","47.619","19.078","BUDAK1","4985","154",\N,\N,"inhumation","R02500","C04803","0","1","crouched","left","180","270","1","0","bondá2009a","2024-06-03 22:24:47","robert@localhost","2024-06-03 22:24:47","robert@localhost"
"S10527","47.619","19.078","BUDAK1","4985","154",\N,\N,"inhumation","R02501","C04804","0","1","crouched","right","90","180","0","0","bondá2009a","2024-06-03 22:24:47","robert@localhost","2024-06-03 22:24:47","robert@localhost"
"S10527","47.619","19.078","BUDAK1","4985","154",\N,\N,"inhumation","R02502","C04805","0","1","crouched","right","135","225","1","0","bondá2009a","2024-06-03 22:24:47","robert@localhost","2024-06-03 22:24:47","robert@localhost"
"S10527","47.619","19.078","BUDAK1","4985","154",\N,\N,"inhumation","R02503","C04806","0","1","crouched","left","135","225","1","0","bondá2009a","2024-06-03 22:24:47","robert@localhost","2024-06-03 22:24:47","robert@localhost"
"S10527","47.619","19.078","BUDAK1","4985","154",\N,\N,"inhumation","R02504","C04807","0","1","crouched","left","225","315","1","0","bondá2009a","2024-06-03 22:24:47","robert@localhost","2024-06-03 22:24:47","robert@localhost"
"S10527","47.619","19.078","BUDAK1","4985","154",\N,\N,"inhumation","R02505","C04808","0","1","crouched","left","90","180","0","0","bondá2009a","2024-06-03 22:24:47","robert@localhost","2024-06-03 22:24:47","robert@localhost"
"S10527","47.619","19.078","BUDAK1","4985","154",\N,\N,"inhumation","R02506","C04809","0","1","crouched","right","90","180","1","1","bondá2009a","2024-06-03 22:24:47","robert@localhost","2024-06-03 22:24:47","robert@localhost"
"S10527","47.619","19.078","BUDAK1","4985","154",\N,\N,"inhumation","R02507","C04810","0","1","crouched","left","90","180","0","0","bondá2009a","2024-06-03 22:24:47","robert@localhost","2024-06-03 22:24:47","robert@localhost"
"S10527","47.619","19.078","BUDAK1","4985","154",\N,\N,"inhumation","R02508","C04811","0","1","crouched","left","135","225","1","1","bondá2009a","2024-06-03 22:24:47","robert@localhost","2024-06-03 22:24:47","robert@localhost"
"S10527","47.619","19.078","BUDAK1","4985","154",\N,\N,"inhumation","R02509","C04812","0","1","crouched","left","135","225","0","0","bondá2009a","2024-06-03 22:24:47","robert@localhost","2024-06-03 22:24:47","robert@localhost"
"S10527","47.619","19.078","BUDAK1","4985","154",\N,\N,"inhumation","R02510","C04813","0","1","crouched","right","135","225","0","0","bondá2009a","2024-06-03 22:24:47","robert@localhost","2024-06-03 22:24:47","robert@localhost"
"S10527","47.619","19.078","BUDAK1","4985","154",\N,\N,"inhumation","R02511","C04814","0","1","crouched","left","135","225","1","0","bondá2009a","2024-06-03 22:24:47","robert@localhost","2024-06-03 22:24:47","robert@localhost"
"S10527","47.619","19.078","BUDAK1","4985","154",\N,\N,"inhumation","R02512","C04815","0","1","crouched","left","135","225","0","1","bondá2009a","2024-06-03 22:24:47","robert@localhost","2024-06-03 22:24:47","robert@localhost"
"S10527","47.619","19.078","BUDAK1","4985","154",\N,\N,"inhumation","R02513","C04816","0","1","crouched","left","135","225","1","0","bondá2009a","2024-06-03 22:24:47","robert@localhost","2024-06-03 22:24:47","robert@localhost"
"S10527","47.619","19.078","BUDAK1","4985","154",\N,\N,"inhumation","R02514","C04817","0","1","crouched","right","135","225","0","0","bondá2009a","2024-06-03 22:24:47","robert@localhost","2024-06-03 22:24:47","robert@localhost"
"S10527","47.619","19.078","BUDAK1","4985","154",\N,\N,"inhumation","R02515","C04818","0","1","crouched","right","90","180","1","0","bondá2009a","2024-06-03 22:24:47","robert@localhost","2024-06-03 22:24:47","robert@localhost"
"S10527","47.619","19.078","BUDAK1","4985","154",\N,\N,"inhumation","R02516","C04819","0","1","crouched","right","0","90","1","0","bondá2009a","2024-06-03 22:24:47","robert@localhost","2024-06-03 22:24:47","robert@localhost"
"S10527","47.619","19.078","BUDAK1","4985","154",\N,\N,"inhumation","R02517","C04820","0","1","crouched","right","0","90","1","0","bondá2009a","2024-06-03 22:24:47","robert@localhost","2024-06-03 22:24:47","robert@localhost"
"S10527","47.619","19.078","BUDAK1","4985","154",\N,\N,"inhumation","R02518","C04821","0","1","crouched","right","135","225","1","0","bondá2009a","2024-06-03 22:24:47","robert@localhost","2024-06-03 22:24:47","robert@localhost"
"S10527","47.619","19.078","BUDAK1","4985","154",\N,\N,"inhumation","R02519","C04822","0","1","crouched","right","90","180","1","0","bondá2009a","2024-06-03 22:24:47","robert@localhost","2024-06-03 22:24:47","robert@localhost"
"S10527","47.619","19.078","BUDAK1","4985","154",\N,\N,"inhumation","R02520","C04823","0","1","crouched","right","135","225","0","0","bondá2009a","2024-06-03 22:24:47","robert@localhost","2024-06-03 22:24:47","robert@localhost"
"S10527","47.619","19.078","BUDAK1","4985","154",\N,\N,"inhumation","R02521","C04824","0","1","crouched","left","135","225","1","0","bondá2009a","2024-06-03 22:24:47","robert@localhost","2024-06-03 22:24:47","robert@localhost"
"S10527","47.619","19.078","BUDAK1","4985","154",\N,\N,"inhumation","R02522","C04825","0","1","crouched","left","90","180","1","0","bondá2009a","2024-06-03 22:24:47","robert@localhost","2024-06-03 22:24:47","robert@localhost"
"S10527","47.619","19.078","BUDAK1","4985","154",\N,\N,"inhumation","R02523","C04826","0","1","crouched","left","135","225","1","0","bondá2009a","2024-06-03 22:24:47","robert@localhost","2024-06-03 22:24:47","robert@localhost"
"S10527","47.619","19.078","BUDAK1","4985","154",\N,\N,"inhumation","R02524","C04827","0","1","crouched","left","180","270","1","0","bondá2009a","2024-06-03 22:24:47","robert@localhost","2024-06-03 22:24:47","robert@localhost"
"S10527","47.619","19.078","BUDAK1","4985","154",\N,\N,"inhumation","R02525","C04828","0","1","crouched","right","180","270","1","1","bondá2009a","2024-06-03 22:24:47","robert@localhost","2024-06-03 22:24:47","robert@localhost"
"S10527","47.619","19.078","BUDAK1","4985","154",\N,\N,"inhumation","R02526","C04829","0","1","crouched","left","135","225","0","0","bondá2009a","2024-06-03 22:24:47","robert@localhost","2024-06-03 22:24:47","robert@localhost"
"S10527","47.619","19.078","BUDAK1","4985","154",\N,\N,"inhumation","R02527","C04830","0","1","crouched","right","90","180","0","0","bondá2009a","2024-06-03 22:24:47","robert@localhost","2024-06-03 22:24:47","robert@localhost"
"S10527","47.619","19.078","BUDAK1","4985","154",\N,\N,"inhumation","R02528","C04831","0","1","crouched","right","90","180","1","0","bondá2009a","2024-06-03 22:24:47","robert@localhost","2024-06-03 22:24:47","robert@localhost"
"S10527","47.619","19.078","BUDAK1","4985","154",\N,\N,"inhumation","R02529","C04832","0","1","crouched","right","270","0","1","1","bondá2009a","2024-06-03 22:24:47","robert@localhost","2024-06-03 22:24:47","robert@localhost"
"S10527","47.619","19.078","BUDAK1","4985","154",\N,\N,"inhumation","R02530","C04833",\N,\N,\N,\N,\N,\N,"0","0","bondá2009a","2024-06-03 22:24:47","robert@localhost","2024-06-03 22:24:47","robert@localhost"
"S10527","47.619","19.078","BUDAK1","4985","154",\N,\N,"inhumation","R02531","C04834","0","1","crouched","right","0","90","1","0","bondá2009a","2024-06-03 22:24:47","robert@localhost","2024-06-03 22:24:47","robert@localhost"
"S10527","47.619","19.078","BUDAK1","4985","154",\N,\N,"inhumation","R02532","C04835","0","1","crouched","right","0","90","1","0","bondá2009a","2024-06-03 22:24:47","robert@localhost","2024-06-03 22:24:47","robert@localhost"
"S10527","47.619","19.078","BUDAK1","4985","154",\N,\N,"inhumation","R02533","C04836","0","1","crouched","left","180","270","1","0","bondá2009a","2024-06-03 22:24:47","robert@localhost","2024-06-03 22:24:47","robert@localhost"
"S10527","47.619","19.078","BUDAK1","4985","154",\N,\N,"inhumation","R02534","C04837","0","1","crouched","right","225","315","1","0","bondá2009a","2024-06-03 22:24:47","robert@localhost","2024-06-03 22:24:47","robert@localhost"
"S10527","47.619","19.078","BUDAK1","4985","154",\N,\N,"inhumation","R02535","C04838","0","1","crouched","right","180","270","1","0","bondá2009a","2024-06-03 22:24:47","robert@localhost","2024-06-03 22:24:47","robert@localhost"
"S10527","47.619","19.078","BUDAK1","4985","154",\N,\N,"inhumation","R02536","C04839","0","1","crouched","right","135","225","1","0","bondá2009a","2024-06-03 22:24:47","robert@localhost","2024-06-03 22:24:47","robert@localhost"
"S10527","47.619","19.078","BUDAK1","4985","154",\N,\N,"inhumation","R02537","C04840","0","1","crouched","right","225","315","1","0","bondá2009a","2024-06-03 22:24:47","robert@localhost","2024-06-03 22:24:47","robert@localhost"
"S10527","47.619","19.078","BUDAK1","4985","154",\N,\N,"inhumation","R02538","C04841","0","1","crouched","right","90","180","1","0","bondá2009a","2024-06-03 22:24:47","robert@localhost","2024-06-03 22:24:47","robert@localhost"
"S10527","47.619","19.078","BUDAK1","4985","154",\N,\N,"inhumation","R02539","C04842","0","1","crouched","left","180","270","1","0","bondá2009a","2024-06-03 22:24:47","robert@localhost","2024-06-03 22:24:47","robert@localhost"
"S10527","47.619","19.078","BUDAK1","4985","154",\N,\N,"inhumation","R02540","C04843","0","1","crouched","right","135","225","0","0","bondá2009a","2024-06-03 22:24:47","robert@localhost","2024-06-03 22:24:47","robert@localhost"
"S10527","47.619","19.078","BUDAK1","4985","154",\N,\N,"inhumation","R02541","C04844","0","1","crouched","left","90","180","1","0","bondá2009a","2024-06-03 22:24:47","robert@localhost","2024-06-03 22:24:47","robert@localhost"
"S10527","47.619","19.078","BUDAK1","4985","154",\N,\N,"inhumation","R02542","C04845","0","1","crouched","left","0","90","1","0","bondá2009a","2024-06-03 22:24:47","robert@localhost","2024-06-03 22:24:47","robert@localhost"
"S10527","47.619","19.078","BUDAK1","4985","154",\N,\N,"inhumation","R02543","C04846",\N,"1",\N,\N,"135","225","1","0","bondá2009a","2024-06-03 22:24:47","robert@localhost","2024-06-03 22:24:47","robert@localhost"
"S10527","47.619","19.078","BUDAK1","4985","154",\N,\N,"inhumation","R02544","C04847","0","1","crouched","left","180","270","0","0","bondá2009a","2024-06-03 22:24:47","robert@localhost","2024-06-03 22:24:47","robert@localhost"
"S10527","47.619","19.078","BUDAK1","4985","154",\N,\N,"inhumation","R02545","C04848","0","1","crouched","left","180","270","1","0","bondá2009a","2024-06-03 22:24:47","robert@localhost","2024-06-03 22:24:47","robert@localhost"
"S10527","47.619","19.078","BUDAK1","4985","154",\N,\N,"inhumation","R02546","C04849","0","1","crouched","left","135","225","0","1","bondá2009a","2024-06-03 22:24:47","robert@localhost","2024-06-03 22:24:47","robert@localhost"
"S10527","47.619","19.078","BUDAK1","4985","154",\N,\N,"inhumation","R02547","C04850","0","1","crouched","left","180","270","1","1","bondá2009a","2024-06-03 22:24:47","robert@localhost","2024-06-03 22:24:47","robert@localhost"
"S10527","47.619","19.078","BUDAK1","4985","154",\N,\N,"inhumation","R02548","C04851","0","1","crouched","left","90","180","1","0","bondá2009a","2024-06-03 22:24:47","robert@localhost","2024-06-03 22:24:47","robert@localhost"
"S10527","47.619","19.078","BUDAK1","4985","154",\N,\N,"inhumation","R02549","C04852","0","1","crouched","right","90","180","1","0","bondá2009a","2024-06-03 22:24:47","robert@localhost","2024-06-03 22:24:47","robert@localhost"
"S10527","47.619","19.078","BUDAK1","4985","154",\N,\N,"inhumation","R02550","C04853","0","1","crouched","right","180","270","1","0","bondá2009a","2024-06-03 22:24:47","robert@localhost","2024-06-03 22:24:47","robert@localhost"
"S10527","47.619","19.078","BUDAK1","4985","154",\N,\N,"inhumation","R02551","C04854","0","1","crouched","left","90","180","1","0","bondá2009a","2024-06-03 22:24:47","robert@localhost","2024-06-03 22:24:47","robert@localhost"
"S10527","47.619","19.078","BUDAK1","4985","154",\N,\N,"inhumation","R02552","C04855","0","1","crouched","right","90","180","1","0","bondá2009a","2024-06-03 22:24:47","robert@localhost","2024-06-03 22:24:47","robert@localhost"
"S10527","47.619","19.078","BUDAK1","4985","154",\N,\N,"inhumation","R02553","C04856",\N,"1",\N,\N,\N,\N,"0","0","bondá2009a","2024-06-03 22:24:47","robert@localhost","2024-06-03 22:24:47","robert@localhost"
"S10527","47.619","19.078","BUDAK1","4985","154",\N,\N,"inhumation","R02554","C04857","0","1","crouched","left","90","180","1","0","bondá2009a","2024-06-03 22:24:47","robert@localhost","2024-06-03 22:24:47","robert@localhost"
"S10527","47.619","19.078","BUDAK1","4985","154",\N,\N,"inhumation","R02555","C04858","0","1","crouched","left","225","315","1","0","bondá2009a","2024-06-03 22:24:47","robert@localhost","2024-06-03 22:24:47","robert@localhost"
"S10527","47.619","19.078","BUDAK1","4985","154",\N,\N,"inhumation","R02556","C04859","0","1","crouched","left","90","180","0","0","bondá2009a","2024-06-03 22:24:47","robert@localhost","2024-06-03 22:24:47","robert@localhost"
"S10527","47.619","19.078","BUDAK1","4985","154",\N,\N,"inhumation","R02557","C04860","0","1","crouched","left","90","180","1","0","bondá2009a","2024-06-03 22:24:47","robert@localhost","2024-06-03 22:24:47","robert@localhost"
"S10527","47.619","19.078","BUDAK1","4985","154",\N,\N,"inhumation","R02558","C04861","0","1","crouched","left","90","180","1","0","bondá2009a","2024-06-03 22:24:47","robert@localhost","2024-06-03 22:24:47","robert@localhost"
"S10527","47.619","19.078","BUDAK1","4985","154",\N,\N,"inhumation","R02559","C04862","0","1","crouched","left","90","180","0","0","bondá2009a","2024-06-03 22:24:47","robert@localhost","2024-06-03 22:24:47","robert@localhost"
"S10527","47.619","19.078","BUDAK1","4985","154",\N,\N,"inhumation","R02560","C04863","0","1","crouched","right","135","225","0","0","bondá2009a","2024-06-03 22:24:47","robert@localhost","2024-06-03 22:24:47","robert@localhost"
"S10527","47.619","19.078","BUDAK1","4985","154",\N,\N,"inhumation","R02561","C04864","1",\N,"crouched","right","90","180","1","0","bondá2009a","2024-06-03 22:24:47","robert@localhost","2024-06-03 22:24:47","robert@localhost"
"S10527","47.619","19.078","BUDAK1","4985","154",\N,\N,"inhumation","R02562","C04865","0","1","crouched","right","90","180","1","0","bondá2009a","2024-06-03 22:24:47","robert@localhost","2024-06-03 22:24:47","robert@localhost"
"S10527","47.619","19.078","BUDAK1","4985","154",\N,\N,"inhumation","R02563","C04866","0","1","crouched","left","180","270","0","0","bondá2009a","2024-06-03 22:24:47","robert@localhost","2024-06-03 22:24:47","robert@localhost"
"S10527","47.619","19.078","BUDAK1","4985","154",\N,\N,"inhumation","R02564","C04867","0","1","crouched","right","180","270","1","0","bondá2009a","2024-06-03 22:24:47","robert@localhost","2024-06-03 22:24:47","robert@localhost"
"S10527","47.619","19.078","BUDAK1","4985","154",\N,\N,"inhumation","R02565","C04868","0","1","crouched","left","180","270","0","0","bondá2009a","2024-06-03 22:24:47","robert@localhost","2024-06-03 22:24:47","robert@localhost"
"S10527","47.619","19.078","BUDAK1","4985","154",\N,\N,"inhumation","R02566","C04869","0","1","extended","right","180","270","1","0","bondá2009a","2024-06-03 22:24:47","robert@localhost","2024-06-03 22:24:47","robert@localhost"
"S10527","47.619","19.078","BUDAK1","4985","154",\N,\N,"inhumation","R02567","C04870","0","1","crouched","right","135","225","1","0","bondá2009a","2024-06-03 22:24:47","robert@localhost","2024-06-03 22:24:47","robert@localhost"
"S10527","47.619","19.078","BUDAK1","4985","154",\N,\N,"inhumation","R02568","C04871","0","1","crouched","left","180","270","0","0","bondá2009a","2024-06-03 22:24:47","robert@localhost","2024-06-03 22:24:47","robert@localhost"
"S10527","47.619","19.078","BUDAK1","4985","154",\N,\N,"inhumation","R02569","C04872",\N,"1",\N,\N,"180","270","1","0","bondá2009a","2024-06-03 22:24:47","robert@localhost","2024-06-03 22:24:47","robert@localhost"
"S10527","47.619","19.078","BUDAK1","4985","154",\N,\N,"inhumation","R02570","C04873","0","1","crouched","left","90","180","0","0","bondá2009a","2024-06-03 22:24:47","robert@localhost","2024-06-03 22:24:47","robert@localhost"
"S10527","47.619","19.078","BUDAK1","4985","154",\N,\N,"inhumation","R02571","C04874","0","1","crouched","left","90","180","1","0","bondá2009a","2024-06-03 22:24:47","robert@localhost","2024-06-03 22:24:47","robert@localhost"
"S10527","47.619","19.078","BUDAK1","4985","154",\N,\N,"inhumation","R02572","C04875","0","1","crouched","left","90","180","1","0","bondá2009a","2024-06-03 22:24:47","robert@localhost","2024-06-03 22:24:47","robert@localhost"
"S10527","47.619","19.078","BUDAK1","4985","154",\N,\N,"inhumation","R02573","C04876",\N,\N,\N,\N,\N,\N,"1","0","bondá2009a","2024-06-03 22:24:47","robert@localhost","2024-06-03 22:24:47","robert@localhost"
"S10527","47.619","19.078","BUDAK1","4985","154",\N,\N,"inhumation","R02574","C04877","0","1","crouched","left","90","180","1","0","bondá2009a","2024-06-03 22:24:47","robert@localhost","2024-06-03 22:24:47","robert@localhost"
"S10527","47.619","19.078","BUDAK1","4985","154",\N,\N,"inhumation","R02575","C04878","0","1","crouched","right","135","225","1","0","bondá2009a","2024-06-03 22:24:47","robert@localhost","2024-06-03 22:24:47","robert@localhost"
"S10527","47.619","19.078","BUDAK1","4985","154",\N,\N,"inhumation","R02576","C04879","0","1",\N,\N,"135","225","1","0","bondá2009a","2024-06-03 22:24:47","robert@localhost","2024-06-03 22:24:47","robert@localhost"
"S10527","47.619","19.078","BUDAK1","4985","154",\N,\N,"inhumation","R02577","C04880","0","1","crouched","right","90","180","1","0","bondá2009a","2024-06-03 22:24:47","robert@localhost","2024-06-03 22:24:47","robert@localhost"
"S10527","47.619","19.078","BUDAK1","4985","154",\N,\N,"inhumation","R02578","C04881","0","1","crouched","left","135","225","1","0","bondá2009a","2024-06-03 22:24:47","robert@localhost","2024-06-03 22:24:47","robert@localhost"
"S10527","47.619","19.078","BUDAK1","4985","154",\N,\N,"inhumation","R02579","C04882","0","1","crouched","left","90","180","0","0","bondá2009a","2024-06-03 22:24:47","robert@localhost","2024-06-03 22:24:47","robert@localhost"
"S10527","47.619","19.078","BUDAK1","4985","154",\N,\N,"inhumation","R02580","C04883","0","1","crouched","left","135","225","1","0","bondá2009a","2024-06-03 22:24:47","robert@localhost","2024-06-03 22:24:47","robert@localhost"
"S10527","47.619","19.078","BUDAK1","4985","154",\N,\N,"inhumation","R02581","C04884","0","1","crouched","left","135","225","1","0","bondá2009a","2024-06-03 22:24:47","robert@localhost","2024-06-03 22:24:47","robert@localhost"
"S10527","47.619","19.078","BUDAK1","4985","154",\N,\N,"inhumation","R02582","C04885","0","1","crouched","right","180","270","1","0","bondá2009a","2024-06-03 22:24:47","robert@localhost","2024-06-03 22:24:47","robert@localhost"
"S10527","47.619","19.078","BUDAK1","4985","154",\N,\N,"inhumation","R02583","C04886","0","1","crouched","right","90","180","1","0","bondá2009a","2024-06-03 22:24:47","robert@localhost","2024-06-03 22:24:47","robert@localhost"
"S10527","47.619","19.078","BUDAK1","4985","154",\N,\N,"inhumation","R02584","C04887","0","1","crouched","right","180","270","1","0","bondá2009a","2024-06-03 22:24:47","robert@localhost","2024-06-03 22:24:47","robert@localhost"
"S10527","47.619","19.078","BUDAK1","4985","154",\N,\N,"inhumation","R02585","C04888","0","1","crouched","left","135","225","1","0","bondá2009a","2024-06-03 22:24:47","robert@localhost","2024-06-03 22:24:47","robert@localhost"
"S10527","47.619","19.078","BUDAK1","4985","154",\N,\N,"inhumation","R02586","C04889","0","1","crouched","right","90","180","0","0","bondá2009a","2024-06-03 22:24:47","robert@localhost","2024-06-03 22:24:47","robert@localhost"
"S10527","47.619","19.078","BUDAK1","4985","154",\N,\N,"inhumation","R02587","C04890","0","1","crouched","left","135","225","1","0","bondá2009a","2024-06-03 22:24:47","robert@localhost","2024-06-03 22:24:47","robert@localhost"
"S10527","47.619","19.078","BUDAK1","4985","154",\N,\N,"inhumation","R02588","C04891","0","1","crouched","left","90","180","1","0","bondá2009a","2024-06-03 22:24:47","robert@localhost","2024-06-03 22:24:47","robert@localhost"
"S10527","47.619","19.078","BUDAK1","4985","154",\N,\N,"inhumation","R02589","C04892","0","1","crouched","left","180","270","1","0","bondá2009a","2024-06-03 22:24:47","robert@localhost","2024-06-03 22:24:47","robert@localhost"
"S10527","47.619","19.078","BUDAK1","4985","154",\N,\N,"inhumation","R02590","C04893","0","1","crouched","right","270","0","1","0","bondá2009a","2024-06-03 22:24:47","robert@localhost","2024-06-03 22:24:47","robert@localhost"
"S10527","47.619","19.078","BUDAK1","4985","154",\N,\N,"inhumation","R02591","C04894","0","1","crouched","left","90","180","1","0","bondá2009a","2024-06-03 22:24:47","robert@localhost","2024-06-03 22:24:47","robert@localhost"
"S10527","47.619","19.078","BUDAK1","4985","154",\N,\N,"inhumation","R02592","C04895","0","1","crouched","right","90","180","1","0","bondá2009a","2024-06-03 22:24:47","robert@localhost","2024-06-03 22:24:47","robert@localhost"
"S10527","47.619","19.078","BUDAK1","4985","154",\N,\N,"inhumation","R02593","C04896","0","1","crouched","left","45","135","1","0","bondá2009a","2024-06-03 22:24:47","robert@localhost","2024-06-03 22:24:47","robert@localhost"
"S10527","47.619","19.078","BUDAK1","4985","154",\N,\N,"inhumation","R02594","C04897","0","1","crouched","right","90","180","0","0","bondá2009a","2024-06-03 22:24:47","robert@localhost","2024-06-03 22:24:47","robert@localhost"
"S10527","47.619","19.078","BUDAK1","4985","154",\N,\N,"inhumation","R02595","C04898","0","1","crouched","left","90","180","1","0","bondá2009a","2024-06-03 22:24:47","robert@localhost","2024-06-03 22:24:47","robert@localhost"
"S10527","47.619","19.078","BUDAK1","4985","154",\N,\N,"inhumation","R02596","C04899","0","1","crouched","right","270","0","1","0","bondá2009a","2024-06-03 22:24:47","robert@localhost","2024-06-03 22:24:47","robert@localhost"
"S10527","47.619","19.078","BUDAK1","4985","154",\N,\N,"inhumation","R02597","C04900","0","1","crouched","right","90","180","0","0","bondá2009a","2024-06-03 22:24:47","robert@localhost","2024-06-03 22:24:47","robert@localhost"
"S10527","47.619","19.078","BUDAK1","4985","154",\N,\N,"inhumation","R02598","C04901","0","1","crouched","left","90","180","1","1","bondá2009a","2024-06-03 22:24:47","robert@localhost","2024-06-03 22:24:47","robert@localhost"
"S10527","47.619","19.078","BUDAK1","4985","154",\N,\N,"inhumation","R02599","C04902","0","1","crouched","right","90","180","1","1","bondá2009a","2024-06-03 22:24:47","robert@localhost","2024-06-03 22:24:47","robert@localhost"
"S10527","47.619","19.078","BUDAK1","4985","154",\N,\N,"inhumation","R02600","C04903","0","1","crouched","right","90","180","0","0","bondá2009a","2024-06-03 22:24:47","robert@localhost","2024-06-03 22:24:47","robert@localhost"
"S10527","47.619","19.078","BUDAK1","4985","154",\N,\N,"inhumation","R02601","C04904","0","1","crouched","right","90","180","1","1","bondá2009a","2024-06-03 22:24:47","robert@localhost","2024-06-03 22:24:47","robert@localhost"
"S10527","47.619","19.078","BUDAK1","4985","154",\N,\N,"inhumation","R02602","C04905",\N,"1","crouched","right","90","180","1","0","bondá2009a","2024-06-03 22:24:47","robert@localhost","2024-06-03 22:24:47","robert@localhost"
"S10527","47.619","19.078","BUDAK1","4985","154",\N,\N,"inhumation","R02603","C04906","0","1","crouched","right","270","0","1","0","bondá2009a","2024-06-03 22:24:47","robert@localhost","2024-06-03 22:24:47","robert@localhost"
"S10527","47.619","19.078","BUDAK1","4985","154",\N,\N,"inhumation","R02604","C04907","0","1","crouched","right","135","225","1","0","bondá2009a","2024-06-03 22:24:47","robert@localhost","2024-06-03 22:24:47","robert@localhost"
"S10527","47.619","19.078","BUDAK1","4985","154",\N,\N,"inhumation","R02605","C04908","0","1","crouched","left","225","315","1","0","bondá2009a","2024-06-03 22:24:47","robert@localhost","2024-06-03 22:24:47","robert@localhost"
"S10527","47.619","19.078","BUDAK1","4985","154",\N,\N,"inhumation","R02606","C04909","0","1","crouched","left","90","180","1","0","bondá2009a","2024-06-03 22:24:47","robert@localhost","2024-06-03 22:24:47","robert@localhost"
"S10527","47.619","19.078","BUDAK1","4985","154",\N,\N,"inhumation","R02607","C04910","0","1","crouched","right","180","270","1","0","bondá2009a","2024-06-03 22:24:47","robert@localhost","2024-06-03 22:24:47","robert@localhost"
"S10527","47.619","19.078","BUDAK1","4985","154",\N,\N,"inhumation","R02608","C04911","0","1","crouched","left","180","270","1","0","bondá2009a","2024-06-03 22:24:47","robert@localhost","2024-06-03 22:24:47","robert@localhost"
"S10527","47.619","19.078","BUDAK1","4985","154",\N,\N,"inhumation","R02609","C04912","0","1","crouched","left","135","225","0","0","bondá2009a","2024-06-03 22:24:47","robert@localhost","2024-06-03 22:24:47","robert@localhost"
"S10527","47.619","19.078","BUDAK1","4985","154",\N,\N,"inhumation","R02610","C04913","0","1","crouched","left","180","270","1","0","bondá2009a","2024-06-03 22:24:47","robert@localhost","2024-06-03 22:24:47","robert@localhost"
"S10527","47.619","19.078","BUDAK1","4985","154",\N,\N,"inhumation","R02611","C04914","0","1","crouched","left","90","180","1","0","bondá2009a","2024-06-03 22:24:47","robert@localhost","2024-06-03 22:24:47","robert@localhost"
"S10527","47.619","19.078","BUDAK1","4985","154",\N,\N,"inhumation","R02612","C04915","0","1","crouched","left","180","270","0","0","bondá2009a","2024-06-03 22:24:47","robert@localhost","2024-06-03 22:24:47","robert@localhost"
"S10527","47.619","19.078","BUDAK1","4985","154",\N,\N,"inhumation","R02613","C04916","0","1","crouched","right","90","180","1","0","bondá2009a","2024-06-03 22:24:47","robert@localhost","2024-06-03 22:24:47","robert@localhost"
"S10527","47.619","19.078","BUDAK1","4985","154",\N,\N,"inhumation","R02614","C04917","0","1","crouched","left","90","180","1","1","bondá2009a","2024-06-03 22:24:47","robert@localhost","2024-06-03 22:24:47","robert@localhost"
"S10527","47.619","19.078","BUDAK1","4985","154",\N,\N,"inhumation","R02615","C04918","0","1","crouched","right","225","315","1","1","bondá2009a","2024-06-03 22:24:47","robert@localhost","2024-06-03 22:24:47","robert@localhost"
"S10527","47.619","19.078","BUDAK1","4985","154",\N,\N,"inhumation","R02616","C04919","0","1","crouched","left","90","180","1","0","bondá2009a","2024-06-03 22:24:47","robert@localhost","2024-06-03 22:24:47","robert@localhost"
"S10527","47.619","19.078","BUDAK1","4985","154",\N,\N,"inhumation","R02617","C04920","0","1","crouched","right","180","270","0","1","bondá2009a","2024-06-03 22:24:47","robert@localhost","2024-06-03 22:24:47","robert@localhost"
"S10527","47.619","19.078","BUDAK1","4985","154",\N,\N,"inhumation","R02618","C04921","0","1","crouched","left","135","225","1","0","bondá2009a","2024-06-03 22:24:47","robert@localhost","2024-06-03 22:24:47","robert@localhost"
"S10527","47.619","19.078","BUDAK1","4985","154",\N,\N,"inhumation","R02619","C04922","0","1","crouched","right","180","270","1","0","bondá2009a","2024-06-03 22:24:47","robert@localhost","2024-06-03 22:24:47","robert@localhost"
"S10527","47.619","19.078","BUDAK1","4985","154",\N,\N,"inhumation","R02620","C04923","0","1","crouched","right","180","270","1","0","bondá2009a","2024-06-03 22:24:47","robert@localhost","2024-06-03 22:24:47","robert@localhost"
"S10527","47.619","19.078","BUDAK1","4985","154",\N,\N,"inhumation","R02621","C04924","0","1","crouched","right","90","180","1","0","bondá2009a","2024-06-03 22:24:47","robert@localhost","2024-06-03 22:24:47","robert@localhost"
"S10527","47.619","19.078","BUDAK1","4985","154",\N,\N,"inhumation","R02622","C04925","0","1","crouched","left","135","225","1","0","bondá2009a","2024-06-03 22:24:47","robert@localhost","2024-06-03 22:24:47","robert@localhost"
"S10527","47.619","19.078","BUDAK1","4985","154",\N,\N,"inhumation","R02623","C04926","0","1","crouched","left","135","225","0","0","bondá2009a","2024-06-03 22:24:47","robert@localhost","2024-06-03 22:24:47","robert@localhost"
"S10527","47.619","19.078","BUDAK1","4985","154",\N,\N,"inhumation","R02624","C04927","0","1","crouched","right","0","90","0","0","bondá2009a","2024-06-03 22:24:47","robert@localhost","2024-06-03 22:24:47","robert@localhost"
"S10527","47.619","19.078","BUDAK1","4985","154",\N,\N,"inhumation","R02625","C04928","0","1","crouched","left","180","270","1","0","bondá2009a","2024-06-03 22:24:47","robert@localhost","2024-06-03 22:24:47","robert@localhost"
"S10527","47.619","19.078","BUDAK1","4985","154",\N,\N,"inhumation","R02626","C04929","0","1","crouched","left","225","315","1","0","bondá2009a","2024-06-03 22:24:47","robert@localhost","2024-06-03 22:24:47","robert@localhost"
"S10527","47.619","19.078","BUDAK1","4985","154",\N,\N,"inhumation","R02627","C04930","0","1","extended",\N,\N,\N,"0","0","bondá2009a","2024-06-03 22:24:47","robert@localhost","2024-06-03 22:24:47","robert@localhost"
"S10527","47.619","19.078","BUDAK1","4985","154",\N,\N,"inhumation","R02628","C04931","0","1","crouched","left","90","180","1","0","bondá2009a","2024-06-03 22:24:47","robert@localhost","2024-06-03 22:24:47","robert@localhost"
"S10527","47.619","19.078","BUDAK1","4985","154",\N,\N,"inhumation","R02629","C04932","0","1","crouched","left","0","90","1","0","bondá2009a","2024-06-03 22:24:47","robert@localhost","2024-06-03 22:24:47","robert@localhost"
"S10527","47.619","19.078","BUDAK1","4985","154",\N,\N,"inhumation","R02630","C04933","0","1","crouched","right","180","270","1","0","bondá2009a","2024-06-03 22:24:47","robert@localhost","2024-06-03 22:24:47","robert@localhost"
"S10527","47.619","19.078","BUDAK1","4985","154",\N,\N,"inhumation","R02631","C04934","0","1","crouched","right","45","135","1","1","bondá2009a","2024-06-03 22:24:47","robert@localhost","2024-06-03 22:24:47","robert@localhost"
"S10527","47.619","19.078","BUDAK1","4985","154",\N,\N,"inhumation","R02632","C04935",\N,"1",\N,\N,\N,\N,"0","0","bondá2009a","2024-06-03 22:24:47","robert@localhost","2024-06-03 22:24:47","robert@localhost"
"S10527","47.619","19.078","BUDAK1","4985","154",\N,\N,"inhumation","R02633","C04936","0","1","crouched","left","90","180","0","0","bondá2009a","2024-06-03 22:24:47","robert@localhost","2024-06-03 22:24:47","robert@localhost"
"S10527","47.619","19.078","BUDAK1","4985","154",\N,\N,"inhumation","R02634","C04937","0","1","crouched","left","135","225","0","0","bondá2009a","2024-06-03 22:24:47","robert@localhost","2024-06-03 22:24:47","robert@localhost"
"S10527","47.619","19.078","BUDAK1","4985","154",\N,\N,"inhumation","R02635","C04938","0","1","crouched","left","180","270","0","0","bondá2009a","2024-06-03 22:24:47","robert@localhost","2024-06-03 22:24:47","robert@localhost"
"S10527","47.619","19.078","BUDAK1","4985","154",\N,\N,"inhumation","R02636","C04939","0","1","crouched","right","0","90","1","0","bondá2009a","2024-06-03 22:24:47","robert@localhost","2024-06-03 22:24:47","robert@localhost"
"S10527","47.619","19.078","BUDAK1","4985","154",\N,\N,"inhumation","R02637","C04940","0","1","crouched","right","90","180","1","0","bondá2009a","2024-06-03 22:24:47","robert@localhost","2024-06-03 22:24:47","robert@localhost"
"S10527","47.619","19.078","BUDAK1","4985","154",\N,\N,"inhumation","R02638","C04941","0","1","crouched","left","90","180","0","0","bondá2009a","2024-06-03 22:24:47","robert@localhost","2024-06-03 22:24:47","robert@localhost"
"S10527","47.619","19.078","BUDAK1","4985","154",\N,\N,"inhumation","R02639","C04942","0","1","crouched","left","45","135","0","0","bondá2009a","2024-06-03 22:24:47","robert@localhost","2024-06-03 22:24:47","robert@localhost"
"S10527","47.619","19.078","BUDAK1","4985","154",\N,\N,"inhumation","R02640","C04943","0","1","crouched","right","90","180","0","0","bondá2009a","2024-06-03 22:24:47","robert@localhost","2024-06-03 22:24:47","robert@localhost"
"S10527","47.619","19.078","BUDAK1","4985","154",\N,\N,"inhumation","R02641","C04944","0","1","crouched","left","90","180","0","0","bondá2009a","2024-06-03 22:24:47","robert@localhost","2024-06-03 22:24:47","robert@localhost"
"S10527","47.619","19.078","BUDAK1","4985","154",\N,\N,"inhumation","R02642","C04945",\N,"1","crouched","right","135","225","0","0","bondá2009a","2024-06-03 22:24:47","robert@localhost","2024-06-03 22:24:47","robert@localhost"
"S10527","47.619","19.078","BUDAK1","4985","154",\N,\N,"inhumation","R02643","C04946","0","1","crouched","right","45","135","0","0","bondá2009a","2024-06-03 22:24:47","robert@localhost","2024-06-03 22:24:47","robert@localhost"
"S10527","47.619","19.078","BUDAK1","4985","154",\N,\N,"inhumation","R02644","C04947",\N,"1","crouched","left","90","180","0","0","bondá2009a","2024-06-03 22:24:47","robert@localhost","2024-06-03 22:24:47","robert@localhost"
"S10527","47.619","19.078","BUDAK1","4985","154",\N,\N,"inhumation","R02645","C04948","0","1","crouched","back/left","225","315","0","0","bondá2009a","2024-06-03 22:24:47","robert@localhost","2024-06-03 22:24:47","robert@localhost"
"S10527","47.619","19.078","BUDAK1","4985","154",\N,\N,"inhumation","R02646","C04949","0","1","crouched","left","225","315","0","0","bondá2009a","2024-06-03 22:24:47","robert@localhost","2024-06-03 22:24:47","robert@localhost"
"S10527","47.619","19.078","BUDAK1","4985","154",\N,\N,"inhumation","R02647","C04950","0","1",\N,"left","135","225","0","0","bondá2009a","2024-06-03 22:24:47","robert@localhost","2024-06-03 22:24:47","robert@localhost"
"S10527","47.619","19.078","BUDAK1","4985","154",\N,\N,"inhumation","R02648","C04951","0","1","crouched","left","270","0","0","0","bondá2009a","2024-06-03 22:24:47","robert@localhost","2024-06-03 22:24:47","robert@localhost"
"S10527","47.619","19.078","BUDAK1","4985","154",\N,\N,"inhumation","R02649","C04952",\N,\N,\N,\N,"180","270","0","0","bondá2009a","2024-06-03 22:24:47","robert@localhost","2024-06-03 22:24:47","robert@localhost"
"S10527","47.619","19.078","BUDAK1","4985","154",\N,\N,"inhumation","R02650","C04953",\N,"1","crouched","right","135","225","0","0","bondá2009a","2024-06-03 22:24:47","robert@localhost","2024-06-03 22:24:47","robert@localhost"
"S10527","47.619","19.078","BUDAK1","4985","154",\N,\N,"inhumation","R02651","C04954",\N,\N,\N,"right","180","270","0","0","bondá2009a","2024-06-03 22:24:47","robert@localhost","2024-06-03 22:24:47","robert@localhost"
"S10527","47.619","19.078","BUDAK1","4985","154",\N,\N,"inhumation","R02652","C04955","0","1","crouched","left","180","270","0","0","bondá2009a","2024-06-03 22:24:47","robert@localhost","2024-06-03 22:24:47","robert@localhost"
"S10527","47.619","19.078","BUDAK1","4985","154",\N,\N,"inhumation","R02653","C04956","0","1","crouched","right","135","225","0","0","bondá2009a","2024-06-03 22:24:47","robert@localhost","2024-06-03 22:24:47","robert@localhost"
"S10527","47.619","19.078","BUDAK1","4985","154",\N,\N,"inhumation","R02654","C04957","0","1","crouched","left","135","225","0","0","bondá2009a","2024-06-03 22:24:47","robert@localhost","2024-06-03 22:24:47","robert@localhost"
"S10527","47.619","19.078","BUDAK1","4985","154",\N,\N,"inhumation","R02655","C04958","0","1","irregular",\N,"135","225","0","0","bondá2009a","2024-06-03 22:24:47","robert@localhost","2024-06-03 22:24:47","robert@localhost"
"S10527","47.619","19.078","BUDAK1","4985","154",\N,\N,"inhumation","R02656","C04959","0","1","crouched","left","225","315","0","0","bondá2009a","2024-06-03 22:24:47","robert@localhost","2024-06-03 22:24:47","robert@localhost"
"S10527","47.619","19.078","BUDAK1","4985","154",\N,\N,"inhumation","R02657","C04960",\N,\N,\N,\N,\N,\N,"0","0","bondá2009a","2024-06-03 22:24:47","robert@localhost","2024-06-03 22:24:47","robert@localhost"
"S10527","47.619","19.078","BUDAK1","4985","154",\N,\N,"inhumation","R02658","C04961","0","1","crouched","left","180","270","0","0","bondá2009a","2024-06-03 22:24:47","robert@localhost","2024-06-03 22:24:47","robert@localhost"
"S10527","47.619","19.078","BUDAK1","4985","154",\N,\N,"inhumation","R02659","C04962","0","1",\N,\N,"0","90","0","0","bondá2009a","2024-06-03 22:24:47","robert@localhost","2024-06-03 22:24:47","robert@localhost"
"S10527","47.619","19.078","BUDAK1","4985","154",\N,\N,"inhumation","R02660","C04963",\N,\N,\N,"right","90","180","0","0","bondá2009a","2024-06-03 22:24:47","robert@localhost","2024-06-03 22:24:47","robert@localhost"
"S10527","47.619","19.078","BUDAK1","4985","154",\N,\N,"inhumation","R02661","C04964","0","1","crouched","left","90","180","0","0","bondá2009a","2024-06-03 22:24:47","robert@localhost","2024-06-03 22:24:47","robert@localhost"
"S10527","47.619","19.078","BUDAK1","4985","154",\N,\N,"inhumation","R02662","C04965","0","1","crouched","right","0","90","0","0","bondá2009a","2024-06-03 22:24:47","robert@localhost","2024-06-03 22:24:47","robert@localhost"
"S10527","47.619","19.078","BUDAK1","4985","154",\N,\N,"inhumation","R02663","C04966",\N,\N,\N,\N,"135","225","0","0","bondá2009a","2024-06-03 22:24:47","robert@localhost","2024-06-03 22:24:47","robert@localhost"
"S10527","47.619","19.078","BUDAK1","4985","154",\N,\N,"inhumation","R02664","C04967","0","1","crouched","left","135","225","0","0","bondá2009a","2024-06-03 22:24:47","robert@localhost","2024-06-03 22:24:47","robert@localhost"
"S10527","47.619","19.078","BUDAK1","4985","154",\N,\N,"inhumation","R02665","C04968","0","1","crouched","right","180","270","0","0","bondá2009a","2024-06-03 22:24:47","robert@localhost","2024-06-03 22:24:47","robert@localhost"
"S10527","47.619","19.078","BUDAK1","4985","154",\N,\N,"inhumation","R02666","C04969","0","1","crouched","right","90","180","0","0","bondá2009a","2024-06-03 22:24:47","robert@localhost","2024-06-03 22:24:47","robert@localhost"
"S10527","47.619","19.078","BUDAK1","4985","154",\N,\N,"inhumation","R02667","C04970","0","1","crouched","left","0","90","0","0","bondá2009a","2024-06-03 22:24:47","robert@localhost","2024-06-03 22:24:47","robert@localhost"
"S10527","47.619","19.078","BUDAK1","4985","154",\N,\N,"inhumation","R02668","C04971",\N,"0","crouched","right","0","90","0","0","bondá2009a","2024-06-03 22:24:47","robert@localhost","2024-06-03 22:24:47","robert@localhost"
"S10527","47.619","19.078","BUDAK1","4985","154",\N,\N,"inhumation","R02669","C04972",\N,\N,\N,\N,"225","315","0","0","bondá2009a","2024-06-03 22:24:47","robert@localhost","2024-06-03 22:24:47","robert@localhost"
"S10527","47.619","19.078","BUDAK1","4985","154",\N,\N,"inhumation","R02670","C04973","0","1","crouched","left","90","180","0","0","bondá2009a","2024-06-03 22:24:47","robert@localhost","2024-06-03 22:24:47","robert@localhost"
"S10527","47.619","19.078","BUDAK1","4985","154",\N,\N,"inhumation","R02671","C04974","0","1","crouched","right","135","225","0","0","bondá2009a","2024-06-03 22:24:47","robert@localhost","2024-06-03 22:24:47","robert@localhost"
"S10527","47.619","19.078","BUDAK1","4985","154",\N,\N,"inhumation","R02672","C04975","0","1","crouched","right","90","180","0","0","bondá2009a","2024-06-03 22:24:47","robert@localhost","2024-06-03 22:24:47","robert@localhost"
"S10527","47.619","19.078","BUDAK1","4985","154",\N,\N,"inhumation","R02673","C04976","0","1","crouched","left","135","225","0","0","bondá2009a","2024-06-03 22:24:47","robert@localhost","2024-06-03 22:24:47","robert@localhost"
"S10527","47.619","19.078","BUDAK1","4985","154",\N,\N,"inhumation","R02674","C04977","0","1","crouched","right","90","180","0","0","bondá2009a","2024-06-03 22:24:47","robert@localhost","2024-06-03 22:24:47","robert@localhost"
"S10527","47.619","19.078","BUDAK1","4985","154",\N,\N,"inhumation","R02675","C04978","0","1","crouched","left","90","180","0","0","bondá2009a","2024-06-03 22:24:47","robert@localhost","2024-06-03 22:24:47","robert@localhost"
"S10527","47.619","19.078","BUDAK1","4985","154",\N,\N,"inhumation","R02676","C04979","0","1","crouched","right","135","225","0","0","bondá2009a","2024-06-03 22:24:47","robert@localhost","2024-06-03 22:24:47","robert@localhost"
"S10527","47.619","19.078","BUDAK1","4985","154",\N,\N,"inhumation","R02677","C04980","0","1","crouched","left","135","225","0","0","bondá2009a","2024-06-03 22:24:47","robert@localhost","2024-06-03 22:24:47","robert@localhost"
"S10527","47.619","19.078","BUDAK1","4985","154",\N,\N,"inhumation","R02678","C04981",\N,\N,\N,\N,"135","225","0","0","bondá2009a","2024-06-03 22:24:47","robert@localhost","2024-06-03 22:24:47","robert@localhost"
"S10527","47.619","19.078","BUDAK1","4985","154",\N,\N,"inhumation","R02679","C04982","0","1","crouched","right","225","315","0","0","bondá2009a","2024-06-03 22:24:47","robert@localhost","2024-06-03 22:24:47","robert@localhost"
"S10527","47.619","19.078","BUDAK1","4985","154",\N,\N,"inhumation","R02680","C04983",\N,"1","crouched","left","135","225","0","0","bondá2009a","2024-06-03 22:24:47","robert@localhost","2024-06-03 22:24:47","robert@localhost"
"S10527","47.619","19.078","BUDAK1","4985","154",\N,\N,"inhumation","R02681","C04984","0","1","crouched","left","180","270","0","0","bondá2009a","2024-06-03 22:24:47","robert@localhost","2024-06-03 22:24:47","robert@localhost"
"S10527","47.619","19.078","BUDAK1","4985","154",\N,\N,"inhumation","R02682","C04985","0","1","crouched","left","135","225","0","0","bondá2009a","2024-06-03 22:24:47","robert@localhost","2024-06-03 22:24:47","robert@localhost"
"S10527","47.619","19.078","BUDAK1","4985","154",\N,\N,"inhumation","R02683","C04986","0","1","crouched","right","45","135","0","0","bondá2009a","2024-06-03 22:24:47","robert@localhost","2024-06-03 22:24:47","robert@localhost"
"S10527","47.619","19.078","BUDAK1","4985","154",\N,\N,"inhumation","R02684","C04987","0","1","crouched","right","225","315","0","0","bondá2009a","2024-06-03 22:24:47","robert@localhost","2024-06-03 22:24:47","robert@localhost"
"S10527","47.619","19.078","BUDAK1","4985","154",\N,\N,"inhumation","R02685","C04988","0","1","crouched","left","180","270","0","0","bondá2009a","2024-06-03 22:24:47","robert@localhost","2024-06-03 22:24:47","robert@localhost"
"S10527","47.619","19.078","BUDAK1","4985","154",\N,\N,"inhumation","R02686","C04989","0","1","crouched","left","90","180","0","0","bondá2009a","2024-06-03 22:24:47","robert@localhost","2024-06-03 22:24:47","robert@localhost"
"S10527","47.619","19.078","BUDAK1","4985","154",\N,\N,"inhumation","R02687","C04990","0","1","crouched","left","180","270","0","0","bondá2009a","2024-06-03 22:24:47","robert@localhost","2024-06-03 22:24:47","robert@localhost"
"S10527","47.619","19.078","BUDAK1","4985","154",\N,\N,"inhumation","R02688","C04991","0","1","crouched","right","45","135","0","0","bondá2009a","2024-06-03 22:24:47","robert@localhost","2024-06-03 22:24:47","robert@localhost"
"S10527","47.619","19.078","BUDAK1","4985","154",\N,\N,"inhumation","R02689","C04992","0","1","crouched","left","135","225","0","0","bondá2009a","2024-06-03 22:24:47","robert@localhost","2024-06-03 22:24:47","robert@localhost"
"S10527","47.619","19.078","BUDAK1","4985","154",\N,\N,"inhumation","R02690","C04993","0","1","crouched","right","225","315","0","0","bondá2009a","2024-06-03 22:24:47","robert@localhost","2024-06-03 22:24:47","robert@localhost"
"S10527","47.619","19.078","BUDAK1","4985","154",\N,\N,"inhumation","R02691","C04994","0","1","crouched","left","135","225","0","0","bondá2009a","2024-06-03 22:24:47","robert@localhost","2024-06-03 22:24:47","robert@localhost"
"S10527","47.619","19.078","BUDAK1","4985","154",\N,\N,"inhumation","R02692","C04995","0","1","crouched","right","180","270","0","0","bondá2009a","2024-06-03 22:24:47","robert@localhost","2024-06-03 22:24:47","robert@localhost"
"S10527","47.619","19.078","BUDAK1","4985","154",\N,\N,"inhumation","R02693","C04996","0","1","crouched","left","180","270","0","0","bondá2009a","2024-06-03 22:24:47","robert@localhost","2024-06-03 22:24:47","robert@localhost"
"S10527","47.619","19.078","BUDAK1","4985","154",\N,\N,"inhumation","R02694","C04997","0","1","crouched","left","180","270","0","0","bondá2009a","2024-06-03 22:24:47","robert@localhost","2024-06-03 22:24:47","robert@localhost"
"S10527","47.619","19.078","BUDAK1","4985","154",\N,\N,"inhumation","R02695","C04998","0","1","crouched","right","90","180","0","0","bondá2009a","2024-06-03 22:24:47","robert@localhost","2024-06-03 22:24:47","robert@localhost"
"S10527","47.619","19.078","BUDAK1","4985","154",\N,\N,"inhumation","R02696","C04999","0","1","crouched","left","180","270","0","0","bondá2009a","2024-06-03 22:24:47","robert@localhost","2024-06-03 22:24:47","robert@localhost"
"S10527","47.619","19.078","BUDAK1","4985","154",\N,\N,"inhumation","R02697","C05000","0","1","crouched","left","180","270","0","0","bondá2009a","2024-06-03 22:24:47","robert@localhost","2024-06-03 22:24:47","robert@localhost"
"S10527","47.619","19.078","BUDAK1","4985","154",\N,\N,"inhumation","R02698","C05001","0","1","crouched","left","90","180","0","0","bondá2009a","2024-06-03 22:24:47","robert@localhost","2024-06-03 22:24:47","robert@localhost"
"S10527","47.619","19.078","BUDAK1","4985","154",\N,\N,"inhumation","R02699","C05002","0","1","crouched","left","90","180","0","0","bondá2009a","2024-06-03 22:24:47","robert@localhost","2024-06-03 22:24:47","robert@localhost"
"S10527","47.619","19.078","BUDAK1","4985","154",\N,\N,"inhumation","R02700","C05003","0","1","crouched","left","135","225","0","0","bondá2009a","2024-06-03 22:24:47","robert@localhost","2024-06-03 22:24:47","robert@localhost"
"S10527","47.619","19.078","BUDAK1","4985","154",\N,\N,"inhumation","R02701","C05004","0","1","crouched","right","90","180","0","0","bondá2009a","2024-06-03 22:24:47","robert@localhost","2024-06-03 22:24:47","robert@localhost"
"S10527","47.619","19.078","BUDAK1","4985","154",\N,\N,"inhumation","R02702","C05005","0","1","crouched","right","90","180","0","0","bondá2009a","2024-06-03 22:24:47","robert@localhost","2024-06-03 22:24:47","robert@localhost"
"S10527","47.619","19.078","BUDAK1","4985","154",\N,\N,"inhumation","R02703","C05006","1","1",\N,\N,\N,\N,"0","0","bondá2009a","2024-06-03 22:24:47","robert@localhost","2024-06-03 22:24:47","robert@localhost"
"S10527","47.619","19.078","BUDAK1","4985","154",\N,\N,"inhumation","R02704","C05007","0","1","crouched","left","135","225","0","0","bondá2009a","2024-06-03 22:24:47","robert@localhost","2024-06-03 22:24:47","robert@localhost"
"S10527","47.619","19.078","BUDAK1","4985","154",\N,\N,"inhumation","R02705","C05008","0","1","crouched","left","180","270","0","0","bondá2009a","2024-06-03 22:24:47","robert@localhost","2024-06-03 22:24:47","robert@localhost"
"S10527","47.619","19.078","BUDAK1","4985","154",\N,\N,"inhumation","R02706","C05009","0","1","crouched","right","180","270","0","0","bondá2009a","2024-06-03 22:24:47","robert@localhost","2024-06-03 22:24:47","robert@localhost"
"S10527","47.619","19.078","BUDAK1","4985","154",\N,\N,"inhumation","R02707","C05010","0","1","crouched","left","270","0","0","0","bondá2009a","2024-06-03 22:24:47","robert@localhost","2024-06-03 22:24:47","robert@localhost"
"S10527","47.619","19.078","BUDAK1","4985","154",\N,\N,"inhumation","R02708","C05011","0","1","crouched","left","135","225","0","0","bondá2009a","2024-06-03 22:24:47","robert@localhost","2024-06-03 22:24:47","robert@localhost"
"S10527","47.619","19.078","BUDAK1","4985","154",\N,\N,"inhumation","R02709","C05012","0","1","crouched","right","225","315","0","0","bondá2009a","2024-06-03 22:24:47","robert@localhost","2024-06-03 22:24:47","robert@localhost"
"S10527","47.619","19.078","BUDAK1","4985","154",\N,\N,"inhumation","R02710","C05013","0","1","crouched","left","90","180","0","0","bondá2009a","2024-06-03 22:24:47","robert@localhost","2024-06-03 22:24:47","robert@localhost"
"S10527","47.619","19.078","BUDAK1","4985","154",\N,\N,"inhumation","R02711","C05014","0","1","crouched","left","225","315","0","0","bondá2009a","2024-06-03 22:24:47","robert@localhost","2024-06-03 22:24:47","robert@localhost"
"S10527","47.619","19.078","BUDAK1","4985","154",\N,\N,"inhumation","R02712","C05015","0","1","crouched","right","90","180","0","0","bondá2009a","2024-06-03 22:24:47","robert@localhost","2024-06-03 22:24:47","robert@localhost"
"S10527","47.619","19.078","BUDAK1","4985","154",\N,\N,"inhumation","R02713","C05016",\N,"1","crouched","right","90","180","0","0","bondá2009a","2024-06-03 22:24:47","robert@localhost","2024-06-03 22:24:47","robert@localhost"
"S10527","47.619","19.078","BUDAK1","4985","154",\N,\N,"inhumation","R02714","C05017","0","1","crouched","left","0","90","0","0","bondá2009a","2024-06-03 22:24:47","robert@localhost","2024-06-03 22:24:47","robert@localhost"
"S10527","47.619","19.078","BUDAK1","4985","154",\N,\N,"inhumation","R02715","C05018","0","1","extended","back","90","180","0","0","bondá2009a","2024-06-03 22:24:47","robert@localhost","2024-06-03 22:24:47","robert@localhost"
"S10527","47.619","19.078","BUDAK1","4985","154",\N,\N,"inhumation","R02716","C05019","0","1","crouched","right","90","180","0","0","bondá2009a","2024-06-03 22:24:47","robert@localhost","2024-06-03 22:24:47","robert@localhost"
"S10527","47.619","19.078","BUDAK1","4985","154",\N,\N,"inhumation","R02717","C05020","0","1","crouched","left","180","270","0","0","bondá2009a","2024-06-03 22:24:47","robert@localhost","2024-06-03 22:24:47","robert@localhost"
"S10527","47.619","19.078","BUDAK1","4985","154",\N,\N,"inhumation","R02718","C05021","0","1","crouched","back","225","315","0","0","bondá2009a","2024-06-03 22:24:47","robert@localhost","2024-06-03 22:24:47","robert@localhost"
"S10527","47.619","19.078","BUDAK1","4985","154",\N,\N,"inhumation","R02719","C05022","0","1","crouched","left","90","180","0","0","bondá2009a","2024-06-03 22:24:47","robert@localhost","2024-06-03 22:24:47","robert@localhost"
"S10527","47.619","19.078","BUDAK1","4985","154",\N,\N,"inhumation","R02720","C05023","0","1","crouched","right","135","225","0","0","bondá2009a","2024-06-03 22:24:47","robert@localhost","2024-06-03 22:24:47","robert@localhost"
"S10527","47.619","19.078","BUDAK1","4985","154",\N,\N,"inhumation","R02721","C05024","0","1","crouched","right","180","270","0","0","bondá2009a","2024-06-03 22:24:47","robert@localhost","2024-06-03 22:24:47","robert@localhost"
"S10527","47.619","19.078","BUDAK1","4985","154",\N,\N,"inhumation","R02722","C05025","0","1","crouched","left","0","90","0","0","bondá2009a","2024-06-03 22:24:47","robert@localhost","2024-06-03 22:24:47","robert@localhost"
"S10527","47.619","19.078","BUDAK1","4985","154",\N,\N,"inhumation","R02723","C05026","0","1","crouched","right","135","225","0","0","bondá2009a","2024-06-03 22:24:47","robert@localhost","2024-06-03 22:24:47","robert@localhost"
"S10527","47.619","19.078","BUDAK1","4985","154",\N,\N,"inhumation","R02724","C05027","0","1","extended","back","90","180","0","0","bondá2009a","2024-06-03 22:24:47","robert@localhost","2024-06-03 22:24:47","robert@localhost"
"S10527","47.619","19.078","BUDAK1","4985","154",\N,\N,"inhumation","R02725","C05028","0","1","crouched","right","90","180","0","0","bondá2009a","2024-06-03 22:24:47","robert@localhost","2024-06-03 22:24:47","robert@localhost"
"S10527","47.619","19.078","BUDAK1","4985","154",\N,\N,"inhumation","R02726","C05029","0","1","crouched","left","90","180","0","0","bondá2009a","2024-06-03 22:24:47","robert@localhost","2024-06-03 22:24:47","robert@localhost"
"S10527","47.619","19.078","BUDAK1","4985","154",\N,\N,"inhumation","R02727","C05030","0","1","crouched","right","90","180","0","0","bondá2009a","2024-06-03 22:24:47","robert@localhost","2024-06-03 22:24:47","robert@localhost"
"S10527","47.619","19.078","BUDAK1","4985","154",\N,\N,"inhumation","R02728","C05031","0","1","crouched","right","0","90","0","0","bondá2009a","2024-06-03 22:24:47","robert@localhost","2024-06-03 22:24:47","robert@localhost"
"S10527","47.619","19.078","BUDAK1","4985","154",\N,\N,"inhumation","R02729","C05032","0","1","crouched","right","0","90","0","0","bondá2009a","2024-06-03 22:24:47","robert@localhost","2024-06-03 22:24:47","robert@localhost"
"S10527","47.619","19.078","BUDAK1","4985","154",\N,\N,"inhumation","R02730","C05033",\N,"1","crouched",\N,"135","225","0","0","bondá2009a","2024-06-03 22:24:47","robert@localhost","2024-06-03 22:24:47","robert@localhost"
"S10527","47.619","19.078","BUDAK1","4985","154",\N,\N,"inhumation","R02731","C05034","0","1","crouched","left","180","270","0","0","bondá2009a","2024-06-03 22:24:47","robert@localhost","2024-06-03 22:24:47","robert@localhost"
"S10527","47.619","19.078","BUDAK1","4985","154",\N,\N,"inhumation","R02732","C05035","0","1","crouched","left","135","225","0","0","bondá2009a","2024-06-03 22:24:47","robert@localhost","2024-06-03 22:24:47","robert@localhost"
"S10527","47.619","19.078","BUDAK1","4985","154",\N,\N,"inhumation","R02733","C05036","0","1","crouched","left","90","180","0","0","bondá2009a","2024-06-03 22:24:47","robert@localhost","2024-06-03 22:24:47","robert@localhost"
"S10527","47.619","19.078","BUDAK1","4985","154",\N,\N,"inhumation","R02734","C05037","0","1","crouched","right","90","180","0","0","bondá2009a","2024-06-03 22:24:47","robert@localhost","2024-06-03 22:24:47","robert@localhost"
"S10527","47.619","19.078","BUDAK1","4985","154",\N,\N,"inhumation","R02735","C05038","0","1","crouched","right","90","180","0","0","bondá2009a","2024-06-03 22:24:47","robert@localhost","2024-06-03 22:24:47","robert@localhost"
"S10527","47.619","19.078","BUDAK1","4985","154",\N,\N,"inhumation","R02736","C05039",\N,"1","crouched","left","90","180","0","0","bondá2009a","2024-06-03 22:24:47","robert@localhost","2024-06-03 22:24:47","robert@localhost"
"S10527","47.619","19.078","BUDAK1","4985","154",\N,\N,"inhumation","R02737","C05040","0","1","crouched","right","180","270","0","0","bondá2009a","2024-06-03 22:24:47","robert@localhost","2024-06-03 22:24:47","robert@localhost"
"S10527","47.619","19.078","BUDAK1","4985","154",\N,\N,"inhumation","R02738","C05041","0","1","crouched","right","90","180","0","0","bondá2009a","2024-06-03 22:24:47","robert@localhost","2024-06-03 22:24:47","robert@localhost"
"S10527","47.619","19.078","BUDAK1","4985","154",\N,\N,"inhumation","R02739","C05042","0","1","crouched","left","180","270","0","0","bondá2009a","2024-06-03 22:24:47","robert@localhost","2024-06-03 22:24:47","robert@localhost"
"S10527","47.619","19.078","BUDAK1","4985","154",\N,\N,"inhumation","R02740","C05043","0","1","crouched","right","90","180","0","0","bondá2009a","2024-06-03 22:24:47","robert@localhost","2024-06-03 22:24:47","robert@localhost"
"S10527","47.619","19.078","BUDAK1","4985","154",\N,\N,"inhumation","R02741","C05044","0","1","crouched","left","135","225","0","0","bondá2009a","2024-06-03 22:24:47","robert@localhost","2024-06-03 22:24:47","robert@localhost"
"S10527","47.619","19.078","BUDAK1","4985","154",\N,\N,"inhumation","R02742","C05045","0","1","crouched","right","90","180","0","0","bondá2009a","2024-06-03 22:24:47","robert@localhost","2024-06-03 22:24:47","robert@localhost"
"S10527","47.619","19.078","BUDAK1","4985","154",\N,\N,"inhumation","R02743","C05046","0","1","crouched","right","135","225","0","0","bondá2009a","2024-06-03 22:24:47","robert@localhost","2024-06-03 22:24:47","robert@localhost"
"S10527","47.619","19.078","BUDAK1","4985","154",\N,\N,"inhumation","R02744","C05047",\N,\N,"crouched","left","135","225","0","0","bondá2009a","2024-06-03 22:24:47","robert@localhost","2024-06-03 22:24:47","robert@localhost"
"S10527","47.619","19.078","BUDAK1","4985","154",\N,\N,"inhumation","R02745","C05048","0","1","crouched","left","135","225","0","0","bondá2009a","2024-06-03 22:24:47","robert@localhost","2024-06-03 22:24:47","robert@localhost"
"S10527","47.619","19.078","BUDAK1","4985","154",\N,\N,"inhumation","R02746","C05049",\N,\N,"crouched","left",\N,\N,"0","0","bondá2009a","2024-06-03 22:24:47","robert@localhost","2024-06-03 22:24:47","robert@localhost"
"S10527","47.619","19.078","BUDAK1","4985","154",\N,\N,"inhumation","R02747","C05050","0","1","crouched","left","180","270","0","0","bondá2009a","2024-06-03 22:24:47","robert@localhost","2024-06-03 22:24:47","robert@localhost"
"S10527","47.619","19.078","BUDAK1","4985","154",\N,\N,"inhumation","R02748","C05051","0","1","crouched","right","135","225","0","0","bondá2009a","2024-06-03 22:24:47","robert@localhost","2024-06-03 22:24:47","robert@localhost"
"S10527","47.619","19.078","BUDAK1","4985","154",\N,\N,"inhumation","R02749","C05052","0","1","crouched","right","180","270","0","0","bondá2009a","2024-06-03 22:24:47","robert@localhost","2024-06-03 22:24:47","robert@localhost"
"S10527","47.619","19.078","BUDAK1","4985","154",\N,\N,"inhumation","R02750","C05053","0","1","crouched","right","90","180","0","0","bondá2009a","2024-06-03 22:24:47","robert@localhost","2024-06-03 22:24:47","robert@localhost"
"S10527","47.619","19.078","BUDAK1","4985","154",\N,\N,"inhumation","R02751","C05054","0","1","crouched","left","135","225","0","0","bondá2009a","2024-06-03 22:24:47","robert@localhost","2024-06-03 22:24:47","robert@localhost"
"S10527","47.619","19.078","BUDAK1","4985","154",\N,\N,"inhumation","R02752","C05055","0","1","crouched","left","90","180","0","0","bondá2009a","2024-06-03 22:24:47","robert@localhost","2024-06-03 22:24:47","robert@localhost"
"S10527","47.619","19.078","BUDAK1","4985","154",\N,\N,"inhumation","R02753","C05056","0","1","extended","back","135","225","0","0","bondá2009a","2024-06-03 22:24:47","robert@localhost","2024-06-03 22:24:47","robert@localhost"
"S10527","47.619","19.078","BUDAK1","4985","154",\N,\N,"inhumation","R02754","C05057","0","1","crouched","left","225","315","0","0","bondá2009a","2024-06-03 22:24:47","robert@localhost","2024-06-03 22:24:47","robert@localhost"
"S10527","47.619","19.078","BUDAK1","4985","154",\N,\N,"inhumation","R02755","C05058",\N,"1","crouched","left","90","180","0","0","bondá2009a","2024-06-03 22:24:47","robert@localhost","2024-06-03 22:24:47","robert@localhost"
"S10527","47.619","19.078","BUDAK1","4985","154",\N,\N,"inhumation","R02756","C05059","0","1","crouched","left","180","270","0","0","bondá2009a","2024-06-03 22:24:47","robert@localhost","2024-06-03 22:24:47","robert@localhost"
"S10527","47.619","19.078","BUDAK1","4985","154",\N,\N,"inhumation","R02757","C05060","0","1","crouched","left","180","270","0","0","bondá2009a","2024-06-03 22:24:47","robert@localhost","2024-06-03 22:24:47","robert@localhost"
"S10527","47.619","19.078","BUDAK1","4985","154",\N,\N,"inhumation","R02758","C05061","0","1","crouched","left","180","270","0","0","bondá2009a","2024-06-03 22:24:47","robert@localhost","2024-06-03 22:24:47","robert@localhost"
"S10527","47.619","19.078","BUDAK1","4985","154",\N,\N,"inhumation","R02759","C05062","0","1","crouched","right","90","180","0","0","bondá2009a","2024-06-03 22:24:47","robert@localhost","2024-06-03 22:24:47","robert@localhost"
"S10527","47.619","19.078","BUDAK1","4985","154",\N,\N,"inhumation","R02760","C05063","0","1","crouched","right","90","180","0","0","bondá2009a","2024-06-03 22:24:47","robert@localhost","2024-06-03 22:24:47","robert@localhost"
"S10527","47.619","19.078","BUDAK1","4985","154",\N,\N,"inhumation","R02761","C05064","0","1","crouched","right","90","180","0","0","bondá2009a","2024-06-03 22:24:47","robert@localhost","2024-06-03 22:24:47","robert@localhost"
"S10527","47.619","19.078","BUDAK1","4985","154",\N,\N,"inhumation","R02762","C05065","0","1","crouched","left","90","180","0","0","bondá2009a","2024-06-03 22:24:47","robert@localhost","2024-06-03 22:24:47","robert@localhost"
"S10527","47.619","19.078","BUDAK1","4985","154",\N,\N,"inhumation","R02763","C05066","0","1","crouched","right","45","135","0","0","bondá2009a","2024-06-03 22:24:47","robert@localhost","2024-06-03 22:24:47","robert@localhost"
"S10527","47.619","19.078","BUDAK1","4985","154",\N,\N,"inhumation","R02764","C05067","0","1","crouched","left","135","225","0","0","bondá2009a","2024-06-03 22:24:47","robert@localhost","2024-06-03 22:24:47","robert@localhost"
"S10527","47.619","19.078","BUDAK1","4985","154",\N,\N,"inhumation","R02765","C05068","0","1","crouched","left","90","180","1","0","bondá2009a","2024-06-03 22:24:47","robert@localhost","2024-06-03 22:24:47","robert@localhost"
"S10527","47.619","19.078","BUDAK1","4985","154",\N,\N,"inhumation","R02766","C05069","0","1","crouched","right","90","180","1","0","bondá2009a","2024-06-03 22:24:47","robert@localhost","2024-06-03 22:24:47","robert@localhost"
"S10527","47.619","19.078","BUDAK1","4985","154",\N,\N,"inhumation","R02767","C05070","0","1","crouched","left","90","180","1","0","bondá2009a","2024-06-03 22:24:47","robert@localhost","2024-06-03 22:24:47","robert@localhost"
"S10527","47.619","19.078","BUDAK1","4985","154",\N,\N,"inhumation","R02768","C05071","0","1","crouched","right","90","180","0","0","bondá2009a","2024-06-03 22:24:47","robert@localhost","2024-06-03 22:24:47","robert@localhost"
"S10527","47.619","19.078","BUDAK1","4985","154",\N,\N,"inhumation","R02769","C05072","0","1","crouched","left","135","225","1","0","bondá2009a","2024-06-03 22:24:47","robert@localhost","2024-06-03 22:24:47","robert@localhost"
"S10527","47.619","19.078","BUDAK1","4985","154",\N,\N,"inhumation","R02770","C05073","0","1","crouched","left","135","225","0","0","bondá2009a","2024-06-03 22:24:47","robert@localhost","2024-06-03 22:24:47","robert@localhost"
"S10527","47.619","19.078","BUDAK1","4985","154",\N,\N,"inhumation","R02771","C05074","0","1","crouched","right","135","225","1","1","bondá2009a","2024-06-03 22:24:47","robert@localhost","2024-06-03 22:24:47","robert@localhost"
"S10527","47.619","19.078","BUDAK1","4985","154",\N,\N,"inhumation","R02772","C05075","0","1","crouched","left","135","225","0","0","bondá2009a","2024-06-03 22:24:47","robert@localhost","2024-06-03 22:24:47","robert@localhost"
"S10527","47.619","19.078","BUDAK1","4985","154",\N,\N,"inhumation","R02773","C05076","0","1","irregular","right","45","135","0","0","bondá2009a","2024-06-03 22:24:47","robert@localhost","2024-06-03 22:24:47","robert@localhost"
"S10527","47.619","19.078","BUDAK1","4985","154",\N,\N,"inhumation","R02774","C05077","0","1","crouched","right","90","180","0","0","bondá2009a","2024-06-03 22:24:47","robert@localhost","2024-06-03 22:24:47","robert@localhost"
"S10527","47.619","19.078","BUDAK1","4985","154",\N,\N,"inhumation","R02775","C05078","0","1","crouched","left","180","270","0","0","bondá2009a","2024-06-03 22:24:47","robert@localhost","2024-06-03 22:24:47","robert@localhost"
"S10527","47.619","19.078","BUDAK1","4985","154",\N,\N,"inhumation","R02776","C05079","0","1","crouched","left","90","180","0","0","bondá2009a","2024-06-03 22:24:47","robert@localhost","2024-06-03 22:24:47","robert@localhost"
"S10527","47.619","19.078","BUDAK1","4985","154",\N,\N,"inhumation","R02777","C05080","0","1","crouched","left","90","180","0","0","bondá2009a","2024-06-03 22:24:47","robert@localhost","2024-06-03 22:24:47","robert@localhost"
"S10527","47.619","19.078","BUDAK1","4985","154",\N,\N,"inhumation","R02778","C05081","0","1","crouched","right","90","180","0","0","bondá2009a","2024-06-03 22:24:47","robert@localhost","2024-06-03 22:24:47","robert@localhost"
"S10527","47.619","19.078","BUDAK1","4985","154",\N,\N,"inhumation","R02779","C05082","0","1","crouched","right","90","180","0","0","bondá2009a","2024-06-03 22:24:47","robert@localhost","2024-06-03 22:24:47","robert@localhost"
"S10527","47.619","19.078","BUDAK1","4985","154",\N,\N,"inhumation","R02780","C05083","0","1","crouched","left",\N,\N,"1","0","bondá2009a","2024-06-03 22:24:47","robert@localhost","2024-06-03 22:24:47","robert@localhost"
"S10527","47.619","19.078","BUDAK1","4985","154",\N,\N,"inhumation","R02781","C05084","0","1","crouched","left","135","225","0","0","bondá2009a","2024-06-03 22:24:47","robert@localhost","2024-06-03 22:24:47","robert@localhost"
"S10527","47.619","19.078","BUDAK1","4985","154",\N,\N,"inhumation","R02782","C05085","0","1","crouched","right","90","180","0","0","bondá2009a","2024-06-03 22:24:47","robert@localhost","2024-06-03 22:24:47","robert@localhost"
"S10527","47.619","19.078","BUDAK1","4985","154",\N,\N,"inhumation","R02783","C05086","0","1","crouched","left","90","180","1","0","bondá2009a","2024-06-03 22:24:47","robert@localhost","2024-06-03 22:24:47","robert@localhost"
"S10527","47.619","19.078","BUDAK1","4985","154",\N,\N,"inhumation","R02784","C05087",\N,"1",\N,\N,\N,\N,"1","0","bondá2009a","2024-06-03 22:24:47","robert@localhost","2024-06-03 22:24:47","robert@localhost"
"S10527","47.619","19.078","BUDAK1","4985","154",\N,\N,"inhumation","R02785","C05088","0","1","crouched","left","90","180","0","0","bondá2009a","2024-06-03 22:24:47","robert@localhost","2024-06-03 22:24:47","robert@localhost"
"S10527","47.619","19.078","BUDAK1","4985","154",\N,\N,"inhumation","R02786","C05089","0","1","crouched","front",\N,\N,"0","0","bondá2009a","2024-06-03 22:24:47","robert@localhost","2024-06-03 22:24:47","robert@localhost"
"S10527","47.619","19.078","BUDAK1","4985","154",\N,\N,"inhumation","R02787","C05090","0","1","crouched","left","90","180","1","0","bondá2009a","2024-06-03 22:24:47","robert@localhost","2024-06-03 22:24:47","robert@localhost"
"S10527","47.619","19.078","BUDAK1","4985","154",\N,\N,"inhumation","R02788","C05091","0","1","crouched","right","90","180","0","0","bondá2009a","2024-06-03 22:24:47","robert@localhost","2024-06-03 22:24:47","robert@localhost"
"S10527","47.619","19.078","BUDAK1","4985","154",\N,\N,"inhumation","R02789","C05092","0","1","crouched","left","180","270","0","0","bondá2009a","2024-06-03 22:24:47","robert@localhost","2024-06-03 22:24:47","robert@localhost"
"S10527","47.619","19.078","BUDAK1","4985","154",\N,\N,"inhumation","R02790","C05093","0","1","crouched","right","135","225","0","0","bondá2009a","2024-06-03 22:24:47","robert@localhost","2024-06-03 22:24:47","robert@localhost"
"S10527","47.619","19.078","BUDAK1","4985","154",\N,\N,"inhumation","R02791","C05094","0","1","crouched","right","90","180","0","0","bondá2009a","2024-06-03 22:24:47","robert@localhost","2024-06-03 22:24:47","robert@localhost"
"S10527","47.619","19.078","BUDAK1","4985","154",\N,\N,"inhumation","R02792","C05095","0","1","crouched","left","135","225","0","0","bondá2009a","2024-06-03 22:24:47","robert@localhost","2024-06-03 22:24:47","robert@localhost"
"S10527","47.619","19.078","BUDAK1","4985","154",\N,\N,"inhumation","R02793","C05096","0","1","crouched","front","90","180","0","0","bondá2009a","2024-06-03 22:24:47","robert@localhost","2024-06-03 22:24:47","robert@localhost"
"S10527","47.619","19.078","BUDAK1","4985","154",\N,\N,"inhumation","R02794","C05097","0","1","crouched","left","180","270","0","0","bondá2009a","2024-06-03 22:24:47","robert@localhost","2024-06-03 22:24:47","robert@localhost"
"S10527","47.619","19.078","BUDAK1","4985","154",\N,\N,"inhumation","R02795","C05098","0","1","crouched","left","180","270","0","0","bondá2009a","2024-06-03 22:24:47","robert@localhost","2024-06-03 22:24:47","robert@localhost"
"S10527","47.619","19.078","BUDAK1","4985","154",\N,\N,"inhumation","R02796","C05099","0","1","crouched","right","135","225","0","0","bondá2009a","2024-06-03 22:24:47","robert@localhost","2024-06-03 22:24:47","robert@localhost"
"S10527","47.619","19.078","BUDAK1","4985","154",\N,\N,"inhumation","R02797","C05100","0","1","crouched","left","135","225","0","0","bondá2009a","2024-06-03 22:24:47","robert@localhost","2024-06-03 22:24:47","robert@localhost"
"S10527","47.619","19.078","BUDAK1","4985","154",\N,\N,"inhumation","R02798","C05101","0","1","crouched","right","270","0","0","0","bondá2009a","2024-06-03 22:24:47","robert@localhost","2024-06-03 22:24:47","robert@localhost"
"S10527","47.619","19.078","BUDAK1","4985","154",\N,\N,"inhumation","R02799","C05102","0","1","crouched","left","135","225","1","0","bondá2009a","2024-06-03 22:24:47","robert@localhost","2024-06-03 22:24:47","robert@localhost"
"S10527","47.619","19.078","BUDAK1","4985","154",\N,\N,"inhumation","R02800","C05103","0","1","crouched","right","135","225","0","0","bondá2009a","2024-06-03 22:24:47","robert@localhost","2024-06-03 22:24:47","robert@localhost"
"S10527","47.619","19.078","BUDAK1","4985","154",\N,\N,"inhumation","R02801","C05104","0","1","crouched","right","0","90","0","0","bondá2009a","2024-06-03 22:24:47","robert@localhost","2024-06-03 22:24:47","robert@localhost"
"S10527","47.619","19.078","BUDAK1","4985","154",\N,\N,"inhumation","R02802","C05105","0","1","crouched","right","180","270","1","0","bondá2009a","2024-06-03 22:24:47","robert@localhost","2024-06-03 22:24:47","robert@localhost"
"S10527","47.619","19.078","BUDAK1","4985","154",\N,\N,"inhumation","R02803","C05106","0","1","crouched","left","90","180","0","0","bondá2009a","2024-06-03 22:24:47","robert@localhost","2024-06-03 22:24:47","robert@localhost"
"S10527","47.619","19.078","BUDAK1","4985","154",\N,\N,"inhumation","R02804","C05107","0","1","crouched","right","90","180","1","0","bondá2009a","2024-06-03 22:24:47","robert@localhost","2024-06-03 22:24:47","robert@localhost"
"S10527","47.619","19.078","BUDAK1","4985","154",\N,\N,"inhumation","R02805","C05108","0","1","crouched","right","90","180","0","0","bondá2009a","2024-06-03 22:24:47","robert@localhost","2024-06-03 22:24:47","robert@localhost"
"S10527","47.619","19.078","BUDAK1","4985","154",\N,\N,"inhumation","R02806","C05109","0","1","crouched","right","90","180","0","0","bondá2009a","2024-06-03 22:24:47","robert@localhost","2024-06-03 22:24:47","robert@localhost"
"S10527","47.619","19.078","BUDAK1","4985","154",\N,\N,"inhumation","R02807","C05110","0","1","crouched","left","45","135","0","0","bondá2009a","2024-06-03 22:24:47","robert@localhost","2024-06-03 22:24:47","robert@localhost"
"S10527","47.619","19.078","BUDAK1","4985","154",\N,\N,"inhumation","R02808","C05111","0","1","crouched","left","45","135","0","0","bondá2009a","2024-06-03 22:24:47","robert@localhost","2024-06-03 22:24:47","robert@localhost"
"S10527","47.619","19.078","BUDAK1","4985","154",\N,\N,"inhumation","R02809","C05112","0","1","crouched","right","180","270","0","0","bondá2009a","2024-06-03 22:24:47","robert@localhost","2024-06-03 22:24:47","robert@localhost"
"S10527","47.619","19.078","BUDAK1","4985","154",\N,\N,"inhumation","R02810","C05113","0","1","crouched","right","180","270","0","0","bondá2009a","2024-06-03 22:24:47","robert@localhost","2024-06-03 22:24:47","robert@localhost"
"S10527","47.619","19.078","BUDAK1","4985","154",\N,\N,"inhumation","R02811","C05114","0","1","crouched","back","225","315","0","0","bondá2009a","2024-06-03 22:24:47","robert@localhost","2024-06-03 22:24:47","robert@localhost"
"S10527","47.619","19.078","BUDAK1","4985","154",\N,\N,"inhumation","R02812","C05115","0","1","crouched","left","270","0","1","0","bondá2009a","2024-06-03 22:24:47","robert@localhost","2024-06-03 22:24:47","robert@localhost"
"S10527","47.619","19.078","BUDAK1","4985","154",\N,\N,"inhumation","R02813","C05116","0","1","crouched","front","90","180","0","0","bondá2009a","2024-06-03 22:24:47","robert@localhost","2024-06-03 22:24:47","robert@localhost"
"S10527","47.619","19.078","BUDAK1","4985","154",\N,\N,"inhumation","R02814","C05117","0","1","crouched","left","135","225","1","0","bondá2009a","2024-06-03 22:24:47","robert@localhost","2024-06-03 22:24:47","robert@localhost"
"S10527","47.619","19.078","BUDAK1","4985","154",\N,\N,"inhumation","R02815","C05118","1","1",\N,\N,\N,\N,"0","0","bondá2009a","2024-06-03 22:24:47","robert@localhost","2024-06-03 22:24:47","robert@localhost"
"S10527","47.619","19.078","BUDAK1","4985","154",\N,\N,"inhumation","R02816","C05119","0","1","crouched","left","225","315","0","0","bondá2009a","2024-06-03 22:24:47","robert@localhost","2024-06-03 22:24:47","robert@localhost"
"S10527","47.619","19.078","BUDAK1","4985","154",\N,\N,"inhumation","R02817","C05120","0","1","crouched","left","225","315","1","0","bondá2009a","2024-06-03 22:24:47","robert@localhost","2024-06-03 22:24:47","robert@localhost"
"S10527","47.619","19.078","BUDAK1","4985","154",\N,\N,"inhumation","R02818","C05121",\N,"1",\N,\N,"225","315","0","0","bondá2009a","2024-06-03 22:24:47","robert@localhost","2024-06-03 22:24:47","robert@localhost"
"S10527","47.619","19.078","BUDAK1","4985","154",\N,\N,"inhumation","R02819","C05122","0","1","crouched","left","90","180","1","0","bondá2009a","2024-06-03 22:24:47","robert@localhost","2024-06-03 22:24:47","robert@localhost"
"S10527","47.619","19.078","BUDAK1","4985","154",\N,\N,"inhumation","R02820","C05123","0","1","crouched","back","90","180","1","1","bondá2009a","2024-06-03 22:24:47","robert@localhost","2024-06-03 22:24:47","robert@localhost"
"S10527","47.619","19.078","BUDAK1","4985","154",\N,\N,"inhumation","R02821","C05124","0","1","crouched","left","180","270","1","0","bondá2009a","2024-06-03 22:24:47","robert@localhost","2024-06-03 22:24:47","robert@localhost"
"S10527","47.619","19.078","BUDAK1","4985","154",\N,\N,"inhumation","R02822","C05125","0","1","crouched","right","180","270","0","0","bondá2009a","2024-06-03 22:24:47","robert@localhost","2024-06-03 22:24:47","robert@localhost"
"S10527","47.619","19.078","BUDAK1","4985","154",\N,\N,"inhumation","R02823","C05126","0","1","crouched","right","90","180","0","0","bondá2009a","2024-06-03 22:24:47","robert@localhost","2024-06-03 22:24:47","robert@localhost"
"S10527","47.619","19.078","BUDAK1","4985","154",\N,\N,"inhumation","R02824","C05127","0","1","crouched","back","90","180","0","0","bondá2009a","2024-06-03 22:24:47","robert@localhost","2024-06-03 22:24:47","robert@localhost"
"S10527","47.619","19.078","BUDAK1","4985","154",\N,\N,"inhumation","R02825","C05128","0","1","crouched","left","180","270","0","0","bondá2009a","2024-06-03 22:24:47","robert@localhost","2024-06-03 22:24:47","robert@localhost"
"S10527","47.619","19.078","BUDAK1","4985","154",\N,\N,"inhumation","R02826","C05129","0","1","crouched","right","90","180","0","0","bondá2009a","2024-06-03 22:24:47","robert@localhost","2024-06-03 22:24:47","robert@localhost"
"S10527","47.619","19.078","BUDAK1","4985","154",\N,\N,"inhumation","R02827","C05130","0","1","crouched","left","135","225","0","0","bondá2009a","2024-06-03 22:24:47","robert@localhost","2024-06-03 22:24:47","robert@localhost"
"S10527","47.619","19.078","BUDAK1","4985","154",\N,\N,"inhumation","R02828","C05131",\N,"1",\N,\N,\N,\N,"0","0","bondá2009a","2024-06-03 22:24:47","robert@localhost","2024-06-03 22:24:47","robert@localhost"
"S10527","47.619","19.078","BUDAK1","4985","154",\N,\N,"inhumation","R02829","C05132","0","1","crouched","left","225","315","0","0","bondá2009a","2024-06-03 22:24:47","robert@localhost","2024-06-03 22:24:47","robert@localhost"
"S10527","47.619","19.078","BUDAK1","4985","154",\N,\N,"inhumation","R02830","C05133","0","1","crouched","right","225","315","0","0","bondá2009a","2024-06-03 22:24:47","robert@localhost","2024-06-03 22:24:47","robert@localhost"
"S10527","47.619","19.078","BUDAK1","4985","154",\N,\N,"inhumation","R02831","C05134","0","1","crouched","right","180","270","0","0","bondá2009a","2024-06-03 22:24:47","robert@localhost","2024-06-03 22:24:47","robert@localhost"
"S10527","47.619","19.078","BUDAK1","4985","154",\N,\N,"inhumation","R02832","C05135","0","1","crouched","right","180","270","0","0","bondá2009a","2024-06-03 22:24:47","robert@localhost","2024-06-03 22:24:47","robert@localhost"
"S10527","47.619","19.078","BUDAK1","4985","154",\N,\N,"inhumation","R02833","C05136","0","1","crouched","right","180","270","0","0","bondá2009a","2024-06-03 22:24:47","robert@localhost","2024-06-03 22:24:47","robert@localhost"
"S10527","47.619","19.078","BUDAK1","4985","154",\N,\N,"inhumation","R02834","C05137","0","1","crouched","right","45","135","0","0","bondá2009a","2024-06-03 22:24:47","robert@localhost","2024-06-03 22:24:47","robert@localhost"
"S10527","47.619","19.078","BUDAK1","4985","154",\N,\N,"inhumation","R02835","C05138","0","1","crouched","left","45","135","1","0","bondá2009a","2024-06-03 22:24:47","robert@localhost","2024-06-03 22:24:47","robert@localhost"
"S10527","47.619","19.078","BUDAK1","4985","154",\N,\N,"inhumation","R02836","C05139","0","1","crouched","left","45","135","0","0","bondá2009a","2024-06-03 22:24:47","robert@localhost","2024-06-03 22:24:47","robert@localhost"
"S10527","47.619","19.078","BUDAK1","4985","154",\N,\N,"inhumation","R02837","C05140","0","1","crouched","right","180","270","0","0","bondá2009a","2024-06-03 22:24:47","robert@localhost","2024-06-03 22:24:47","robert@localhost"
"S10527","47.619","19.078","BUDAK1","4985","154",\N,\N,"inhumation","R02838","C05141","0","1","crouched","right","180","270","1","0","bondá2009a","2024-06-03 22:24:47","robert@localhost","2024-06-03 22:24:47","robert@localhost"
"S10527","47.619","19.078","BUDAK1","4985","154",\N,\N,"inhumation","R02839","C05142","0","1","crouched","left","180","270","0","0","bondá2009a","2024-06-03 22:24:47","robert@localhost","2024-06-03 22:24:47","robert@localhost"
"S10527","47.619","19.078","BUDAK1","4985","154",\N,\N,"inhumation","R02840","C05143","0","1","crouched","left","90","180","0","0","bondá2009a","2024-06-03 22:24:47","robert@localhost","2024-06-03 22:24:47","robert@localhost"
"S10527","47.619","19.078","BUDAK1","4985","154",\N,\N,"inhumation","R02841","C05144","0","1","crouched","left","90","180","1","0","bondá2009a","2024-06-03 22:24:47","robert@localhost","2024-06-03 22:24:47","robert@localhost"
"S10527","47.619","19.078","BUDAK1","4985","154",\N,\N,"inhumation","R02842","C05145","0","1","crouched","right","90","180","0","0","bondá2009a","2024-06-03 22:24:47","robert@localhost","2024-06-03 22:24:47","robert@localhost"
"S10527","47.619","19.078","BUDAK1","4985","154",\N,\N,"inhumation","R02843","C05146","1","1",\N,\N,\N,\N,"0","0","bondá2009a","2024-06-03 22:24:47","robert@localhost","2024-06-03 22:24:47","robert@localhost"
"S10527","47.619","19.078","BUDAK1","4985","154",\N,\N,"inhumation","R02844","C05147","1","1",\N,\N,\N,\N,"0","0","bondá2009a","2024-06-03 22:24:47","robert@localhost","2024-06-03 22:24:47","robert@localhost"
"S10527","47.619","19.078","BUDAK1","4985","154",\N,\N,"inhumation","R02845","C05148","1","1",\N,\N,\N,\N,"1","0","bondá2009a","2024-06-03 22:24:47","robert@localhost","2024-06-03 22:24:47","robert@localhost"
"S10527","47.619","19.078","BUDAK1","4985","154",\N,\N,"inhumation","R02846","C05149","1","1",\N,\N,\N,\N,"0","0","bondá2009a","2024-06-03 22:24:47","robert@localhost","2024-06-03 22:24:47","robert@localhost"
"S10527","47.619","19.078","BUDAK1","4985","154",\N,\N,"inhumation","R02847","C05150","1","1",\N,\N,\N,\N,"0","0","bondá2009a","2024-06-03 22:24:47","robert@localhost","2024-06-03 22:24:47","robert@localhost"
"S10527","47.619","19.078","BUDAK1","4985","154",\N,\N,"inhumation","R02848","C05151","1","1",\N,\N,\N,\N,"1","0","bondá2009a","2024-06-03 22:24:47","robert@localhost","2024-06-03 22:24:47","robert@localhost"
"S10527","47.619","19.078","BUDAK1","4985","154",\N,\N,"cremation","R02849","C05152","1",\N,"inside a vessel",\N,\N,\N,"1","0","bondá2009a","2024-06-03 22:24:47","robert@localhost","2024-06-03 22:24:47","robert@localhost"
"S10527","47.619","19.078","BUDAK1","4985","154",\N,\N,"cremation","R02850","C05153","1",\N,"scattered",\N,\N,\N,"1","0","bondá2009a","2024-06-03 22:24:47","robert@localhost","2024-06-03 22:24:47","robert@localhost"
"S10527","47.619","19.078","BUDAK1","4985","154",\N,\N,"inhumation","R02851","C05154","0","1","crouched","right","180","225","1","0","bondá2009a","2024-06-03 22:24:47","robert@localhost","2024-06-03 22:24:47","robert@localhost"
"S10527","47.619","19.078","BUDAK1","4985","154",\N,\N,"cremation","R02852","C05155","1",\N,\N,\N,\N,\N,"0","0","bondá2009a","2024-06-03 22:24:47","robert@localhost","2024-06-03 22:24:47","robert@localhost"
"S10527","47.619","19.078","BUDAK1","4985","154",\N,\N,"cenotaph","R02853","C05156",\N,\N,\N,\N,\N,\N,"0","0","bondá2009a","2024-06-03 22:24:47","robert@localhost","2024-06-03 22:24:47","robert@localhost"
"S10527","47.619","19.078","BUDAK1","4985","154",\N,\N,"cenotaph","R02854","C05157",\N,\N,\N,\N,\N,\N,"1","0","bondá2009a","2024-06-03 22:24:47","robert@localhost","2024-06-03 22:24:47","robert@localhost"
"S10527","47.619","19.078","BUDAK1","4985","154",\N,\N,"cenotaph","R02855","C05158",\N,\N,\N,\N,\N,\N,"1","0","bondá2009a","2024-06-03 22:24:47","robert@localhost","2024-06-03 22:24:47","robert@localhost"
"S10527","47.619","19.078","BUDAK1","4985","154",\N,\N,"cenotaph","R02856","C05159",\N,\N,\N,\N,\N,\N,"0","0","bondá2009a","2024-06-03 22:24:47","robert@localhost","2024-06-03 22:24:47","robert@localhost"
"S10527","47.619","19.078","BUDAK1","4985","154",\N,\N,"cenotaph","R02857","C05160",\N,\N,\N,\N,\N,\N,"0","0","bondá2009a","2024-06-03 22:24:47","robert@localhost","2024-06-03 22:24:47","robert@localhost"
"S10527","47.619","19.078","BUDAK1","4985","154",\N,\N,"cenotaph","R02858","C05161",\N,\N,\N,\N,\N,\N,"0","0","bondá2009a","2024-06-03 22:24:47","robert@localhost","2024-06-03 22:24:47","robert@localhost"
"S10527","47.619","19.078","BUDAK1","4985","154",\N,\N,"cenotaph","R02859","C05162",\N,\N,\N,\N,\N,\N,"1","0","bondá2009a","2024-06-03 22:24:47","robert@localhost","2024-06-03 22:24:47","robert@localhost"
"S10527","47.619","19.078","BUDAK1","4985","154",\N,\N,"cenotaph","R02860","C05163",\N,\N,\N,\N,\N,\N,"0","0","bondá2009a","2024-06-03 22:24:47","robert@localhost","2024-06-03 22:24:47","robert@localhost"
"S10527","47.619","19.078","BUDAK1","4985","154",\N,\N,"cremation","R02861","C05164","1",\N,"scattered",\N,\N,\N,"1","0","bondá2009a","2024-06-03 22:24:47","robert@localhost","2024-06-03 22:24:47","robert@localhost"
"S10527","47.619","19.078","BUDAK1","4985","154",\N,\N,"cremation","R02862","C05165","1",\N,"scattered",\N,\N,\N,"1","0","bondá2009a","2024-06-03 22:24:47","robert@localhost","2024-06-03 22:24:47","robert@localhost"
"S10527","47.619","19.078","BUDAK1","4985","154",\N,\N,"cremation","R02863","C05166","1",\N,"scattered",\N,\N,\N,"1","0","bondá2009a","2024-06-03 22:24:47","robert@localhost","2024-06-03 22:24:47","robert@localhost"
"S10527","47.619","19.078","BUDAK1","4985","154",\N,\N,"cremation","R02864","C05167","1",\N,"scattered",\N,\N,\N,"1","0","bondá2009a","2024-06-03 22:24:47","robert@localhost","2024-06-03 22:24:47","robert@localhost"
"S10527","47.619","19.078","BUDAK1","4985","154",\N,\N,"cremation","R02865","C05168","1",\N,"scattered",\N,\N,\N,"0","0","bondá2009a","2024-06-03 22:24:47","robert@localhost","2024-06-03 22:24:47","robert@localhost"
"S10527","47.619","19.078","BUDAK1","4985","154",\N,\N,"cremation","R02866","C05169","1",\N,"scattered",\N,\N,\N,"1","0","bondá2009a","2024-06-03 22:24:47","robert@localhost","2024-06-03 22:24:47","robert@localhost"
"S10527","47.619","19.078","BUDAK1","4985","154",\N,\N,"cremation","R02867","C05170","1",\N,"scattered",\N,\N,\N,"1","0","bondá2009a","2024-06-03 22:24:47","robert@localhost","2024-06-03 22:24:47","robert@localhost"
"S10527","47.619","19.078","BUDAK1","4985","154",\N,\N,"cremation","R02868","C05171","1",\N,"scattered",\N,\N,\N,"1","0","bondá2009a","2024-06-03 22:24:47","robert@localhost","2024-06-03 22:24:47","robert@localhost"
"S10527","47.619","19.078","BUDAK1","4985","154",\N,\N,"cremation","R02869","C05172","1",\N,\N,\N,\N,\N,"1","0","bondá2009a","2024-06-03 22:24:47","robert@localhost","2024-06-03 22:24:47","robert@localhost"
"S10527","47.619","19.078","BUDAK1","4985","154",\N,\N,"cremation","R02870","C05173","1",\N,\N,\N,\N,\N,"0","0","bondá2009a","2024-06-03 22:24:47","robert@localhost","2024-06-03 22:24:47","robert@localhost"
"S10527","47.619","19.078","BUDAK1","4985","154",\N,\N,"cremation","R02871","C05174","1",\N,"scattered",\N,\N,\N,"0","0","bondá2009a","2024-06-03 22:24:47","robert@localhost","2024-06-03 22:24:47","robert@localhost"
"S10527","47.619","19.078","BUDAK1","4985","154",\N,\N,"cremation","R02872","C05175","1",\N,"scattered",\N,\N,\N,"1","0","bondá2009a","2024-06-03 22:24:47","robert@localhost","2024-06-03 22:24:47","robert@localhost"
"S10527","47.619","19.078","BUDAK1","4985","154",\N,\N,"cremation","R02873","C05176","1",\N,"scattered",\N,\N,\N,"0","0","bondá2009a","2024-06-03 22:24:47","robert@localhost","2024-06-03 22:24:47","robert@localhost"
"S10527","47.619","19.078","BUDAK1","4985","154",\N,\N,"cremation","R02874","C05177","1",\N,"scattered",\N,\N,\N,"1","0","bondá2009a","2024-06-03 22:24:47","robert@localhost","2024-06-03 22:24:47","robert@localhost"
"S10527","47.619","19.078","BUDAK1","4985","154",\N,\N,"cremation","R02875","C05178","1",\N,"scattered",\N,\N,\N,"0","0","bondá2009a","2024-06-03 22:24:47","robert@localhost","2024-06-03 22:24:47","robert@localhost"
"S10527","47.619","19.078","BUDAK1","4985","154",\N,\N,"cremation","R02876","C05179","1",\N,"scattered",\N,\N,\N,"1","1","bondá2009a","2024-06-03 22:24:47","robert@localhost","2024-06-03 22:24:47","robert@localhost"
"S10527","47.619","19.078","BUDAK1","4985","154",\N,\N,"cremation","R02877","C05180","1",\N,"scattered",\N,\N,\N,"1","0","bondá2009a","2024-06-03 22:24:47","robert@localhost","2024-06-03 22:24:47","robert@localhost"
"S10527","47.619","19.078","BUDAK1","4985","154",\N,\N,"cremation","R02878","C05181","1",\N,"scattered",\N,\N,\N,"1","0","bondá2009a","2024-06-03 22:24:47","robert@localhost","2024-06-03 22:24:47","robert@localhost"
"S10527","47.619","19.078","BUDAK1","4985","154",\N,\N,"cremation","R02879","C05182","1",\N,"scattered",\N,\N,\N,"1","0","bondá2009a","2024-06-03 22:24:47","robert@localhost","2024-06-03 22:24:47","robert@localhost"
"S10527","47.619","19.078","BUDAK1","4985","154",\N,\N,"cremation","R02880","C05183","1",\N,"scattered",\N,\N,\N,"0","0","bondá2009a","2024-06-03 22:24:47","robert@localhost","2024-06-03 22:24:47","robert@localhost"
"S10527","47.619","19.078","BUDAK1","4985","154",\N,\N,"cremation","R02881","C05184","1",\N,"scattered",\N,\N,\N,"1","0","bondá2009a","2024-06-03 22:24:47","robert@localhost","2024-06-03 22:24:47","robert@localhost"
"S10527","47.619","19.078","BUDAK1","4985","154",\N,\N,"cremation","R02882","C05185","1",\N,"scattered",\N,\N,\N,"1","0","bondá2009a","2024-06-03 22:24:47","robert@localhost","2024-06-03 22:24:47","robert@localhost"
"S10527","47.619","19.078","BUDAK1","4985","154",\N,\N,"cremation","R02883","C05186","1",\N,"scattered",\N,\N,\N,"1","1","bondá2009a","2024-06-03 22:24:47","robert@localhost","2024-06-03 22:24:47","robert@localhost"
"S10527","47.619","19.078","BUDAK1","4985","154",\N,\N,"cremation","R02884","C05187","1",\N,"scattered",\N,\N,\N,"1","0","bondá2009a","2024-06-03 22:24:47","robert@localhost","2024-06-03 22:24:47","robert@localhost"
"S10527","47.619","19.078","BUDAK1","4985","154",\N,\N,"cremation","R02885","C05188","1",\N,"scattered",\N,\N,\N,"0","0","bondá2009a","2024-06-03 22:24:47","robert@localhost","2024-06-03 22:24:47","robert@localhost"
"S10527","47.619","19.078","BUDAK1","4985","154",\N,\N,"cremation","R02886","C05189","1",\N,"scattered",\N,\N,\N,"1","0","bondá2009a","2024-06-03 22:24:47","robert@localhost","2024-06-03 22:24:47","robert@localhost"
"S10527","47.619","19.078","BUDAK1","4985","154",\N,\N,"cremation","R02887","C05190","1",\N,"scattered",\N,\N,\N,"1","0","bondá2009a","2024-06-03 22:24:47","robert@localhost","2024-06-03 22:24:47","robert@localhost"
"S10527","47.619","19.078","BUDAK1","4985","154",\N,\N,"cremation","R02888","C05191","1",\N,"scattered",\N,\N,\N,"1","0","bondá2009a","2024-06-03 22:24:47","robert@localhost","2024-06-03 22:24:47","robert@localhost"
"S10527","47.619","19.078","BUDAK1","4985","154",\N,\N,"cremation","R02889","C05192","1",\N,"scattered",\N,\N,\N,"0","0","bondá2009a","2024-06-03 22:24:47","robert@localhost","2024-06-03 22:24:47","robert@localhost"
"S10527","47.619","19.078","BUDAK1","4985","154",\N,\N,"cremation","R02890","C05193","1",\N,"scattered",\N,\N,\N,"0","0","bondá2009a","2024-06-03 22:24:47","robert@localhost","2024-06-03 22:24:47","robert@localhost"
"S10527","47.619","19.078","BUDAK1","4985","154",\N,\N,"cremation","R02891","C05194","1",\N,"scattered",\N,\N,\N,"0","0","bondá2009a","2024-06-03 22:24:47","robert@localhost","2024-06-03 22:24:47","robert@localhost"
"S10527","47.619","19.078","BUDAK1","4985","154",\N,\N,"cremation","R02892","C05195","1",\N,"scattered",\N,\N,\N,"0","0","bondá2009a","2024-06-03 22:24:47","robert@localhost","2024-06-03 22:24:47","robert@localhost"
"S10527","47.619","19.078","BUDAK1","4985","154",\N,\N,"cremation","R02893","C05196","1",\N,"scattered",\N,\N,\N,"0","0","bondá2009a","2024-06-03 22:24:47","robert@localhost","2024-06-03 22:24:47","robert@localhost"
"S10527","47.619","19.078","BUDAK1","4985","154",\N,\N,"cremation","R02894","C05197","1",\N,"scattered",\N,\N,\N,"0","0","bondá2009a","2024-06-03 22:24:47","robert@localhost","2024-06-03 22:24:47","robert@localhost"
"S10527","47.619","19.078","BUDAK1","4985","154",\N,\N,"cremation","R02895","C05198","1",\N,"scattered",\N,\N,\N,"0","0","bondá2009a","2024-06-03 22:24:47","robert@localhost","2024-06-03 22:24:47","robert@localhost"
"S10527","47.619","19.078","BUDAK1","4985","154",\N,\N,"cremation","R02896","C05199","1",\N,"scattered",\N,\N,\N,"0","0","bondá2009a","2024-06-03 22:24:47","robert@localhost","2024-06-03 22:24:47","robert@localhost"
"S10527","47.619","19.078","BUDAK1","4985","154",\N,\N,"cremation","R02897","C05200","1",\N,"scattered",\N,\N,\N,"0","0","bondá2009a","2024-06-03 22:24:47","robert@localhost","2024-06-03 22:24:47","robert@localhost"
"S10527","47.619","19.078","BUDAK1","4985","154",\N,\N,"cremation","R02898","C05201","1",\N,\N,\N,\N,\N,"0","0","bondá2009a","2024-06-03 22:24:47","robert@localhost","2024-06-03 22:24:47","robert@localhost"
"S10527","47.619","19.078","BUDAK1","4985","154",\N,\N,"cremation","R02899","C05202","1",\N,\N,\N,\N,\N,"0","0","bondá2009a","2024-06-03 22:24:47","robert@localhost","2024-06-03 22:24:47","robert@localhost"
"S10527","47.619","19.078","BUDAK1","4985","154",\N,\N,"cremation","R02900","C05203","1",\N,\N,\N,\N,\N,"0","0","bondá2009a","2024-06-03 22:24:47","robert@localhost","2024-06-03 22:24:47","robert@localhost"
"S10527","47.619","19.078","BUDAK1","4985","154",\N,\N,"cremation","R02901","C05204","1",\N,"scattered",\N,\N,\N,"0","0","bondá2009a","2024-06-03 22:24:47","robert@localhost","2024-06-03 22:24:47","robert@localhost"
"S10527","47.619","19.078","BUDAK1","4985","154",\N,\N,"cremation","R02902","C05205","1",\N,"scattered",\N,\N,\N,"0","0","bondá2009a","2024-06-03 22:24:47","robert@localhost","2024-06-03 22:24:47","robert@localhost"
"S10527","47.619","19.078","BUDAK1","4985","154",\N,\N,"cremation","R02903","C05206","1",\N,"scattered",\N,\N,\N,"0","0","bondá2009a","2024-06-03 22:24:47","robert@localhost","2024-06-03 22:24:47","robert@localhost"
"S10527","47.619","19.078","BUDAK1","4985","154",\N,\N,"cremation","R02904","C05207","1",\N,"scattered",\N,\N,\N,"0","0","bondá2009a","2024-06-03 22:24:47","robert@localhost","2024-06-03 22:24:47","robert@localhost"
"S10527","47.619","19.078","BUDAK1","4985","154",\N,\N,"cremation","R02905","C05208","1",\N,"scattered",\N,\N,\N,"0","0","bondá2009a","2024-06-03 22:24:47","robert@localhost","2024-06-03 22:24:47","robert@localhost"
"S10527","47.619","19.078","BUDAK1","4985","154",\N,\N,"cremation","R02906","C05209","1",\N,"scattered",\N,\N,\N,"0","0","bondá2009a","2024-06-03 22:24:47","robert@localhost","2024-06-03 22:24:47","robert@localhost"
"S10527","47.619","19.078","BUDAK1","4985","154",\N,\N,"cremation","R02907","C05210","1",\N,"scattered",\N,\N,\N,"0","0","bondá2009a","2024-06-03 22:24:47","robert@localhost","2024-06-03 22:24:47","robert@localhost"
"S10527","47.619","19.078","BUDAK1","4985","154",\N,\N,"cremation","R02908","C05211","1",\N,"scattered",\N,\N,\N,"0","0","bondá2009a","2024-06-03 22:24:47","robert@localhost","2024-06-03 22:24:47","robert@localhost"
"S10527","47.619","19.078","BUDAK1","4985","154",\N,\N,"cremation","R02909","C05212","1",\N,"scattered",\N,\N,\N,"0","0","bondá2009a","2024-06-03 22:24:47","robert@localhost","2024-06-03 22:24:47","robert@localhost"
"S10527","47.619","19.078","BUDAK1","4985","154",\N,\N,"cremation","R02910","C05213","1",\N,"scattered",\N,\N,\N,"0","0","bondá2009a","2024-06-03 22:24:47","robert@localhost","2024-06-03 22:24:47","robert@localhost"
"S10527","47.619","19.078","BUDAK1","4985","154",\N,\N,"cremation","R02911","C05214","1",\N,"scattered",\N,\N,\N,"0","0","bondá2009a","2024-06-03 22:24:47","robert@localhost","2024-06-03 22:24:47","robert@localhost"
"S10527","47.619","19.078","BUDAK1","4985","154",\N,\N,"cremation","R02912","C05215","1",\N,"scattered",\N,\N,\N,"0","0","bondá2009a","2024-06-03 22:24:47","robert@localhost","2024-06-03 22:24:47","robert@localhost"
"S10527","47.619","19.078","BUDAK1","4985","154",\N,\N,"cremation","R02913","C05216","1",\N,"scattered",\N,\N,\N,"0","0","bondá2009a","2024-06-03 22:24:47","robert@localhost","2024-06-03 22:24:47","robert@localhost"
"S10527","47.619","19.078","BUDAK1","4985","154",\N,\N,"cremation","R02914","C05217","1",\N,"scattered",\N,\N,\N,"0","0","bondá2009a","2024-06-03 22:24:47","robert@localhost","2024-06-03 22:24:47","robert@localhost"
"S10527","47.619","19.078","BUDAK1","4985","154",\N,\N,"cremation","R02915","C05218","1",\N,"scattered",\N,\N,\N,"0","0","bondá2009a","2024-06-03 22:24:47","robert@localhost","2024-06-03 22:24:47","robert@localhost"
"S10527","47.619","19.078","BUDAK1","4985","154",\N,\N,"cremation","R02916","C05219","1",\N,"scattered",\N,\N,\N,"0","0","bondá2009a","2024-06-03 22:24:47","robert@localhost","2024-06-03 22:24:47","robert@localhost"
"S10527","47.619","19.078","BUDAK1","4985","154",\N,\N,"cremation","R02917","C05220","1",\N,"scattered",\N,\N,\N,"0","0","bondá2009a","2024-06-03 22:24:47","robert@localhost","2024-06-03 22:24:47","robert@localhost"
"S10527","47.619","19.078","BUDAK1","4985","154",\N,\N,"cremation","R02918","C05221","1",\N,"scattered",\N,\N,\N,"0","0","bondá2009a","2024-06-03 22:24:47","robert@localhost","2024-06-03 22:24:47","robert@localhost"
"S10527","47.619","19.078","BUDAK1","4985","154",\N,\N,"cremation","R02919","C05222","1",\N,"scattered",\N,\N,\N,"0","0","bondá2009a","2024-06-03 22:24:47","robert@localhost","2024-06-03 22:24:47","robert@localhost"
"S10527","47.619","19.078","BUDAK1","4985","154",\N,\N,"cremation","R02920","C05223","1",\N,"scattered",\N,\N,\N,"0","0","bondá2009a","2024-06-03 22:24:47","robert@localhost","2024-06-03 22:24:47","robert@localhost"
"S10527","47.619","19.078","BUDAK1","4985","154",\N,\N,"cremation","R02921","C05224","1",\N,"scattered",\N,\N,\N,"0","0","bondá2009a","2024-06-03 22:24:47","robert@localhost","2024-06-03 22:24:47","robert@localhost"
"S10527","47.619","19.078","BUDAK1","4985","154",\N,\N,"cremation","R02922","C05225","1",\N,"scattered",\N,\N,\N,"0","0","bondá2009a","2024-06-03 22:24:47","robert@localhost","2024-06-03 22:24:47","robert@localhost"
"S10527","47.619","19.078","BUDAK1","4985","154",\N,\N,"cremation","R02923","C05226","1",\N,"scattered",\N,\N,\N,"0","0","bondá2009a","2024-06-03 22:24:47","robert@localhost","2024-06-03 22:24:47","robert@localhost"
"S10527","47.619","19.078","BUDAK1","4985","154",\N,\N,"cremation","R02924","C05227","1",\N,"scattered",\N,\N,\N,"0","0","bondá2009a","2024-06-03 22:24:47","robert@localhost","2024-06-03 22:24:47","robert@localhost"
"S10527","47.619","19.078","BUDAK1","4985","154",\N,\N,"cremation","R02925","C05228","1",\N,"inside a vessel",\N,\N,\N,"1","0","bondá2009a","2024-06-03 22:24:47","robert@localhost","2024-06-03 22:24:47","robert@localhost"
"S10527","47.619","19.078","BUDAK1","4985","154",\N,\N,"cremation","R02926","C05229","1",\N,"inside a vessel",\N,\N,\N,"1","0","bondá2009a","2024-06-03 22:24:47","robert@localhost","2024-06-03 22:24:47","robert@localhost"
"S10527","47.619","19.078","BUDAK1","4985","154",\N,\N,"cremation","R02927","C05230","1",\N,"inside a vessel",\N,\N,\N,"1","0","bondá2009a","2024-06-03 22:24:47","robert@localhost","2024-06-03 22:24:47","robert@localhost"
"S10527","47.619","19.078","BUDAK1","4985","154",\N,\N,"cremation","R02928","C05231","1",\N,"inside a vessel",\N,\N,\N,"1","0","bondá2009a","2024-06-03 22:24:47","robert@localhost","2024-06-03 22:24:47","robert@localhost"
"S10527","47.619","19.078","BUDAK1","4985","154",\N,\N,"cremation","R02929","C05232","1",\N,"inside a vessel",\N,\N,\N,"1","0","bondá2009a","2024-06-03 22:24:47","robert@localhost","2024-06-03 22:24:47","robert@localhost"
"S10527","47.619","19.078","BUDAK1","4985","154",\N,\N,"inhumation","R02930","C05233","1","1","crouched","left","180","225","1","0","bondá2009a","2024-06-03 22:24:47","robert@localhost","2024-06-03 22:24:47","robert@localhost"
"S10528","46.942","18.934","DUNA2","4423","97",\N,\N,"cremation","R02931","C05234","1",\N,"inside a vessel",\N,\N,\N,"1","0","vicze2011a","2024-06-03 22:24:47","robert@localhost","2024-06-03 22:24:47","robert@localhost"
"S10528","46.942","18.934","DUNA2","4423","97",\N,\N,"cremation","R02932","C05235","1",\N,"inside a vessel",\N,\N,\N,"1","0","vicze2011a","2024-06-03 22:24:47","robert@localhost","2024-06-03 22:24:47","robert@localhost"
"S10528","46.942","18.934","DUNA2","4423","97",\N,\N,"cremation","R02933","C05236","1",\N,"inside a vessel",\N,\N,\N,"1","0","vicze2011a","2024-06-03 22:24:47","robert@localhost","2024-06-03 22:24:47","robert@localhost"
"S10528","46.942","18.934","DUNA2","4423","97",\N,\N,"cremation","R02934","C05237","1",\N,"inside a vessel",\N,\N,\N,"1","0","vicze2011a","2024-06-03 22:24:47","robert@localhost","2024-06-03 22:24:47","robert@localhost"
"S10528","46.942","18.934","DUNA2","4423","97",\N,\N,"cremation","R02935","C05238","1",\N,"inside a vessel",\N,\N,\N,"1","0","vicze2011a","2024-06-03 22:24:47","robert@localhost","2024-06-03 22:24:47","robert@localhost"
"S10528","46.942","18.934","DUNA2","4423","97",\N,\N,"cremation","R02936","C05239","1",\N,"inside a vessel",\N,\N,\N,"1","0","vicze2011a","2024-06-03 22:24:47","robert@localhost","2024-06-03 22:24:47","robert@localhost"
"S10528","46.942","18.934","DUNA2","4423","97",\N,\N,"cremation","R02937","C05240","1",\N,"inside a vessel",\N,\N,\N,"1","0","vicze2011a","2024-06-03 22:24:47","robert@localhost","2024-06-03 22:24:47","robert@localhost"
"S10528","46.942","18.934","DUNA2","4423","97",\N,\N,"cremation","R02938","C05241","1",\N,"inside a vessel",\N,\N,\N,"1","0","vicze2011a","2024-06-03 22:24:47","robert@localhost","2024-06-03 22:24:47","robert@localhost"
"S10528","46.942","18.934","DUNA2","4423","97",\N,\N,"cremation","R02939","C05242","1",\N,"inside a vessel",\N,\N,\N,"1","0","vicze2011a","2024-06-03 22:24:47","robert@localhost","2024-06-03 22:24:47","robert@localhost"
"S10528","46.942","18.934","DUNA3","7032","329",\N,\N,"cremation","R02940","C05243","1",\N,"inside a vessel",\N,\N,\N,"1","0","vicze2011a","2024-06-03 22:24:47","robert@localhost","2024-06-03 22:24:47","robert@localhost"
"S10528","46.942","18.934","DUNA2","4423","97",\N,\N,"cremation","R02941","C05244","1",\N,"inside a vessel",\N,\N,\N,"1","0","vicze2011a","2024-06-03 22:24:47","robert@localhost","2024-06-03 22:24:47","robert@localhost"
"S10528","46.942","18.934","DUNA3","7032","329",\N,\N,"cremation","R02942","C05245","1",\N,"inside a vessel",\N,\N,\N,"1","0","vicze2011a","2024-06-03 22:24:47","robert@localhost","2024-06-03 22:24:47","robert@localhost"
"S10528","46.942","18.934","DUNA2","4423","97",\N,\N,"cremation","R02943","C05246","1",\N,"inside a vessel",\N,\N,\N,"1","0","vicze2011a","2024-06-03 22:24:47","robert@localhost","2024-06-03 22:24:47","robert@localhost"
"S10528","46.942","18.934","DUNA2","4423","97",\N,\N,"inhumation","R02944","C05247","0","1","crouched","left","270","300","1","0","vicze2011a","2024-06-03 22:24:47","robert@localhost","2024-06-03 22:24:47","robert@localhost"
"S10528","46.942","18.934","DUNA2","4423","97",\N,\N,"cremation","R02945","C05248","1",\N,"inside a vessel",\N,\N,\N,"1","0","vicze2011a","2024-06-03 22:24:47","robert@localhost","2024-06-03 22:24:47","robert@localhost"
"S10528","46.942","18.934","DUNA2","4423","97",\N,\N,"cremation","R02946","C05249","1",\N,"inside a vessel",\N,\N,\N,"1","0","vicze2011a","2024-06-03 22:24:47","robert@localhost","2024-06-03 22:24:47","robert@localhost"
"S10528","46.942","18.934","DUNA2","4423","97",\N,\N,"cremation","R02947","C05250","1",\N,"inside a vessel",\N,\N,\N,"1","0","vicze2011a","2024-06-03 22:24:47","robert@localhost","2024-06-03 22:24:47","robert@localhost"
"S10528","46.942","18.934","DUNA2","4423","97",\N,\N,"cremation","R02948","C05251","1",\N,"inside a vessel",\N,\N,\N,"1","0","vicze2011a","2024-06-03 22:24:47","robert@localhost","2024-06-03 22:24:47","robert@localhost"
"S10528","46.942","18.934","DUNA2","4423","97",\N,\N,"cremation","R02949","C05252","1",\N,"inside a vessel",\N,\N,\N,"1","0","vicze2011a","2024-06-03 22:24:47","robert@localhost","2024-06-03 22:24:47","robert@localhost"
"S10528","46.942","18.934","DUNA3","7032","329",\N,\N,"cremation","R02950","C05253","1",\N,"inside a vessel",\N,\N,\N,"1","0","vicze2011a","2024-06-03 22:24:47","robert@localhost","2024-06-03 22:24:47","robert@localhost"
"S10528","46.942","18.934","DUNA2","4423","97",\N,\N,"cremation","R02951","C05254","1",\N,"inside a vessel",\N,\N,\N,"1","0","vicze2011a","2024-06-03 22:24:47","robert@localhost","2024-06-03 22:24:47","robert@localhost"
"S10528","46.942","18.934","DUNA2","4423","97",\N,\N,"cremation","R02952","C05255","1",\N,"inside a vessel",\N,\N,\N,"1","0","vicze2011a","2024-06-03 22:24:47","robert@localhost","2024-06-03 22:24:47","robert@localhost"
"S10528","46.942","18.934","DUNA2","4423","97",\N,\N,"cremation","R02953","C05256","1",\N,"inside a vessel",\N,\N,\N,"1","0","vicze2011a","2024-06-03 22:24:47","robert@localhost","2024-06-03 22:24:47","robert@localhost"
"S10528","46.942","18.934","DUNA2","4423","97",\N,\N,"cremation","R02954","C05257","1",\N,"inside a vessel",\N,\N,\N,"1","0","vicze2011a","2024-06-03 22:24:47","robert@localhost","2024-06-03 22:24:47","robert@localhost"
"S10528","46.942","18.934","DUNA2","4423","97",\N,\N,"cremation","R02955","C05258","1",\N,"inside a vessel",\N,\N,\N,"1","0","vicze2011a","2024-06-03 22:24:47","robert@localhost","2024-06-03 22:24:47","robert@localhost"
"S10528","46.942","18.934","DUNA2","4423","97",\N,\N,"cremation","R02956","C05259","1",\N,"inside a vessel",\N,\N,\N,"1","0","vicze2011a","2024-06-03 22:24:47","robert@localhost","2024-06-03 22:24:47","robert@localhost"
"S10528","46.942","18.934","DUNA2","4423","97",\N,\N,"cremation","R02957","C05260","1",\N,"inside a vessel",\N,\N,\N,"1","0","vicze2011a","2024-06-03 22:24:47","robert@localhost","2024-06-03 22:24:47","robert@localhost"
"S10528","46.942","18.934","DUNA2","4423","97",\N,\N,"cremation","R02958","C05261","1",\N,"inside a vessel",\N,\N,\N,"1","0","vicze2011a","2024-06-03 22:24:47","robert@localhost","2024-06-03 22:24:47","robert@localhost"
"S10528","46.942","18.934","DUNA2","4423","97",\N,\N,"cremation","R02959","C05262","1",\N,"inside a vessel",\N,\N,\N,"1","0","vicze2011a","2024-06-03 22:24:47","robert@localhost","2024-06-03 22:24:47","robert@localhost"
"S10528","46.942","18.934","DUNA2","4423","97",\N,\N,"cremation","R02960","C05263","1",\N,"inside a vessel",\N,\N,\N,"1","0","vicze2011a","2024-06-03 22:24:47","robert@localhost","2024-06-03 22:24:47","robert@localhost"
"S10528","46.942","18.934","DUNA2","4423","97",\N,\N,"cremation","R02961","C05264","1",\N,"inside a vessel",\N,\N,\N,"1","0","vicze2011a","2024-06-03 22:24:47","robert@localhost","2024-06-03 22:24:47","robert@localhost"
"S10528","46.942","18.934","DUNA2","4423","97",\N,\N,"cremation","R02962","C05265","1",\N,"inside a vessel",\N,\N,\N,"1","0","vicze2011a","2024-06-03 22:24:47","robert@localhost","2024-06-03 22:24:47","robert@localhost"
"S10528","46.942","18.934","DUNA2","4423","97",\N,\N,"cremation","R02963","C05266","1",\N,"inside a vessel",\N,\N,\N,"1","0","vicze2011a","2024-06-03 22:24:47","robert@localhost","2024-06-03 22:24:47","robert@localhost"
"S10528","46.942","18.934","DUNA2","4423","97",\N,\N,"cremation","R02964","C05267","1",\N,"inside a vessel",\N,\N,\N,"1","0","vicze2011a","2024-06-03 22:24:47","robert@localhost","2024-06-03 22:24:47","robert@localhost"
"S10528","46.942","18.934","DUNA2","4423","97",\N,\N,"cremation","R02965","C05268","1",\N,"inside a vessel",\N,\N,\N,"1","0","vicze2011a","2024-06-03 22:24:47","robert@localhost","2024-06-03 22:24:47","robert@localhost"
"S10528","46.942","18.934","DUNA2","4423","97",\N,\N,"cremation","R02966","C05269","1",\N,"inside a vessel",\N,\N,\N,"1","0","vicze2011a","2024-06-03 22:24:47","robert@localhost","2024-06-03 22:24:47","robert@localhost"
"S10528","46.942","18.934","DUNA2","4423","97",\N,\N,"cremation","R02967","C05270","1",\N,"inside a vessel",\N,\N,\N,"1","0","vicze2011a","2024-06-03 22:24:47","robert@localhost","2024-06-03 22:24:47","robert@localhost"
"S10528","46.942","18.934","DUNA2","4423","97",\N,\N,"cremation","R02968","C05271","1",\N,"inside a vessel",\N,\N,\N,"1","0","vicze2011a","2024-06-03 22:24:47","robert@localhost","2024-06-03 22:24:47","robert@localhost"
"S10528","46.942","18.934","DUNA2","4423","97",\N,\N,"cremation","R02969","C05272","1",\N,"inside a vessel",\N,\N,\N,"1","0","vicze2011a","2024-06-03 22:24:47","robert@localhost","2024-06-03 22:24:47","robert@localhost"
"S10528","46.942","18.934","DUNA2","4423","97",\N,\N,"cremation","R02970","C05273","1",\N,"inside a vessel",\N,\N,\N,"1","0","vicze2011a","2024-06-03 22:24:47","robert@localhost","2024-06-03 22:24:47","robert@localhost"
"S10528","46.942","18.934","DUNA2","4423","97",\N,\N,"cremation","R02971","C05274","1",\N,"inside a vessel",\N,\N,\N,"1","0","vicze2011a","2024-06-03 22:24:47","robert@localhost","2024-06-03 22:24:47","robert@localhost"
"S10528","46.942","18.934","DUNA2","4423","97",\N,\N,"cremation","R02972","C05275","1",\N,"inside a vessel",\N,\N,\N,"1","0","vicze2011a","2024-06-03 22:24:47","robert@localhost","2024-06-03 22:24:47","robert@localhost"
"S10528","46.942","18.934","DUNA1","8699","226",\N,\N,"cremation","R02973","C05276","1",\N,"inside a vessel",\N,\N,\N,"1","0","vicze2011a","2024-06-03 22:24:47","robert@localhost","2024-06-03 22:24:47","robert@localhost"
"S10528","46.942","18.934","DUNA2","4423","97",\N,\N,"cremation","R02974","C05277","1",\N,"inside a vessel",\N,\N,\N,"1","0","vicze2011a","2024-06-03 22:24:47","robert@localhost","2024-06-03 22:24:47","robert@localhost"
"S10528","46.942","18.934","DUNA2","4423","97",\N,\N,"cremation","R02975","C05278","1",\N,"inside a vessel",\N,\N,\N,"1","0","vicze2011a","2024-06-03 22:24:47","robert@localhost","2024-06-03 22:24:47","robert@localhost"
"S10528","46.942","18.934","DUNA2","4423","97",\N,\N,"cremation","R02976","C05279","1",\N,"inside a vessel",\N,\N,\N,"1","0","vicze2011a","2024-06-03 22:24:47","robert@localhost","2024-06-03 22:24:47","robert@localhost"
"S10528","46.942","18.934","DUNA2","4423","97",\N,\N,"cremation","R02977","C05280","1",\N,"inside a vessel",\N,\N,\N,"1","0","vicze2011a","2024-06-03 22:24:47","robert@localhost","2024-06-03 22:24:47","robert@localhost"
"S10528","46.942","18.934","DUNA2","4423","97",\N,\N,"cremation","R02978","C05281","1",\N,"inside a vessel",\N,\N,\N,"1","0","vicze2011a","2024-06-03 22:24:47","robert@localhost","2024-06-03 22:24:47","robert@localhost"
"S10528","46.942","18.934","DUNA3","7032","329",\N,\N,"cremation","R02979","C05282","1",\N,"inside a vessel",\N,\N,\N,"1","0","vicze2011a","2024-06-03 22:24:47","robert@localhost","2024-06-03 22:24:47","robert@localhost"
"S10528","46.942","18.934","DUNA1","8699","226",\N,\N,"cremation","R02980","C05283","1",\N,"inside a vessel",\N,\N,\N,"1","0","vicze2011a","2024-06-03 22:24:47","robert@localhost","2024-06-03 22:24:47","robert@localhost"
"S10528","46.942","18.934","DUNA2","4423","97",\N,\N,"cremation","R02981","C05284","1",\N,"inside a vessel",\N,\N,\N,"1","0","vicze2011a","2024-06-03 22:24:47","robert@localhost","2024-06-03 22:24:47","robert@localhost"
"S10528","46.942","18.934","DUNA3","7032","329",\N,\N,"cremation","R02982","C05285","1",\N,"inside a vessel",\N,\N,\N,"1","0","vicze2011a","2024-06-03 22:24:47","robert@localhost","2024-06-03 22:24:47","robert@localhost"
"S10528","46.942","18.934","DUNA3","7032","329",\N,\N,"cremation","R02983","C05286","1",\N,"inside a vessel",\N,\N,\N,"1","0","vicze2011a","2024-06-03 22:24:47","robert@localhost","2024-06-03 22:24:47","robert@localhost"
"S10528","46.942","18.934","DUNA3","7032","329",\N,\N,"cremation","R02984","C05287","1",\N,"inside a vessel",\N,\N,\N,"1","0","vicze2011a","2024-06-03 22:24:47","robert@localhost","2024-06-03 22:24:47","robert@localhost"
"S10528","46.942","18.934","DUNA3","7032","329",\N,\N,"inhumation","R02985","C05288","0","1","extended","back","0",\N,"1","0","vicze2011a","2024-06-03 22:24:47","robert@localhost","2024-06-03 22:24:47","robert@localhost"
"S10528","46.942","18.934","DUNA2","4423","97",\N,\N,"cremation","R02986","C05289","1",\N,"inside a vessel",\N,\N,\N,"1","0","vicze2011a","2024-06-03 22:24:47","robert@localhost","2024-06-03 22:24:47","robert@localhost"
"S10528","46.942","18.934","DUNA2","4423","97",\N,\N,"cremation","R02987","C05290","1",\N,"inside a vessel",\N,\N,\N,"1","0","vicze2011a","2024-06-03 22:24:47","robert@localhost","2024-06-03 22:24:47","robert@localhost"
"S10528","46.942","18.934","DUNA3","7032","329",\N,\N,"inhumation","R02988","C05291","0","1","crouched","right","270","280","1","0","vicze2011a","2024-06-03 22:24:47","robert@localhost","2024-06-03 22:24:47","robert@localhost"
"S10528","46.942","18.934","DUNA3","7032","329",\N,\N,"cremation","R02989","C05292","1",\N,"inside a vessel",\N,\N,\N,"1","0","vicze2011a","2024-06-03 22:24:47","robert@localhost","2024-06-03 22:24:47","robert@localhost"
"S10528","46.942","18.934","DUNA3","7032","329",\N,\N,"cremation","R02990","C05293","1",\N,"inside a vessel",\N,\N,\N,"1","0","vicze2011a","2024-06-03 22:24:47","robert@localhost","2024-06-03 22:24:47","robert@localhost"
"S10528","46.942","18.934","DUNA3","7032","329",\N,\N,"cremation","R02991","C05294","1",\N,"inside a vessel",\N,\N,\N,"1","0","vicze2011a","2024-06-03 22:24:47","robert@localhost","2024-06-03 22:24:47","robert@localhost"
"S10528","46.942","18.934","DUNA3","7032","329",\N,\N,"cremation","R02992","C05295","1",\N,"inside a vessel",\N,\N,\N,"1","0","vicze2011a","2024-06-03 22:24:47","robert@localhost","2024-06-03 22:24:47","robert@localhost"
"S10528","46.942","18.934","DUNA3","7032","329",\N,\N,"cremation","R02993","C05296","1",\N,"inside a vessel",\N,\N,\N,"1","0","vicze2011a","2024-06-03 22:24:47","robert@localhost","2024-06-03 22:24:47","robert@localhost"
"S10528","46.942","18.934","DUNA2","4423","97",\N,\N,"cremation","R02994","C05297","1",\N,"inside a vessel",\N,\N,\N,"1","0","vicze2011a","2024-06-03 22:24:47","robert@localhost","2024-06-03 22:24:47","robert@localhost"
"S10528","46.942","18.934","DUNA2","4423","97",\N,\N,"cremation","R02995","C05298","1",\N,"inside a vessel",\N,\N,\N,"1","0","vicze2011a","2024-06-03 22:24:47","robert@localhost","2024-06-03 22:24:47","robert@localhost"
"S10528","46.942","18.934","DUNA3","7032","329",\N,\N,"cremation","R02996","C05299","1",\N,"inside a vessel",\N,\N,\N,"1","0","vicze2011a","2024-06-03 22:24:47","robert@localhost","2024-06-03 22:24:47","robert@localhost"
"S10528","46.942","18.934","DUNA3","7032","329",\N,\N,"cremation","R02997","C05300","1",\N,"inside a vessel",\N,\N,\N,"1","0","vicze2011a","2024-06-03 22:24:47","robert@localhost","2024-06-03 22:24:47","robert@localhost"
"S10528","46.942","18.934","DUNA2","4423","97",\N,\N,"cremation","R02998","C05301","1",\N,"inside a vessel",\N,\N,\N,"1","0","vicze2011a","2024-06-03 22:24:47","robert@localhost","2024-06-03 22:24:47","robert@localhost"
"S10528","46.942","18.934","DUNA3","7032","329",\N,\N,"cremation","R02999","C05302","1",\N,"inside a vessel",\N,\N,\N,"1","0","vicze2011a","2024-06-03 22:24:47","robert@localhost","2024-06-03 22:24:47","robert@localhost"
"S10528","46.942","18.934","DUNA3","7032","329",\N,\N,"cremation","R03000","C05303","1",\N,"inside a vessel",\N,\N,\N,"1","0","vicze2011a","2024-06-03 22:24:47","robert@localhost","2024-06-03 22:24:47","robert@localhost"
"S10528","46.942","18.934","DUNA2","4423","97",\N,\N,"cremation","R03001","C05304","1",\N,"inside a vessel",\N,\N,\N,"1","0","vicze2011a","2024-06-03 22:24:47","robert@localhost","2024-06-03 22:24:47","robert@localhost"
"S10528","46.942","18.934","DUNA3","7032","329",\N,\N,"cremation","R03002","C05305","1",\N,"inside a vessel",\N,\N,\N,"1","0","vicze2011a","2024-06-03 22:24:47","robert@localhost","2024-06-03 22:24:47","robert@localhost"
"S10528","46.942","18.934","DUNA2","4423","97",\N,\N,"cremation","R03003","C05306","1",\N,"inside a vessel",\N,\N,\N,"1","0","vicze2011a","2024-06-03 22:24:47","robert@localhost","2024-06-03 22:24:47","robert@localhost"
"S10528","46.942","18.934","DUNA2","4423","97",\N,\N,"inhumation","R03004","C05307","1",\N,\N,\N,\N,\N,"1","0","vicze2011a","2024-06-03 22:24:47","robert@localhost","2024-06-03 22:24:47","robert@localhost"
"S10528","46.942","18.934","DUNA2","4423","97",\N,\N,"cremation","R03005","C05308","1",\N,"inside a vessel",\N,\N,\N,"1","0","vicze2011a","2024-06-03 22:24:47","robert@localhost","2024-06-03 22:24:47","robert@localhost"
"S10528","46.942","18.934","DUNA2","4423","97",\N,\N,"cremation","R03006","C05309","1",\N,"inside a vessel",\N,\N,\N,"1","0","vicze2011a","2024-06-03 22:24:47","robert@localhost","2024-06-03 22:24:47","robert@localhost"
"S10528","46.942","18.934","DUNA2","4423","97",\N,\N,"cremation","R03007","C05310","1",\N,"inside a vessel",\N,\N,\N,"1","0","vicze2011a","2024-06-03 22:24:47","robert@localhost","2024-06-03 22:24:47","robert@localhost"
"S10528","46.942","18.934","DUNA2","4423","97",\N,\N,"cremation","R03008","C05311","1",\N,"inside a vessel",\N,\N,\N,"1","0","vicze2011a","2024-06-03 22:24:47","robert@localhost","2024-06-03 22:24:47","robert@localhost"
"S10528","46.942","18.934","DUNA2","4423","97",\N,\N,"cremation","R03009","C05312","1",\N,"inside a vessel",\N,\N,\N,"1","0","vicze2011a","2024-06-03 22:24:47","robert@localhost","2024-06-03 22:24:47","robert@localhost"
"S10528","46.942","18.934","DUNA3","7032","329",\N,\N,"cremation","R03010","C05313","1",\N,"inside a vessel",\N,\N,\N,"1","0","vicze2011a","2024-06-03 22:24:47","robert@localhost","2024-06-03 22:24:47","robert@localhost"
"S10528","46.942","18.934","DUNA3","7032","329",\N,\N,"cremation","R03011","C05314","1",\N,"inside a vessel",\N,\N,\N,"1","0","vicze2011a","2024-06-03 22:24:47","robert@localhost","2024-06-03 22:24:47","robert@localhost"
"S10528","46.942","18.934","DUNA3","7032","329",\N,\N,"cremation","R03012","C05315","1",\N,"inside a vessel",\N,\N,\N,"1","0","vicze2011a","2024-06-03 22:24:47","robert@localhost","2024-06-03 22:24:47","robert@localhost"
"S10528","46.942","18.934","DUNA3","7032","329",\N,\N,"cremation","R03013","C05316","1",\N,"inside a vessel",\N,\N,\N,"1","0","vicze2011a","2024-06-03 22:24:47","robert@localhost","2024-06-03 22:24:47","robert@localhost"
"S10528","46.942","18.934","DUNA2","4423","97",\N,\N,"cremation","R03014","C05317","1",\N,"inside a vessel",\N,\N,\N,"1","0","vicze2011a","2024-06-03 22:24:47","robert@localhost","2024-06-03 22:24:47","robert@localhost"
"S10528","46.942","18.934","DUNA2","4423","97",\N,\N,"cremation","R03015","C05318","1",\N,"inside a vessel",\N,\N,\N,"1","0","vicze2011a","2024-06-03 22:24:47","robert@localhost","2024-06-03 22:24:47","robert@localhost"
"S10528","46.942","18.934","DUNA1","8699","226",\N,\N,"cremation","R03016","C05319","1",\N,"inside a vessel",\N,\N,\N,"1","0","vicze2011a","2024-06-03 22:24:47","robert@localhost","2024-06-03 22:24:47","robert@localhost"
"S10528","46.942","18.934","DUNA3","7032","329",\N,\N,"cremation","R03017","C05320","1",\N,"inside a vessel",\N,\N,\N,"1","0","vicze2011a","2024-06-03 22:24:47","robert@localhost","2024-06-03 22:24:47","robert@localhost"
"S10528","46.942","18.934","DUNA1","8699","226",\N,\N,"cremation","R03018","C05321","1",\N,"inside a vessel",\N,\N,\N,"1","0","vicze2011a","2024-06-03 22:24:47","robert@localhost","2024-06-03 22:24:47","robert@localhost"
"S10528","46.942","18.934","DUNA3","7032","329",\N,\N,"cremation","R03019","C05322","1",\N,"inside a vessel",\N,\N,\N,"1","0","vicze2011a","2024-06-03 22:24:47","robert@localhost","2024-06-03 22:24:47","robert@localhost"
"S10528","46.942","18.934","DUNA2","4423","97",\N,\N,"inhumation","R03020","C05323","0","1","crouched","right","0","90","1","0","vicze2011a","2024-06-03 22:24:47","robert@localhost","2024-06-03 22:24:47","robert@localhost"
"S10528","46.942","18.934","DUNA2","4423","97",\N,\N,"inhumation","R03021","C05324","0","1","crouched","left","135","225","1","0","vicze2011a","2024-06-03 22:24:47","robert@localhost","2024-06-03 22:24:47","robert@localhost"
"S10528","46.942","18.934","DUNA3","7032","329",\N,\N,"cremation","R03022","C05325","1",\N,"inside a vessel",\N,\N,\N,"1","0","vicze2011a","2024-06-03 22:24:47","robert@localhost","2024-06-03 22:24:47","robert@localhost"
"S10528","46.942","18.934","DUNA2","4423","97",\N,\N,"cremation","R03023","C05326","1",\N,"inside a vessel",\N,\N,\N,"1","0","vicze2011a","2024-06-03 22:24:47","robert@localhost","2024-06-03 22:24:47","robert@localhost"
"S10528","46.942","18.934","DUNA2","4423","97",\N,\N,"cremation","R03024","C05327","1",\N,"inside a vessel",\N,\N,\N,"1","0","vicze2011a","2024-06-03 22:24:47","robert@localhost","2024-06-03 22:24:47","robert@localhost"
"S10528","46.942","18.934","DUNA2","4423","97",\N,\N,"cremation","R03025","C05328","1",\N,"inside a vessel",\N,\N,\N,"1","0","vicze2011a","2024-06-03 22:24:47","robert@localhost","2024-06-03 22:24:47","robert@localhost"
"S10528","46.942","18.934","DUNA2","4423","97",\N,\N,"cremation","R03026","C05329","1",\N,"inside a vessel",\N,\N,\N,"1","0","vicze2011a","2024-06-03 22:24:47","robert@localhost","2024-06-03 22:24:47","robert@localhost"
"S10528","46.942","18.934","DUNA2","4423","97",\N,\N,"cremation","R03027","C05330","1",\N,"inside a vessel",\N,\N,\N,"1","0","vicze2011a","2024-06-03 22:24:47","robert@localhost","2024-06-03 22:24:47","robert@localhost"
"S10528","46.942","18.934","DUNA2","4423","97",\N,\N,"cremation","R03028","C05331","1",\N,"inside a vessel",\N,\N,\N,"1","0","vicze2011a","2024-06-03 22:24:47","robert@localhost","2024-06-03 22:24:47","robert@localhost"
"S10528","46.942","18.934","DUNA2","4423","97",\N,\N,"cremation","R03029","C05332","1",\N,"inside a vessel",\N,\N,\N,"1","0","vicze2011a","2024-06-03 22:24:47","robert@localhost","2024-06-03 22:24:47","robert@localhost"
"S10528","46.942","18.934","DUNA2","4423","97",\N,\N,"cremation","R03030","C05333","1",\N,"inside a vessel",\N,\N,\N,"1","0","vicze2011a","2024-06-03 22:24:47","robert@localhost","2024-06-03 22:24:47","robert@localhost"
"S10528","46.942","18.934","DUNA2","4423","97",\N,\N,"cremation","R03031","C05334","1",\N,"inside a vessel",\N,\N,\N,"1","0","vicze2011a","2024-06-03 22:24:47","robert@localhost","2024-06-03 22:24:47","robert@localhost"
"S10528","46.942","18.934","DUNA1","8699","226",\N,\N,"cremation","R03032","C05335","1",\N,"inside a vessel",\N,\N,\N,"1","0","vicze2011a","2024-06-03 22:24:47","robert@localhost","2024-06-03 22:24:47","robert@localhost"
"S10528","46.942","18.934","DUNA1","8699","226",\N,\N,"cremation","R03033","C05336","1",\N,"inside a vessel",\N,\N,\N,"1","0","vicze2011a","2024-06-03 22:24:47","robert@localhost","2024-06-03 22:24:47","robert@localhost"
"S10528","46.942","18.934","DUNA2","4423","97",\N,\N,"cremation","R03034","C05337","1",\N,"inside a vessel",\N,\N,\N,"1","0","vicze2011a","2024-06-03 22:24:47","robert@localhost","2024-06-03 22:24:47","robert@localhost"
"S10528","46.942","18.934","DUNA1","8699","226",\N,\N,"cremation","R03035","C05338","1",\N,"inside a vessel",\N,\N,\N,"1","0","vicze2011a","2024-06-03 22:24:47","robert@localhost","2024-06-03 22:24:47","robert@localhost"
"S10528","46.942","18.934","DUNA2","4423","97",\N,\N,"cremation","R03036","C05339","1",\N,"inside a vessel",\N,\N,\N,"1","0","vicze2011a","2024-06-03 22:24:47","robert@localhost","2024-06-03 22:24:47","robert@localhost"
"S10528","46.942","18.934","DUNA2","4423","97",\N,\N,"cremation","R03037","C05340","1",\N,"inside a vessel",\N,\N,\N,"1","0","vicze2011a","2024-06-03 22:24:47","robert@localhost","2024-06-03 22:24:47","robert@localhost"
"S10528","46.942","18.934","DUNA2","4423","97",\N,\N,"cremation","R03038","C05341","1",\N,"inside a vessel",\N,\N,\N,"1","0","vicze2011a","2024-06-03 22:24:47","robert@localhost","2024-06-03 22:24:47","robert@localhost"
"S10528","46.942","18.934","DUNA2","4423","97",\N,\N,"cremation","R03039","C05342","1",\N,"inside a vessel",\N,\N,\N,"1","0","vicze2011a","2024-06-03 22:24:47","robert@localhost","2024-06-03 22:24:47","robert@localhost"
"S10528","46.942","18.934","DUNA3","7032","329",\N,\N,"cremation","R03040","C05343","1",\N,"inside a vessel",\N,\N,\N,"1","0","vicze2011a","2024-06-03 22:24:47","robert@localhost","2024-06-03 22:24:47","robert@localhost"
"S10528","46.942","18.934","DUNA3","7032","329",\N,\N,"cremation","R03041","C05344","1",\N,"inside a vessel",\N,\N,\N,"1","0","vicze2011a","2024-06-03 22:24:47","robert@localhost","2024-06-03 22:24:47","robert@localhost"
"S10528","46.942","18.934","DUNA3","7032","329",\N,\N,"cremation","R03042","C05345","1",\N,"inside a vessel",\N,\N,\N,"1","0","vicze2011a","2024-06-03 22:24:47","robert@localhost","2024-06-03 22:24:47","robert@localhost"
"S10528","46.942","18.934","DUNA3","7032","329",\N,\N,"cremation","R03043","C05346","1",\N,"inside a vessel",\N,\N,\N,"1","0","vicze2011a","2024-06-03 22:24:47","robert@localhost","2024-06-03 22:24:47","robert@localhost"
"S10528","46.942","18.934","DUNA2","4423","97",\N,\N,"cremation","R03044","C05347","1",\N,"inside a vessel",\N,\N,\N,"1","0","vicze2011a","2024-06-03 22:24:47","robert@localhost","2024-06-03 22:24:47","robert@localhost"
"S10528","46.942","18.934","DUNA3","7032","329",\N,\N,"cremation","R03045","C05348","1",\N,"inside a vessel",\N,\N,\N,"1","0","vicze2011a","2024-06-03 22:24:47","robert@localhost","2024-06-03 22:24:47","robert@localhost"
"S10528","46.942","18.934","DUNA3","7032","329",\N,\N,"cremation","R03046","C05349","1",\N,"inside a vessel",\N,\N,\N,"1","0","vicze2011a","2024-06-03 22:24:47","robert@localhost","2024-06-03 22:24:47","robert@localhost"
"S10528","46.942","18.934","DUNA2","4423","97",\N,\N,"cremation","R03047","C05350","1",\N,"inside a vessel",\N,\N,\N,"1","0","vicze2011a","2024-06-03 22:24:47","robert@localhost","2024-06-03 22:24:47","robert@localhost"
"S10528","46.942","18.934","DUNA2","4423","97",\N,\N,"cremation","R03048","C05351","1",\N,"inside a vessel",\N,\N,\N,"1","0","vicze2011a","2024-06-03 22:24:47","robert@localhost","2024-06-03 22:24:47","robert@localhost"
"S10528","46.942","18.934","DUNA2","4423","97",\N,\N,"cremation","R03049","C05352","1",\N,"inside a vessel",\N,\N,\N,"1","0","vicze2011a","2024-06-03 22:24:47","robert@localhost","2024-06-03 22:24:47","robert@localhost"
"S10528","46.942","18.934","DUNA2","4423","97",\N,\N,"cremation","R03050","C05353","1",\N,"inside a vessel",\N,\N,\N,"1","0","vicze2011a","2024-06-03 22:24:47","robert@localhost","2024-06-03 22:24:47","robert@localhost"
"S10528","46.942","18.934","DUNA1","8699","226",\N,\N,"cremation","R03051","C05354","1",\N,"inside a vessel",\N,\N,\N,"1","0","vicze2011a","2024-06-03 22:24:47","robert@localhost","2024-06-03 22:24:47","robert@localhost"
"S10528","46.942","18.934","DUNA2","4423","97",\N,\N,"cremation","R03052","C05355","1",\N,"inside a vessel",\N,\N,\N,"1","0","vicze2011a","2024-06-03 22:24:47","robert@localhost","2024-06-03 22:24:47","robert@localhost"
"S10528","46.942","18.934","DUNA1","8699","226",\N,\N,"cremation","R03053","C05356","1",\N,"inside a vessel",\N,\N,\N,"1","0","vicze2011a","2024-06-03 22:24:47","robert@localhost","2024-06-03 22:24:47","robert@localhost"
"S10528","46.942","18.934","DUNA2","4423","97",\N,\N,"cremation","R03054","C05357","1",\N,"inside a vessel",\N,\N,\N,"1","0","vicze2011a","2024-06-03 22:24:47","robert@localhost","2024-06-03 22:24:47","robert@localhost"
"S10528","46.942","18.934","DUNA1","8699","226",\N,\N,"cremation","R03055","C05358","1",\N,"inside a vessel",\N,\N,\N,"1","0","vicze2011a","2024-06-03 22:24:47","robert@localhost","2024-06-03 22:24:47","robert@localhost"
"S10528","46.942","18.934","DUNA2","4423","97",\N,\N,"cremation","R03056","C05359","1",\N,"inside a vessel",\N,\N,\N,"1","0","vicze2011a","2024-06-03 22:24:47","robert@localhost","2024-06-03 22:24:47","robert@localhost"
"S10528","46.942","18.934","DUNA2","4423","97",\N,\N,"cremation","R03057","C05360","1",\N,"inside a vessel",\N,\N,\N,"1","0","vicze2011a","2024-06-03 22:24:47","robert@localhost","2024-06-03 22:24:47","robert@localhost"
"S10528","46.942","18.934","DUNA1","8699","226",\N,\N,"inhumation","R03058","C05361","0","1","crouched","back/left","315","45","1","0","vicze2011a","2024-06-03 22:24:47","robert@localhost","2024-06-03 22:24:47","robert@localhost"
"S10528","46.942","18.934","DUNA3","7032","329",\N,\N,"cremation","R03059","C05362","1",\N,"inside a vessel",\N,\N,\N,"1","0","vicze2011a","2024-06-03 22:24:47","robert@localhost","2024-06-03 22:24:47","robert@localhost"
"S10528","46.942","18.934","DUNA2","4423","97",\N,\N,"cremation","R03060","C05363","1",\N,"inside a vessel",\N,\N,\N,"1","0","vicze2011a","2024-06-03 22:24:47","robert@localhost","2024-06-03 22:24:47","robert@localhost"
"S10528","46.942","18.934","DUNA2","4423","97",\N,\N,"cremation","R03061","C05364","1",\N,"inside a vessel",\N,\N,\N,"1","0","vicze2011a","2024-06-03 22:24:47","robert@localhost","2024-06-03 22:24:47","robert@localhost"
"S10528","46.942","18.934","DUNA2","4423","97",\N,\N,"cremation","R03062","C05365","1",\N,"inside a vessel",\N,\N,\N,"1","0","vicze2011a","2024-06-03 22:24:47","robert@localhost","2024-06-03 22:24:47","robert@localhost"
"S10528","46.942","18.934","DUNA2","4423","97",\N,\N,"cremation","R03063","C05366","1",\N,"inside a vessel",\N,\N,\N,"1","0","vicze2011a","2024-06-03 22:24:47","robert@localhost","2024-06-03 22:24:47","robert@localhost"
"S10528","46.942","18.934","DUNA2","4423","97",\N,\N,"cremation","R03064","C05367","1",\N,"inside a vessel",\N,\N,\N,"1","0","vicze2011a","2024-06-03 22:24:47","robert@localhost","2024-06-03 22:24:47","robert@localhost"
"S10528","46.942","18.934","DUNA2","4423","97",\N,\N,"cremation","R03065","C05368","1",\N,"inside a vessel",\N,\N,\N,"1","0","vicze2011a","2024-06-03 22:24:47","robert@localhost","2024-06-03 22:24:47","robert@localhost"
"S10528","46.942","18.934","DUNA2","4423","97",\N,\N,"cremation","R03066","C05369","1",\N,"inside a vessel",\N,\N,\N,"1","0","vicze2011a","2024-06-03 22:24:47","robert@localhost","2024-06-03 22:24:47","robert@localhost"
"S10528","46.942","18.934","DUNA2","4423","97",\N,\N,"cremation","R03067","C05370","1",\N,"inside a vessel",\N,\N,\N,"1","0","vicze2011a","2024-06-03 22:24:47","robert@localhost","2024-06-03 22:24:47","robert@localhost"
"S10528","46.942","18.934","DUNA2","4423","97",\N,\N,"cremation","R03068","C05371","1",\N,"inside a vessel",\N,\N,\N,"1","0","vicze2011a","2024-06-03 22:24:47","robert@localhost","2024-06-03 22:24:47","robert@localhost"
"S10528","46.942","18.934","DUNA2","4423","97",\N,\N,"cremation","R03069","C05372","1",\N,"inside a vessel",\N,\N,\N,"1","0","vicze2011a","2024-06-03 22:24:47","robert@localhost","2024-06-03 22:24:47","robert@localhost"
"S10528","46.942","18.934","DUNA2","4423","97",\N,\N,"cremation","R03070","C05373","1",\N,"inside a vessel",\N,\N,\N,"1","0","vicze2011a","2024-06-03 22:24:47","robert@localhost","2024-06-03 22:24:47","robert@localhost"
"S10528","46.942","18.934","DUNA2","4423","97",\N,\N,"cremation","R03071","C05374","1",\N,"inside a vessel",\N,\N,\N,"1","0","vicze2011a","2024-06-03 22:24:47","robert@localhost","2024-06-03 22:24:47","robert@localhost"
"S10528","46.942","18.934","DUNA2","4423","97",\N,\N,"cremation","R03072","C05375","1",\N,"inside a vessel",\N,\N,\N,"1","0","vicze2011a","2024-06-03 22:24:47","robert@localhost","2024-06-03 22:24:47","robert@localhost"
"S10528","46.942","18.934","DUNA2","4423","97",\N,\N,"cremation","R03073","C05376","1",\N,"inside a vessel",\N,\N,\N,"1","0","vicze2011a","2024-06-03 22:24:47","robert@localhost","2024-06-03 22:24:47","robert@localhost"
"S10528","46.942","18.934","DUNA2","4423","97",\N,\N,"cremation","R03074","C05377","1",\N,"inside a vessel",\N,\N,\N,"1","0","vicze2011a","2024-06-03 22:24:47","robert@localhost","2024-06-03 22:24:47","robert@localhost"
"S10528","46.942","18.934","DUNA2","4423","97",\N,\N,"cremation","R03075","C05378","1",\N,"inside a vessel",\N,\N,\N,"1","0","vicze2011a","2024-06-03 22:24:47","robert@localhost","2024-06-03 22:24:47","robert@localhost"
"S10528","46.942","18.934","DUNA2","4423","97",\N,\N,"cremation","R03076","C05379","1",\N,"inside a vessel",\N,\N,\N,"1","0","vicze2011a","2024-06-03 22:24:47","robert@localhost","2024-06-03 22:24:47","robert@localhost"
"S10528","46.942","18.934","DUNA2","4423","97",\N,\N,"cremation","R03077","C05380","1",\N,"inside a vessel",\N,\N,\N,"1","0","vicze2011a","2024-06-03 22:24:47","robert@localhost","2024-06-03 22:24:47","robert@localhost"
"S10528","46.942","18.934","DUNA2","4423","97",\N,\N,"cremation","R03078","C05381","1",\N,"inside a vessel",\N,\N,\N,"1","0","vicze2011a","2024-06-03 22:24:47","robert@localhost","2024-06-03 22:24:47","robert@localhost"
"S10528","46.942","18.934","DUNA2","4423","97",\N,\N,"cremation","R03079","C05382","1",\N,"inside a vessel",\N,\N,\N,"1","0","vicze2011a","2024-06-03 22:24:47","robert@localhost","2024-06-03 22:24:47","robert@localhost"
"S10528","46.942","18.934","DUNA2","4423","97",\N,\N,"cremation","R03080","C05383","1",\N,"inside a vessel",\N,\N,\N,"1","0","vicze2011a","2024-06-03 22:24:47","robert@localhost","2024-06-03 22:24:47","robert@localhost"
"S10528","46.942","18.934","DUNA2","4423","97",\N,\N,"cremation","R03081","C05384","1",\N,"inside a vessel",\N,\N,\N,"1","0","vicze2011a","2024-06-03 22:24:47","robert@localhost","2024-06-03 22:24:47","robert@localhost"
"S10528","46.942","18.934","DUNA2","4423","97",\N,\N,"cremation","R03082","C05385","1",\N,"inside a vessel",\N,\N,\N,"1","0","vicze2011a","2024-06-03 22:24:47","robert@localhost","2024-06-03 22:24:47","robert@localhost"
"S10528","46.942","18.934","DUNA2","4423","97",\N,\N,"cremation","R03083","C05386","1",\N,"inside a vessel",\N,\N,\N,"1","0","vicze2011a","2024-06-03 22:24:47","robert@localhost","2024-06-03 22:24:47","robert@localhost"
"S10528","46.942","18.934","DUNA2","4423","97",\N,\N,"cremation","R03084","C05387","1",\N,"inside a vessel",\N,\N,\N,"1","0","vicze2011a","2024-06-03 22:24:47","robert@localhost","2024-06-03 22:24:47","robert@localhost"
"S10528","46.942","18.934","DUNA2","4423","97",\N,\N,"cremation","R03085","C05388","1",\N,"inside a vessel",\N,\N,\N,"1","0","vicze2011a","2024-06-03 22:24:47","robert@localhost","2024-06-03 22:24:47","robert@localhost"
"S10528","46.942","18.934","DUNA2","4423","97",\N,\N,"cremation","R03086","C05389","1",\N,"inside a vessel",\N,\N,\N,"1","0","vicze2011a","2024-06-03 22:24:47","robert@localhost","2024-06-03 22:24:47","robert@localhost"
"S10528","46.942","18.934","DUNA2","4423","97",\N,\N,"cremation","R03087","C05390","1",\N,"inside a vessel",\N,\N,\N,"1","0","vicze2011a","2024-06-03 22:24:47","robert@localhost","2024-06-03 22:24:47","robert@localhost"
"S10528","46.942","18.934","DUNA3","7032","329",\N,\N,"cremation","R03088","C05391","1",\N,"inside a vessel",\N,\N,\N,"1","0","vicze2011a","2024-06-03 22:24:47","robert@localhost","2024-06-03 22:24:47","robert@localhost"
"S10528","46.942","18.934","DUNA3","7032","329",\N,\N,"cremation","R03089","C05392","1",\N,"inside a vessel",\N,\N,\N,"1","0","vicze2011a","2024-06-03 22:24:47","robert@localhost","2024-06-03 22:24:47","robert@localhost"
"S10528","46.942","18.934","DUNA2","4423","97",\N,\N,"inhumation","R03090","C05393",\N,\N,\N,"left","45","135","1","0","vicze2011a","2024-06-03 22:24:47","robert@localhost","2024-06-03 22:24:47","robert@localhost"
"S10528","46.942","18.934","DUNA2","4423","97",\N,\N,"cremation","R03091","C05394","1",\N,"inside a vessel",\N,\N,\N,"1","0","vicze2011a","2024-06-03 22:24:47","robert@localhost","2024-06-03 22:24:47","robert@localhost"
"S10528","46.942","18.934","DUNA2","4423","97",\N,\N,"cremation","R03092","C05395","1",\N,"inside a vessel",\N,\N,\N,"1","0","vicze2011a","2024-06-03 22:24:47","robert@localhost","2024-06-03 22:24:47","robert@localhost"
"S10528","46.942","18.934","DUNA2","4423","97",\N,\N,"cremation","R03093","C05396","1",\N,"inside a vessel",\N,\N,\N,"1","0","vicze2011a","2024-06-03 22:24:47","robert@localhost","2024-06-03 22:24:47","robert@localhost"
"S10528","46.942","18.934","DUNA2","4423","97",\N,\N,"cremation","R03094","C05397","1",\N,"inside a vessel",\N,\N,\N,"1","0","vicze2011a","2024-06-03 22:24:47","robert@localhost","2024-06-03 22:24:47","robert@localhost"
"S10528","46.942","18.934","DUNA2","4423","97",\N,\N,"cremation","R03095","C05398","1",\N,"inside a vessel",\N,\N,\N,"1","0","vicze2011a","2024-06-03 22:24:47","robert@localhost","2024-06-03 22:24:47","robert@localhost"
"S10528","46.942","18.934","DUNA1","8699","226",\N,\N,"cremation","R03096","C05399","1",\N,"inside a vessel",\N,\N,\N,"1","0","vicze2011a","2024-06-03 22:24:47","robert@localhost","2024-06-03 22:24:47","robert@localhost"
"S10528","46.942","18.934","DUNA2","4423","97",\N,\N,"cremation","R03097","C05400","1",\N,"inside a vessel",\N,\N,\N,"1","0","vicze2011a","2024-06-03 22:24:47","robert@localhost","2024-06-03 22:24:47","robert@localhost"
"S10528","46.942","18.934","DUNA2","4423","97",\N,\N,"cremation","R03098","C05401","1",\N,"inside a vessel",\N,\N,\N,"1","0","vicze2011a","2024-06-03 22:24:47","robert@localhost","2024-06-03 22:24:47","robert@localhost"
"S10528","46.942","18.934","DUNA2","4423","97",\N,\N,"cremation","R03099","C05402","1",\N,"inside a vessel",\N,\N,\N,"1","0","vicze2011a","2024-06-03 22:24:47","robert@localhost","2024-06-03 22:24:47","robert@localhost"
"S10528","46.942","18.934","DUNA1","8699","226",\N,\N,"inhumation","R03100","C05403","0","1","crouched","back/right","90","140","0","0","vicze2011a","2024-06-03 22:24:47","robert@localhost","2024-06-03 22:24:47","robert@localhost"
"S10528","46.942","18.934","DUNA2","4423","97",\N,\N,"cremation","R03101","C05404","1",\N,"inside a vessel",\N,\N,\N,"1","0","vicze2011a","2024-06-03 22:24:47","robert@localhost","2024-06-03 22:24:47","robert@localhost"
"S10528","46.942","18.934","DUNA2","4423","97",\N,\N,"cremation","R03102","C05405","1",\N,"inside a vessel",\N,\N,\N,"1","0","vicze2011a","2024-06-03 22:24:47","robert@localhost","2024-06-03 22:24:47","robert@localhost"
"S10528","46.942","18.934","DUNA1","8699","226",\N,\N,"cremation","R03103","C05406","1",\N,"inside a vessel",\N,\N,\N,"1","0","vicze2011a","2024-06-03 22:24:47","robert@localhost","2024-06-03 22:24:47","robert@localhost"
"S10528","46.942","18.934","DUNA2","4423","97",\N,\N,"cremation","R03104","C05407","1",\N,"inside a vessel",\N,\N,\N,"1","0","vicze2011a","2024-06-03 22:24:47","robert@localhost","2024-06-03 22:24:47","robert@localhost"
"S10528","46.942","18.934","DUNA1","8699","226",\N,\N,"cremation","R03105","C05408","1",\N,"inside a vessel",\N,\N,\N,"1","0","vicze2011a","2024-06-03 22:24:47","robert@localhost","2024-06-03 22:24:47","robert@localhost"
"S10528","46.942","18.934","DUNA1","8699","226",\N,\N,"cremation","R03106","C05409","1",\N,"inside a vessel",\N,\N,\N,"1","0","vicze2011a","2024-06-03 22:24:47","robert@localhost","2024-06-03 22:24:47","robert@localhost"
"S10528","46.942","18.934","DUNA2","4423","97",\N,\N,"cremation","R03107","C05410","1",\N,"inside a vessel",\N,\N,\N,"1","0","vicze2011a","2024-06-03 22:24:47","robert@localhost","2024-06-03 22:24:47","robert@localhost"
"S10528","46.942","18.934","DUNA1","8699","226",\N,\N,"cremation","R03108","C05411","1",\N,"inside a vessel",\N,\N,\N,"1","0","vicze2011a","2024-06-03 22:24:47","robert@localhost","2024-06-03 22:24:47","robert@localhost"
"S10528","46.942","18.934","DUNA2","4423","97",\N,\N,"cremation","R03109","C05412","1",\N,"inside a vessel",\N,\N,\N,"1","0","vicze2011a","2024-06-03 22:24:47","robert@localhost","2024-06-03 22:24:47","robert@localhost"
"S10528","46.942","18.934","DUNA1","8699","226",\N,\N,"cremation","R03110","C05413","1",\N,"inside a vessel",\N,\N,\N,"1","0","vicze2011a","2024-06-03 22:24:47","robert@localhost","2024-06-03 22:24:47","robert@localhost"
"S10528","46.942","18.934","DUNA1","8699","226",\N,\N,"cremation","R03111","C05414","1",\N,"inside a vessel",\N,\N,\N,"1","0","vicze2011a","2024-06-03 22:24:47","robert@localhost","2024-06-03 22:24:47","robert@localhost"
"S10528","46.942","18.934","DUNA1","8699","226",\N,\N,"cremation","R03112","C05415","1",\N,"inside a vessel",\N,\N,\N,"1","0","vicze2011a","2024-06-03 22:24:47","robert@localhost","2024-06-03 22:24:47","robert@localhost"
"S10528","46.942","18.934","DUNA2","4423","97",\N,\N,"cremation","R03113","C05416","1",\N,"inside a vessel",\N,\N,\N,"1","0","vicze2011a","2024-06-03 22:24:47","robert@localhost","2024-06-03 22:24:47","robert@localhost"
"S10528","46.942","18.934","DUNA3","7032","329",\N,\N,"cremation","R03114","C05417","1",\N,"inside a vessel",\N,\N,\N,"1","0","vicze2011a","2024-06-03 22:24:47","robert@localhost","2024-06-03 22:24:47","robert@localhost"
"S10528","46.942","18.934","DUNA3","7032","329",\N,\N,"cremation","R03115","C05418","1",\N,"inside a vessel",\N,\N,\N,"1","0","vicze2011a","2024-06-03 22:24:47","robert@localhost","2024-06-03 22:24:47","robert@localhost"
"S10528","46.942","18.934","DUNA2","4423","97",\N,\N,"cremation","R03116","C05419","1",\N,"inside a vessel",\N,\N,\N,"1","0","vicze2011a","2024-06-03 22:24:47","robert@localhost","2024-06-03 22:24:47","robert@localhost"
"S10528","46.942","18.934","DUNA1","8699","226",\N,\N,"cremation","R03117","C05420","1",\N,"inside a vessel",\N,\N,\N,"1","0","vicze2011a","2024-06-03 22:24:47","robert@localhost","2024-06-03 22:24:47","robert@localhost"
"S10528","46.942","18.934","DUNA2","4423","97",\N,\N,"cremation","R03118","C05421","1",\N,"inside a vessel",\N,\N,\N,"1","0","vicze2011a","2024-06-03 22:24:47","robert@localhost","2024-06-03 22:24:47","robert@localhost"
"S10528","46.942","18.934","DUNA3","7032","329",\N,\N,"cremation","R03119","C05422","1",\N,"inside a vessel",\N,\N,\N,"1","0","vicze2011a","2024-06-03 22:24:47","robert@localhost","2024-06-03 22:24:47","robert@localhost"
"S10528","46.942","18.934","DUNA2","4423","97",\N,\N,"cremation","R03120","C05423","1",\N,"inside a vessel",\N,\N,\N,"1","0","vicze2011a","2024-06-03 22:24:47","robert@localhost","2024-06-03 22:24:47","robert@localhost"
"S10528","46.942","18.934","DUNA2","4423","97",\N,\N,"cremation","R03121","C05424","1",\N,"inside a vessel",\N,\N,\N,"1","0","vicze2011a","2024-06-03 22:24:47","robert@localhost","2024-06-03 22:24:47","robert@localhost"
"S10528","46.942","18.934","DUNA2","4423","97",\N,\N,"cremation","R03122","C05425","1",\N,"inside a vessel",\N,\N,\N,"1","0","vicze2011a","2024-06-03 22:24:47","robert@localhost","2024-06-03 22:24:47","robert@localhost"
"S10528","46.942","18.934","DUNA2","4423","97",\N,\N,"cremation","R03123","C05426","1",\N,"inside a vessel",\N,\N,\N,"1","0","vicze2011a","2024-06-03 22:24:47","robert@localhost","2024-06-03 22:24:47","robert@localhost"
"S10528","46.942","18.934","DUNA3","7032","329",\N,\N,"cremation","R03124","C05427","1",\N,"inside a vessel",\N,\N,\N,"1","0","vicze2011a","2024-06-03 22:24:47","robert@localhost","2024-06-03 22:24:47","robert@localhost"
"S10528","46.942","18.934","DUNA2","4423","97",\N,\N,"cremation","R03125","C05428","1",\N,"inside a vessel",\N,\N,\N,"1","0","vicze2011a","2024-06-03 22:24:47","robert@localhost","2024-06-03 22:24:47","robert@localhost"
"S10528","46.942","18.934","DUNA2","4423","97",\N,\N,"cremation","R03126","C05429","1",\N,"inside a vessel",\N,\N,\N,"1","0","vicze2011a","2024-06-03 22:24:47","robert@localhost","2024-06-03 22:24:47","robert@localhost"
"S10528","46.942","18.934","DUNA2","4423","97",\N,\N,"cremation","R03127","C05430","1",\N,"inside a vessel",\N,\N,\N,"1","0","vicze2011a","2024-06-03 22:24:47","robert@localhost","2024-06-03 22:24:47","robert@localhost"
"S10528","46.942","18.934","DUNA2","4423","97",\N,\N,"cremation","R03128","C05431","1",\N,"inside a vessel",\N,\N,\N,"1","0","vicze2011a","2024-06-03 22:24:47","robert@localhost","2024-06-03 22:24:47","robert@localhost"
"S10528","46.942","18.934","DUNA1","8699","226",\N,\N,"cremation","R03129","C05432","1",\N,"inside a vessel",\N,\N,\N,"1","0","vicze2011a","2024-06-03 22:24:47","robert@localhost","2024-06-03 22:24:47","robert@localhost"
"S10528","46.942","18.934","DUNA2","4423","97",\N,\N,"cremation","R03130","C05433","1",\N,"inside a vessel",\N,\N,\N,"1","0","vicze2011a","2024-06-03 22:24:47","robert@localhost","2024-06-03 22:24:47","robert@localhost"
"S10528","46.942","18.934","DUNA2","4423","97",\N,\N,"cremation","R03131","C05434","1",\N,"inside a vessel",\N,\N,\N,"1","0","vicze2011a","2024-06-03 22:24:47","robert@localhost","2024-06-03 22:24:47","robert@localhost"
"S10528","46.942","18.934","DUNA2","4423","97",\N,\N,"cremation","R03132","C05435","1",\N,"inside a vessel",\N,\N,\N,"1","0","vicze2011a","2024-06-03 22:24:47","robert@localhost","2024-06-03 22:24:47","robert@localhost"
"S10528","46.942","18.934","DUNA1","8699","226",\N,\N,"cremation","R03133","C05436","1",\N,"inside a vessel",\N,\N,\N,"1","0","vicze2011a","2024-06-03 22:24:47","robert@localhost","2024-06-03 22:24:47","robert@localhost"
"S10528","46.942","18.934","DUNA1","8699","226",\N,\N,"cremation","R03134","C05437","1",\N,"inside a vessel",\N,\N,\N,"1","0","vicze2011a","2024-06-03 22:24:47","robert@localhost","2024-06-03 22:24:47","robert@localhost"
"S10528","46.942","18.934","DUNA2","4423","97",\N,\N,"cremation","R03135","C05438","1",\N,"inside a vessel",\N,\N,\N,"1","0","vicze2011a","2024-06-03 22:24:47","robert@localhost","2024-06-03 22:24:47","robert@localhost"
"S10528","46.942","18.934","DUNA2","4423","97",\N,\N,"cremation","R03136","C05439","1",\N,"inside a vessel",\N,\N,\N,"1","0","vicze2011a","2024-06-03 22:24:47","robert@localhost","2024-06-03 22:24:47","robert@localhost"
"S10528","46.942","18.934","DUNA2","4423","97",\N,\N,"cremation","R03137","C05440","1",\N,"inside a vessel",\N,\N,\N,"1","0","vicze2011a","2024-06-03 22:24:47","robert@localhost","2024-06-03 22:24:47","robert@localhost"
"S10528","46.942","18.934","DUNA2","4423","97",\N,\N,"cremation","R03138","C05441","1",\N,"inside a vessel",\N,\N,\N,"1","0","vicze2011a","2024-06-03 22:24:47","robert@localhost","2024-06-03 22:24:47","robert@localhost"
"S10528","46.942","18.934","DUNA2","4423","97",\N,\N,"cremation","R03139","C05442","1",\N,"inside a vessel",\N,\N,\N,"1","0","vicze2011a","2024-06-03 22:24:47","robert@localhost","2024-06-03 22:24:47","robert@localhost"
"S10528","46.942","18.934","DUNA2","4423","97",\N,\N,"cremation","R03140","C05443","1",\N,"inside a vessel",\N,\N,\N,"1","0","vicze2011a","2024-06-03 22:24:47","robert@localhost","2024-06-03 22:24:47","robert@localhost"
"S10528","46.942","18.934","DUNA2","4423","97",\N,\N,"cremation","R03141","C05444","1",\N,"inside a vessel",\N,\N,\N,"1","0","vicze2011a","2024-06-03 22:24:47","robert@localhost","2024-06-03 22:24:47","robert@localhost"
"S10528","46.942","18.934","DUNA2","4423","97",\N,\N,"cremation","R03142","C05445","1",\N,"inside a vessel",\N,\N,\N,"1","0","vicze2011a","2024-06-03 22:24:47","robert@localhost","2024-06-03 22:24:47","robert@localhost"
"S10528","46.942","18.934","DUNA2","4423","97",\N,\N,"cremation","R03143","C05446","1",\N,"inside a vessel",\N,\N,\N,"1","0","vicze2011a","2024-06-03 22:24:47","robert@localhost","2024-06-03 22:24:47","robert@localhost"
"S10528","46.942","18.934","DUNA2","4423","97",\N,\N,"cremation","R03144","C05447","1",\N,"inside a vessel",\N,\N,\N,"1","0","vicze2011a","2024-06-03 22:24:47","robert@localhost","2024-06-03 22:24:47","robert@localhost"
"S10528","46.942","18.934","DUNA1","8699","226",\N,\N,"inhumation","R03145","C05448","0","1","crouched","right","90","180","1","0","vicze2011a","2024-06-03 22:24:47","robert@localhost","2024-06-03 22:24:47","robert@localhost"
"S10528","46.942","18.934","DUNA2","4423","97",\N,\N,"cremation","R03146","C05449","1",\N,"inside a vessel",\N,\N,\N,"1","0","vicze2011a","2024-06-03 22:24:47","robert@localhost","2024-06-03 22:24:47","robert@localhost"
"S10528","46.942","18.934","DUNA2","4423","97",\N,\N,"inhumation","R03147","C05450",\N,"1",\N,\N,"135","180","1","0","vicze2011a","2024-06-03 22:24:47","robert@localhost","2024-06-03 22:24:47","robert@localhost"
"S10528","46.942","18.934","DUNA2","4423","97",\N,\N,"cremation","R03148","C05451","1",\N,"inside a vessel",\N,\N,\N,"1","0","vicze2011a","2024-06-03 22:24:47","robert@localhost","2024-06-03 22:24:47","robert@localhost"
"S10528","46.942","18.934","DUNA2","4423","97",\N,\N,"cremation","R03149","C05452","1",\N,"inside a vessel",\N,\N,\N,"1","0","vicze2011a","2024-06-03 22:24:47","robert@localhost","2024-06-03 22:24:47","robert@localhost"
"S10528","46.942","18.934","DUNA2","4423","97",\N,\N,"cremation","R03150","C05453","1",\N,"inside a vessel",\N,\N,\N,"1","0","vicze2011a","2024-06-03 22:24:47","robert@localhost","2024-06-03 22:24:47","robert@localhost"
"S10528","46.942","18.934","DUNA2","4423","97",\N,\N,"cremation","R03151","C05454","1",\N,"inside a vessel",\N,\N,\N,"1","0","vicze2011a","2024-06-03 22:24:47","robert@localhost","2024-06-03 22:24:47","robert@localhost"
"S10528","46.942","18.934","DUNA1","8699","226",\N,\N,"inhumation","R03152","C05455","0","1","crouched","right","45","135","1","0","vicze2011a","2024-06-03 22:24:47","robert@localhost","2024-06-03 22:24:47","robert@localhost"
"S10528","46.942","18.934","DUNA2","4423","97",\N,\N,"cremation","R03153","C05456","1",\N,"inside a vessel",\N,\N,\N,"1","0","vicze2011a","2024-06-03 22:24:47","robert@localhost","2024-06-03 22:24:47","robert@localhost"
"S10528","46.942","18.934","DUNA2","4423","97",\N,\N,"cremation","R03154","C05457","1",\N,"inside a vessel",\N,\N,\N,"1","0","vicze2011a","2024-06-03 22:24:47","robert@localhost","2024-06-03 22:24:47","robert@localhost"
"S10528","46.942","18.934","DUNA2","4423","97",\N,\N,"cremation","R03155","C05458","1",\N,"inside a vessel",\N,\N,\N,"1","0","vicze2011a","2024-06-03 22:24:47","robert@localhost","2024-06-03 22:24:47","robert@localhost"
"S10528","46.942","18.934","DUNA2","4423","97",\N,\N,"cremation","R03156","C05459","1",\N,"inside a vessel",\N,\N,\N,"1","0","vicze2011a","2024-06-03 22:24:47","robert@localhost","2024-06-03 22:24:47","robert@localhost"
"S10528","46.942","18.934","DUNA2","4423","97",\N,\N,"cremation","R03157","C05460","1",\N,"inside a vessel",\N,\N,\N,"1","0","vicze2011a","2024-06-03 22:24:47","robert@localhost","2024-06-03 22:24:47","robert@localhost"
"S10528","46.942","18.934","DUNA1","8699","226",\N,\N,"cremation","R03158","C05461","1",\N,"inside a vessel",\N,\N,\N,"1","0","vicze2011a","2024-06-03 22:24:47","robert@localhost","2024-06-03 22:24:47","robert@localhost"
"S10528","46.942","18.934","DUNA1","8699","226",\N,\N,"cremation","R03159","C05462","1",\N,"inside a vessel",\N,\N,\N,"1","0","vicze2011a","2024-06-03 22:24:47","robert@localhost","2024-06-03 22:24:47","robert@localhost"
"S10528","46.942","18.934","DUNA2","4423","97",\N,\N,"cremation","R03160","C05463","1",\N,"inside a vessel",\N,\N,\N,"1","0","vicze2011a","2024-06-03 22:24:47","robert@localhost","2024-06-03 22:24:47","robert@localhost"
"S10528","46.942","18.934","DUNA2","4423","97",\N,\N,"cremation","R03161","C05464","1",\N,"inside a vessel",\N,\N,\N,"1","0","vicze2011a","2024-06-03 22:24:47","robert@localhost","2024-06-03 22:24:47","robert@localhost"
"S10528","46.942","18.934","DUNA2","4423","97",\N,\N,"cremation","R03162","C05465","1",\N,"inside a vessel",\N,\N,\N,"1","0","vicze2011a","2024-06-03 22:24:47","robert@localhost","2024-06-03 22:24:47","robert@localhost"
"S10528","46.942","18.934","DUNA1","8699","226",\N,\N,"cremation","R03163","C05466","1",\N,"inside a vessel",\N,\N,\N,"1","0","vicze2011a","2024-06-03 22:24:47","robert@localhost","2024-06-03 22:24:47","robert@localhost"
"S10528","46.942","18.934","DUNA1","8699","226",\N,\N,"cremation","R03164","C05467","1",\N,"inside a vessel",\N,\N,\N,"1","0","vicze2011a","2024-06-03 22:24:47","robert@localhost","2024-06-03 22:24:47","robert@localhost"
"S10528","46.942","18.934","DUNA2","4423","97",\N,\N,"cremation","R03165","C05468","1",\N,"inside a vessel",\N,\N,\N,"1","0","vicze2011a","2024-06-03 22:24:47","robert@localhost","2024-06-03 22:24:47","robert@localhost"
"S10528","46.942","18.934","DUNA1","8699","226",\N,\N,"cremation","R03166","C05469","1",\N,"inside a vessel",\N,\N,\N,"1","0","vicze2011a","2024-06-03 22:24:47","robert@localhost","2024-06-03 22:24:47","robert@localhost"
"S10528","46.942","18.934","DUNA2","4423","97",\N,\N,"cremation","R03167","C05470","1",\N,"inside a vessel",\N,\N,\N,"1","0","vicze2011a","2024-06-03 22:24:47","robert@localhost","2024-06-03 22:24:47","robert@localhost"
"S10528","46.942","18.934","DUNA2","4423","97",\N,\N,"cremation","R03168","C05471","1",\N,"inside a vessel",\N,\N,\N,"1","0","vicze2011a","2024-06-03 22:24:47","robert@localhost","2024-06-03 22:24:47","robert@localhost"
"S10528","46.942","18.934","DUNA2","4423","97",\N,\N,"cremation","R03169","C05472","1",\N,"inside a vessel",\N,\N,\N,"1","0","vicze2011a","2024-06-03 22:24:47","robert@localhost","2024-06-03 22:24:47","robert@localhost"
"S10528","46.942","18.934","DUNA1","8699","226",\N,\N,"inhumation","R03170","C05473","0","1","crouched","left","180","270","1","0","vicze2011a","2024-06-03 22:24:47","robert@localhost","2024-06-03 22:24:47","robert@localhost"
"S10528","46.942","18.934","DUNA1","8699","226",\N,\N,"inhumation","R03171","C05474",\N,\N,"extended",\N,"135","225","1","0","vicze2011a","2024-06-03 22:24:47","robert@localhost","2024-06-03 22:24:47","robert@localhost"
"S10528","46.942","18.934","DUNA1","8699","226",\N,\N,"cremation","R03172","C05475","1",\N,"inside a vessel",\N,\N,\N,"1","0","vicze2011a","2024-06-03 22:24:47","robert@localhost","2024-06-03 22:24:47","robert@localhost"
"S10528","46.942","18.934","DUNA2","4423","97",\N,\N,"cremation","R03173","C05476","1",\N,"inside a vessel",\N,\N,\N,"1","0","vicze2011a","2024-06-03 22:24:47","robert@localhost","2024-06-03 22:24:47","robert@localhost"
"S10528","46.942","18.934","DUNA2","4423","97",\N,\N,"cremation","R03174","C05477","1",\N,"inside a vessel",\N,\N,\N,"1","0","vicze2011a","2024-06-03 22:24:47","robert@localhost","2024-06-03 22:24:47","robert@localhost"
"S10528","46.942","18.934","DUNA1","8699","226",\N,\N,"cremation","R03175","C05478","1",\N,"inside a vessel",\N,\N,\N,"1","0","vicze2011a","2024-06-03 22:24:47","robert@localhost","2024-06-03 22:24:47","robert@localhost"
"S10528","46.942","18.934","DUNA2","4423","97",\N,\N,"cremation","R03176","C05479","1",\N,"inside a vessel",\N,\N,\N,"1","0","vicze2011a","2024-06-03 22:24:47","robert@localhost","2024-06-03 22:24:47","robert@localhost"
"S10528","46.942","18.934","DUNA2","4423","97",\N,\N,"cremation","R03177","C05480","1",\N,"inside a vessel",\N,\N,\N,"1","0","vicze2011a","2024-06-03 22:24:47","robert@localhost","2024-06-03 22:24:47","robert@localhost"
"S10528","46.942","18.934","DUNA2","4423","97",\N,\N,"cremation","R03178","C05481","1",\N,"inside a vessel",\N,\N,\N,"1","0","vicze2011a","2024-06-03 22:24:47","robert@localhost","2024-06-03 22:24:47","robert@localhost"
"S10528","46.942","18.934","DUNA2","4423","97",\N,\N,"cremation","R03179","C05482","1",\N,"inside a vessel",\N,\N,\N,"1","0","vicze2011a","2024-06-03 22:24:47","robert@localhost","2024-06-03 22:24:47","robert@localhost"
"S10528","46.942","18.934","DUNA2","4423","97",\N,\N,"cremation","R03180","C05483","1",\N,"inside a vessel",\N,\N,\N,"1","0","vicze2011a","2024-06-03 22:24:47","robert@localhost","2024-06-03 22:24:47","robert@localhost"
"S10528","46.942","18.934","DUNA1","8699","226",\N,\N,"cremation","R03181","C05484","1",\N,"inside a vessel",\N,\N,\N,"1","0","vicze2011a","2024-06-03 22:24:47","robert@localhost","2024-06-03 22:24:47","robert@localhost"
"S10528","46.942","18.934","DUNA2","4423","97",\N,\N,"cremation","R03182","C05485","1",\N,"inside a vessel",\N,\N,\N,"1","0","vicze2011a","2024-06-03 22:24:47","robert@localhost","2024-06-03 22:24:47","robert@localhost"
"S10528","46.942","18.934","DUNA2","4423","97",\N,\N,"cremation","R03183","C05486","1",\N,"inside a vessel",\N,\N,\N,"1","0","vicze2011a","2024-06-03 22:24:47","robert@localhost","2024-06-03 22:24:47","robert@localhost"
"S10528","46.942","18.934","DUNA2","4423","97",\N,\N,"cremation","R03184","C05487","1",\N,"inside a vessel",\N,\N,\N,"1","0","vicze2011a","2024-06-03 22:24:47","robert@localhost","2024-06-03 22:24:47","robert@localhost"
"S10528","46.942","18.934","DUNA2","4423","97",\N,\N,"cremation","R03185","C05488","1",\N,"inside a vessel",\N,\N,\N,"1","0","vicze2011a","2024-06-03 22:24:47","robert@localhost","2024-06-03 22:24:47","robert@localhost"
"S10528","46.942","18.934","DUNA2","4423","97",\N,\N,"cremation","R03186","C05489","1",\N,"inside a vessel",\N,\N,\N,"1","0","vicze2011a","2024-06-03 22:24:47","robert@localhost","2024-06-03 22:24:47","robert@localhost"
"S10528","46.942","18.934","DUNA2","4423","97",\N,\N,"cremation","R03187","C05490","1",\N,"inside a vessel",\N,\N,\N,"1","0","vicze2011a","2024-06-03 22:24:47","robert@localhost","2024-06-03 22:24:47","robert@localhost"
"S10528","46.942","18.934","DUNA2","4423","97",\N,\N,"cremation","R03188","C05491","1",\N,"inside a vessel",\N,\N,\N,"1","0","vicze2011a","2024-06-03 22:24:47","robert@localhost","2024-06-03 22:24:47","robert@localhost"
"S10528","46.942","18.934","DUNA2","4423","97",\N,\N,"cremation","R03189","C05492","1",\N,"inside a vessel",\N,\N,\N,"1","0","vicze2011a","2024-06-03 22:24:47","robert@localhost","2024-06-03 22:24:47","robert@localhost"
"S10528","46.942","18.934","DUNA2","4423","97",\N,\N,"cremation","R03190","C05493","1",\N,"inside a vessel",\N,\N,\N,"1","0","vicze2011a","2024-06-03 22:24:47","robert@localhost","2024-06-03 22:24:47","robert@localhost"
"S10528","46.942","18.934","DUNA2","4423","97",\N,\N,"cremation","R03191","C05494","1",\N,"inside a vessel",\N,\N,\N,"1","0","vicze2011a","2024-06-03 22:24:47","robert@localhost","2024-06-03 22:24:47","robert@localhost"
"S10528","46.942","18.934","DUNA2","4423","97",\N,\N,"cremation","R03192","C05495","1",\N,"inside a vessel",\N,\N,\N,"1","0","vicze2011a","2024-06-03 22:24:47","robert@localhost","2024-06-03 22:24:47","robert@localhost"
"S10528","46.942","18.934","DUNA2","4423","97",\N,\N,"cremation","R03193","C05496","1",\N,"inside a vessel",\N,\N,\N,"1","0","vicze2011a","2024-06-03 22:24:47","robert@localhost","2024-06-03 22:24:47","robert@localhost"
"S10528","46.942","18.934","DUNA2","4423","97",\N,\N,"cremation","R03194","C05497","1",\N,"inside a vessel",\N,\N,\N,"1","0","vicze2011a","2024-06-03 22:24:47","robert@localhost","2024-06-03 22:24:47","robert@localhost"
"S10528","46.942","18.934","DUNA2","4423","97",\N,\N,"cremation","R03195","C05498","1",\N,"inside a vessel",\N,\N,\N,"1","0","vicze2011a","2024-06-03 22:24:47","robert@localhost","2024-06-03 22:24:47","robert@localhost"
"S10528","46.942","18.934","DUNA2","4423","97",\N,\N,"cremation","R03196","C05499","1",\N,"inside a vessel",\N,\N,\N,"1","0","vicze2011a","2024-06-03 22:24:47","robert@localhost","2024-06-03 22:24:47","robert@localhost"
"S10528","46.942","18.934","DUNA2","4423","97",\N,\N,"cremation","R03197","C05500","1",\N,"inside a vessel",\N,\N,\N,"1","0","vicze2011a","2024-06-03 22:24:47","robert@localhost","2024-06-03 22:24:47","robert@localhost"
"S10528","46.942","18.934","DUNA1","8699","226",\N,\N,"cremation","R03198","C05501","1",\N,"inside a vessel",\N,\N,\N,"1","0","vicze2011a","2024-06-03 22:24:47","robert@localhost","2024-06-03 22:24:47","robert@localhost"
"S10528","46.942","18.934","DUNA2","4423","97",\N,\N,"cremation","R03199","C05502","1",\N,"inside a vessel",\N,\N,\N,"1","0","vicze2011a","2024-06-03 22:24:47","robert@localhost","2024-06-03 22:24:47","robert@localhost"
"S10528","46.942","18.934","DUNA2","4423","97",\N,\N,"cremation","R03200","C05503","1",\N,"inside a vessel",\N,\N,\N,"1","0","vicze2011a","2024-06-03 22:24:47","robert@localhost","2024-06-03 22:24:47","robert@localhost"
"S10528","46.942","18.934","DUNA2","4423","97",\N,\N,"cremation","R03201","C05504","1",\N,"inside a vessel",\N,\N,\N,"1","0","vicze2011a","2024-06-03 22:24:47","robert@localhost","2024-06-03 22:24:47","robert@localhost"
"S10528","46.942","18.934","DUNA2","4423","97",\N,\N,"cremation","R03202","C05505","1",\N,"inside a vessel",\N,\N,\N,"1","0","vicze2011a","2024-06-03 22:24:47","robert@localhost","2024-06-03 22:24:47","robert@localhost"
"S10528","46.942","18.934","DUNA2","4423","97",\N,\N,"cremation","R03203","C05506","1",\N,"inside a vessel",\N,\N,\N,"1","0","vicze2011a","2024-06-03 22:24:47","robert@localhost","2024-06-03 22:24:47","robert@localhost"
"S10528","46.942","18.934","DUNA2","4423","97",\N,\N,"cremation","R03204","C05507","1",\N,"inside a vessel",\N,\N,\N,"1","0","vicze2011a","2024-06-03 22:24:47","robert@localhost","2024-06-03 22:24:47","robert@localhost"
"S10528","46.942","18.934","DUNA2","4423","97",\N,\N,"cremation","R03205","C05508","1",\N,"inside a vessel",\N,\N,\N,"1","0","vicze2011a","2024-06-03 22:24:47","robert@localhost","2024-06-03 22:24:47","robert@localhost"
"S10528","46.942","18.934","DUNA2","4423","97",\N,\N,"cremation","R03206","C05509","1",\N,"inside a vessel",\N,\N,\N,"1","0","vicze2011a","2024-06-03 22:24:47","robert@localhost","2024-06-03 22:24:47","robert@localhost"
"S10528","46.942","18.934","DUNA2","4423","97",\N,\N,"cremation","R03207","C05510","1",\N,"inside a vessel",\N,\N,\N,"1","0","vicze2011a","2024-06-03 22:24:47","robert@localhost","2024-06-03 22:24:47","robert@localhost"
"S10528","46.942","18.934","DUNA2","4423","97",\N,\N,"cremation","R03208","C05511","1",\N,"inside a vessel",\N,\N,\N,"1","0","vicze2011a","2024-06-03 22:24:47","robert@localhost","2024-06-03 22:24:47","robert@localhost"
"S10528","46.942","18.934","DUNA2","4423","97",\N,\N,"cremation","R03209","C05512","1",\N,"inside a vessel",\N,\N,\N,"1","0","vicze2011a","2024-06-03 22:24:47","robert@localhost","2024-06-03 22:24:47","robert@localhost"
"S10528","46.942","18.934","DUNA2","4423","97",\N,\N,"cremation","R03210","C05513","1",\N,"inside a vessel",\N,\N,\N,"1","0","vicze2011a","2024-06-03 22:24:47","robert@localhost","2024-06-03 22:24:47","robert@localhost"
"S10528","46.942","18.934","DUNA2","4423","97",\N,\N,"cremation","R03211","C05514","1",\N,"inside a vessel",\N,\N,\N,"1","0","vicze2011a","2024-06-03 22:24:47","robert@localhost","2024-06-03 22:24:47","robert@localhost"
"S10528","46.942","18.934","DUNA2","4423","97",\N,\N,"cremation","R03212","C05515","1",\N,"inside a vessel",\N,\N,\N,"1","0","vicze2011a","2024-06-03 22:24:47","robert@localhost","2024-06-03 22:24:47","robert@localhost"
"S10528","46.942","18.934","DUNA2","4423","97",\N,\N,"cremation","R03213","C05516","1",\N,"inside a vessel",\N,\N,\N,"1","0","vicze2011a","2024-06-03 22:24:47","robert@localhost","2024-06-03 22:24:47","robert@localhost"
"S10528","46.942","18.934","DUNA2","4423","97",\N,\N,"cremation","R03214","C05517","1",\N,"inside a vessel",\N,\N,\N,"1","0","vicze2011a","2024-06-03 22:24:47","robert@localhost","2024-06-03 22:24:47","robert@localhost"
"S10528","46.942","18.934","DUNA2","4423","97",\N,\N,"cremation","R03215","C05518","1",\N,"inside a vessel",\N,\N,\N,"1","0","vicze2011a","2024-06-03 22:24:47","robert@localhost","2024-06-03 22:24:47","robert@localhost"
"S10528","46.942","18.934","DUNA2","4423","97",\N,\N,"cremation","R03216","C05519","1",\N,"inside a vessel",\N,\N,\N,"1","0","vicze2011a","2024-06-03 22:24:47","robert@localhost","2024-06-03 22:24:47","robert@localhost"
"S10528","46.942","18.934","DUNA2","4423","97",\N,\N,"cremation","R03217","C05520","1",\N,"inside a vessel",\N,\N,\N,"1","0","vicze2011a","2024-06-03 22:24:47","robert@localhost","2024-06-03 22:24:47","robert@localhost"
"S10528","46.942","18.934","DUNA2","4423","97",\N,\N,"cremation","R03218","C05521","1",\N,"inside a vessel",\N,\N,\N,"1","0","vicze2011a","2024-06-03 22:24:47","robert@localhost","2024-06-03 22:24:47","robert@localhost"
"S10528","46.942","18.934","DUNA2","4423","97",\N,\N,"cremation","R03219","C05522","1",\N,"inside a vessel",\N,\N,\N,"1","0","vicze2011a","2024-06-03 22:24:47","robert@localhost","2024-06-03 22:24:47","robert@localhost"
"S10528","46.942","18.934","DUNA2","4423","97",\N,\N,"cremation","R03220","C05523","1",\N,"inside a vessel",\N,\N,\N,"1","0","vicze2011a","2024-06-03 22:24:47","robert@localhost","2024-06-03 22:24:47","robert@localhost"
"S10528","46.942","18.934","DUNA2","4423","97",\N,\N,"cremation","R03221","C05524","1",\N,"inside a vessel",\N,\N,\N,"1","0","vicze2011a","2024-06-03 22:24:47","robert@localhost","2024-06-03 22:24:47","robert@localhost"
"S10528","46.942","18.934","DUNA1","8699","226",\N,\N,"cremation","R03222","C05525","1",\N,"inside a vessel",\N,\N,\N,"1","0","vicze2011a","2024-06-03 22:24:47","robert@localhost","2024-06-03 22:24:47","robert@localhost"
"S10528","46.942","18.934","DUNA2","4423","97",\N,\N,"cremation","R03223","C05526","1",\N,"inside a vessel",\N,\N,\N,"1","0","vicze2011a","2024-06-03 22:24:47","robert@localhost","2024-06-03 22:24:47","robert@localhost"
"S10528","46.942","18.934","DUNA2","4423","97",\N,\N,"cremation","R03224","C05527","1",\N,"inside a vessel",\N,\N,\N,"1","0","vicze2011a","2024-06-03 22:24:47","robert@localhost","2024-06-03 22:24:47","robert@localhost"
"S10528","46.942","18.934","DUNA2","4423","97",\N,\N,"cremation","R03225","C05528","1",\N,"inside a vessel",\N,\N,\N,"1","0","vicze2011a","2024-06-03 22:24:47","robert@localhost","2024-06-03 22:24:47","robert@localhost"
"S10528","46.942","18.934","DUNA2","4423","97",\N,\N,"cremation","R03226","C05529","1",\N,"inside a vessel",\N,\N,\N,"1","0","vicze2011a","2024-06-03 22:24:47","robert@localhost","2024-06-03 22:24:47","robert@localhost"
"S10528","46.942","18.934","DUNA2","4423","97",\N,\N,"cremation","R03227","C05530","1",\N,"inside a vessel",\N,\N,\N,"1","0","vicze2011a","2024-06-03 22:24:47","robert@localhost","2024-06-03 22:24:47","robert@localhost"
"S10528","46.942","18.934","DUNA2","4423","97",\N,\N,"cremation","R03228","C05531","1",\N,"inside a vessel",\N,\N,\N,"1","0","vicze2011a","2024-06-03 22:24:47","robert@localhost","2024-06-03 22:24:47","robert@localhost"
"S10528","46.942","18.934","DUNA3","7032","329",\N,\N,"cremation","R03229","C05532","1",\N,"inside a vessel",\N,\N,\N,"1","0","vicze2011a","2024-06-03 22:24:47","robert@localhost","2024-06-03 22:24:47","robert@localhost"
"S10528","46.942","18.934","DUNA2","4423","97",\N,\N,"cremation","R03230","C05533","1",\N,"inside a vessel",\N,\N,\N,"1","0","vicze2011a","2024-06-03 22:24:47","robert@localhost","2024-06-03 22:24:47","robert@localhost"
"S10528","46.942","18.934","DUNA2","4423","97",\N,\N,"cremation","R03231","C05534","1",\N,"inside a vessel",\N,\N,\N,"1","0","vicze2011a","2024-06-03 22:24:47","robert@localhost","2024-06-03 22:24:47","robert@localhost"
"S10528","46.942","18.934","DUNA2","4423","97",\N,\N,"cremation","R03232","C05535","1",\N,"inside a vessel",\N,\N,\N,"1","0","vicze2011a","2024-06-03 22:24:47","robert@localhost","2024-06-03 22:24:47","robert@localhost"
"S10528","46.942","18.934","DUNA2","4423","97",\N,\N,"cremation","R03233","C05536","1",\N,"inside a vessel",\N,\N,\N,"1","0","vicze2011a","2024-06-03 22:24:47","robert@localhost","2024-06-03 22:24:47","robert@localhost"
"S10528","46.942","18.934","DUNA1","8699","226",\N,\N,"cremation","R03234","C05537","1",\N,"inside a vessel",\N,\N,\N,"1","0","vicze2011a","2024-06-03 22:24:47","robert@localhost","2024-06-03 22:24:47","robert@localhost"
"S10528","46.942","18.934","DUNA2","4423","97",\N,\N,"cremation","R03235","C05538","1",\N,"inside a vessel",\N,\N,\N,"1","0","vicze2011a","2024-06-03 22:24:47","robert@localhost","2024-06-03 22:24:47","robert@localhost"
"S10528","46.942","18.934","DUNA2","4423","97",\N,\N,"cremation","R03236","C05539","1",\N,"inside a vessel",\N,\N,\N,"1","0","vicze2011a","2024-06-03 22:24:47","robert@localhost","2024-06-03 22:24:47","robert@localhost"
"S10528","46.942","18.934","DUNA2","4423","97",\N,\N,"cremation","R03237","C05540","1",\N,"inside a vessel",\N,\N,\N,"1","0","vicze2011a","2024-06-03 22:24:47","robert@localhost","2024-06-03 22:24:47","robert@localhost"
"S10528","46.942","18.934","DUNA2","4423","97",\N,\N,"cremation","R03238","C05541","1",\N,"inside a vessel",\N,\N,\N,"1","0","vicze2011a","2024-06-03 22:24:47","robert@localhost","2024-06-03 22:24:47","robert@localhost"
"S10528","46.942","18.934","DUNA2","4423","97",\N,\N,"cremation","R03239","C05542","1",\N,"inside a vessel",\N,\N,\N,"1","0","vicze2011a","2024-06-03 22:24:47","robert@localhost","2024-06-03 22:24:47","robert@localhost"
"S10528","46.942","18.934","DUNA2","4423","97",\N,\N,"cremation","R03240","C05543","1",\N,"inside a vessel",\N,\N,\N,"1","0","vicze2011a","2024-06-03 22:24:47","robert@localhost","2024-06-03 22:24:47","robert@localhost"
"S10528","46.942","18.934","DUNA2","4423","97",\N,\N,"cremation","R03241","C05544","1",\N,"inside a vessel",\N,\N,\N,"1","0","vicze2011a","2024-06-03 22:24:47","robert@localhost","2024-06-03 22:24:47","robert@localhost"
"S10528","46.942","18.934","DUNA2","4423","97",\N,\N,"cremation","R03242","C05545","1",\N,"inside a vessel",\N,\N,\N,"1","0","vicze2011a","2024-06-03 22:24:47","robert@localhost","2024-06-03 22:24:47","robert@localhost"
"S10528","46.942","18.934","DUNA2","4423","97",\N,\N,"cremation","R03243","C05546","1",\N,"inside a vessel",\N,\N,\N,"1","0","vicze2011a","2024-06-03 22:24:47","robert@localhost","2024-06-03 22:24:47","robert@localhost"
"S10528","46.942","18.934","DUNA2","4423","97",\N,\N,"cremation","R03244","C05547","1",\N,"inside a vessel",\N,\N,\N,"1","0","vicze2011a","2024-06-03 22:24:47","robert@localhost","2024-06-03 22:24:47","robert@localhost"
"S10528","46.942","18.934","DUNA2","4423","97",\N,\N,"cremation","R03245","C05548","1",\N,"inside a vessel",\N,\N,\N,"1","0","vicze2011a","2024-06-03 22:24:47","robert@localhost","2024-06-03 22:24:47","robert@localhost"
"S10528","46.942","18.934","DUNA2","4423","97",\N,\N,"cremation","R03246","C05549","1",\N,"inside a vessel",\N,\N,\N,"1","0","vicze2011a","2024-06-03 22:24:47","robert@localhost","2024-06-03 22:24:47","robert@localhost"
"S10528","46.942","18.934","DUNA2","4423","97",\N,\N,"cremation","R03247","C05550","1",\N,"inside a vessel",\N,\N,\N,"1","0","vicze2011a","2024-06-03 22:24:47","robert@localhost","2024-06-03 22:24:47","robert@localhost"
"S10528","46.942","18.934","DUNA2","4423","97",\N,\N,"cremation","R03248","C05551","1",\N,"inside a vessel",\N,\N,\N,"1","0","vicze2011a","2024-06-03 22:24:47","robert@localhost","2024-06-03 22:24:47","robert@localhost"
"S10528","46.942","18.934","DUNA2","4423","97",\N,\N,"cremation","R03249","C05552","1",\N,"inside a vessel",\N,\N,\N,"1","0","vicze2011a","2024-06-03 22:24:47","robert@localhost","2024-06-03 22:24:47","robert@localhost"
"S10528","46.942","18.934","DUNA2","4423","97",\N,\N,"cremation","R03250","C05553","1",\N,"inside a vessel",\N,\N,\N,"1","0","vicze2011a","2024-06-03 22:24:47","robert@localhost","2024-06-03 22:24:47","robert@localhost"
"S10528","46.942","18.934","DUNA2","4423","97",\N,\N,"cremation","R03251","C05554","1",\N,"inside a vessel",\N,\N,\N,"1","0","vicze2011a","2024-06-03 22:24:47","robert@localhost","2024-06-03 22:24:47","robert@localhost"
"S10528","46.942","18.934","DUNA3","7032","329",\N,\N,"cremation","R03252","C05555","1",\N,"inside a vessel",\N,\N,\N,"1","0","vicze2011a","2024-06-03 22:24:47","robert@localhost","2024-06-03 22:24:47","robert@localhost"
"S10528","46.942","18.934","DUNA2","4423","97",\N,\N,"cremation","R03253","C05556","1",\N,"inside a vessel",\N,\N,\N,"1","0","vicze2011a","2024-06-03 22:24:47","robert@localhost","2024-06-03 22:24:47","robert@localhost"
"S10528","46.942","18.934","DUNA3","7032","329",\N,\N,"cremation","R03254","C05557","1",\N,"inside a vessel",\N,\N,\N,"1","0","vicze2011a","2024-06-03 22:24:47","robert@localhost","2024-06-03 22:24:47","robert@localhost"
"S10528","46.942","18.934","DUNA3","7032","329",\N,\N,"cremation","R03255","C05558","1",\N,"inside a vessel",\N,\N,\N,"1","0","vicze2011a","2024-06-03 22:24:47","robert@localhost","2024-06-03 22:24:47","robert@localhost"
"S10528","46.942","18.934","DUNA3","7032","329",\N,\N,"cremation","R03256","C05559","1",\N,"inside a vessel",\N,\N,\N,"1","0","vicze2011a","2024-06-03 22:24:47","robert@localhost","2024-06-03 22:24:47","robert@localhost"
"S10528","46.942","18.934","DUNA2","4423","97",\N,\N,"cremation","R03257","C05560","1",\N,"inside a vessel",\N,\N,\N,"1","0","vicze2011a","2024-06-03 22:24:47","robert@localhost","2024-06-03 22:24:47","robert@localhost"
"S10528","46.942","18.934","DUNA2","4423","97",\N,\N,"cremation","R03258","C05561","1",\N,"inside a vessel",\N,\N,\N,"1","0","vicze2011a","2024-06-03 22:24:47","robert@localhost","2024-06-03 22:24:47","robert@localhost"
"S10528","46.942","18.934","DUNA2","4423","97",\N,\N,"cremation","R03259","C05562","1",\N,"inside a vessel",\N,\N,\N,"1","0","vicze2011a","2024-06-03 22:24:47","robert@localhost","2024-06-03 22:24:47","robert@localhost"
"S10528","46.942","18.934","DUNA2","4423","97",\N,\N,"cremation","R03260","C05563","1",\N,"inside a vessel",\N,\N,\N,"1","0","vicze2011a","2024-06-03 22:24:47","robert@localhost","2024-06-03 22:24:47","robert@localhost"
"S10528","46.942","18.934","DUNA2","4423","97",\N,\N,"cremation","R03261","C05564","1",\N,"inside a vessel",\N,\N,\N,"1","0","vicze2011a","2024-06-03 22:24:47","robert@localhost","2024-06-03 22:24:47","robert@localhost"
"S10528","46.942","18.934","DUNA2","4423","97",\N,\N,"cremation","R03262","C05565","1",\N,"inside a vessel",\N,\N,\N,"1","0","vicze2011a","2024-06-03 22:24:47","robert@localhost","2024-06-03 22:24:47","robert@localhost"
"S10528","46.942","18.934","DUNA2","4423","97",\N,\N,"cremation","R03263","C05566","1",\N,"inside a vessel",\N,\N,\N,"1","0","vicze2011a","2024-06-03 22:24:47","robert@localhost","2024-06-03 22:24:47","robert@localhost"
"S10528","46.942","18.934","DUNA2","4423","97",\N,\N,"cremation","R03264","C05567","1",\N,"inside a vessel",\N,\N,\N,"1","0","vicze2011a","2024-06-03 22:24:47","robert@localhost","2024-06-03 22:24:47","robert@localhost"
"S10528","46.942","18.934","DUNA1","8699","226",\N,\N,"cremation","R03265","C05568","1",\N,"inside a vessel",\N,\N,\N,"1","0","vicze2011a","2024-06-03 22:24:47","robert@localhost","2024-06-03 22:24:47","robert@localhost"
"S10528","46.942","18.934","DUNA2","4423","97",\N,\N,"cremation","R03266","C05569","1",\N,"inside a vessel",\N,\N,\N,"1","0","vicze2011a","2024-06-03 22:24:47","robert@localhost","2024-06-03 22:24:47","robert@localhost"
"S10528","46.942","18.934","DUNA1","8699","226",\N,\N,"cremation","R03267","C05570","1",\N,"inside a vessel",\N,\N,\N,"1","0","vicze2011a","2024-06-03 22:24:47","robert@localhost","2024-06-03 22:24:47","robert@localhost"
"S10528","46.942","18.934","DUNA2","4423","97",\N,\N,"cremation","R03268","C05571","1",\N,"inside a vessel",\N,\N,\N,"1","0","vicze2011a","2024-06-03 22:24:47","robert@localhost","2024-06-03 22:24:47","robert@localhost"
"S10528","46.942","18.934","DUNA2","4423","97",\N,\N,"cremation","R03269","C05572","1",\N,"inside a vessel",\N,\N,\N,"1","0","vicze2011a","2024-06-03 22:24:47","robert@localhost","2024-06-03 22:24:47","robert@localhost"
"S10528","46.942","18.934","DUNA2","4423","97",\N,\N,"cremation","R03270","C05573","1",\N,"inside a vessel",\N,\N,\N,"1","0","vicze2011a","2024-06-03 22:24:47","robert@localhost","2024-06-03 22:24:47","robert@localhost"
"S10528","46.942","18.934","DUNA2","4423","97",\N,\N,"inhumation","R03271","C05574",\N,\N,\N,"right","0","90","1","0","vicze2011a","2024-06-03 22:24:47","robert@localhost","2024-06-03 22:24:47","robert@localhost"
"S10528","46.942","18.934","DUNA2","4423","97",\N,\N,"cremation","R03272","C05575","1",\N,"inside a vessel",\N,\N,\N,"1","0","vicze2011a","2024-06-03 22:24:47","robert@localhost","2024-06-03 22:24:47","robert@localhost"
"S10528","46.942","18.934","DUNA2","4423","97",\N,\N,"cremation","R03273","C05576","1",\N,"inside a vessel",\N,\N,\N,"1","0","vicze2011a","2024-06-03 22:24:47","robert@localhost","2024-06-03 22:24:47","robert@localhost"
"S10528","46.942","18.934","DUNA2","4423","97",\N,\N,"cremation","R03274","C05577","1",\N,"inside a vessel",\N,\N,\N,"1","0","vicze2011a","2024-06-03 22:24:47","robert@localhost","2024-06-03 22:24:47","robert@localhost"
"S10528","46.942","18.934","DUNA2","4423","97",\N,\N,"cremation","R03275","C05578","1",\N,"inside a vessel",\N,\N,\N,"1","0","vicze2011a","2024-06-03 22:24:47","robert@localhost","2024-06-03 22:24:47","robert@localhost"
"S10528","46.942","18.934","DUNA2","4423","97",\N,\N,"cremation","R03276","C05579","1",\N,"inside a vessel",\N,\N,\N,"1","0","vicze2011a","2024-06-03 22:24:47","robert@localhost","2024-06-03 22:24:47","robert@localhost"
"S10528","46.942","18.934","DUNA1","8699","226",\N,\N,"cremation","R03277","C05580","1",\N,"inside a vessel",\N,\N,\N,"1","0","vicze2011a","2024-06-03 22:24:47","robert@localhost","2024-06-03 22:24:47","robert@localhost"
"S10528","46.942","18.934","DUNA2","4423","97",\N,\N,"cremation","R03278","C05581","1",\N,"inside a vessel",\N,\N,\N,"1","0","vicze2011a","2024-06-03 22:24:47","robert@localhost","2024-06-03 22:24:47","robert@localhost"
"S10528","46.942","18.934","DUNA2","4423","97",\N,\N,"cremation","R03279","C05582","1",\N,"inside a vessel",\N,\N,\N,"1","0","vicze2011a","2024-06-03 22:24:47","robert@localhost","2024-06-03 22:24:47","robert@localhost"
"S10528","46.942","18.934","DUNA2","4423","97",\N,\N,"cremation","R03280","C05583","1",\N,"inside a vessel",\N,\N,\N,"1","0","vicze2011a","2024-06-03 22:24:47","robert@localhost","2024-06-03 22:24:47","robert@localhost"
"S10528","46.942","18.934","DUNA2","4423","97",\N,\N,"cremation","R03281","C05584","1",\N,"inside a vessel",\N,\N,\N,"1","0","vicze2011a","2024-06-03 22:24:47","robert@localhost","2024-06-03 22:24:47","robert@localhost"
"S10528","46.942","18.934","DUNA1","8699","226",\N,\N,"cremation","R03282","C05585","1",\N,"inside a vessel",\N,\N,\N,"1","0","vicze2011a","2024-06-03 22:24:47","robert@localhost","2024-06-03 22:24:47","robert@localhost"
"S10528","46.942","18.934","DUNA2","4423","97",\N,\N,"cremation","R03283","C05586","1",\N,"inside a vessel",\N,\N,\N,"1","0","vicze2011a","2024-06-03 22:24:47","robert@localhost","2024-06-03 22:24:47","robert@localhost"
"S10528","46.942","18.934","DUNA1","8699","226",\N,\N,"cremation","R03284","C05587","1",\N,"inside a vessel",\N,\N,\N,"1","0","vicze2011a","2024-06-03 22:24:47","robert@localhost","2024-06-03 22:24:47","robert@localhost"
"S10528","46.942","18.934","DUNA2","4423","97",\N,\N,"cremation","R03285","C05588","1",\N,"inside a vessel",\N,\N,\N,"1","0","vicze2011a","2024-06-03 22:24:47","robert@localhost","2024-06-03 22:24:47","robert@localhost"
"S10528","46.942","18.934","DUNA1","8699","226",\N,\N,"cremation","R03286","C05589","1",\N,"inside a vessel",\N,\N,\N,"1","0","vicze2011a","2024-06-03 22:24:47","robert@localhost","2024-06-03 22:24:47","robert@localhost"
"S10528","46.942","18.934","DUNA2","4423","97",\N,\N,"cremation","R03287","C05590","1",\N,"inside a vessel",\N,\N,\N,"1","0","vicze2011a","2024-06-03 22:24:47","robert@localhost","2024-06-03 22:24:47","robert@localhost"
"S10528","46.942","18.934","DUNA1","8699","226",\N,\N,"cremation","R03288","C05591","1",\N,"inside a vessel",\N,\N,\N,"1","0","vicze2011a","2024-06-03 22:24:47","robert@localhost","2024-06-03 22:24:47","robert@localhost"
"S10528","46.942","18.934","DUNA2","4423","97",\N,\N,"cremation","R03289","C05592","1",\N,"inside a vessel",\N,\N,\N,"1","0","vicze2011a","2024-06-03 22:24:47","robert@localhost","2024-06-03 22:24:47","robert@localhost"
"S10528","46.942","18.934","DUNA2","4423","97",\N,\N,"cremation","R03290","C05593","1",\N,"inside a vessel",\N,\N,\N,"1","0","vicze2011a","2024-06-03 22:24:47","robert@localhost","2024-06-03 22:24:47","robert@localhost"
"S10528","46.942","18.934","DUNA2","4423","97",\N,\N,"cremation","R03291","C05594","1",\N,"inside a vessel",\N,\N,\N,"1","0","vicze2011a","2024-06-03 22:24:47","robert@localhost","2024-06-03 22:24:47","robert@localhost"
"S10528","46.942","18.934","DUNA2","4423","97",\N,\N,"cremation","R03292","C05595","1",\N,"inside a vessel",\N,\N,\N,"1","0","vicze2011a","2024-06-03 22:24:47","robert@localhost","2024-06-03 22:24:47","robert@localhost"
"S10528","46.942","18.934","DUNA1","8699","226",\N,\N,"cremation","R03293","C05596","1",\N,"inside a vessel",\N,\N,\N,"1","0","vicze2011a","2024-06-03 22:24:47","robert@localhost","2024-06-03 22:24:47","robert@localhost"
"S10528","46.942","18.934","DUNA2","4423","97",\N,\N,"cremation","R03294","C05597","1",\N,"inside a vessel",\N,\N,\N,"1","0","vicze2011a","2024-06-03 22:24:47","robert@localhost","2024-06-03 22:24:47","robert@localhost"
"S10528","46.942","18.934","DUNA1","8699","226",\N,\N,"cremation","R03295","C05598","1",\N,"inside a vessel",\N,\N,\N,"1","0","vicze2011a","2024-06-03 22:24:47","robert@localhost","2024-06-03 22:24:47","robert@localhost"
"S10528","46.942","18.934","DUNA2","4423","97",\N,\N,"cremation","R03296","C05599","1",\N,"inside a vessel",\N,\N,\N,"1","0","vicze2011a","2024-06-03 22:24:47","robert@localhost","2024-06-03 22:24:47","robert@localhost"
"S10528","46.942","18.934","DUNA3","7032","329",\N,\N,"cremation","R03297","C05600","1",\N,"inside a vessel",\N,\N,\N,"1","0","vicze2011a","2024-06-03 22:24:47","robert@localhost","2024-06-03 22:24:47","robert@localhost"
"S10528","46.942","18.934","DUNA2","4423","97",\N,\N,"cremation","R03298","C05601","1",\N,"inside a vessel",\N,\N,\N,"1","0","vicze2011a","2024-06-03 22:24:47","robert@localhost","2024-06-03 22:24:47","robert@localhost"
"S10528","46.942","18.934","DUNA1","8699","226",\N,\N,"cremation","R03299","C05602","1",\N,"inside a vessel",\N,\N,\N,"1","0","vicze2011a","2024-06-03 22:24:47","robert@localhost","2024-06-03 22:24:47","robert@localhost"
"S10528","46.942","18.934","DUNA2","4423","97",\N,\N,"cremation","R03300","C05603","1",\N,"inside a vessel",\N,\N,\N,"1","0","vicze2011a","2024-06-03 22:24:47","robert@localhost","2024-06-03 22:24:47","robert@localhost"
"S10528","46.942","18.934","DUNA2","4423","97",\N,\N,"cremation","R03301","C05604","1",\N,"inside a vessel",\N,\N,\N,"1","0","vicze2011a","2024-06-03 22:24:47","robert@localhost","2024-06-03 22:24:47","robert@localhost"
"S10528","46.942","18.934","DUNA2","4423","97",\N,\N,"cremation","R03302","C05605","1",\N,"inside a vessel",\N,\N,\N,"1","0","vicze2011a","2024-06-03 22:24:47","robert@localhost","2024-06-03 22:24:47","robert@localhost"
"S10528","46.942","18.934","DUNA2","4423","97",\N,\N,"cremation","R03303","C05606","1",\N,"inside a vessel",\N,\N,\N,"1","0","vicze2011a","2024-06-03 22:24:47","robert@localhost","2024-06-03 22:24:47","robert@localhost"
"S10528","46.942","18.934","DUNA2","4423","97",\N,\N,"cremation","R03304","C05607","1",\N,"inside a vessel",\N,\N,\N,"1","0","vicze2011a","2024-06-03 22:24:47","robert@localhost","2024-06-03 22:24:47","robert@localhost"
"S10528","46.942","18.934","DUNA3","7032","329",\N,\N,"cremation","R03305","C05608","1",\N,"inside a vessel",\N,\N,\N,"1","0","vicze2011a","2024-06-03 22:24:47","robert@localhost","2024-06-03 22:24:47","robert@localhost"
"S10528","46.942","18.934","DUNA2","4423","97",\N,\N,"cremation","R03306","C05609","1",\N,"inside a vessel",\N,\N,\N,"1","0","vicze2011a","2024-06-03 22:24:47","robert@localhost","2024-06-03 22:24:47","robert@localhost"
"S10528","46.942","18.934","DUNA2","4423","97",\N,\N,"cremation","R03307","C05610","1",\N,"inside a vessel",\N,\N,\N,"1","0","vicze2011a","2024-06-03 22:24:47","robert@localhost","2024-06-03 22:24:47","robert@localhost"
"S10528","46.942","18.934","DUNA1","8699","226",\N,\N,"cremation","R03308","C05611","1",\N,"inside a vessel",\N,\N,\N,"1","0","vicze2011a","2024-06-03 22:24:47","robert@localhost","2024-06-03 22:24:47","robert@localhost"
"S10528","46.942","18.934","DUNA2","4423","97",\N,\N,"cremation","R03309","C05612","1",\N,"inside a vessel",\N,\N,\N,"1","0","vicze2011a","2024-06-03 22:24:47","robert@localhost","2024-06-03 22:24:47","robert@localhost"
"S10528","46.942","18.934","DUNA2","4423","97",\N,\N,"cremation","R03310","C05613","1",\N,"inside a vessel",\N,\N,\N,"1","0","vicze2011a","2024-06-03 22:24:47","robert@localhost","2024-06-03 22:24:47","robert@localhost"
"S10528","46.942","18.934","DUNA2","4423","97",\N,\N,"cremation","R03311","C05614","1",\N,"inside a vessel",\N,\N,\N,"1","0","vicze2011a","2024-06-03 22:24:47","robert@localhost","2024-06-03 22:24:47","robert@localhost"
"S10528","46.942","18.934","DUNA2","4423","97",\N,\N,"cremation","R03312","C05615","1",\N,"inside a vessel",\N,\N,\N,"1","0","vicze2011a","2024-06-03 22:24:47","robert@localhost","2024-06-03 22:24:47","robert@localhost"
"S10528","46.942","18.934","DUNA2","4423","97",\N,\N,"cremation","R03313","C05616","1",\N,"inside a vessel",\N,\N,\N,"1","0","vicze2011a","2024-06-03 22:24:47","robert@localhost","2024-06-03 22:24:47","robert@localhost"
"S10528","46.942","18.934","DUNA1","8699","226",\N,\N,"cremation","R03314","C05617","1",\N,"inside a vessel",\N,\N,\N,"1","0","vicze2011a","2024-06-03 22:24:47","robert@localhost","2024-06-03 22:24:47","robert@localhost"
"S10528","46.942","18.934","DUNA2","4423","97",\N,\N,"cremation","R03315","C05618","1",\N,"inside a vessel",\N,\N,\N,"1","0","vicze2011a","2024-06-03 22:24:47","robert@localhost","2024-06-03 22:24:47","robert@localhost"
"S10528","46.942","18.934","DUNA1","8699","226",\N,\N,"cremation","R03316","C05619","1",\N,"inside a vessel",\N,\N,\N,"1","0","vicze2011a","2024-06-03 22:24:47","robert@localhost","2024-06-03 22:24:47","robert@localhost"
"S10528","46.942","18.934","DUNA1","8699","226",\N,\N,"cremation","R03317","C05620","1",\N,"inside a vessel",\N,\N,\N,"1","0","vicze2011a","2024-06-03 22:24:47","robert@localhost","2024-06-03 22:24:47","robert@localhost"
"S10528","46.942","18.934","DUNA2","4423","97",\N,\N,"cremation","R03318","C05621","1",\N,"inside a vessel",\N,\N,\N,"1","0","vicze2011a","2024-06-03 22:24:47","robert@localhost","2024-06-03 22:24:47","robert@localhost"
"S10528","46.942","18.934","DUNA2","4423","97",\N,\N,"cremation","R03319","C05622","1",\N,"inside a vessel",\N,\N,\N,"1","0","vicze2011a","2024-06-03 22:24:47","robert@localhost","2024-06-03 22:24:47","robert@localhost"
"S10528","46.942","18.934","DUNA2","4423","97",\N,\N,"cremation","R03320","C05623","1",\N,"inside a vessel",\N,\N,\N,"1","0","vicze2011a","2024-06-03 22:24:47","robert@localhost","2024-06-03 22:24:47","robert@localhost"
"S10528","46.942","18.934","DUNA2","4423","97",\N,\N,"cremation","R03321","C05624","1",\N,"inside a vessel",\N,\N,\N,"1","0","vicze2011a","2024-06-03 22:24:47","robert@localhost","2024-06-03 22:24:47","robert@localhost"
"S10528","46.942","18.934","DUNA2","4423","97",\N,\N,"cremation","R03322","C05625","1",\N,"inside a vessel",\N,\N,\N,"1","0","vicze2011a","2024-06-03 22:24:47","robert@localhost","2024-06-03 22:24:47","robert@localhost"
"S10528","46.942","18.934","DUNA2","4423","97",\N,\N,"cremation","R03323","C05626","1",\N,"inside a vessel",\N,\N,\N,"1","0","vicze2011a","2024-06-03 22:24:47","robert@localhost","2024-06-03 22:24:47","robert@localhost"
"S10528","46.942","18.934","DUNA2","4423","97",\N,\N,"cremation","R03324","C05627","1",\N,"inside a vessel",\N,\N,\N,"1","0","vicze2011a","2024-06-03 22:24:47","robert@localhost","2024-06-03 22:24:47","robert@localhost"
"S10528","46.942","18.934","DUNA2","4423","97",\N,\N,"cremation","R03325","C05628","1",\N,"inside a vessel",\N,\N,\N,"1","0","vicze2011a","2024-06-03 22:24:47","robert@localhost","2024-06-03 22:24:47","robert@localhost"
"S10528","46.942","18.934","DUNA2","4423","97",\N,\N,"cremation","R03326","C05629","1",\N,"inside a vessel",\N,\N,\N,"1","0","vicze2011a","2024-06-03 22:24:47","robert@localhost","2024-06-03 22:24:47","robert@localhost"
"S10528","46.942","18.934","DUNA2","4423","97",\N,\N,"cremation","R03327","C05630","1",\N,"inside a vessel",\N,\N,\N,"1","0","vicze2011a","2024-06-03 22:24:47","robert@localhost","2024-06-03 22:24:47","robert@localhost"
"S10528","46.942","18.934","DUNA2","4423","97",\N,\N,"cremation","R03328","C05631","1",\N,"inside a vessel",\N,\N,\N,"1","0","vicze2011a","2024-06-03 22:24:47","robert@localhost","2024-06-03 22:24:47","robert@localhost"
"S10528","46.942","18.934","DUNA2","4423","97",\N,\N,"cremation","R03329","C05632","1",\N,"inside a vessel",\N,\N,\N,"1","0","vicze2011a","2024-06-03 22:24:47","robert@localhost","2024-06-03 22:24:47","robert@localhost"
"S10528","46.942","18.934","DUNA2","4423","97",\N,\N,"cremation","R03330","C05633","1",\N,"inside a vessel",\N,\N,\N,"1","0","vicze2011a","2024-06-03 22:24:47","robert@localhost","2024-06-03 22:24:47","robert@localhost"
"S10528","46.942","18.934","DUNA2","4423","97",\N,\N,"inhumation","R03331","C05634","0","1","crouched","right","0","90","1","0","vicze2011a","2024-06-03 22:24:47","robert@localhost","2024-06-03 22:24:47","robert@localhost"
"S10528","46.942","18.934","DUNA2","4423","97",\N,\N,"cremation","R03332","C05635","1",\N,"inside a vessel",\N,\N,\N,"1","0","vicze2011a","2024-06-03 22:24:47","robert@localhost","2024-06-03 22:24:47","robert@localhost"
"S10528","46.942","18.934","DUNA2","4423","97",\N,\N,"cremation","R03333","C05636","1",\N,"inside a vessel",\N,\N,\N,"1","0","vicze2011a","2024-06-03 22:24:47","robert@localhost","2024-06-03 22:24:47","robert@localhost"
"S10528","46.942","18.934","DUNA1","8699","226",\N,\N,"cremation","R03334","C05637","1",\N,"inside a vessel",\N,\N,\N,"1","0","vicze2011a","2024-06-03 22:24:47","robert@localhost","2024-06-03 22:24:47","robert@localhost"
"S10528","46.942","18.934","DUNA2","4423","97",\N,\N,"cremation","R03335","C05638","1",\N,"inside a vessel",\N,\N,\N,"1","0","vicze2011a","2024-06-03 22:24:47","robert@localhost","2024-06-03 22:24:47","robert@localhost"
"S10528","46.942","18.934","DUNA3","7032","329",\N,\N,"cremation","R03336","C05639","1",\N,"inside a vessel",\N,\N,\N,"1","0","vicze2011a","2024-06-03 22:24:47","robert@localhost","2024-06-03 22:24:47","robert@localhost"
"S10528","46.942","18.934","DUNA3","7032","329",\N,\N,"inhumation","R03337","C05640","1","1",\N,\N,"315","45","1","0","vicze2011a","2024-06-03 22:24:47","robert@localhost","2024-06-03 22:24:47","robert@localhost"
"S10528","46.942","18.934","DUNA3","7032","329",\N,\N,"cremation","R03338","C05641","1",\N,"inside a vessel",\N,\N,\N,"1","0","vicze2011a","2024-06-03 22:24:47","robert@localhost","2024-06-03 22:24:47","robert@localhost"
"S10528","46.942","18.934","DUNA3","7032","329",\N,\N,"cremation","R03339","C05642","1",\N,"inside a vessel",\N,\N,\N,"1","0","vicze2011a","2024-06-03 22:24:47","robert@localhost","2024-06-03 22:24:47","robert@localhost"
"S10528","46.942","18.934","DUNA3","7032","329",\N,\N,"cremation","R03340","C05643","1",\N,"inside a vessel",\N,\N,\N,"1","0","vicze2011a","2024-06-03 22:24:47","robert@localhost","2024-06-03 22:24:47","robert@localhost"
"S10528","46.942","18.934","DUNA3","7032","329",\N,\N,"cremation","R03341","C05644","1",\N,"inside a vessel",\N,\N,\N,"1","0","vicze2011a","2024-06-03 22:24:47","robert@localhost","2024-06-03 22:24:47","robert@localhost"
"S10528","46.942","18.934","DUNA2","4423","97",\N,\N,"cremation","R03342","C05645","1",\N,"inside a vessel",\N,\N,\N,"1","0","vicze2011a","2024-06-03 22:24:47","robert@localhost","2024-06-03 22:24:47","robert@localhost"
"S10528","46.942","18.934","DUNA3","7032","329",\N,\N,"cremation","R03343","C05646","1",\N,"inside a vessel",\N,\N,\N,"1","0","vicze2011a","2024-06-03 22:24:47","robert@localhost","2024-06-03 22:24:47","robert@localhost"
"S10528","46.942","18.934","DUNA3","7032","329",\N,\N,"cremation","R03344","C05647","1",\N,"inside a vessel",\N,\N,\N,"1","0","vicze2011a","2024-06-03 22:24:47","robert@localhost","2024-06-03 22:24:47","robert@localhost"
"S10528","46.942","18.934","DUNA3","7032","329",\N,\N,"cremation","R03345","C05648","1",\N,"inside a vessel",\N,\N,\N,"1","0","vicze2011a","2024-06-03 22:24:47","robert@localhost","2024-06-03 22:24:47","robert@localhost"
"S10528","46.942","18.934","DUNA3","7032","329",\N,\N,"cremation","R03346","C05649","1",\N,"inside a vessel",\N,\N,\N,"1","0","vicze2011a","2024-06-03 22:24:47","robert@localhost","2024-06-03 22:24:47","robert@localhost"
"S10528","46.942","18.934","DUNA3","7032","329",\N,\N,"cremation","R03347","C05650","1",\N,"inside a vessel",\N,\N,\N,"1","0","vicze2011a","2024-06-03 22:24:47","robert@localhost","2024-06-03 22:24:47","robert@localhost"
"S10528","46.942","18.934","DUNA3","7032","329",\N,\N,"cremation","R03348","C05651","1",\N,"inside a vessel",\N,\N,\N,"1","0","vicze2011a","2024-06-03 22:24:47","robert@localhost","2024-06-03 22:24:47","robert@localhost"
"S10528","46.942","18.934","DUNA3","7032","329",\N,\N,"cremation","R03349","C05652","1",\N,"inside a vessel",\N,\N,\N,"1","0","vicze2011a","2024-06-03 22:24:47","robert@localhost","2024-06-03 22:24:47","robert@localhost"
"S10528","46.942","18.934","DUNA2","4423","97",\N,\N,"cremation","R03350","C05653","1",\N,"inside a vessel",\N,\N,\N,"1","0","vicze2011a","2024-06-03 22:24:47","robert@localhost","2024-06-03 22:24:47","robert@localhost"
"S10528","46.942","18.934","DUNA2","4423","97",\N,\N,"cremation","R03351","C05654","1",\N,"inside a vessel",\N,\N,\N,"1","0","vicze2011a","2024-06-03 22:24:47","robert@localhost","2024-06-03 22:24:47","robert@localhost"
"S10528","46.942","18.934","DUNA3","7032","329",\N,\N,"cremation","R03352","C05655","1",\N,"inside a vessel",\N,\N,\N,"1","0","vicze2011a","2024-06-03 22:24:47","robert@localhost","2024-06-03 22:24:47","robert@localhost"
"S10528","46.942","18.934","DUNA3","7032","329",\N,\N,"cremation","R03353","C05656","1",\N,"inside a vessel",\N,\N,\N,"1","0","vicze2011a","2024-06-03 22:24:47","robert@localhost","2024-06-03 22:24:47","robert@localhost"
"S10528","46.942","18.934","DUNA3","7032","329",\N,\N,"cremation","R03354","C05657","1",\N,"inside a vessel",\N,\N,\N,"1","0","vicze2011a","2024-06-03 22:24:47","robert@localhost","2024-06-03 22:24:47","robert@localhost"
"S10528","46.942","18.934","DUNA3","7032","329",\N,\N,"cremation","R03355","C05658","1",\N,"inside a vessel",\N,\N,\N,"1","0","vicze2011a","2024-06-03 22:24:47","robert@localhost","2024-06-03 22:24:47","robert@localhost"
"S10528","46.942","18.934","DUNA3","7032","329",\N,\N,"cremation","R03356","C05659","1",\N,"inside a vessel",\N,\N,\N,"1","0","vicze2011a","2024-06-03 22:24:47","robert@localhost","2024-06-03 22:24:47","robert@localhost"
"S10528","46.942","18.934","DUNA2","4423","97",\N,\N,"cremation","R03357","C05660","1",\N,"inside a vessel",\N,\N,\N,"1","0","vicze2011a","2024-06-03 22:24:47","robert@localhost","2024-06-03 22:24:47","robert@localhost"
"S10528","46.942","18.934","DUNA2","4423","97",\N,\N,"cremation","R03358","C05661","1",\N,"inside a vessel",\N,\N,\N,"1","0","vicze2011a","2024-06-03 22:24:47","robert@localhost","2024-06-03 22:24:47","robert@localhost"
"S10528","46.942","18.934","DUNA3","7032","329",\N,\N,"cremation","R03359","C05662","1",\N,"inside a vessel",\N,\N,\N,"1","0","vicze2011a","2024-06-03 22:24:47","robert@localhost","2024-06-03 22:24:47","robert@localhost"
"S10528","46.942","18.934","DUNA2","4423","97",\N,\N,"cremation","R03360","C05663","1",\N,"inside a vessel",\N,\N,\N,"1","0","vicze2011a","2024-06-03 22:24:47","robert@localhost","2024-06-03 22:24:47","robert@localhost"
"S10528","46.942","18.934","DUNA3","7032","329",\N,\N,"cremation","R03361","C05664","1",\N,"inside a vessel",\N,\N,\N,"1","0","vicze2011a","2024-06-03 22:24:47","robert@localhost","2024-06-03 22:24:47","robert@localhost"
"S10528","46.942","18.934","DUNA2","4423","97",\N,\N,"cremation","R03362","C05665","1",\N,"inside a vessel",\N,\N,\N,"1","0","vicze2011a","2024-06-03 22:24:47","robert@localhost","2024-06-03 22:24:47","robert@localhost"
"S10528","46.942","18.934","DUNA3","7032","329",\N,\N,"cremation","R03363","C05666","1",\N,"inside a vessel",\N,\N,\N,"1","0","vicze2011a","2024-06-03 22:24:47","robert@localhost","2024-06-03 22:24:47","robert@localhost"
"S10528","46.942","18.934","DUNA3","7032","329",\N,\N,"cremation","R03364","C05667","1",\N,"inside a vessel",\N,\N,\N,"1","0","vicze2011a","2024-06-03 22:24:47","robert@localhost","2024-06-03 22:24:47","robert@localhost"
"S10528","46.942","18.934","DUNA3","7032","329",\N,\N,"cremation","R03365","C05668","1",\N,"inside a vessel",\N,\N,\N,"1","0","vicze2011a","2024-06-03 22:24:47","robert@localhost","2024-06-03 22:24:47","robert@localhost"
"S10528","46.942","18.934","DUNA3","7032","329",\N,\N,"cremation","R03366","C05669","1",\N,"inside a vessel",\N,\N,\N,"1","0","vicze2011a","2024-06-03 22:24:47","robert@localhost","2024-06-03 22:24:47","robert@localhost"
"S10528","46.942","18.934","DUNA2","4423","97",\N,\N,"cremation","R03367","C05670","1",\N,"inside a vessel",\N,\N,\N,"1","0","vicze2011a","2024-06-03 22:24:47","robert@localhost","2024-06-03 22:24:47","robert@localhost"
"S10528","46.942","18.934","DUNA3","7032","329",\N,\N,"cremation","R03368","C05671","1",\N,"inside a vessel",\N,\N,\N,"1","0","vicze2011a","2024-06-03 22:24:47","robert@localhost","2024-06-03 22:24:47","robert@localhost"
"S10528","46.942","18.934","DUNA3","7032","329",\N,\N,"cremation","R03369","C05672","1",\N,"inside a vessel",\N,\N,\N,"1","0","vicze2011a","2024-06-03 22:24:47","robert@localhost","2024-06-03 22:24:47","robert@localhost"
"S10528","46.942","18.934","DUNA4","5536","231",\N,\N,"cremation","R03370","C05673","1",\N,"inside a vessel",\N,\N,\N,"1","0","vicze2011a","2024-06-03 22:24:47","robert@localhost","2024-06-03 22:24:47","robert@localhost"
"S10528","46.942","18.934","DUNA3","7032","329",\N,\N,"cremation","R03371","C05674","1",\N,"inside a vessel",\N,\N,\N,"1","0","vicze2011a","2024-06-03 22:24:47","robert@localhost","2024-06-03 22:24:47","robert@localhost"
"S10528","46.942","18.934","DUNA3","7032","329",\N,\N,"cremation","R03372","C05675","1",\N,"inside a vessel",\N,\N,\N,"1","0","vicze2011a","2024-06-03 22:24:47","robert@localhost","2024-06-03 22:24:47","robert@localhost"
"S10528","46.942","18.934","DUNA2","4423","97",\N,\N,"cremation","R03373","C05676","1",\N,"inside a vessel",\N,\N,\N,"1","0","vicze2011a","2024-06-03 22:24:47","robert@localhost","2024-06-03 22:24:47","robert@localhost"
"S10528","46.942","18.934","DUNA3","7032","329",\N,\N,"cremation","R03374","C05677","1",\N,"inside a vessel",\N,\N,\N,"1","0","vicze2011a","2024-06-03 22:24:47","robert@localhost","2024-06-03 22:24:47","robert@localhost"
"S10528","46.942","18.934","DUNA3","7032","329",\N,\N,"cremation","R03375","C05678","1",\N,"inside a vessel",\N,\N,\N,"1","0","vicze2011a","2024-06-03 22:24:47","robert@localhost","2024-06-03 22:24:47","robert@localhost"
"S10528","46.942","18.934","DUNA3","7032","329",\N,\N,"cremation","R03376","C05679","1",\N,"inside a vessel",\N,\N,\N,"1","0","vicze2011a","2024-06-03 22:24:47","robert@localhost","2024-06-03 22:24:47","robert@localhost"
"S10528","46.942","18.934","DUNA2","4423","97",\N,\N,"cremation","R03377","C05680","1",\N,"inside a vessel",\N,\N,\N,"1","0","vicze2011a","2024-06-03 22:24:47","robert@localhost","2024-06-03 22:24:47","robert@localhost"
"S10528","46.942","18.934","DUNA2","4423","97",\N,\N,"cremation","R03378","C05681","1",\N,"inside a vessel",\N,\N,\N,"1","0","vicze2011a","2024-06-03 22:24:47","robert@localhost","2024-06-03 22:24:47","robert@localhost"
"S10528","46.942","18.934","DUNA4","5536","231",\N,\N,"inhumation","R03379","C05682","0","1","crouched","right","180","135","1","0","vicze2011a","2024-06-03 22:24:47","robert@localhost","2024-06-03 22:24:47","robert@localhost"
"S10528","46.942","18.934","DUNA4","5536","231",\N,\N,"cremation","R03380","C05683","1",\N,"inside a vessel",\N,\N,\N,"1","0","vicze2011a","2024-06-03 22:24:47","robert@localhost","2024-06-03 22:24:47","robert@localhost"
"S10528","46.942","18.934","DUNA3","7032","329",\N,\N,"cremation","R03381","C05684","1",\N,"inside a vessel",\N,\N,\N,"1","0","vicze2011a","2024-06-03 22:24:47","robert@localhost","2024-06-03 22:24:47","robert@localhost"
"S10528","46.942","18.934","DUNA2","4423","97",\N,\N,"inhumation","R03382","C05685",\N,"1","crouched","right","45","135","1","0","vicze2011a","2024-06-03 22:24:47","robert@localhost","2024-06-03 22:24:47","robert@localhost"
"S10528","46.942","18.934","DUNA2","4423","97",\N,\N,"cremation","R03383","C05686","1",\N,"inside a vessel",\N,\N,\N,"1","0","vicze2011a","2024-06-03 22:24:47","robert@localhost","2024-06-03 22:24:47","robert@localhost"
"S10528","46.942","18.934","DUNA4","5536","231",\N,\N,"cremation","R03384","C05687","1",\N,"inside a vessel",\N,\N,\N,"1","0","vicze2011a","2024-06-03 22:24:47","robert@localhost","2024-06-03 22:24:47","robert@localhost"
"S10528","46.942","18.934","DUNA4","5536","231",\N,\N,"cremation","R03385","C05688","1",\N,"inside a vessel",\N,\N,\N,"1","0","vicze2011a","2024-06-03 22:24:47","robert@localhost","2024-06-03 22:24:47","robert@localhost"
"S10528","46.942","18.934","DUNA4","5536","231",\N,\N,"cremation","R03386","C05689","1",\N,"inside a vessel",\N,\N,\N,"1","0","vicze2011a","2024-06-03 22:24:47","robert@localhost","2024-06-03 22:24:47","robert@localhost"
"S10528","46.942","18.934","DUNA3","7032","329",\N,\N,"cremation","R03387","C05690","1",\N,"inside a vessel",\N,\N,\N,"1","0","vicze2011a","2024-06-03 22:24:47","robert@localhost","2024-06-03 22:24:47","robert@localhost"
"S10528","46.942","18.934","DUNA3","7032","329",\N,\N,"inhumation","R03388","C05691",\N,\N,\N,"left","225","315","1","0","vicze2011a","2024-06-03 22:24:47","robert@localhost","2024-06-03 22:24:47","robert@localhost"
"S10528","46.942","18.934","DUNA3","7032","329",\N,\N,"cremation","R03389","C05692","1",\N,"inside a vessel",\N,\N,\N,"1","0","vicze2011a","2024-06-03 22:24:47","robert@localhost","2024-06-03 22:24:47","robert@localhost"
"S10528","46.942","18.934","DUNA3","7032","329",\N,\N,"cremation","R03390","C05693","1",\N,"inside a vessel",\N,\N,\N,"1","0","vicze2011a","2024-06-03 22:24:47","robert@localhost","2024-06-03 22:24:47","robert@localhost"
"S10528","46.942","18.934","DUNA3","7032","329",\N,\N,"cremation","R03391","C05694","1",\N,"inside a vessel",\N,\N,\N,"1","0","vicze2011a","2024-06-03 22:24:47","robert@localhost","2024-06-03 22:24:47","robert@localhost"
"S10528","46.942","18.934","DUNA3","7032","329",\N,\N,"cremation","R03392","C05695","1",\N,"inside a vessel",\N,\N,\N,"1","0","vicze2011a","2024-06-03 22:24:47","robert@localhost","2024-06-03 22:24:47","robert@localhost"
"S10528","46.942","18.934","DUNA4","5536","231",\N,\N,"cremation","R03393","C05696","1",\N,"inside a vessel",\N,\N,\N,"1","0","vicze2011a","2024-06-03 22:24:47","robert@localhost","2024-06-03 22:24:47","robert@localhost"
"S10528","46.942","18.934","DUNA3","7032","329",\N,\N,"cremation","R03394","C05697","1",\N,"inside a vessel",\N,\N,\N,"1","0","vicze2011a","2024-06-03 22:24:47","robert@localhost","2024-06-03 22:24:47","robert@localhost"
"S10528","46.942","18.934","DUNA2","4423","97",\N,\N,"cremation","R03395","C05698","1",\N,"inside a vessel",\N,\N,\N,"1","0","vicze2011a","2024-06-03 22:24:47","robert@localhost","2024-06-03 22:24:47","robert@localhost"
"S10528","46.942","18.934","DUNA3","7032","329",\N,\N,"cremation","R03396","C05699","1",\N,"inside a vessel",\N,\N,\N,"1","0","vicze2011a","2024-06-03 22:24:47","robert@localhost","2024-06-03 22:24:47","robert@localhost"
"S10528","46.942","18.934","DUNA3","7032","329",\N,\N,"cremation","R03397","C05700","1",\N,"inside a vessel",\N,\N,\N,"1","0","vicze2011a","2024-06-03 22:24:47","robert@localhost","2024-06-03 22:24:47","robert@localhost"
"S10528","46.942","18.934","DUNA3","7032","329",\N,\N,"cremation","R03398","C05701","1",\N,"inside a vessel",\N,\N,\N,"1","0","vicze2011a","2024-06-03 22:24:47","robert@localhost","2024-06-03 22:24:47","robert@localhost"
"S10528","46.942","18.934","DUNA4","5536","231",\N,\N,"cremation","R03399","C05702","1",\N,"inside a vessel",\N,\N,\N,"1","0","vicze2011a","2024-06-03 22:24:47","robert@localhost","2024-06-03 22:24:47","robert@localhost"
"S10528","46.942","18.934","DUNA3","7032","329",\N,\N,"cremation","R03400","C05703","1",\N,"inside a vessel",\N,\N,\N,"1","0","vicze2011a","2024-06-03 22:24:47","robert@localhost","2024-06-03 22:24:47","robert@localhost"
"S10528","46.942","18.934","DUNA4","5536","231",\N,\N,"cremation","R03401","C05704","1",\N,"inside a vessel",\N,\N,\N,"1","0","vicze2011a","2024-06-03 22:24:47","robert@localhost","2024-06-03 22:24:47","robert@localhost"
"S10528","46.942","18.934","DUNA4","5536","231",\N,\N,"cremation","R03402","C05705","1",\N,"inside a vessel",\N,\N,\N,"1","0","vicze2011a","2024-06-03 22:24:47","robert@localhost","2024-06-03 22:24:47","robert@localhost"
"S10528","46.942","18.934","DUNA2","4423","97",\N,\N,"cremation","R03403","C05706","1",\N,"inside a vessel",\N,\N,\N,"1","0","vicze2011a","2024-06-03 22:24:47","robert@localhost","2024-06-03 22:24:47","robert@localhost"
"S10528","46.942","18.934","DUNA2","4423","97",\N,\N,"cremation","R03404","C05707","1",\N,"inside a vessel",\N,\N,\N,"1","0","vicze2011a","2024-06-03 22:24:47","robert@localhost","2024-06-03 22:24:47","robert@localhost"
"S10528","46.942","18.934","DUNA3","7032","329",\N,\N,"cremation","R03405","C05708","1",\N,"inside a vessel",\N,\N,\N,"1","0","vicze2011a","2024-06-03 22:24:47","robert@localhost","2024-06-03 22:24:47","robert@localhost"
"S10528","46.942","18.934","DUNA2","4423","97",\N,\N,"cremation","R03406","C05709","1",\N,"inside a vessel",\N,\N,\N,"1","0","vicze2011a","2024-06-03 22:24:47","robert@localhost","2024-06-03 22:24:47","robert@localhost"
"S10528","46.942","18.934","DUNA2","4423","97",\N,\N,"cremation","R03407","C05710","1",\N,"inside a vessel",\N,\N,\N,"1","0","vicze2011a","2024-06-03 22:24:47","robert@localhost","2024-06-03 22:24:47","robert@localhost"
"S10528","46.942","18.934","DUNA3","7032","329",\N,\N,"cremation","R03408","C05711","1",\N,"inside a vessel",\N,\N,\N,"1","0","vicze2011a","2024-06-03 22:24:47","robert@localhost","2024-06-03 22:24:47","robert@localhost"
"S10528","46.942","18.934","DUNA4","5536","231",\N,\N,"cremation","R03409","C05712","1",\N,"inside a vessel",\N,\N,\N,"1","0","vicze2011a","2024-06-03 22:24:47","robert@localhost","2024-06-03 22:24:47","robert@localhost"
"S10528","46.942","18.934","DUNA3","7032","329",\N,\N,"cremation","R03410","C05713","1",\N,"inside a vessel",\N,\N,\N,"1","0","vicze2011a","2024-06-03 22:24:47","robert@localhost","2024-06-03 22:24:47","robert@localhost"
"S10528","46.942","18.934","DUNA3","7032","329",\N,\N,"cremation","R03411","C05714","1",\N,"inside a vessel",\N,\N,\N,"1","0","vicze2011a","2024-06-03 22:24:47","robert@localhost","2024-06-03 22:24:47","robert@localhost"
"S10528","46.942","18.934","DUNA2","4423","97",\N,\N,"cremation","R03412","C05715","1",\N,"inside a vessel",\N,\N,\N,"1","0","vicze2011a","2024-06-03 22:24:47","robert@localhost","2024-06-03 22:24:47","robert@localhost"
"S10528","46.942","18.934","DUNA2","4423","97",\N,\N,"cremation","R03413","C05716","1",\N,"inside a vessel",\N,\N,\N,"1","0","vicze2011a","2024-06-03 22:24:47","robert@localhost","2024-06-03 22:24:47","robert@localhost"
"S10528","46.942","18.934","DUNA2","4423","97",\N,\N,"cremation","R03414","C05717","1",\N,"inside a vessel",\N,\N,\N,"1","0","vicze2011a","2024-06-03 22:24:47","robert@localhost","2024-06-03 22:24:47","robert@localhost"
"S10528","46.942","18.934","DUNA3","7032","329",\N,\N,"cremation","R03415","C05718","1",\N,"inside a vessel",\N,\N,\N,"1","0","vicze2011a","2024-06-03 22:24:47","robert@localhost","2024-06-03 22:24:47","robert@localhost"
"S10528","46.942","18.934","DUNA3","7032","329",\N,\N,"cremation","R03416","C05719","1",\N,"inside a vessel",\N,\N,\N,"1","0","vicze2011a","2024-06-03 22:24:47","robert@localhost","2024-06-03 22:24:47","robert@localhost"
"S10528","46.942","18.934","DUNA3","7032","329",\N,\N,"cremation","R03417","C05720","1",\N,"inside a vessel",\N,\N,\N,"1","0","vicze2011a","2024-06-03 22:24:47","robert@localhost","2024-06-03 22:24:47","robert@localhost"
"S10528","46.942","18.934","DUNA2","4423","97",\N,\N,"cremation","R03418","C05721","1",\N,"inside a vessel",\N,\N,\N,"1","0","vicze2011a","2024-06-03 22:24:47","robert@localhost","2024-06-03 22:24:47","robert@localhost"
"S10528","46.942","18.934","DUNA3","7032","329",\N,\N,"cremation","R03419","C05722","1",\N,"inside a vessel",\N,\N,\N,"1","0","vicze2011a","2024-06-03 22:24:47","robert@localhost","2024-06-03 22:24:47","robert@localhost"
"S10528","46.942","18.934","DUNA3","7032","329",\N,\N,"cremation","R03420","C05723","1",\N,"inside a vessel",\N,\N,\N,"1","0","vicze2011a","2024-06-03 22:24:47","robert@localhost","2024-06-03 22:24:47","robert@localhost"
"S10528","46.942","18.934","DUNA2","4423","97",\N,\N,"cremation","R03421","C05724","1",\N,"inside a vessel",\N,\N,\N,"1","0","vicze2011a","2024-06-03 22:24:47","robert@localhost","2024-06-03 22:24:47","robert@localhost"
"S10528","46.942","18.934","DUNA3","7032","329",\N,\N,"cremation","R03422","C05725","1",\N,"inside a vessel",\N,\N,\N,"1","0","vicze2011a","2024-06-03 22:24:47","robert@localhost","2024-06-03 22:24:47","robert@localhost"
"S10528","46.942","18.934","DUNA2","4423","97",\N,\N,"cremation","R03423","C05726","1",\N,"inside a vessel",\N,\N,\N,"1","0","vicze2011a","2024-06-03 22:24:47","robert@localhost","2024-06-03 22:24:47","robert@localhost"
"S10528","46.942","18.934","DUNA2","4423","97",\N,\N,"cremation","R03424","C05727","1",\N,"inside a vessel",\N,\N,\N,"1","0","vicze2011a","2024-06-03 22:24:47","robert@localhost","2024-06-03 22:24:47","robert@localhost"
"S10528","46.942","18.934","DUNA3","7032","329",\N,\N,"cremation","R03425","C05728","1",\N,"inside a vessel",\N,\N,\N,"1","0","vicze2011a","2024-06-03 22:24:47","robert@localhost","2024-06-03 22:24:47","robert@localhost"
"S10528","46.942","18.934","DUNA2","4423","97",\N,\N,"cremation","R03426","C05729","1",\N,"inside a vessel",\N,\N,\N,"1","0","vicze2011a","2024-06-03 22:24:47","robert@localhost","2024-06-03 22:24:47","robert@localhost"
"S10528","46.942","18.934","DUNA3","7032","329",\N,\N,"cremation","R03427","C05730","1",\N,"inside a vessel",\N,\N,\N,"1","0","vicze2011a","2024-06-03 22:24:47","robert@localhost","2024-06-03 22:24:47","robert@localhost"
"S10528","46.942","18.934","DUNA4","5536","231",\N,\N,"cremation","R03428","C05731","1",\N,"inside a vessel",\N,\N,\N,"1","0","vicze2011a","2024-06-03 22:24:47","robert@localhost","2024-06-03 22:24:47","robert@localhost"
"S10528","46.942","18.934","DUNA3","7032","329",\N,\N,"cremation","R03429","C05732","1",\N,"inside a vessel",\N,\N,\N,"1","0","vicze2011a","2024-06-03 22:24:47","robert@localhost","2024-06-03 22:24:47","robert@localhost"
"S10528","46.942","18.934","DUNA3","7032","329",\N,\N,"cremation","R03430","C05733","1",\N,"inside a vessel",\N,\N,\N,"1","0","vicze2011a","2024-06-03 22:24:47","robert@localhost","2024-06-03 22:24:47","robert@localhost"
"S10528","46.942","18.934","DUNA3","7032","329",\N,\N,"cremation","R03431","C05734","1",\N,"inside a vessel",\N,\N,\N,"1","0","vicze2011a","2024-06-03 22:24:47","robert@localhost","2024-06-03 22:24:47","robert@localhost"
"S10528","46.942","18.934","DUNA4","5536","231",\N,\N,"cremation","R03432","C05735","1",\N,"inside a vessel",\N,\N,\N,"1","0","vicze2011a","2024-06-03 22:24:47","robert@localhost","2024-06-03 22:24:47","robert@localhost"
"S10528","46.942","18.934","DUNA3","7032","329",\N,\N,"cremation","R03433","C05736","1",\N,"inside a vessel",\N,\N,\N,"1","0","vicze2011a","2024-06-03 22:24:47","robert@localhost","2024-06-03 22:24:47","robert@localhost"
"S10528","46.942","18.934","DUNA3","7032","329",\N,\N,"cremation","R03434","C05737","1",\N,"inside a vessel",\N,\N,\N,"1","0","vicze2011a","2024-06-03 22:24:47","robert@localhost","2024-06-03 22:24:47","robert@localhost"
"S10528","46.942","18.934","DUNA3","7032","329",\N,\N,"cremation","R03435","C05738","1",\N,"inside a vessel",\N,\N,\N,"1","0","vicze2011a","2024-06-03 22:24:47","robert@localhost","2024-06-03 22:24:47","robert@localhost"
"S10528","46.942","18.934","DUNA3","7032","329",\N,\N,"cremation","R03436","C05739","1",\N,"inside a vessel",\N,\N,\N,"1","0","vicze2011a","2024-06-03 22:24:47","robert@localhost","2024-06-03 22:24:47","robert@localhost"
"S10528","46.942","18.934","DUNA3","7032","329",\N,\N,"cremation","R03437","C05740","1",\N,"inside a vessel",\N,\N,\N,"1","0","vicze2011a","2024-06-03 22:24:47","robert@localhost","2024-06-03 22:24:47","robert@localhost"
"S10528","46.942","18.934","DUNA3","7032","329",\N,\N,"cremation","R03438","C05741","1",\N,"inside a vessel",\N,\N,\N,"1","0","vicze2011a","2024-06-03 22:24:47","robert@localhost","2024-06-03 22:24:47","robert@localhost"
"S10528","46.942","18.934","DUNA3","7032","329",\N,\N,"cremation","R03439","C05742","1",\N,"inside a vessel",\N,\N,\N,"1","0","vicze2011a","2024-06-03 22:24:47","robert@localhost","2024-06-03 22:24:47","robert@localhost"
"S10528","46.942","18.934","DUNA3","7032","329",\N,\N,"cremation","R03440","C05743","1",\N,"inside a vessel",\N,\N,\N,"1","0","vicze2011a","2024-06-03 22:24:47","robert@localhost","2024-06-03 22:24:47","robert@localhost"
"S10528","46.942","18.934","DUNA3","7032","329",\N,\N,"cremation","R03441","C05744","1",\N,"inside a vessel",\N,\N,\N,"1","0","vicze2011a","2024-06-03 22:24:47","robert@localhost","2024-06-03 22:24:47","robert@localhost"
"S10528","46.942","18.934","DUNA3","7032","329",\N,\N,"cremation","R03442","C05745","1",\N,"inside a vessel",\N,\N,\N,"1","0","vicze2011a","2024-06-03 22:24:47","robert@localhost","2024-06-03 22:24:47","robert@localhost"
"S10528","46.942","18.934","DUNA4","5536","231",\N,\N,"inhumation","R03443","C05746","0","1","crouched","front","90","180","1","0","vicze2011a","2024-06-03 22:24:47","robert@localhost","2024-06-03 22:24:47","robert@localhost"
"S10528","46.942","18.934","DUNA4","5536","231",\N,\N,"cremation","R03444","C05747","1",\N,"inside a vessel",\N,\N,\N,"1","0","vicze2011a","2024-06-03 22:24:47","robert@localhost","2024-06-03 22:24:47","robert@localhost"
"S10528","46.942","18.934","DUNA3","7032","329",\N,\N,"cremation","R03445","C05748","1",\N,"inside a vessel",\N,\N,\N,"1","0","vicze2011a","2024-06-03 22:24:47","robert@localhost","2024-06-03 22:24:47","robert@localhost"
"S10528","46.942","18.934","DUNA4","5536","231",\N,\N,"cremation","R03446","C05749","1",\N,"inside a vessel",\N,\N,\N,"1","0","vicze2011a","2024-06-03 22:24:47","robert@localhost","2024-06-03 22:24:47","robert@localhost"
"S10528","46.942","18.934","DUNA2","4423","97",\N,\N,"cremation","R03447","C05750","1",\N,"inside a vessel",\N,\N,\N,"1","0","vicze2011a","2024-06-03 22:24:47","robert@localhost","2024-06-03 22:24:47","robert@localhost"
"S10528","46.942","18.934","DUNA3","7032","329",\N,\N,"cremation","R03448","C05751","1",\N,"inside a vessel",\N,\N,\N,"1","0","vicze2011a","2024-06-03 22:24:47","robert@localhost","2024-06-03 22:24:47","robert@localhost"
"S10528","46.942","18.934","DUNA4","5536","231",\N,\N,"cremation","R03449","C05752","1",\N,"inside a vessel",\N,\N,\N,"1","0","vicze2011a","2024-06-03 22:24:47","robert@localhost","2024-06-03 22:24:47","robert@localhost"
"S10528","46.942","18.934","DUNA3","7032","329",\N,\N,"cremation","R03450","C05753","1",\N,"inside a vessel",\N,\N,\N,"1","0","vicze2011a","2024-06-03 22:24:47","robert@localhost","2024-06-03 22:24:47","robert@localhost"
"S10528","46.942","18.934","DUNA3","7032","329",\N,\N,"cremation","R03451","C05754","1",\N,"inside a vessel",\N,\N,\N,"1","0","vicze2011a","2024-06-03 22:24:47","robert@localhost","2024-06-03 22:24:47","robert@localhost"
"S10528","46.942","18.934","DUNA3","7032","329",\N,\N,"cremation","R03452","C05755","1",\N,"inside a vessel",\N,\N,\N,"1","0","vicze2011a","2024-06-03 22:24:47","robert@localhost","2024-06-03 22:24:47","robert@localhost"
"S10528","46.942","18.934","DUNA2","4423","97",\N,\N,"inhumation","R03453","C05756",\N,\N,\N,\N,\N,\N,"1","0","vicze2011a","2024-06-03 22:24:47","robert@localhost","2024-06-03 22:24:47","robert@localhost"
"S10528","46.942","18.934","DUNA3","7032","329",\N,\N,"cremation","R03454","C05757","1",\N,"inside a vessel",\N,\N,\N,"1","0","vicze2011a","2024-06-03 22:24:47","robert@localhost","2024-06-03 22:24:47","robert@localhost"
"S10528","46.942","18.934","DUNA4","5536","231",\N,\N,"cremation","R03455","C05758","1",\N,"inside a vessel",\N,\N,\N,"1","0","vicze2011a","2024-06-03 22:24:47","robert@localhost","2024-06-03 22:24:47","robert@localhost"
"S10528","46.942","18.934","DUNA3","7032","329",\N,\N,"cremation","R03456","C05759","1",\N,"inside a vessel",\N,\N,\N,"1","0","vicze2011a","2024-06-03 22:24:47","robert@localhost","2024-06-03 22:24:47","robert@localhost"
"S10528","46.942","18.934","DUNA2","4423","97",\N,\N,"cremation","R03457","C05760","1",\N,"inside a vessel",\N,\N,\N,"1","0","vicze2011a","2024-06-03 22:24:47","robert@localhost","2024-06-03 22:24:47","robert@localhost"
"S10528","46.942","18.934","DUNA2","4423","97",\N,\N,"cremation","R03458","C05761","1",\N,"inside a vessel",\N,\N,\N,"1","0","vicze2011a","2024-06-03 22:24:47","robert@localhost","2024-06-03 22:24:47","robert@localhost"
"S10528","46.942","18.934","DUNA2","4423","97",\N,\N,"cremation","R03459","C05762","1",\N,"inside a vessel",\N,\N,\N,"1","0","vicze2011a","2024-06-03 22:24:47","robert@localhost","2024-06-03 22:24:47","robert@localhost"
"S10528","46.942","18.934","DUNA2","4423","97",\N,\N,"cremation","R03460","C05763","1",\N,"inside a vessel",\N,\N,\N,"1","0","vicze2011a","2024-06-03 22:24:47","robert@localhost","2024-06-03 22:24:47","robert@localhost"
"S10528","46.942","18.934","DUNA2","4423","97",\N,\N,"cremation","R03461","C05764","1",\N,"inside a vessel",\N,\N,\N,"1","0","vicze2011a","2024-06-03 22:24:47","robert@localhost","2024-06-03 22:24:47","robert@localhost"
"S10528","46.942","18.934","DUNA2","4423","97",\N,\N,"cremation","R03462","C05765","1",\N,"inside a vessel",\N,\N,\N,"1","0","vicze2011a","2024-06-03 22:24:47","robert@localhost","2024-06-03 22:24:47","robert@localhost"
"S10528","46.942","18.934","DUNA2","4423","97",\N,\N,"cremation","R03463","C05766","1",\N,"inside a vessel",\N,\N,\N,"1","0","vicze2011a","2024-06-03 22:24:47","robert@localhost","2024-06-03 22:24:47","robert@localhost"
"S10528","46.942","18.934","DUNA2","4423","97",\N,\N,"cremation","R03464","C05767","1",\N,"inside a vessel",\N,\N,\N,"1","0","vicze2011a","2024-06-03 22:24:47","robert@localhost","2024-06-03 22:24:47","robert@localhost"
"S10528","46.942","18.934","DUNA1","8699","226",\N,\N,"cremation","R03465","C05768","1",\N,"inside a vessel",\N,\N,\N,"1","0","vicze2011a","2024-06-03 22:24:47","robert@localhost","2024-06-03 22:24:47","robert@localhost"
"S10528","46.942","18.934","DUNA2","4423","97",\N,\N,"cremation","R03466","C05769","1",\N,"inside a vessel",\N,\N,\N,"1","0","vicze2011a","2024-06-03 22:24:47","robert@localhost","2024-06-03 22:24:47","robert@localhost"
"S10528","46.942","18.934","DUNA2","4423","97",\N,\N,"cremation","R03467","C05770","1",\N,"inside a vessel",\N,\N,\N,"1","0","vicze2011a","2024-06-03 22:24:47","robert@localhost","2024-06-03 22:24:47","robert@localhost"
"S10528","46.942","18.934","DUNA2","4423","97",\N,\N,"cremation","R03468","C05771","1",\N,"inside a vessel",\N,\N,\N,"1","0","vicze2011a","2024-06-03 22:24:47","robert@localhost","2024-06-03 22:24:47","robert@localhost"
"S10528","46.942","18.934","DUNA2","4423","97",\N,\N,"cremation","R03469","C05772","1",\N,"inside a vessel",\N,\N,\N,"1","0","vicze2011a","2024-06-03 22:24:47","robert@localhost","2024-06-03 22:24:47","robert@localhost"
"S10528","46.942","18.934","DUNA2","4423","97",\N,\N,"cremation","R03470","C05773","1",\N,"inside a vessel",\N,\N,\N,"1","0","vicze2011a","2024-06-03 22:24:47","robert@localhost","2024-06-03 22:24:47","robert@localhost"
"S10528","46.942","18.934","DUNA1","8699","226",\N,\N,"cremation","R03471","C05774","1",\N,"inside a vessel",\N,\N,\N,"1","0","vicze2011a","2024-06-03 22:24:47","robert@localhost","2024-06-03 22:24:47","robert@localhost"
"S10528","46.942","18.934","DUNA1","8699","226",\N,\N,"cremation","R03472","C05775","1",\N,"inside a vessel",\N,\N,\N,"1","0","vicze2011a","2024-06-03 22:24:47","robert@localhost","2024-06-03 22:24:47","robert@localhost"
"S10528","46.942","18.934","DUNA1","8699","226",\N,\N,"cremation","R03473","C05776","1",\N,"inside a vessel",\N,\N,\N,"1","0","vicze2011a","2024-06-03 22:24:47","robert@localhost","2024-06-03 22:24:47","robert@localhost"
"S10528","46.942","18.934","DUNA2","4423","97",\N,\N,"cremation","R03474","C05777","1",\N,"inside a vessel",\N,\N,\N,"1","0","vicze2011a","2024-06-03 22:24:47","robert@localhost","2024-06-03 22:24:47","robert@localhost"
"S10528","46.942","18.934","DUNA2","4423","97",\N,\N,"cremation","R03475","C05778","1",\N,"inside a vessel",\N,\N,\N,"1","0","vicze2011a","2024-06-03 22:24:47","robert@localhost","2024-06-03 22:24:47","robert@localhost"
"S10528","46.942","18.934","DUNA2","4423","97",\N,\N,"cremation","R03476","C05779","1",\N,"inside a vessel",\N,\N,\N,"1","0","vicze2011a","2024-06-03 22:24:47","robert@localhost","2024-06-03 22:24:47","robert@localhost"
"S10528","46.942","18.934","DUNA3","7032","329",\N,\N,"cremation","R03477","C05780","1",\N,"inside a vessel",\N,\N,\N,"1","0","vicze2011a","2024-06-03 22:24:47","robert@localhost","2024-06-03 22:24:47","robert@localhost"
"S10528","46.942","18.934","DUNA2","4423","97",\N,\N,"cremation","R03478","C05781","1",\N,"inside a vessel",\N,\N,\N,"1","0","vicze2011a","2024-06-03 22:24:47","robert@localhost","2024-06-03 22:24:47","robert@localhost"
"S10528","46.942","18.934","DUNA2","4423","97",\N,\N,"cremation","R03479","C05782","1",\N,"inside a vessel",\N,\N,\N,"1","0","vicze2011a","2024-06-03 22:24:47","robert@localhost","2024-06-03 22:24:47","robert@localhost"
"S10528","46.942","18.934","DUNA1","8699","226",\N,\N,"cremation","R03480","C05783","1",\N,"inside a vessel",\N,\N,\N,"1","0","vicze2011a","2024-06-03 22:24:47","robert@localhost","2024-06-03 22:24:47","robert@localhost"
"S10528","46.942","18.934","DUNA2","4423","97",\N,\N,"cremation","R03481","C05784","1",\N,"inside a vessel",\N,\N,\N,"1","0","vicze2011a","2024-06-03 22:24:47","robert@localhost","2024-06-03 22:24:47","robert@localhost"
"S10528","46.942","18.934","DUNA2","4423","97",\N,\N,"cremation","R03482","C05785","1",\N,"inside a vessel",\N,\N,\N,"1","0","vicze2011a","2024-06-03 22:24:47","robert@localhost","2024-06-03 22:24:47","robert@localhost"
"S10528","46.942","18.934","DUNA1","8699","226",\N,\N,"cremation","R03483","C05786","1",\N,"inside a vessel",\N,\N,\N,"1","0","vicze2011a","2024-06-03 22:24:47","robert@localhost","2024-06-03 22:24:47","robert@localhost"
"S10528","46.942","18.934","DUNA2","4423","97",\N,\N,"cremation","R03484","C05787","1",\N,"inside a vessel",\N,\N,\N,"1","0","vicze2011a","2024-06-03 22:24:47","robert@localhost","2024-06-03 22:24:47","robert@localhost"
"S10528","46.942","18.934","DUNA3","7032","329",\N,\N,"cremation","R03485","C05788","1",\N,"inside a vessel",\N,\N,\N,"1","0","vicze2011a","2024-06-03 22:24:47","robert@localhost","2024-06-03 22:24:47","robert@localhost"
"S10528","46.942","18.934","DUNA3","7032","329",\N,\N,"cremation","R03486","C05789","1",\N,"inside a vessel",\N,\N,\N,"1","0","vicze2011a","2024-06-03 22:24:47","robert@localhost","2024-06-03 22:24:47","robert@localhost"
"S10528","46.942","18.934","DUNA3","7032","329",\N,\N,"cremation","R03487","C05790","1",\N,"inside a vessel",\N,\N,\N,"1","0","vicze2011a","2024-06-03 22:24:47","robert@localhost","2024-06-03 22:24:47","robert@localhost"
"S10528","46.942","18.934","DUNA2","4423","97",\N,\N,"cremation","R03488","C05791","1",\N,"inside a vessel",\N,\N,\N,"1","0","vicze2011a","2024-06-03 22:24:47","robert@localhost","2024-06-03 22:24:47","robert@localhost"
"S10528","46.942","18.934","DUNA3","7032","329",\N,\N,"cremation","R03489","C05792","1",\N,"inside a vessel",\N,\N,\N,"1","0","vicze2011a","2024-06-03 22:24:47","robert@localhost","2024-06-03 22:24:47","robert@localhost"
"S10528","46.942","18.934","DUNA2","4423","97",\N,\N,"cremation","R03490","C05793","1",\N,"inside a vessel",\N,\N,\N,"1","0","vicze2011a","2024-06-03 22:24:47","robert@localhost","2024-06-03 22:24:47","robert@localhost"
"S10528","46.942","18.934","DUNA3","7032","329",\N,\N,"cremation","R03491","C05794","1",\N,"inside a vessel",\N,\N,\N,"1","0","vicze2011a","2024-06-03 22:24:47","robert@localhost","2024-06-03 22:24:47","robert@localhost"
"S10528","46.942","18.934","DUNA3","7032","329",\N,\N,"cremation","R03492","C05795","1",\N,"inside a vessel",\N,\N,\N,"1","0","vicze2011a","2024-06-03 22:24:47","robert@localhost","2024-06-03 22:24:47","robert@localhost"
"S10528","46.942","18.934","DUNA2","4423","97",\N,\N,"cremation","R03493","C05796","1",\N,"inside a vessel",\N,\N,\N,"1","0","vicze2011a","2024-06-03 22:24:47","robert@localhost","2024-06-03 22:24:47","robert@localhost"
"S10528","46.942","18.934","DUNA2","4423","97",\N,\N,"cremation","R03494","C05797","1",\N,"inside a vessel",\N,\N,\N,"1","0","vicze2011a","2024-06-03 22:24:47","robert@localhost","2024-06-03 22:24:47","robert@localhost"
"S10528","46.942","18.934","DUNA3","7032","329",\N,\N,"cremation","R03495","C05798","1",\N,"inside a vessel",\N,\N,\N,"1","0","vicze2011a","2024-06-03 22:24:47","robert@localhost","2024-06-03 22:24:47","robert@localhost"
"S10528","46.942","18.934","DUNA3","7032","329",\N,\N,"cremation","R03496","C05799","1",\N,"inside a vessel",\N,\N,\N,"1","0","vicze2011a","2024-06-03 22:24:47","robert@localhost","2024-06-03 22:24:47","robert@localhost"
"S10528","46.942","18.934","DUNA2","4423","97",\N,\N,"cremation","R03497","C05800","1",\N,"inside a vessel",\N,\N,\N,"1","0","vicze2011a","2024-06-03 22:24:47","robert@localhost","2024-06-03 22:24:47","robert@localhost"
"S10528","46.942","18.934","DUNA3","7032","329",\N,\N,"cremation","R03498","C05801","1",\N,"inside a vessel",\N,\N,\N,"1","0","vicze2011a","2024-06-03 22:24:47","robert@localhost","2024-06-03 22:24:47","robert@localhost"
"S10528","46.942","18.934","DUNA2","4423","97",\N,\N,"cremation","R03499","C05802","1",\N,"inside a vessel",\N,\N,\N,"1","0","vicze2011a","2024-06-03 22:24:47","robert@localhost","2024-06-03 22:24:47","robert@localhost"
"S10528","46.942","18.934","DUNA3","7032","329",\N,\N,"cremation","R03500","C05803","1",\N,"inside a vessel",\N,\N,\N,"1","0","vicze2011a","2024-06-03 22:24:47","robert@localhost","2024-06-03 22:24:47","robert@localhost"
"S10528","46.942","18.934","DUNA3","7032","329",\N,\N,"cremation","R03501","C05804","1",\N,"inside a vessel",\N,\N,\N,"1","0","vicze2011a","2024-06-03 22:24:47","robert@localhost","2024-06-03 22:24:47","robert@localhost"
"S10528","46.942","18.934","DUNA3","7032","329",\N,\N,"inhumation","R03502","C05805","1",\N,"scattered",\N,\N,\N,"0","0","vicze2011a","2024-06-03 22:24:47","robert@localhost","2024-06-03 22:24:47","robert@localhost"
"S10528","46.942","18.934","DUNA3","7032","329",\N,\N,"cremation","R03503","C05806","1",\N,"scattered",\N,\N,\N,"0","0","vicze2011a","2024-06-03 22:24:47","robert@localhost","2024-06-03 22:24:47","robert@localhost"
"S10528","46.942","18.934","DUNA3","7032","329",\N,\N,"cremation","R03504","C05807","1",\N,"inside a vessel",\N,\N,\N,"1","0","vicze2011a","2024-06-03 22:24:47","robert@localhost","2024-06-03 22:24:47","robert@localhost"
"S10528","46.942","18.934","DUNA3","7032","329",\N,\N,"cremation","R03505","C05808","1",\N,"inside a vessel",\N,\N,\N,"1","0","vicze2011a","2024-06-03 22:24:47","robert@localhost","2024-06-03 22:24:47","robert@localhost"
"S10528","46.942","18.934","DUNA3","7032","329",\N,\N,"inhumation","R03506","C05809","0","1","crouched","back","180","270","1","0","vicze2011a","2024-06-03 22:24:47","robert@localhost","2024-06-03 22:24:47","robert@localhost"
"S10528","46.942","18.934","DUNA2","4423","97",\N,\N,"cremation","R03507","C05810","1",\N,"inside a vessel",\N,\N,\N,"1","0","vicze2011a","2024-06-03 22:24:47","robert@localhost","2024-06-03 22:24:47","robert@localhost"
"S10528","46.942","18.934","DUNA4","5536","231",\N,\N,"cremation","R03508","C05811","1",\N,"inside a vessel",\N,\N,\N,"1","0","vicze2011a","2024-06-03 22:24:47","robert@localhost","2024-06-03 22:24:47","robert@localhost"
"S10528","46.942","18.934","DUNA3","7032","329",\N,\N,"cremation","R03509","C05812","1",\N,"inside a vessel",\N,\N,\N,"1","0","vicze2011a","2024-06-03 22:24:47","robert@localhost","2024-06-03 22:24:47","robert@localhost"
"S10528","46.942","18.934","DUNA3","7032","329",\N,\N,"cremation","R03510","C05813","1",\N,"inside a vessel",\N,\N,\N,"1","0","vicze2011a","2024-06-03 22:24:47","robert@localhost","2024-06-03 22:24:47","robert@localhost"
"S10528","46.942","18.934","DUNA4","5536","231",\N,\N,"cremation","R03511","C05814","1",\N,"inside a vessel",\N,\N,\N,"1","0","vicze2011a","2024-06-03 22:24:47","robert@localhost","2024-06-03 22:24:47","robert@localhost"
"S10528","46.942","18.934","DUNA3","7032","329",\N,\N,"inhumation","R03512","C05815",\N,\N,\N,\N,"45","135","1","0","vicze2011a","2024-06-03 22:24:47","robert@localhost","2024-06-03 22:24:47","robert@localhost"
"S10528","46.942","18.934","DUNA3","7032","329",\N,\N,"cremation","R03513","C05816","1",\N,"inside a vessel",\N,\N,\N,"1","0","vicze2011a","2024-06-03 22:24:47","robert@localhost","2024-06-03 22:24:47","robert@localhost"
"S10528","46.942","18.934","DUNA2","4423","97",\N,\N,"cremation","R03514","C05817","1",\N,"inside a vessel",\N,\N,\N,"1","0","vicze2011a","2024-06-03 22:24:47","robert@localhost","2024-06-03 22:24:47","robert@localhost"
"S10528","46.942","18.934","DUNA3","7032","329",\N,\N,"cremation","R03515","C05818","1",\N,"inside a vessel",\N,\N,\N,"1","0","vicze2011a","2024-06-03 22:24:47","robert@localhost","2024-06-03 22:24:47","robert@localhost"
"S10528","46.942","18.934","DUNA3","7032","329",\N,\N,"cremation","R03516","C05819","1",\N,"inside a vessel",\N,\N,\N,"1","0","vicze2011a","2024-06-03 22:24:47","robert@localhost","2024-06-03 22:24:47","robert@localhost"
"S10528","46.942","18.934","DUNA2","4423","97",\N,\N,"cremation","R03517","C05820","1",\N,"inside a vessel",\N,\N,\N,"1","0","vicze2011a","2024-06-03 22:24:47","robert@localhost","2024-06-03 22:24:47","robert@localhost"
"S10528","46.942","18.934","DUNA3","7032","329",\N,\N,"cremation","R03518","C05821","1",\N,"inside a vessel",\N,\N,\N,"1","0","vicze2011a","2024-06-03 22:24:47","robert@localhost","2024-06-03 22:24:47","robert@localhost"
"S10528","46.942","18.934","DUNA3","7032","329",\N,\N,"cremation","R03519","C05822","1",\N,"inside a vessel",\N,\N,\N,"1","0","vicze2011a","2024-06-03 22:24:47","robert@localhost","2024-06-03 22:24:47","robert@localhost"
"S10528","46.942","18.934","DUNA3","7032","329",\N,\N,"cremation","R03520","C05823","1",\N,"inside a vessel",\N,\N,\N,"1","0","vicze2011a","2024-06-03 22:24:47","robert@localhost","2024-06-03 22:24:47","robert@localhost"
"S10528","46.942","18.934","DUNA3","7032","329",\N,\N,"cremation","R03521","C05824","1",\N,"inside a vessel",\N,\N,\N,"1","0","vicze2011a","2024-06-03 22:24:47","robert@localhost","2024-06-03 22:24:47","robert@localhost"
"S10528","46.942","18.934","DUNA3","7032","329",\N,\N,"cremation","R03522","C05825","1",\N,"inside a vessel",\N,\N,\N,"1","0","vicze2011a","2024-06-03 22:24:47","robert@localhost","2024-06-03 22:24:47","robert@localhost"
"S10528","46.942","18.934","DUNA1","8699","226",\N,\N,"cremation","R03523","C05826","1",\N,"inside a vessel",\N,\N,\N,"1","0","vicze2011a","2024-06-03 22:24:47","robert@localhost","2024-06-03 22:24:47","robert@localhost"
"S10528","46.942","18.934","DUNA3","7032","329",\N,\N,"cremation","R03524","C05827","1",\N,"inside a vessel",\N,\N,\N,"1","0","vicze2011a","2024-06-03 22:24:47","robert@localhost","2024-06-03 22:24:47","robert@localhost"
"S10528","46.942","18.934","DUNA3","7032","329",\N,\N,"cremation","R03525","C05828","1",\N,"inside a vessel",\N,\N,\N,"1","0","vicze2011a","2024-06-03 22:24:47","robert@localhost","2024-06-03 22:24:47","robert@localhost"
"S10528","46.942","18.934","DUNA1","8699","226",\N,\N,"cremation","R03526","C05829","1",\N,"inside a vessel",\N,\N,\N,"1","0","vicze2011a","2024-06-03 22:24:47","robert@localhost","2024-06-03 22:24:47","robert@localhost"
"S10528","46.942","18.934","DUNA1","8699","226",\N,\N,"cremation","R03527","C05830","1",\N,"inside a vessel",\N,\N,\N,"1","0","vicze2011a","2024-06-03 22:24:47","robert@localhost","2024-06-03 22:24:47","robert@localhost"
"S10528","46.942","18.934","DUNA2","4423","97",\N,\N,"cremation","R03528","C05831","1",\N,"inside a vessel",\N,\N,\N,"1","0","vicze2011a","2024-06-03 22:24:47","robert@localhost","2024-06-03 22:24:47","robert@localhost"
"S10528","46.942","18.934","DUNA1","8699","226",\N,\N,"cremation","R03529","C05832","1",\N,"inside a vessel",\N,\N,\N,"1","0","vicze2011a","2024-06-03 22:24:47","robert@localhost","2024-06-03 22:24:47","robert@localhost"
"S10528","46.942","18.934","DUNA1","8699","226",\N,\N,"cremation","R03530","C05833","1",\N,"inside a vessel",\N,\N,\N,"1","0","vicze2011a","2024-06-03 22:24:47","robert@localhost","2024-06-03 22:24:47","robert@localhost"
"S10528","46.942","18.934","DUNA1","8699","226",\N,\N,"cremation","R03531","C05834","1",\N,"inside a vessel",\N,\N,\N,"1","0","vicze2011a","2024-06-03 22:24:47","robert@localhost","2024-06-03 22:24:47","robert@localhost"
"S10528","46.942","18.934","DUNA1","8699","226",\N,\N,"cremation","R03532","C05835","1",\N,"inside a vessel",\N,\N,\N,"1","0","vicze2011a","2024-06-03 22:24:47","robert@localhost","2024-06-03 22:24:47","robert@localhost"
"S10528","46.942","18.934","DUNA1","8699","226",\N,\N,"cremation","R03533","C05836","1",\N,"inside a vessel",\N,\N,\N,"1","0","vicze2011a","2024-06-03 22:24:47","robert@localhost","2024-06-03 22:24:47","robert@localhost"
"S10528","46.942","18.934","DUNA3","7032","329",\N,\N,"cremation","R03534","C05837","1",\N,"inside a vessel",\N,\N,\N,"1","0","vicze2011a","2024-06-03 22:24:47","robert@localhost","2024-06-03 22:24:47","robert@localhost"
"S10528","46.942","18.934","DUNA1","8699","226",\N,\N,"cremation","R03535","C05838","1",\N,"inside a vessel",\N,\N,\N,"1","0","vicze2011a","2024-06-03 22:24:47","robert@localhost","2024-06-03 22:24:47","robert@localhost"
"S10528","46.942","18.934","DUNA4","5536","231",\N,\N,"cremation","R03536","C05839","1",\N,"inside a vessel",\N,\N,\N,"1","0","vicze2011a","2024-06-03 22:24:47","robert@localhost","2024-06-03 22:24:47","robert@localhost"
"S10528","46.942","18.934","DUNA3","7032","329",\N,\N,"inhumation","R03537","C05840","0","1","crouched","back/right","45","135","1","0","vicze2011a","2024-06-03 22:24:47","robert@localhost","2024-06-03 22:24:47","robert@localhost"
"S10528","46.942","18.934","DUNA1","8699","226",\N,\N,"cremation","R03538","C05841","1",\N,"inside a vessel",\N,\N,\N,"1","0","vicze2011a","2024-06-03 22:24:47","robert@localhost","2024-06-03 22:24:47","robert@localhost"
"S10528","46.942","18.934","DUNA3","7032","329",\N,\N,"cremation","R03539","C05842","1",\N,"inside a vessel",\N,\N,\N,"1","0","vicze2011a","2024-06-03 22:24:47","robert@localhost","2024-06-03 22:24:47","robert@localhost"
"S10528","46.942","18.934","DUNA1","8699","226",\N,\N,"cremation","R03540","C05843","1",\N,"inside a vessel",\N,\N,\N,"1","0","vicze2011a","2024-06-03 22:24:47","robert@localhost","2024-06-03 22:24:47","robert@localhost"
"S10528","46.942","18.934","DUNA3","7032","329",\N,\N,"cremation","R03541","C05844","1",\N,"inside a vessel",\N,\N,\N,"1","0","vicze2011a","2024-06-03 22:24:47","robert@localhost","2024-06-03 22:24:47","robert@localhost"
"S10528","46.942","18.934","DUNA2","4423","97",\N,\N,"cremation","R03542","C05845","1",\N,"inside a vessel",\N,\N,\N,"1","0","vicze2011a","2024-06-03 22:24:47","robert@localhost","2024-06-03 22:24:47","robert@localhost"
"S10528","46.942","18.934","DUNA3","7032","329",\N,\N,"cremation","R03543","C05846","1",\N,"inside a vessel",\N,\N,\N,"1","0","vicze2011a","2024-06-03 22:24:47","robert@localhost","2024-06-03 22:24:47","robert@localhost"
"S10528","46.942","18.934","DUNA1","8699","226",\N,\N,"cremation","R03544","C05847","1",\N,"inside a vessel",\N,\N,\N,"1","0","vicze2011a","2024-06-03 22:24:47","robert@localhost","2024-06-03 22:24:47","robert@localhost"
"S10528","46.942","18.934","DUNA3","7032","329",\N,\N,"cremation","R03545","C05848","1",\N,"inside a vessel",\N,\N,\N,"1","0","vicze2011a","2024-06-03 22:24:47","robert@localhost","2024-06-03 22:24:47","robert@localhost"
"S10528","46.942","18.934","DUNA3","7032","329",\N,\N,"cremation","R03546","C05849","1",\N,"inside a vessel",\N,\N,\N,"1","0","vicze2011a","2024-06-03 22:24:47","robert@localhost","2024-06-03 22:24:47","robert@localhost"
"S10528","46.942","18.934","DUNA4","5536","231",\N,\N,"cremation","R03547","C05850","1",\N,"inside a vessel",\N,\N,\N,"1","0","vicze2011a","2024-06-03 22:24:47","robert@localhost","2024-06-03 22:24:47","robert@localhost"
"S10528","46.942","18.934","DUNA1","8699","226",\N,\N,"cremation","R03548","C05851","1",\N,"scattered",\N,\N,\N,"1","0","vicze2011a","2024-06-03 22:24:47","robert@localhost","2024-06-03 22:24:47","robert@localhost"
"S10528","46.942","18.934","DUNA3","7032","329",\N,\N,"cremation","R03549","C05852","1",\N,"inside a vessel",\N,\N,\N,"1","0","vicze2011a","2024-06-03 22:24:47","robert@localhost","2024-06-03 22:24:47","robert@localhost"
"S10528","46.942","18.934","DUNA2","4423","97",\N,\N,"cremation","R03550","C05853","1",\N,"inside a vessel",\N,\N,\N,"1","0","vicze2011a","2024-06-03 22:24:47","robert@localhost","2024-06-03 22:24:47","robert@localhost"
"S10528","46.942","18.934","DUNA1","8699","226",\N,\N,"cremation","R03551","C05854","1",\N,"inside a vessel",\N,\N,\N,"1","0","vicze2011a","2024-06-03 22:24:47","robert@localhost","2024-06-03 22:24:47","robert@localhost"
"S10528","46.942","18.934","DUNA3","7032","329",\N,\N,"cremation","R03552","C05855","1",\N,"inside a vessel",\N,\N,\N,"1","0","vicze2011a","2024-06-03 22:24:47","robert@localhost","2024-06-03 22:24:47","robert@localhost"
"S10528","46.942","18.934","DUNA2","4423","97",\N,\N,"cremation","R03553","C05856","1",\N,"inside a vessel",\N,\N,\N,"1","0","vicze2011a","2024-06-03 22:24:47","robert@localhost","2024-06-03 22:24:47","robert@localhost"
"S10528","46.942","18.934","DUNA3","7032","329",\N,\N,"inhumation","R03554","C05857",\N,\N,\N,\N,\N,\N,"1","0","vicze2011a","2024-06-03 22:24:47","robert@localhost","2024-06-03 22:24:47","robert@localhost"
"S10528","46.942","18.934","DUNA4","5536","231",\N,\N,"cremation","R03555","C05858","1",\N,"inside a vessel",\N,\N,\N,"1","0","vicze2011a","2024-06-03 22:24:47","robert@localhost","2024-06-03 22:24:47","robert@localhost"
"S10528","46.942","18.934","DUNA3","7032","329",\N,\N,"cremation","R03556","C05859","1",\N,"inside a vessel",\N,\N,\N,"1","0","vicze2011a","2024-06-03 22:24:47","robert@localhost","2024-06-03 22:24:47","robert@localhost"
"S10528","46.942","18.934","DUNA2","4423","97",\N,\N,"cremation","R03557","C05860","1",\N,"inside a vessel",\N,\N,\N,"1","0","vicze2011a","2024-06-03 22:24:47","robert@localhost","2024-06-03 22:24:47","robert@localhost"
"S10528","46.942","18.934","DUNA3","7032","329",\N,\N,"cremation","R03558","C05861","1",\N,"inside a vessel",\N,\N,\N,"1","0","vicze2011a","2024-06-03 22:24:47","robert@localhost","2024-06-03 22:24:47","robert@localhost"
"S10528","46.942","18.934","DUNA2","4423","97",\N,\N,"cremation","R03559","C05862","1",\N,"inside a vessel",\N,\N,\N,"1","0","vicze2011a","2024-06-03 22:24:47","robert@localhost","2024-06-03 22:24:47","robert@localhost"
"S10528","46.942","18.934","DUNA3","7032","329",\N,\N,"cremation","R03560","C05863","1",\N,"inside a vessel",\N,\N,\N,"1","0","vicze2011a","2024-06-03 22:24:47","robert@localhost","2024-06-03 22:24:47","robert@localhost"
"S10528","46.942","18.934","DUNA3","7032","329",\N,\N,"cremation","R03561","C05864","1",\N,"inside a vessel",\N,\N,\N,"1","0","vicze2011a","2024-06-03 22:24:47","robert@localhost","2024-06-03 22:24:47","robert@localhost"
"S10528","46.942","18.934","DUNA2","4423","97",\N,\N,"cremation","R03562","C05865","1",\N,"inside a vessel",\N,\N,\N,"1","0","vicze2011a","2024-06-03 22:24:47","robert@localhost","2024-06-03 22:24:47","robert@localhost"
"S10528","46.942","18.934","DUNA2","4423","97",\N,\N,"cremation","R03563","C05866","1",\N,"inside a vessel",\N,\N,\N,"1","0","vicze2011a","2024-06-03 22:24:47","robert@localhost","2024-06-03 22:24:47","robert@localhost"
"S10528","46.942","18.934","DUNA1","8699","226",\N,\N,"cremation","R03564","C05867","1",\N,"inside a vessel",\N,\N,\N,"1","0","vicze2011a","2024-06-03 22:24:47","robert@localhost","2024-06-03 22:24:47","robert@localhost"
"S10528","46.942","18.934","DUNA3","7032","329",\N,\N,"cremation","R03565","C05868","1",\N,"inside a vessel",\N,\N,\N,"1","0","vicze2011a","2024-06-03 22:24:47","robert@localhost","2024-06-03 22:24:47","robert@localhost"
"S10528","46.942","18.934","DUNA3","7032","329",\N,\N,"cremation","R03566","C05869","1",\N,"inside a vessel",\N,\N,\N,"1","0","vicze2011a","2024-06-03 22:24:47","robert@localhost","2024-06-03 22:24:47","robert@localhost"
"S10528","46.942","18.934","DUNA2","4423","97",\N,\N,"cremation","R03567","C05870","1",\N,"inside a vessel",\N,\N,\N,"1","0","vicze2011a","2024-06-03 22:24:47","robert@localhost","2024-06-03 22:24:47","robert@localhost"
"S10528","46.942","18.934","DUNA2","4423","97",\N,\N,"inhumation","R03568","C05871","0","1","crouched","right","180","270","1","0","vicze2011a","2024-06-03 22:24:47","robert@localhost","2024-06-03 22:24:47","robert@localhost"
"S10528","46.942","18.934","DUNA3","7032","329",\N,\N,"cremation","R03569","C05872","1",\N,"inside a vessel",\N,\N,\N,"1","0","vicze2011a","2024-06-03 22:24:47","robert@localhost","2024-06-03 22:24:47","robert@localhost"
"S10528","46.942","18.934","DUNA1","8699","226",\N,\N,"cremation","R03570","C05873","1",\N,"inside a vessel",\N,\N,\N,"1","0","vicze2011a","2024-06-03 22:24:47","robert@localhost","2024-06-03 22:24:47","robert@localhost"
"S10528","46.942","18.934","DUNA4","5536","231",\N,\N,"cremation","R03571","C05874","1",\N,"inside a vessel",\N,\N,\N,"1","0","vicze2011a","2024-06-03 22:24:47","robert@localhost","2024-06-03 22:24:47","robert@localhost"
"S10528","46.942","18.934","DUNA3","7032","329",\N,\N,"cremation","R03572","C05875","1",\N,"inside a vessel",\N,\N,\N,"1","0","vicze2011a","2024-06-03 22:24:47","robert@localhost","2024-06-03 22:24:47","robert@localhost"
"S10528","46.942","18.934","DUNA2","4423","97",\N,\N,"cremation","R03573","C05876","1",\N,"inside a vessel",\N,\N,\N,"1","0","vicze2011a","2024-06-03 22:24:47","robert@localhost","2024-06-03 22:24:47","robert@localhost"
"S10528","46.942","18.934","DUNA3","7032","329",\N,\N,"cremation","R03574","C05877","1",\N,"inside a vessel",\N,\N,\N,"1","0","vicze2011a","2024-06-03 22:24:47","robert@localhost","2024-06-03 22:24:47","robert@localhost"
"S10528","46.942","18.934","DUNA3","7032","329",\N,\N,"cremation","R03575","C05878","1",\N,"inside a vessel",\N,\N,\N,"1","0","vicze2011a","2024-06-03 22:24:47","robert@localhost","2024-06-03 22:24:47","robert@localhost"
"S10528","46.942","18.934","DUNA2","4423","97",\N,\N,"cremation","R03576","C05879","1",\N,"inside a vessel",\N,\N,\N,"1","0","vicze2011a","2024-06-03 22:24:47","robert@localhost","2024-06-03 22:24:47","robert@localhost"
"S10528","46.942","18.934","DUNA3","7032","329",\N,\N,"cremation","R03577","C05880","1",\N,"inside a vessel",\N,\N,\N,"1","0","vicze2011a","2024-06-03 22:24:47","robert@localhost","2024-06-03 22:24:47","robert@localhost"
"S10528","46.942","18.934","DUNA2","4423","97",\N,\N,"cremation","R03578","C05881","1",\N,"inside a vessel",\N,\N,\N,"1","0","vicze2011a","2024-06-03 22:24:47","robert@localhost","2024-06-03 22:24:47","robert@localhost"
"S10528","46.942","18.934","DUNA3","7032","329",\N,\N,"cremation","R03579","C05882","1",\N,"inside a vessel",\N,\N,\N,"1","0","vicze2011a","2024-06-03 22:24:47","robert@localhost","2024-06-03 22:24:47","robert@localhost"
"S10528","46.942","18.934","DUNA2","4423","97",\N,\N,"cremation","R03580","C05883","1",\N,"inside a vessel",\N,\N,\N,"1","0","vicze2011a","2024-06-03 22:24:47","robert@localhost","2024-06-03 22:24:47","robert@localhost"
"S10528","46.942","18.934","DUNA2","4423","97",\N,\N,"cremation","R03581","C05884","1",\N,"inside a vessel",\N,\N,\N,"1","0","vicze2011a","2024-06-03 22:24:47","robert@localhost","2024-06-03 22:24:47","robert@localhost"
"S10528","46.942","18.934","DUNA2","4423","97",\N,\N,"cremation","R03582","C05885","1",\N,"inside a vessel",\N,\N,\N,"1","0","vicze2011a","2024-06-03 22:24:47","robert@localhost","2024-06-03 22:24:47","robert@localhost"
"S10528","46.942","18.934","DUNA3","7032","329",\N,\N,"cremation","R03583","C05886","1",\N,"inside a vessel",\N,\N,\N,"1","0","vicze2011a","2024-06-03 22:24:47","robert@localhost","2024-06-03 22:24:47","robert@localhost"
"S10528","46.942","18.934","DUNA3","7032","329",\N,\N,"cremation","R03584","C05887","1",\N,"inside a vessel",\N,\N,\N,"1","0","vicze2011a","2024-06-03 22:24:47","robert@localhost","2024-06-03 22:24:47","robert@localhost"
"S10528","46.942","18.934","DUNA3","7032","329",\N,\N,"cremation","R03585","C05888","1",\N,"inside a vessel",\N,\N,\N,"1","0","vicze2011a","2024-06-03 22:24:47","robert@localhost","2024-06-03 22:24:47","robert@localhost"
"S10528","46.942","18.934","DUNA2","4423","97",\N,\N,"cremation","R03586","C05889","1",\N,"inside a vessel",\N,\N,\N,"1","0","vicze2011a","2024-06-03 22:24:47","robert@localhost","2024-06-03 22:24:47","robert@localhost"
"S10528","46.942","18.934","DUNA2","4423","97",\N,\N,"cremation","R03587","C05890","1",\N,"inside a vessel",\N,\N,\N,"1","0","vicze2011a","2024-06-03 22:24:47","robert@localhost","2024-06-03 22:24:47","robert@localhost"
"S10528","46.942","18.934","DUNA2","4423","97",\N,\N,"cremation","R03588","C05891","1",\N,"inside a vessel",\N,\N,\N,"1","0","vicze2011a","2024-06-03 22:24:47","robert@localhost","2024-06-03 22:24:47","robert@localhost"
"S10528","46.942","18.934","DUNA3","7032","329",\N,\N,"cremation","R03589","C05892","1",\N,"inside a vessel",\N,\N,\N,"1","0","vicze2011a","2024-06-03 22:24:47","robert@localhost","2024-06-03 22:24:47","robert@localhost"
"S10528","46.942","18.934","DUNA3","7032","329",\N,\N,"cremation","R03590","C05893","1",\N,"inside a vessel",\N,\N,\N,"1","0","vicze2011a","2024-06-03 22:24:47","robert@localhost","2024-06-03 22:24:47","robert@localhost"
"S10528","46.942","18.934","DUNA3","7032","329",\N,\N,"cremation","R03591","C05894","1",\N,"inside a vessel",\N,\N,\N,"1","0","vicze2011a","2024-06-03 22:24:47","robert@localhost","2024-06-03 22:24:47","robert@localhost"
"S10528","46.942","18.934","DUNA3","7032","329",\N,\N,"cremation","R03592","C05895","1",\N,"inside a vessel",\N,\N,\N,"1","0","vicze2011a","2024-06-03 22:24:47","robert@localhost","2024-06-03 22:24:47","robert@localhost"
"S10528","46.942","18.934","DUNA2","4423","97",\N,\N,"cremation","R03593","C05896","1",\N,"inside a vessel",\N,\N,\N,"1","0","vicze2011a","2024-06-03 22:24:47","robert@localhost","2024-06-03 22:24:47","robert@localhost"
"S10528","46.942","18.934","DUNA3","7032","329",\N,\N,"cremation","R03594","C05897","1",\N,"inside a vessel",\N,\N,\N,"1","0","vicze2011a","2024-06-03 22:24:47","robert@localhost","2024-06-03 22:24:47","robert@localhost"
"S10528","46.942","18.934","DUNA2","4423","97",\N,\N,"cremation","R03595","C05898","1",\N,"inside a vessel",\N,\N,\N,"1","0","vicze2011a","2024-06-03 22:24:47","robert@localhost","2024-06-03 22:24:47","robert@localhost"
"S10528","46.942","18.934","DUNA1","8699","226",\N,\N,"cremation","R03596","C05899","1",\N,"inside a vessel",\N,\N,\N,"1","0","vicze2011a","2024-06-03 22:24:47","robert@localhost","2024-06-03 22:24:47","robert@localhost"
"S10528","46.942","18.934","DUNA2","4423","97",\N,\N,"cremation","R03597","C05900","1",\N,"inside a vessel",\N,\N,\N,"1","0","vicze2011a","2024-06-03 22:24:47","robert@localhost","2024-06-03 22:24:47","robert@localhost"
"S10528","46.942","18.934","DUNA3","7032","329",\N,\N,"cremation","R03598","C05901","1",\N,"inside a vessel",\N,\N,\N,"1","0","vicze2011a","2024-06-03 22:24:47","robert@localhost","2024-06-03 22:24:47","robert@localhost"
"S10528","46.942","18.934","DUNA3","7032","329",\N,\N,"cremation","R03599","C05902","1",\N,"inside a vessel",\N,\N,\N,"1","0","vicze2011a","2024-06-03 22:24:47","robert@localhost","2024-06-03 22:24:47","robert@localhost"
"S10528","46.942","18.934","DUNA2","4423","97",\N,\N,"cremation","R03600","C05903","1",\N,"inside a vessel",\N,\N,\N,"1","0","vicze2011a","2024-06-03 22:24:47","robert@localhost","2024-06-03 22:24:47","robert@localhost"
"S10528","46.942","18.934","DUNA2","4423","97",\N,\N,"cremation","R03601","C05904","1",\N,"inside a vessel",\N,\N,\N,"1","0","vicze2011a","2024-06-03 22:24:47","robert@localhost","2024-06-03 22:24:47","robert@localhost"
"S10528","46.942","18.934","DUNA2","4423","97",\N,\N,"cremation","R03602","C05905","1",\N,"inside a vessel",\N,\N,\N,"1","0","vicze2011a","2024-06-03 22:24:47","robert@localhost","2024-06-03 22:24:47","robert@localhost"
"S10528","46.942","18.934","DUNA2","4423","97",\N,\N,"cremation","R03603","C05906","1",\N,"inside a vessel",\N,\N,\N,"1","0","vicze2011a","2024-06-03 22:24:47","robert@localhost","2024-06-03 22:24:47","robert@localhost"
"S10528","46.942","18.934","DUNA2","4423","97",\N,\N,"cremation","R03604","C05907","1",\N,"inside a vessel",\N,\N,\N,"1","0","vicze2011a","2024-06-03 22:24:47","robert@localhost","2024-06-03 22:24:47","robert@localhost"
"S10528","46.942","18.934","DUNA2","4423","97",\N,\N,"cremation","R03605","C05908","1",\N,"inside a vessel",\N,\N,\N,"1","0","vicze2011a","2024-06-03 22:24:47","robert@localhost","2024-06-03 22:24:47","robert@localhost"
"S10528","46.942","18.934","DUNA1","8699","226",\N,\N,"cremation","R03606","C05909","1",\N,"inside a vessel",\N,\N,\N,"1","0","vicze2011a","2024-06-03 22:24:47","robert@localhost","2024-06-03 22:24:47","robert@localhost"
"S10528","46.942","18.934","DUNA2","4423","97",\N,\N,"cremation","R03607","C05910","1",\N,"inside a vessel",\N,\N,\N,"1","0","vicze2011a","2024-06-03 22:24:47","robert@localhost","2024-06-03 22:24:47","robert@localhost"
"S10528","46.942","18.934","DUNA2","4423","97",\N,\N,"cremation","R03608","C05911","1",\N,"inside a vessel",\N,\N,\N,"1","0","vicze2011a","2024-06-03 22:24:47","robert@localhost","2024-06-03 22:24:47","robert@localhost"
"S10528","46.942","18.934","DUNA2","4423","97",\N,\N,"cremation","R03609","C05912","1",\N,"inside a vessel",\N,\N,\N,"1","0","vicze2011a","2024-06-03 22:24:47","robert@localhost","2024-06-03 22:24:47","robert@localhost"
"S10528","46.942","18.934","DUNA2","4423","97",\N,\N,"cremation","R03610","C05913","1",\N,"inside a vessel",\N,\N,\N,"1","0","vicze2011a","2024-06-03 22:24:47","robert@localhost","2024-06-03 22:24:47","robert@localhost"
"S10528","46.942","18.934","DUNA1","8699","226",\N,\N,"cremation","R03611","C05914","1",\N,"inside a vessel",\N,\N,\N,"1","0","vicze2011a","2024-06-03 22:24:47","robert@localhost","2024-06-03 22:24:47","robert@localhost"
"S10528","46.942","18.934","DUNA2","4423","97",\N,\N,"cremation","R03612","C05915","1",\N,"inside a vessel",\N,\N,\N,"1","0","vicze2011a","2024-06-03 22:24:47","robert@localhost","2024-06-03 22:24:47","robert@localhost"
"S10528","46.942","18.934","DUNA2","4423","97",\N,\N,"cremation","R03613","C05916","1",\N,"inside a vessel",\N,\N,\N,"1","0","vicze2011a","2024-06-03 22:24:47","robert@localhost","2024-06-03 22:24:47","robert@localhost"
"S10528","46.942","18.934","DUNA2","4423","97",\N,\N,"cremation","R03614","C05917","1",\N,"inside a vessel",\N,\N,\N,"1","0","vicze2011a","2024-06-03 22:24:47","robert@localhost","2024-06-03 22:24:47","robert@localhost"
"S10528","46.942","18.934","DUNA2","4423","97",\N,\N,"cremation","R03615","C05918","1",\N,"inside a vessel",\N,\N,\N,"1","0","vicze2011a","2024-06-03 22:24:47","robert@localhost","2024-06-03 22:24:47","robert@localhost"
"S10528","46.942","18.934","DUNA1","8699","226",\N,\N,"cremation","R03616","C05919","1",\N,"inside a vessel",\N,\N,\N,"1","0","vicze2011a","2024-06-03 22:24:47","robert@localhost","2024-06-03 22:24:47","robert@localhost"
"S10528","46.942","18.934","DUNA2","4423","97",\N,\N,"cremation","R03617","C05920","1",\N,"inside a vessel",\N,\N,\N,"1","0","vicze2011a","2024-06-03 22:24:47","robert@localhost","2024-06-03 22:24:47","robert@localhost"
"S10528","46.942","18.934","DUNA2","4423","97",\N,\N,"cremation","R03618","C05921","1",\N,"inside a vessel",\N,\N,\N,"1","0","vicze2011a","2024-06-03 22:24:47","robert@localhost","2024-06-03 22:24:47","robert@localhost"
"S10528","46.942","18.934","DUNA2","4423","97",\N,\N,"cremation","R03619","C05922","1",\N,"inside a vessel",\N,\N,\N,"1","0","vicze2011a","2024-06-03 22:24:47","robert@localhost","2024-06-03 22:24:47","robert@localhost"
"S10528","46.942","18.934","DUNA2","4423","97",\N,\N,"cremation","R03620","C05923","1",\N,"inside a vessel",\N,\N,\N,"1","0","vicze2011a","2024-06-03 22:24:47","robert@localhost","2024-06-03 22:24:47","robert@localhost"
"S10528","46.942","18.934","DUNA2","4423","97",\N,\N,"cremation","R03621","C05924","1",\N,"inside a vessel",\N,\N,\N,"1","0","vicze2011a","2024-06-03 22:24:47","robert@localhost","2024-06-03 22:24:47","robert@localhost"
"S10528","46.942","18.934","DUNA1","8699","226",\N,\N,"cremation","R03622","C05925","1",\N,"inside a vessel",\N,\N,\N,"1","0","vicze2011a","2024-06-03 22:24:47","robert@localhost","2024-06-03 22:24:47","robert@localhost"
"S10528","46.942","18.934","DUNA2","4423","97",\N,\N,"cremation","R03623","C05926","1",\N,"inside a vessel",\N,\N,\N,"1","0","vicze2011a","2024-06-03 22:24:47","robert@localhost","2024-06-03 22:24:47","robert@localhost"
"S10528","46.942","18.934","DUNA2","4423","97",\N,\N,"cremation","R03624","C05927","1",\N,"inside a vessel",\N,\N,\N,"1","0","vicze2011a","2024-06-03 22:24:47","robert@localhost","2024-06-03 22:24:47","robert@localhost"
"S10528","46.942","18.934","DUNA2","4423","97",\N,\N,"cremation","R03625","C05928","1",\N,"inside a vessel",\N,\N,\N,"1","0","vicze2011a","2024-06-03 22:24:47","robert@localhost","2024-06-03 22:24:47","robert@localhost"
"S10528","46.942","18.934","DUNA2","4423","97",\N,\N,"cremation","R03626","C05929","1",\N,"inside a vessel",\N,\N,\N,"1","0","vicze2011a","2024-06-03 22:24:47","robert@localhost","2024-06-03 22:24:47","robert@localhost"
"S10528","46.942","18.934","DUNA2","4423","97",\N,\N,"cremation","R03627","C05930","1",\N,"inside a vessel",\N,\N,\N,"1","0","vicze2011a","2024-06-03 22:24:47","robert@localhost","2024-06-03 22:24:47","robert@localhost"
"S10528","46.942","18.934","DUNA2","4423","97",\N,\N,"cremation","R03628","C05931","1",\N,"inside a vessel",\N,\N,\N,"1","0","vicze2011a","2024-06-03 22:24:47","robert@localhost","2024-06-03 22:24:47","robert@localhost"
"S10528","46.942","18.934","DUNA2","4423","97",\N,\N,"cremation","R03629","C05932","1",\N,"inside a vessel",\N,\N,\N,"1","0","vicze2011a","2024-06-03 22:24:47","robert@localhost","2024-06-03 22:24:47","robert@localhost"
"S10528","46.942","18.934","DUNA2","4423","97",\N,\N,"cremation","R03630","C05933","1",\N,"inside a vessel",\N,\N,\N,"1","0","vicze2011a","2024-06-03 22:24:47","robert@localhost","2024-06-03 22:24:47","robert@localhost"
"S10528","46.942","18.934","DUNA2","4423","97",\N,\N,"cremation","R03631","C05934","1",\N,"inside a vessel",\N,\N,\N,"1","0","vicze2011a","2024-06-03 22:24:47","robert@localhost","2024-06-03 22:24:47","robert@localhost"
"S10528","46.942","18.934","DUNA2","4423","97",\N,\N,"cremation","R03632","C05935","1",\N,"inside a vessel",\N,\N,\N,"1","0","vicze2011a","2024-06-03 22:24:47","robert@localhost","2024-06-03 22:24:47","robert@localhost"
"S10528","46.942","18.934","DUNA2","4423","97",\N,\N,"cremation","R03633","C05936","1",\N,"inside a vessel",\N,\N,\N,"1","0","vicze2011a","2024-06-03 22:24:47","robert@localhost","2024-06-03 22:24:47","robert@localhost"
"S10528","46.942","18.934","DUNA1","8699","226",\N,\N,"cremation","R03634","C05937","1",\N,"inside a vessel",\N,\N,\N,"1","0","vicze2011a","2024-06-03 22:24:47","robert@localhost","2024-06-03 22:24:47","robert@localhost"
"S10528","46.942","18.934","DUNA2","4423","97",\N,\N,"cremation","R03635","C05938","1",\N,"inside a vessel",\N,\N,\N,"1","0","vicze2011a","2024-06-03 22:24:47","robert@localhost","2024-06-03 22:24:47","robert@localhost"
"S10528","46.942","18.934","DUNA2","4423","97",\N,\N,"cremation","R03636","C05939","1",\N,"inside a vessel",\N,\N,\N,"1","0","vicze2011a","2024-06-03 22:24:47","robert@localhost","2024-06-03 22:24:47","robert@localhost"
"S10528","46.942","18.934","DUNA2","4423","97",\N,\N,"cremation","R03637","C05940","1",\N,"inside a vessel",\N,\N,\N,"1","0","vicze2011a","2024-06-03 22:24:47","robert@localhost","2024-06-03 22:24:47","robert@localhost"
"S10528","46.942","18.934","DUNA2","4423","97",\N,\N,"cremation","R03638","C05941","1",\N,"inside a vessel",\N,\N,\N,"1","0","vicze2011a","2024-06-03 22:24:47","robert@localhost","2024-06-03 22:24:47","robert@localhost"
"S10528","46.942","18.934","DUNA2","4423","97",\N,\N,"cremation","R03639","C05942","1",\N,"inside a vessel",\N,\N,\N,"1","0","vicze2011a","2024-06-03 22:24:47","robert@localhost","2024-06-03 22:24:47","robert@localhost"
"S10528","46.942","18.934","DUNA2","4423","97",\N,\N,"cremation","R03640","C05943","1",\N,"inside a vessel",\N,\N,\N,"1","0","vicze2011a","2024-06-03 22:24:47","robert@localhost","2024-06-03 22:24:47","robert@localhost"
"S10528","46.942","18.934","DUNA1","8699","226",\N,\N,"cremation","R03641","C05944","1",\N,"inside a vessel",\N,\N,\N,"1","0","vicze2011a","2024-06-03 22:24:47","robert@localhost","2024-06-03 22:24:47","robert@localhost"
"S10528","46.942","18.934","DUNA2","4423","97",\N,\N,"cremation","R03642","C05945","1",\N,"inside a vessel",\N,\N,\N,"1","0","vicze2011a","2024-06-03 22:24:47","robert@localhost","2024-06-03 22:24:47","robert@localhost"
"S10528","46.942","18.934","DUNA2","4423","97",\N,\N,"cremation","R03643","C05946","1",\N,"inside a vessel",\N,\N,\N,"1","0","vicze2011a","2024-06-03 22:24:47","robert@localhost","2024-06-03 22:24:47","robert@localhost"
"S10528","46.942","18.934","DUNA2","4423","97",\N,\N,"cremation","R03644","C05947","1",\N,"inside a vessel",\N,\N,\N,"1","0","vicze2011a","2024-06-03 22:24:47","robert@localhost","2024-06-03 22:24:47","robert@localhost"
"S10528","46.942","18.934","DUNA2","4423","97",\N,\N,"cremation","R03645","C05948","1",\N,"inside a vessel",\N,\N,\N,"1","0","vicze2011a","2024-06-03 22:24:47","robert@localhost","2024-06-03 22:24:47","robert@localhost"
"S10528","46.942","18.934","DUNA2","4423","97",\N,\N,"cremation","R03646","C05949","1",\N,"inside a vessel",\N,\N,\N,"1","0","vicze2011a","2024-06-03 22:24:47","robert@localhost","2024-06-03 22:24:47","robert@localhost"
"S10528","46.942","18.934","DUNA2","4423","97",\N,\N,"cremation","R03647","C05950","1",\N,"inside a vessel",\N,\N,\N,"1","0","vicze2011a","2024-06-03 22:24:47","robert@localhost","2024-06-03 22:24:47","robert@localhost"
"S10528","46.942","18.934","DUNA2","4423","97",\N,\N,"cremation","R03648","C05951","1",\N,"inside a vessel",\N,\N,\N,"1","0","vicze2011a","2024-06-03 22:24:47","robert@localhost","2024-06-03 22:24:47","robert@localhost"
"S10528","46.942","18.934","DUNA2","4423","97",\N,\N,"cremation","R03649","C05952","1",\N,"inside a vessel",\N,\N,\N,"1","0","vicze2011a","2024-06-03 22:24:47","robert@localhost","2024-06-03 22:24:47","robert@localhost"
"S10528","46.942","18.934","DUNA2","4423","97",\N,\N,"cremation","R03650","C05953","1",\N,"inside a vessel",\N,\N,\N,"1","0","vicze2011a","2024-06-03 22:24:47","robert@localhost","2024-06-03 22:24:47","robert@localhost"
"S10528","46.942","18.934","DUNA2","4423","97",\N,\N,"cremation","R03651","C05954","1",\N,"inside a vessel",\N,\N,\N,"1","0","vicze2011a","2024-06-03 22:24:47","robert@localhost","2024-06-03 22:24:47","robert@localhost"
"S10528","46.942","18.934","DUNA2","4423","97",\N,\N,"cremation","R03652","C05955","1",\N,"inside a vessel",\N,\N,\N,"1","0","vicze2011a","2024-06-03 22:24:47","robert@localhost","2024-06-03 22:24:47","robert@localhost"
"S10528","46.942","18.934","DUNA2","4423","97",\N,\N,"cremation","R03653","C05956","1",\N,"inside a vessel",\N,\N,\N,"1","0","vicze2011a","2024-06-03 22:24:47","robert@localhost","2024-06-03 22:24:47","robert@localhost"
"S10528","46.942","18.934","DUNA2","4423","97",\N,\N,"cremation","R03654","C05957","1",\N,"inside a vessel",\N,\N,\N,"1","0","vicze2011a","2024-06-03 22:24:47","robert@localhost","2024-06-03 22:24:47","robert@localhost"
"S10528","46.942","18.934","DUNA2","4423","97",\N,\N,"cremation","R03655","C05958","1",\N,"inside a vessel",\N,\N,\N,"1","0","vicze2011a","2024-06-03 22:24:47","robert@localhost","2024-06-03 22:24:47","robert@localhost"
"S10528","46.942","18.934","DUNA2","4423","97",\N,\N,"cremation","R03656","C05959","1",\N,"inside a vessel",\N,\N,\N,"1","0","vicze2011a","2024-06-03 22:24:47","robert@localhost","2024-06-03 22:24:47","robert@localhost"
"S10528","46.942","18.934","DUNA2","4423","97",\N,\N,"cremation","R03657","C05960","1",\N,"inside a vessel",\N,\N,\N,"1","0","vicze2011a","2024-06-03 22:24:47","robert@localhost","2024-06-03 22:24:47","robert@localhost"
"S10528","46.942","18.934","DUNA2","4423","97",\N,\N,"cremation","R03658","C05961","1",\N,"inside a vessel",\N,\N,\N,"1","0","vicze2011a","2024-06-03 22:24:47","robert@localhost","2024-06-03 22:24:47","robert@localhost"
"S10528","46.942","18.934","DUNA2","4423","97",\N,\N,"cremation","R03659","C05962","1",\N,"inside a vessel",\N,\N,\N,"1","0","vicze2011a","2024-06-03 22:24:47","robert@localhost","2024-06-03 22:24:47","robert@localhost"
"S10528","46.942","18.934","DUNA2","4423","97",\N,\N,"cremation","R03660","C05963","1",\N,"inside a vessel",\N,\N,\N,"1","0","vicze2011a","2024-06-03 22:24:47","robert@localhost","2024-06-03 22:24:47","robert@localhost"
"S10528","46.942","18.934","DUNA2","4423","97",\N,\N,"cremation","R03661","C05964","1",\N,"inside a vessel",\N,\N,\N,"1","0","vicze2011a","2024-06-03 22:24:47","robert@localhost","2024-06-03 22:24:47","robert@localhost"
"S10528","46.942","18.934","DUNA2","4423","97",\N,\N,"cremation","R03662","C05965","1",\N,"inside a vessel",\N,\N,\N,"1","0","vicze2011a","2024-06-03 22:24:47","robert@localhost","2024-06-03 22:24:47","robert@localhost"
"S10528","46.942","18.934","DUNA2","4423","97",\N,\N,"cremation","R03663","C05966","1",\N,"inside a vessel",\N,\N,\N,"1","0","vicze2011a","2024-06-03 22:24:47","robert@localhost","2024-06-03 22:24:47","robert@localhost"
"S10528","46.942","18.934","DUNA2","4423","97",\N,\N,"cremation","R03664","C05967","1",\N,"inside a vessel",\N,\N,\N,"1","0","vicze2011a","2024-06-03 22:24:47","robert@localhost","2024-06-03 22:24:47","robert@localhost"
"S10528","46.942","18.934","DUNA2","4423","97",\N,\N,"cremation","R03665","C05968","1",\N,"inside a vessel",\N,\N,\N,"1","0","vicze2011a","2024-06-03 22:24:47","robert@localhost","2024-06-03 22:24:47","robert@localhost"
"S10528","46.942","18.934","DUNA2","4423","97",\N,\N,"cremation","R03666","C05969","1",\N,"inside a vessel",\N,\N,\N,"1","0","vicze2011a","2024-06-03 22:24:47","robert@localhost","2024-06-03 22:24:47","robert@localhost"
"S10528","46.942","18.934","DUNA2","4423","97",\N,\N,"cremation","R03667","C05970","1",\N,"inside a vessel",\N,\N,\N,"1","0","vicze2011a","2024-06-03 22:24:47","robert@localhost","2024-06-03 22:24:47","robert@localhost"
"S10528","46.942","18.934","DUNA2","4423","97",\N,\N,"cremation","R03668","C05971","1",\N,"inside a vessel",\N,\N,\N,"1","0","vicze2011a","2024-06-03 22:24:47","robert@localhost","2024-06-03 22:24:47","robert@localhost"
"S10528","46.942","18.934","DUNA2","4423","97",\N,\N,"cremation","R03669","C05972","1",\N,"inside a vessel",\N,\N,\N,"1","0","vicze2011a","2024-06-03 22:24:47","robert@localhost","2024-06-03 22:24:47","robert@localhost"
"S10528","46.942","18.934","DUNA1","8699","226",\N,\N,"cremation","R03670","C05973","1",\N,"inside a vessel",\N,\N,\N,"1","0","vicze2011a","2024-06-03 22:24:47","robert@localhost","2024-06-03 22:24:47","robert@localhost"
"S10528","46.942","18.934","DUNA2","4423","97",\N,\N,"cremation","R03671","C05974","1",\N,"inside a vessel",\N,\N,\N,"1","0","vicze2011a","2024-06-03 22:24:47","robert@localhost","2024-06-03 22:24:47","robert@localhost"
"S10528","46.942","18.934","DUNA1","8699","226",\N,\N,"cremation","R03672","C05975","1",\N,"inside a vessel",\N,\N,\N,"1","0","vicze2011a","2024-06-03 22:24:47","robert@localhost","2024-06-03 22:24:47","robert@localhost"
"S10528","46.942","18.934","DUNA1","8699","226",\N,\N,"cremation","R03673","C05976","1",\N,"inside a vessel",\N,\N,\N,"1","0","vicze2011a","2024-06-03 22:24:47","robert@localhost","2024-06-03 22:24:47","robert@localhost"
"S10528","46.942","18.934","DUNA2","4423","97",\N,\N,"cremation","R03674","C05977","1",\N,"inside a vessel",\N,\N,\N,"1","0","vicze2011a","2024-06-03 22:24:47","robert@localhost","2024-06-03 22:24:47","robert@localhost"
"S10528","46.942","18.934","DUNA2","4423","97",\N,\N,"cremation","R03675","C05978","1",\N,"inside a vessel",\N,\N,\N,"1","0","vicze2011a","2024-06-03 22:24:47","robert@localhost","2024-06-03 22:24:47","robert@localhost"
"S10528","46.942","18.934","DUNA2","4423","97",\N,\N,"cremation","R03676","C05979","1",\N,"inside a vessel",\N,\N,\N,"1","0","vicze2011a","2024-06-03 22:24:47","robert@localhost","2024-06-03 22:24:47","robert@localhost"
"S10528","46.942","18.934","DUNA2","4423","97",\N,\N,"cremation","R03677","C05980","1",\N,"inside a vessel",\N,\N,\N,"1","0","vicze2011a","2024-06-03 22:24:47","robert@localhost","2024-06-03 22:24:47","robert@localhost"
"S10528","46.942","18.934","DUNA2","4423","97",\N,\N,"cremation","R03678","C05981","1",\N,"inside a vessel",\N,\N,\N,"1","0","vicze2011a","2024-06-03 22:24:47","robert@localhost","2024-06-03 22:24:47","robert@localhost"
"S10528","46.942","18.934","DUNA2","4423","97",\N,\N,"cremation","R03679","C05982","1",\N,"inside a vessel",\N,\N,\N,"1","0","vicze2011a","2024-06-03 22:24:47","robert@localhost","2024-06-03 22:24:47","robert@localhost"
"S10528","46.942","18.934","DUNA2","4423","97",\N,\N,"cremation","R03680","C05983","1",\N,"inside a vessel",\N,\N,\N,"1","0","vicze2011a","2024-06-03 22:24:47","robert@localhost","2024-06-03 22:24:47","robert@localhost"
"S10528","46.942","18.934","DUNA2","4423","97",\N,\N,"cremation","R03681","C05984","1",\N,"inside a vessel",\N,\N,\N,"1","0","vicze2011a","2024-06-03 22:24:47","robert@localhost","2024-06-03 22:24:47","robert@localhost"
"S10528","46.942","18.934","DUNA2","4423","97",\N,\N,"cremation","R03682","C05985","1",\N,"inside a vessel",\N,\N,\N,"1","0","vicze2011a","2024-06-03 22:24:47","robert@localhost","2024-06-03 22:24:47","robert@localhost"
"S10528","46.942","18.934","DUNA2","4423","97",\N,\N,"cremation","R03683","C05986","1",\N,"inside a vessel",\N,\N,\N,"1","0","vicze2011a","2024-06-03 22:24:47","robert@localhost","2024-06-03 22:24:47","robert@localhost"
"S10528","46.942","18.934","DUNA2","4423","97",\N,\N,"cremation","R03684","C05987","1",\N,"inside a vessel",\N,\N,\N,"1","0","vicze2011a","2024-06-03 22:24:47","robert@localhost","2024-06-03 22:24:47","robert@localhost"
"S10528","46.942","18.934","DUNA2","4423","97",\N,\N,"cremation","R03685","C05988","1",\N,"inside a vessel",\N,\N,\N,"1","0","vicze2011a","2024-06-03 22:24:47","robert@localhost","2024-06-03 22:24:47","robert@localhost"
"S10528","46.942","18.934","DUNA2","4423","97",\N,\N,"cremation","R03686","C05989","1",\N,"inside a vessel",\N,\N,\N,"1","0","vicze2011a","2024-06-03 22:24:47","robert@localhost","2024-06-03 22:24:47","robert@localhost"
"S10528","46.942","18.934","DUNA2","4423","97",\N,\N,"cremation","R03687","C05990","1",\N,"inside a vessel",\N,\N,\N,"1","0","vicze2011a","2024-06-03 22:24:47","robert@localhost","2024-06-03 22:24:47","robert@localhost"
"S10528","46.942","18.934","DUNA2","4423","97",\N,\N,"cremation","R03688","C05991","1",\N,"inside a vessel",\N,\N,\N,"1","0","vicze2011a","2024-06-03 22:24:47","robert@localhost","2024-06-03 22:24:47","robert@localhost"
"S10528","46.942","18.934","DUNA2","4423","97",\N,\N,"cremation","R03689","C05992","1",\N,"inside a vessel",\N,\N,\N,"1","0","vicze2011a","2024-06-03 22:24:47","robert@localhost","2024-06-03 22:24:47","robert@localhost"
"S10528","46.942","18.934","DUNA2","4423","97",\N,\N,"cremation","R03690","C05993","1",\N,"inside a vessel",\N,\N,\N,"1","0","vicze2011a","2024-06-03 22:24:47","robert@localhost","2024-06-03 22:24:47","robert@localhost"
"S10528","46.942","18.934","DUNA2","4423","97",\N,\N,"cremation","R03691","C05994","1",\N,"inside a vessel",\N,\N,\N,"1","0","vicze2011a","2024-06-03 22:24:47","robert@localhost","2024-06-03 22:24:47","robert@localhost"
"S10528","46.942","18.934","DUNA2","4423","97",\N,\N,"cremation","R03692","C05995","1",\N,"inside a vessel",\N,\N,\N,"1","0","vicze2011a","2024-06-03 22:24:47","robert@localhost","2024-06-03 22:24:47","robert@localhost"
"S10528","46.942","18.934","DUNA2","4423","97",\N,\N,"cremation","R03693","C05996","1",\N,"inside a vessel",\N,\N,\N,"1","0","vicze2011a","2024-06-03 22:24:47","robert@localhost","2024-06-03 22:24:47","robert@localhost"
"S10528","46.942","18.934","DUNA2","4423","97",\N,\N,"cremation","R03694","C05997","1",\N,"inside a vessel",\N,\N,\N,"1","0","vicze2011a","2024-06-03 22:24:47","robert@localhost","2024-06-03 22:24:47","robert@localhost"
"S10528","46.942","18.934","DUNA2","4423","97",\N,\N,"cremation","R03695","C05998","1",\N,"inside a vessel",\N,\N,\N,"1","0","vicze2011a","2024-06-03 22:24:47","robert@localhost","2024-06-03 22:24:47","robert@localhost"
"S10528","46.942","18.934","DUNA2","4423","97",\N,\N,"cremation","R03696","C05999","1",\N,"inside a vessel",\N,\N,\N,"1","0","vicze2011a","2024-06-03 22:24:47","robert@localhost","2024-06-03 22:24:47","robert@localhost"
"S11018","50.215","15.119","CHLEB1","3877","62",\N,\N,"inhumation","R03697","C07476","0","1",\N,\N,\N,\N,"1","0","papac2021a","2024-06-03 22:24:47","robert@localhost","2024-06-03 22:24:47","robert@localhost"
"S11018","50.215","15.119","CHLEB1","3877","62",\N,\N,"inhumation","R03698","C07477","1","0",\N,\N,\N,\N,"1","0","papac2021a","2024-06-03 22:24:47","robert@localhost","2024-06-03 22:24:47","robert@localhost"
"S11018","50.215","15.119","CHLEB1","3877","62",\N,\N,"inhumation","R03699","C07478","1","0",\N,\N,\N,\N,"1","0","papac2021a","2024-06-03 22:24:47","robert@localhost","2024-06-03 22:24:47","robert@localhost"
"S11018","50.215","15.119","CHLEB1","3877","62",\N,\N,"inhumation","R03700","C07479","1","0",\N,\N,\N,\N,"1","0","papac2021a","2024-06-03 22:24:47","robert@localhost","2024-06-03 22:24:47","robert@localhost"
"S11018","50.215","15.119","CHLEB1","3877","62",\N,\N,"inhumation","R03701","C07485",\N,\N,\N,\N,\N,\N,\N,\N,"papac2021a","2024-06-03 22:24:47","robert@localhost","2024-06-03 22:24:47","robert@localhost"
"S11018","50.215","15.119","CHLEB1","3877","62",\N,\N,"inhumation","R03702","C07486",\N,\N,\N,\N,\N,\N,\N,\N,"papac2021a","2024-06-03 22:24:47","robert@localhost","2024-06-03 22:24:47","robert@localhost"
"S11018","50.215","15.119","CHLEB1","3877","62",\N,\N,"inhumation","R03703","C07487",\N,\N,\N,\N,\N,\N,\N,\N,"papac2021a","2024-06-03 22:24:47","robert@localhost","2024-06-03 22:24:47","robert@localhost"
"S11018","50.215","15.119","CHLEB1","3877","62",\N,\N,"inhumation","R03704","C07488",\N,\N,\N,\N,\N,\N,\N,\N,"papac2021a","2024-06-03 22:24:47","robert@localhost","2024-06-03 22:24:47","robert@localhost"
"S06070","50.143","14.231","MAKOT1","5502","127",\N,\N,"inhumation","R03705","C07555",\N,\N,\N,\N,\N,\N,"0","0","papac2021a","2024-06-03 22:24:47","robert@localhost","2024-06-03 22:24:47","robert@localhost"
"S06070","50.143","14.231","MAKOT1","5502","127",\N,\N,"inhumation","R03706","C07562",\N,\N,\N,\N,\N,\N,"0","0","papac2021a","2024-06-03 22:24:47","robert@localhost","2024-06-03 22:24:47","robert@localhost"
"S06070","50.143","14.231","MAKOT1","5502","127",\N,\N,"inhumation","R03707","C07566",\N,\N,\N,\N,\N,\N,"0","0","papac2021a","2024-06-03 22:24:47","robert@localhost","2024-06-03 22:24:47","robert@localhost"
"S06070","50.143","14.231","MAKOT1","5502","127",\N,\N,"inhumation","R03708","C07568",\N,\N,\N,\N,\N,\N,"0","0","papac2021a","2024-06-03 22:24:47","robert@localhost","2024-06-03 22:24:47","robert@localhost"
"S06070","50.143","14.231","MAKOT1","5502","127",\N,\N,"inhumation","R03709","C07569",\N,\N,\N,\N,\N,\N,"0","0","papac2021a","2024-06-03 22:24:47","robert@localhost","2024-06-03 22:24:47","robert@localhost"
"S11034","50.417","14.246","ROUD1","3993","64",\N,\N,"inhumation","R03710","C07633",\N,\N,\N,\N,\N,\N,"1","0","papac2021a","2024-06-03 22:24:47","robert@localhost","2024-06-03 22:24:47","robert@localhost"
"S11034","50.417","14.246","ROUD1","3993","64",\N,\N,"inhumation","R03711","C07634",\N,\N,\N,\N,\N,\N,"1","0","papac2021a","2024-06-03 22:24:47","robert@localhost","2024-06-03 22:24:47","robert@localhost"
"S11034","50.417","14.246","ROUD1","3993","64",\N,\N,"inhumation","R03712","C07635",\N,\N,\N,\N,\N,\N,"1","0","papac2021a","2024-06-03 22:24:47","robert@localhost","2024-06-03 22:24:47","robert@localhost"
"S11034","50.417","14.246","ROUD1","3993","64",\N,\N,"inhumation","R03713","C07636",\N,\N,\N,\N,\N,\N,"1","0","papac2021a","2024-06-03 22:24:47","robert@localhost","2024-06-03 22:24:47","robert@localhost"
"S11034","50.417","14.246","ROUD1","3993","64",\N,\N,"inhumation","R03714","C07637",\N,\N,\N,\N,\N,\N,"1","0","papac2021a","2024-06-03 22:24:47","robert@localhost","2024-06-03 22:24:47","robert@localhost"
"S11034","50.417","14.246","ROUD1","3993","64",\N,\N,"inhumation","R03715","C07638",\N,\N,\N,\N,\N,\N,"1","0","papac2021a","2024-06-03 22:24:47","robert@localhost","2024-06-03 22:24:47","robert@localhost"
"S11034","50.417","14.246","ROUD1","3993","64",\N,\N,"inhumation","R03716","C07639",\N,\N,\N,\N,\N,\N,"1","0","papac2021a","2024-06-03 22:24:47","robert@localhost","2024-06-03 22:24:47","robert@localhost"
"S11034","50.417","14.246","ROUD1","3993","64",\N,\N,"inhumation","R03717","C07640",\N,\N,\N,\N,\N,\N,"1","0","papac2021a","2024-06-03 22:24:47","robert@localhost","2024-06-03 22:24:47","robert@localhost"
"S11034","50.417","14.246","ROUD1","3993","64",\N,\N,"inhumation","R03718","C07641",\N,\N,\N,\N,\N,\N,"1","0","papac2021a","2024-06-03 22:24:47","robert@localhost","2024-06-03 22:24:47","robert@localhost"
"S11034","50.417","14.246","ROUD1","3993","64",\N,\N,"inhumation","R03719","C07642",\N,\N,\N,\N,\N,\N,"1","0","papac2021a","2024-06-03 22:24:47","robert@localhost","2024-06-03 22:24:47","robert@localhost"
"S11034","50.417","14.246","ROUD1","3993","64",\N,\N,"inhumation","R03720","C07643",\N,\N,\N,\N,\N,\N,"1","0","papac2021a","2024-06-03 22:24:47","robert@localhost","2024-06-03 22:24:47","robert@localhost"
"S11036","50.283","14.539","TISIC3","4271","99",\N,\N,"cremation","R03721","C07648",\N,\N,\N,\N,\N,\N,\N,"0","papac2021a","2024-06-03 22:24:47","robert@localhost","2024-06-03 22:24:47","robert@localhost"
"S11040","50.363","14.452","VLIN8","3874","128","VLI054","papac2021a","inhumation","R03722","C07734","1",\N,\N,\N,\N,\N,"1","0","papac2021a","2024-06-03 22:24:47","robert@localhost","2024-06-03 22:24:47","robert@localhost"
"S11040","50.363","14.452","VLIN8","3874","128",\N,\N,"inhumation","R03723","C07735",\N,\N,\N,\N,\N,\N,\N,"0","papac2021a","2024-06-03 22:24:47","robert@localhost","2024-06-03 22:24:47","robert@localhost"
"S11030","50.153","14.495","PRDAB1","4073","39",\N,\N,"inhumation","R03724","C07762","1",\N,\N,\N,\N,\N,"1","0","papac2021a","2024-06-03 22:24:47","robert@localhost","2024-06-03 22:24:47","robert@localhost"
"S10221","55.703","11.855","KYNDLN","3924","139","NEO878","allen2022a","inhumation","R03725","C09329",\N,\N,\N,\N,\N,\N,\N,\N,"allen2022a","2024-06-03 22:24:47","robert@localhost","2024-06-03 22:24:47","robert@localhost"
"S10382","58.165","13.455","G94MN","4868","60","NEO259","allen2022a","inhumation","R03726","C09330","1","0",\N,\N,\N,\N,\N,"0","allen2022a","2024-06-03 22:24:47","robert@localhost","2024-06-03 22:24:47","robert@localhost"
"S10221","55.703","11.855","KYNDLN","3924","139","RISE060","sjögr2022a","inhumation","R03727","C09331",\N,\N,\N,\N,\N,\N,\N,\N,"frei2019a","2024-06-03 22:24:47","robert@localhost","2024-06-03 22:24:47","robert@localhost"
"S10370","58.166","13.573","FALNEO","3874","78","NEO220","allen2022a","inhumation","R03728","C09332","1",\N,\N,\N,\N,\N,"0","0","blank2018a","2024-06-03 22:24:47","robert@localhost","2024-06-03 22:24:47","robert@localhost"
"S10370","58.166","13.573","FALNEO","3874","78","NEO221","allen2022a","inhumation","R03729","C09333","1",\N,\N,\N,\N,\N,"0","0","blank2018a","2024-06-03 22:24:47","robert@localhost","2024-06-03 22:24:47","robert@localhost"
"S10370","58.166","13.573","FALNEO","3874","78","NEO223","allen2022a","inhumation","R03730","C09334","1",\N,\N,\N,\N,\N,"0","0","blank2018a","2024-06-03 22:24:47","robert@localhost","2024-06-03 22:24:47","robert@localhost"
"S10370","58.166","13.573","FALNEO","3874","78","NEO224","allen2022a","inhumation","R03731","C09335","1",\N,\N,\N,\N,\N,"0","0","blank2018a","2024-06-03 22:24:47","robert@localhost","2024-06-03 22:24:47","robert@localhost"
"S10370","58.166","13.573","FALNEO","3874","78","NEO225","allen2022a","inhumation","R03732","C09336","1",\N,\N,\N,\N,\N,"0","0","blank2018a","2024-06-03 22:24:47","robert@localhost","2024-06-03 22:24:47","robert@localhost"
"S10370","58.166","13.573","FALNEO","3874","78","NEO227","allen2022a","inhumation","R03733","C09337","1",\N,\N,\N,\N,\N,"0","0","blank2018a","2024-06-03 22:24:47","robert@localhost","2024-06-03 22:24:47","robert@localhost"
"S10370","58.166","13.573","FALNEO","3874","78","NEO228","allen2022a","inhumation","R03734","C09338","1",\N,\N,\N,\N,\N,"0","0","blank2018a","2024-06-03 22:24:47","robert@localhost","2024-06-03 22:24:47","robert@localhost"
"S10370","58.166","13.573","FALNEO","3874","78","NEO213","allen2022a","inhumation","R03735","C09339","1",\N,\N,\N,\N,\N,"0","0","blank2018a","2024-06-03 22:24:47","robert@localhost","2024-06-03 22:24:47","robert@localhost"
"S10370","58.166","13.573","FALNEO","3874","78","NEO214","allen2022a","inhumation","R03736","C09340","1",\N,\N,\N,\N,\N,"0","0","blank2018a","2024-06-03 22:24:47","robert@localhost","2024-06-03 22:24:47","robert@localhost"
"S10370","58.166","13.573","FALNEO","3874","78","NEO215","allen2022a","inhumation","R03737","C09341","1",\N,\N,\N,\N,\N,"0","0","blank2018a","2024-06-03 22:24:47","robert@localhost","2024-06-03 22:24:47","robert@localhost"
"S10370","58.166","13.573","FALNEO","3874","78","NEO216","allen2022a","inhumation","R03738","C09342","1",\N,\N,\N,\N,\N,"0","0","blank2018a","2024-06-03 22:24:47","robert@localhost","2024-06-03 22:24:47","robert@localhost"
"S10370","58.166","13.573","FALNEO","3874","78","NEO217","allen2022a","inhumation","R03739","C09343","1",\N,\N,\N,\N,\N,"0","0","blank2018a","2024-06-03 22:24:47","robert@localhost","2024-06-03 22:24:47","robert@localhost"
"S10370","58.166","13.573","FALNEO","3874","78","NEO218","allen2022a","inhumation","R03740","C09344","1",\N,\N,\N,\N,\N,"0","0","blank2018a","2024-06-03 22:24:47","robert@localhost","2024-06-03 22:24:47","robert@localhost"
"S10370","58.166","13.573","FALNEO","3874","78","NEO219","allen2022a","inhumation","R03741","C09345","1",\N,\N,\N,\N,\N,"0","0","blank2018a","2024-06-03 22:24:47","robert@localhost","2024-06-03 22:24:47","robert@localhost"
"S10370","58.166","13.573","FALNEO","3874","78","NEO222","allen2022a","inhumation","R03742","C09346","1",\N,\N,\N,\N,\N,"0","0","blank2018a","2024-06-03 22:24:47","robert@localhost","2024-06-03 22:24:47","robert@localhost"
"S10370","58.166","13.573","FALNEO","3874","78","NEO226","allen2022a","inhumation","R03743","C09347","1",\N,\N,\N,\N,\N,"0","0","blank2018a","2024-06-03 22:24:47","robert@localhost","2024-06-03 22:24:47","robert@localhost"
"S11352","56.016","92.866","AFONT2","6060","304","NEO102","allen2022a",\N,"R03744","C09348",\N,\N,\N,\N,\N,\N,\N,\N,"allen2022a","2024-06-03 22:24:47","robert@localhost","2024-06-03 22:24:47","robert@localhost"
"S11353","40.101","44.294","AKNKS1","7650","111","NEO110","allen2022a","inhumation","R03745","C09349",\N,\N,\N,\N,\N,\N,\N,\N,"allen2022a","2024-06-03 22:24:47","robert@localhost","2024-06-03 22:24:47","robert@localhost"
"S11353","40.101","44.294","AKNKS1","7650","111",\N,\N,\N,"R03746","C09350",\N,\N,\N,\N,\N,\N,\N,\N,"allen2022a","2024-06-03 22:24:47","robert@localhost","2024-06-03 22:24:47","robert@localhost"
"S11353","40.101","44.294","AKNKS2","8261","260",\N,\N,"inhumation","R03747","C09351",\N,\N,"crouched","left","200","270",\N,\N,"badal2010a","2024-06-03 22:24:47","robert@localhost","2024-06-03 22:24:47","robert@localhost"
"S11353","40.101","44.294","AKNKS3","1802","833","NEO111","sjögr2022a",\N,"R03748","C09352",\N,\N,\N,\N,\N,\N,\N,\N,"frei2019a","2024-06-03 22:24:47","robert@localhost","2024-06-03 22:24:47","robert@localhost"
"S01083","55.580","13.120","ÄNGDA1","5655","89","NEO046","allen2022a","inhumation","R03749","C09353",\N,\N,"extended","back",\N,\N,\N,\N,"allen2022a","2024-06-03 22:24:47","robert@localhost","2024-06-03 22:24:47","robert@localhost"
"S11354","52.166","64.533","BESTA2","4107","491","NEO057","allen2022a","inhumation","R03750","C09354",\N,\N,\N,\N,\N,\N,\N,\N,"allen2022a","2024-06-03 22:24:47","robert@localhost","2024-06-03 22:24:47","robert@localhost"
"S11354","52.166","64.533","BESTA1","5246","163",\N,\N,\N,"R03751","C09355",\N,\N,\N,\N,\N,\N,\N,\N,"logvi2013a","2024-06-03 22:24:47","robert@localhost","2024-06-03 22:24:47","robert@localhost"
"S11354","52.166","64.533","BESTA1","5246","163",\N,\N,\N,"R03752","C09356",\N,\N,\N,\N,\N,\N,\N,\N,"logvi2013a","2024-06-03 22:24:47","robert@localhost","2024-06-03 22:24:47","robert@localhost"
"S11354","52.166","64.533","BESTA1","5246","163",\N,\N,\N,"R03753","C09357",\N,\N,\N,\N,\N,\N,\N,\N,"logvi2013a","2024-06-03 22:24:47","robert@localhost","2024-06-03 22:24:47","robert@localhost"
"S11354","52.166","64.533","BESTA2","4107","491",\N,\N,\N,"R03754","C09358",\N,\N,\N,\N,\N,\N,\N,\N,"logvi2013a","2024-06-03 22:24:47","robert@localhost","2024-06-03 22:24:47","robert@localhost"
"S11354","52.166","64.533","BESTA2","4107","491",\N,\N,\N,"R03755","C09359",\N,\N,\N,\N,\N,\N,\N,\N,"logvi2013a","2024-06-03 22:24:47","robert@localhost","2024-06-03 22:24:47","robert@localhost"
"S11354","52.166","64.533","BESTA3","3879","256",\N,\N,\N,"R03756","C09360",\N,\N,\N,\N,\N,\N,\N,\N,"logvi2013a","2024-06-03 22:24:47","robert@localhost","2024-06-03 22:24:47","robert@localhost"
"S11354","52.166","64.533","BESTA3","3879","256",\N,\N,\N,"R03757","C09361","0","1","extended","left","260","280","1",\N,"logvi2013a","2024-06-03 22:24:47","robert@localhost","2024-06-03 22:24:47","robert@localhost"
"S11354","52.166","64.533","BESTA5","2775","219",\N,\N,\N,"R03758","C09362",\N,\N,\N,\N,\N,\N,\N,\N,"logvi2013a","2024-06-03 22:24:47","robert@localhost","2024-06-03 22:24:47","robert@localhost"
"S04652","56.874","9.215","BJOER1","6573","146","NEO751","allen2022a","inhumation","R03759","C09363",\N,\N,\N,\N,\N,\N,\N,\N,"allen2022a","2024-06-03 22:24:47","robert@localhost","2024-06-03 22:24:47","robert@localhost"
"S11301","68.966","33.083","BOOLOST1","3225","883",\N,\N,"inhumation","R03760","C09364","0","1","crouched","back","90","100","0",\N,"колпа2019а","2024-06-03 22:24:47","robert@localhost","2024-06-03 22:24:47","robert@localhost"
"S11301","68.966","33.083","BOOLOST1","3225","883","NEO060","allen2022a","inhumation","R03761","C09365","0","1","extended","back","90","100","0",\N,"колпа2019а","2024-06-03 22:24:47","robert@localhost","2024-06-03 22:24:47","robert@localhost"
"S11301","68.966","33.083","BOOLOST1","3225","883",\N,\N,"inhumation","R03762","C09366","0","1","extended","back","90","100","0",\N,"колпа2019а","2024-06-03 22:24:47","robert@localhost","2024-06-03 22:24:47","robert@localhost"
"S11301","68.966","33.083","BOOLOST1","3225","883","NEO061","allen2022a","inhumation","R03763","C09367","0","1","extended","back","60","80","1",\N,"колпа2019а","2024-06-03 22:24:47","robert@localhost","2024-06-03 22:24:47","robert@localhost"
"S11301","68.966","33.083","BOOLOST1","3225","883",\N,\N,"inhumation","R03764","C09368","0","1","extended","back","70","90","1",\N,"колпа2019а","2024-06-03 22:24:47","robert@localhost","2024-06-03 22:24:47","robert@localhost"
"S11301","68.966","33.083","BOOLOST1","3225","883","NEO062","allen2022a","inhumation","R03765","C09369","0","1","extended","back","70","90","1",\N,"колпа2019а","2024-06-03 22:24:47","robert@localhost","2024-06-03 22:24:47","robert@localhost"
"S07871","55.570","11.532","BODAL1","6581","602","NEO814","allen2022a","inhumation","R03766","C09370","1","0",\N,\N,\N,\N,"0",\N,"allen2022a","2024-06-03 22:24:47","robert@localhost","2024-06-03 22:24:47","robert@localhost"
"S11302","55.225","11.303","BORRE2","4032","127","NEO735","allen2022a","inhumation","R03767","C09371","1",\N,\N,\N,\N,\N,\N,\N,"allen2022a","2024-06-03 22:24:47","robert@localhost","2024-06-03 22:24:47","robert@localhost"
"S11302","55.225","11.303","BORRE2","4032","127","NEO737","allen2022a","inhumation","R03768","C09372","1",\N,\N,\N,\N,\N,\N,\N,"allen2022a","2024-06-03 22:24:47","robert@localhost","2024-06-03 22:24:47","robert@localhost"
"S07877","57.742","13.403","BREDG1","9654","83","NEO027","allen2022a","inhumation","R03769","C09373",\N,"1",\N,\N,\N,\N,\N,\N,"allen2022a","2024-06-03 22:24:47","robert@localhost","2024-06-03 22:24:47","robert@localhost"
"S11303","55.484","11.579","DOEJR1","5461","103","NEO566","allen2022a","inhumation","R03770","C09374",\N,\N,\N,\N,\N,\N,\N,\N,"niels2018a","2024-06-03 22:24:47","robert@localhost","2024-06-03 22:24:47","robert@localhost"
"S11303","55.484","11.579","DOEJR1","5461","103",\N,\N,"inhumation","R03771","C09375",\N,\N,\N,\N,\N,\N,\N,\N,"niels2018a","2024-06-03 22:24:47","robert@localhost","2024-06-03 22:24:47","robert@localhost"
"S11304","56.240","95.670","DOLOZ1","6199","125","NEO292","allen2022a","inhumation","R03772","C09376",\N,"1",\N,\N,\N,\N,\N,\N,"allen2022a","2024-06-03 22:24:47","robert@localhost","2024-06-03 22:24:47","robert@localhost"
"S07897","55.568","12.948","DOSN2","4475","151","NEO044","allen2022a","inhumation","R03773","C09377","0","1","crouched","left","315","45","1",\N,"allen2022a","2024-06-03 22:24:47","robert@localhost","2024-06-03 22:24:47","robert@localhost"
"S07894","55.768","11.388","DRG1","6912","348","NEO732","allen2022a","inhumation","R03774","C09378","0","1","crouched","left/front","270","0","1","1","price2007a","2024-06-03 22:24:47","robert@localhost","2024-06-03 22:24:47","robert@localhost"
"S07894","55.768","11.388","DRG1","6912","348","NEO733","allen2022a","inhumation","R03775","C09379","0","1","extended","back","270","0","1","1","price2007a","2024-06-03 22:24:47","robert@localhost","2024-06-03 22:24:47","robert@localhost"
"S07894","55.768","11.388","DRG2","5994","401","NEO962","allen2022a","inhumation","R03776","C09380","0","1","extended","back","225","315","1","0","price2007a","2024-06-03 22:24:47","robert@localhost","2024-06-03 22:24:47","robert@localhost"
"S07894","55.768","11.388","DRG3","5073","971","NEO822","allen2022a","inhumation","R03777","C09381","1","0",\N,\N,\N,\N,"0","0","price2007a","2024-06-03 22:24:47","robert@localhost","2024-06-03 22:24:47","robert@localhost"
"S07894","55.768","11.388","DRG3","5073","971",\N,\N,"inhumation","R03778","C09382","1","0",\N,\N,\N,\N,"0","0","price2007a","2024-06-03 22:24:47","robert@localhost","2024-06-03 22:24:47","robert@localhost"
"S07904","56.800","9.181","ERTEBE1","6424","296","NEO568","allen2022a","inhumation","R03779","C09383","0","1","extended","back","0","90","0","0","madse1900a","2024-06-03 22:24:47","robert@localhost","2024-06-03 22:24:47","robert@localhost"
"S07904","56.800","9.181","ERTEBE1","6424","296","NEO569","allen2022a","inhumation","R03780","C09384","0","1","extended","back",\N,\N,"0","0","madse1900a","2024-06-03 22:24:47","robert@localhost","2024-06-03 22:24:47","robert@localhost"
"S07904","56.800","9.181","ERTEBE1","6424","296",\N,\N,"inhumation","R03781","C09385","1","0",\N,\N,\N,\N,"0","0","madse1900a","2024-06-03 22:24:47","robert@localhost","2024-06-03 22:24:47","robert@localhost"
"S07904","56.800","9.181","ERTEBE1","6424","296",\N,\N,"inhumation","R03782","C09386","1","0",\N,\N,\N,\N,"0","0","madse1900a","2024-06-03 22:24:47","robert@localhost","2024-06-03 22:24:47","robert@localhost"
"S01864","58.240","11.470","EVELN1","5935","264",\N,\N,"inhumation","R03783","C09387","1","0",\N,\N,\N,\N,"0","0","madse1900a","2024-06-03 22:24:47","robert@localhost","2024-06-03 22:24:47","robert@localhost"
"S01864","58.240","11.470","EVELN1","5935","264",\N,\N,"inhumation","R03784","C09388",\N,\N,\N,\N,"225","315","0","0","allen2022a","2024-06-03 22:24:47","robert@localhost","2024-06-03 22:24:47","robert@localhost"
"S01864","58.240","11.470","EVELN1","5935","264","NEO260","allen2022a","inhumation","R03785","C09389","0","1","extended","back","225","315","0","0","allen2022a","2024-06-03 22:24:47","robert@localhost","2024-06-03 22:24:47","robert@localhost"
"S11305","56.401","10.715","FANED1","6650","131","NEO855","allen2022a","inhumation","R03786","C09390","0","1",\N,\N,\N,\N,"0","0","allen2022a","2024-06-03 22:24:47","robert@localhost","2024-06-03 22:24:47","robert@localhost"
"S11306","56.401","10.718","FANEE1","6718","201","NEO570","allen2022a","inhumation","R03787","C09391","0","1",\N,\N,\N,\N,"0","0","allen2022a","2024-06-03 22:24:47","robert@localhost","2024-06-03 22:24:47","robert@localhost"
"S11307","56.400","10.714","FANEF1","7121","232","NEO930","allen2022a","inhumation","R03788","C09392","0","1","extended","back",\N,\N,"1","1","allen2022a","2024-06-03 22:24:47","robert@localhost","2024-06-03 22:24:47","robert@localhost"
"S11309","52.200","107.000","FOFON1","7716","192","NEO199","allen2022a","inhumation","R03789","C09393",\N,\N,\N,\N,\N,\N,\N,\N,"allen2022a","2024-06-03 22:24:47","robert@localhost","2024-06-03 22:24:47","robert@localhost"
"S11309","52.200","107.000","FOFON1","7716","192","NEO200","allen2022a","inhumation","R03790","C09394",\N,\N,\N,\N,\N,\N,\N,\N,"allen2022a","2024-06-03 22:24:47","robert@localhost","2024-06-03 22:24:47","robert@localhost"
"S11309","52.200","107.000","FOFON1","7716","192","NEO201","allen2022a","inhumation","R03791","C09395",\N,\N,\N,\N,\N,\N,\N,\N,"allen2022a","2024-06-03 22:24:47","robert@localhost","2024-06-03 22:24:47","robert@localhost"
"S11310","54.876","10.784","GAMME2","3925","141","NEO934","allen2022a","inhumation","R03792","C09396",\N,"1",\N,\N,\N,\N,\N,\N,"allen2022a","2024-06-03 22:24:47","robert@localhost","2024-06-03 22:24:47","robert@localhost"
"S11311","55.404","11.497","GROFT1","5494","120","NEO571","allen2022a","inhumation","R03793","C09397","1","0",\N,\N,\N,\N,\N,"0","allen2022a","2024-06-03 22:24:47","robert@localhost","2024-06-03 22:24:47","robert@localhost"
"S11311","55.404","11.497","GROFT1","5494","120","NEO572","allen2022a","inhumation","R03794","C09398","1","0",\N,\N,\N,\N,\N,"0","allen2022a","2024-06-03 22:24:47","robert@localhost","2024-06-03 22:24:47","robert@localhost"
"S01991","43.190","2.250","GRGAZ3","7010","388",\N,\N,"inhumation","R03795","C09399","0","1",\N,\N,\N,\N,\N,"0","allen2022a","2024-06-03 22:24:47","robert@localhost","2024-06-03 22:24:47","robert@localhost"
"S01991","43.190","2.250","GRGAZ3","7010","388","NEO812","allen2022a","inhumation","R03796","C09400","0","1","crouched","front",\N,\N,\N,"0","allen2022a","2024-06-03 22:24:47","robert@localhost","2024-06-03 22:24:47","robert@localhost"
"S01991","43.190","2.250","GRGAZ3","7010","388","NEO813","allen2022a","inhumation","R03797","C09401","0","1","crouched","right/back",\N,\N,\N,"0","allen2022a","2024-06-03 22:24:47","robert@localhost","2024-06-03 22:24:47","robert@localhost"
"S07943","58.383","13.567","HANAS1","9674","98","NEO018","allen2022a","inhumation","R03798","C09402","0","1",\N,\N,\N,\N,\N,"0","allen2022a","2024-06-03 22:24:47","robert@localhost","2024-06-03 22:24:47","robert@localhost"
"S10652","56.709","10.171","HAVN1","6790","144","NEO941","allen2022a","inhumation","R03799","C09403","1","0",\N,\N,\N,\N,\N,"0","allen2022a","2024-06-03 22:24:47","robert@localhost","2024-06-03 22:24:47","robert@localhost"
"S11312","56.907","9.576","HEDEGA1","9630","43","NEO013","allen2022a","inhumation","R03800","C09404",\N,"0",\N,\N,\N,\N,\N,"0","allen2022a","2024-06-03 22:24:47","robert@localhost","2024-06-03 22:24:47","robert@localhost"
"S11313","55.853","12.559","HENBOG1","7047","258","NEO745","allen2022a","inhumation","R03801","C09405","0","1","extended","back",\N,\N,"1","0","brinc2015a","2024-06-03 22:24:47","robert@localhost","2024-06-03 22:24:47","robert@localhost"
"S11313","55.853","12.559","HENBOG1","7047","258","NEO746","allen2022a","inhumation","R03802","C09406",\N,\N,\N,\N,\N,\N,\N,"0","brinc2015a","2024-06-03 22:24:47","robert@localhost","2024-06-03 22:24:47","robert@localhost"
"S11313","55.853","12.559","HENBOG1","7047","258","NEO747","allen2022a","inhumation","R03803","C09407",\N,\N,\N,\N,\N,\N,\N,"0","brinc2015a","2024-06-03 22:24:47","robert@localhost","2024-06-03 22:24:47","robert@localhost"
"S11313","55.853","12.559","HENBOG1","7047","258","NEO748","allen2022a","inhumation","R03804","C09408",\N,\N,\N,\N,\N,\N,\N,"0","brinc2015a","2024-06-03 22:24:47","robert@localhost","2024-06-03 22:24:47","robert@localhost"
"S11313","55.853","12.559","HENBOG1","7047","258","NEO749","allen2022a","inhumation","R03805","C09409",\N,\N,\N,\N,\N,\N,\N,"0","brinc2015a","2024-06-03 22:24:47","robert@localhost","2024-06-03 22:24:47","robert@localhost"
"S11315","56.251","10.755","HOLM-DJU1","6908","237","NEO001","allen2022a","inhumation","R03806","C09410",\N,"0",\N,\N,\N,\N,\N,"0","allen2022a","2024-06-03 22:24:47","robert@localhost","2024-06-03 22:24:47","robert@localhost"
"S10220","55.708","12.250","GUNDEBA","3882","880","NEO946","allen2022a","inhumation","R03807","C09411",\N,"1",\N,\N,\N,\N,"0","0","allen2022a","2024-06-03 22:24:47","robert@localhost","2024-06-03 22:24:47","robert@localhost"
"S11316","58.064","7.743","HUMME1","9600","248","NEO017","allen2022a","inhumation","R03808","C09412",\N,"1",\N,\N,\N,\N,\N,"0","allen2022a","2024-06-03 22:24:47","robert@localhost","2024-06-03 22:24:47","robert@localhost"
"S11316","58.064","7.743","HUMME1","9600","248","H22","günth2018a","inhumation","R03809","C09413",\N,"1",\N,\N,\N,\N,\N,"0","günth2018a","2024-06-03 22:24:47","robert@localhost","2024-06-03 22:24:47","robert@localhost"
"S11316","58.064","7.743","HUMME1","9600","248","H26","günth2018a","inhumation","R03810","C09414",\N,"0",\N,\N,\N,\N,\N,"0","günth2018a","2024-06-03 22:24:47","robert@localhost","2024-06-03 22:24:47","robert@localhost"
"S11370","67.805","14.660","STEIG1","6329","286","Stg001","günth2018a","inhumation","R03811","C09415",\N,"0",\N,\N,\N,\N,\N,"0","günth2018a","2024-06-03 22:24:47","robert@localhost","2024-06-03 22:24:47","robert@localhost"
"S03879","57.286","17.971","STOFOR1","8755","765","Sf9","günth2018a","inhumation","R03812","C09416",\N,"1",\N,\N,\N,\N,\N,"0","günth2018a","2024-06-03 22:24:47","robert@localhost","2024-06-03 22:24:47","robert@localhost"
"S03879","57.286","17.971","STOFOR1","8755","765","Sf11","günth2018a","inhumation","R03813","C09417",\N,\N,\N,\N,\N,\N,\N,"0","günth2018a","2024-06-03 22:24:47","robert@localhost","2024-06-03 22:24:47","robert@localhost"
"S03879","57.286","17.971","STOFOR1","8755","765","Sf12","günth2018a","inhumation","R03814","C09418",\N,\N,\N,\N,\N,\N,\N,"0","günth2018a","2024-06-03 22:24:47","robert@localhost","2024-06-03 22:24:47","robert@localhost"
"S03879","57.286","17.971","STOFOR1","8755","765","Sf13","günth2018a","inhumation","R03815","C09419",\N,\N,\N,\N,\N,\N,\N,"0","günth2018a","2024-06-03 22:24:47","robert@localhost","2024-06-03 22:24:47","robert@localhost"
"S08169","57.817","18.533","STOBJE1","8795","220","sbj001","günth2018a","inhumation","R03816","C09420","0","1",\N,\N,\N,\N,\N,"0","günth2018a","2024-06-03 22:24:47","robert@localhost","2024-06-03 22:24:47","robert@localhost"
"S11316","58.064","7.743","HUMME1","9600","248",\N,\N,"inhumation","R03817","C09421","1",\N,\N,\N,\N,\N,\N,"0","günth2018a","2024-06-03 22:24:47","robert@localhost","2024-06-03 22:24:47","robert@localhost"
"S11316","58.064","7.743","HUMME1","9600","248",\N,\N,"inhumation","R03818","C09422","1",\N,\N,\N,\N,\N,\N,"0","günth2018a","2024-06-03 22:24:47","robert@localhost","2024-06-03 22:24:47","robert@localhost"
"S11316","58.064","7.743","HUMME1","9600","248",\N,\N,"inhumation","R03819","C09423",\N,\N,\N,\N,\N,\N,\N,"0","günth2018a","2024-06-03 22:24:47","robert@localhost","2024-06-03 22:24:47","robert@localhost"
"S11316","58.064","7.743","HUMME1","9600","248",\N,\N,"inhumation","R03820","C09424",\N,\N,\N,\N,\N,\N,\N,"0","günth2018a","2024-06-03 22:24:47","robert@localhost","2024-06-03 22:24:47","robert@localhost"
"S10658","55.601","11.312","JORLO1","5415","374","NEO023","allen2022a","inhumation","R03821","C09425",\N,"1",\N,\N,\N,\N,\N,"0","allen2022a","2024-06-03 22:24:47","robert@localhost","2024-06-03 22:24:47","robert@localhost"
"S07990","56.433","10.789","KAINS1","4814","174",\N,\N,"inhumation","R03822","C09426","1","0",\N,\N,\N,\N,\N,"0","allen2022a","2024-06-03 22:24:47","robert@localhost","2024-06-03 22:24:47","robert@localhost"
"S07990","56.433","10.789","KAINS1","4814","174","NEO025","allen2022a","inhumation","R03823","C09427","1","0",\N,\N,\N,\N,\N,"0","allen2022a","2024-06-03 22:24:47","robert@localhost","2024-06-03 22:24:47","robert@localhost"
"S11317","55.555","13.023","KASTA1","4510","190",\N,\N,"inhumation","R03824","C09428","0","1",\N,\N,"135","225","1","0","allen2022a","2024-06-03 22:24:47","robert@localhost","2024-06-03 22:24:47","robert@localhost"
"S11317","55.555","13.023","KASTA1","4510","190",\N,\N,"inhumation","R03825","C09429","0","1",\N,\N,"315","45","1","0","allen2022a","2024-06-03 22:24:47","robert@localhost","2024-06-03 22:24:47","robert@localhost"
"S11317","55.555","13.023","KASTA1","4510","190","NEO051","allen2022a","inhumation","R03826","C09430","0","1",\N,\N,"135","225","1","0","allen2022a","2024-06-03 22:24:47","robert@localhost","2024-06-03 22:24:47","robert@localhost"
"S11318","48.966","38.238","KLESH1","4924","191","NEO276","allen2022a","inhumation","R03827","C09431","0","1","extended","back",\N,\N,\N,"1","allen2022a","2024-06-03 22:24:47","robert@localhost","2024-06-03 22:24:47","robert@localhost"
"S11318","48.966","38.238","KLESH1","4924","191","NEO277","allen2022a","inhumation","R03828","C09432","1","1",\N,\N,\N,\N,\N,"1","allen2022a","2024-06-03 22:24:47","robert@localhost","2024-06-03 22:24:47","robert@localhost"
"S11318","48.966","38.238","KLESH2","3021","451","NEO278","allen2022a","inhumation","R03829","C09433","0","1",\N,\N,\N,\N,\N,\N,"allen2022a","2024-06-03 22:24:47","robert@localhost","2024-06-03 22:24:47","robert@localhost"
"S08010","55.109","10.110","KLOKK1","5463","89","NEO575","allen2022a","inhumation","R03830","C09434",\N,\N,\N,\N,\N,\N,\N,\N,"allen2022a","2024-06-03 22:24:47","robert@localhost","2024-06-03 22:24:47","robert@localhost"
"S08010","55.109","10.110","KLOKK1","5463","89","NEO725","allen2022a","inhumation","R03831","C09435",\N,\N,\N,\N,\N,\N,\N,\N,"allen2022a","2024-06-03 22:24:47","robert@localhost","2024-06-03 22:24:47","robert@localhost"
"S08010","55.109","10.110","KLOKK1","5463","89","NEO728","allen2022a","inhumation","R03832","C09436",\N,\N,\N,\N,\N,\N,\N,\N,"allen2022a","2024-06-03 22:24:47","robert@localhost","2024-06-03 22:24:47","robert@localhost"
"S08010","55.109","10.110","KLOKK1","5463","89","NEO730","allen2022a","inhumation","R03833","C09437",\N,\N,\N,\N,\N,\N,\N,\N,"allen2022a","2024-06-03 22:24:47","robert@localhost","2024-06-03 22:24:47","robert@localhost"
"S08010","55.109","10.110","KLOKK2","4699","145",\N,\N,"inhumation","R03834","C09438",\N,\N,\N,\N,\N,\N,\N,\N,"allen2022a","2024-06-03 22:24:47","robert@localhost","2024-06-03 22:24:47","robert@localhost"
"S08010","55.109","10.110","KLOKK2","4699","145","NEO582","allen2022a","inhumation","R03835","C09439",\N,\N,\N,\N,\N,\N,\N,\N,"allen2022a","2024-06-03 22:24:47","robert@localhost","2024-06-03 22:24:47","robert@localhost"
"S08010","55.109","10.110","KLOKK2","4699","145","NEO579","allen2022a","inhumation","R03836","C09440",\N,\N,\N,\N,\N,\N,\N,\N,"allen2022a","2024-06-03 22:24:47","robert@localhost","2024-06-03 22:24:47","robert@localhost"
"S08010","55.109","10.110","KLOKK2","4699","145","NEO580","allen2022a","inhumation","R03837","C09441",\N,\N,\N,\N,\N,\N,\N,\N,"allen2022a","2024-06-03 22:24:47","robert@localhost","2024-06-03 22:24:47","robert@localhost"
"S08010","55.109","10.110","KLOKK2","4699","145","NEO581","allen2022a","inhumation","R03838","C09442",\N,\N,"heap",\N,\N,\N,\N,\N,"allen2022a","2024-06-03 22:24:47","robert@localhost","2024-06-03 22:24:47","robert@localhost"
"S08010","55.109","10.110","KLOKK","5689","156",\N,\N,"inhumation","R03839","C09443",\N,\N,\N,\N,\N,\N,\N,\N,"allen2022a","2024-06-03 22:24:47","robert@localhost","2024-06-03 22:24:47","robert@localhost"
"S08010","55.109","10.110","KLOKK","5689","156",\N,\N,"inhumation","R03840","C09444",\N,\N,\N,\N,\N,\N,\N,\N,"allen2022a","2024-06-03 22:24:47","robert@localhost","2024-06-03 22:24:47","robert@localhost"
"S08010","55.109","10.110","KLOKK","5689","156",\N,\N,"inhumation","R03841","C09445",\N,\N,\N,\N,\N,\N,\N,\N,"allen2022a","2024-06-03 22:24:47","robert@localhost","2024-06-03 22:24:47","robert@localhost"
"S08010","55.109","10.110","KLOKK","5689","156","NEO576","allen2022a","inhumation","R03842","C09446",\N,\N,\N,\N,\N,\N,\N,\N,"allen2022a","2024-06-03 22:24:47","robert@localhost","2024-06-03 22:24:47","robert@localhost"
"S08010","55.109","10.110","KLOKK","5689","156","NEO577","allen2022a","inhumation","R03843","C09447",\N,\N,\N,\N,\N,\N,\N,\N,"allen2022a","2024-06-03 22:24:47","robert@localhost","2024-06-03 22:24:47","robert@localhost"
"S08010","55.109","10.110","KLOKK","5689","156","NEO726","allen2022a","inhumation","R03844","C09448",\N,\N,\N,\N,\N,\N,\N,\N,"allen2022a","2024-06-03 22:24:47","robert@localhost","2024-06-03 22:24:47","robert@localhost"
"S08010","55.109","10.110","KLOKK","5689","156","NEO731","allen2022a","inhumation","R03845","C09449",\N,\N,\N,\N,\N,\N,\N,\N,"allen2022a","2024-06-03 22:24:47","robert@localhost","2024-06-03 22:24:47","robert@localhost"
"S08010","55.109","10.110","KLOKK","5689","156","NEO727","allen2022a","inhumation","R03846","C09450",\N,\N,\N,\N,\N,\N,\N,\N,"allen2022a","2024-06-03 22:24:47","robert@localhost","2024-06-03 22:24:47","robert@localhost"
"S08010","55.109","10.110","KLOKK","5689","156","NEO729","allen2022a","inhumation","R03847","C09451",\N,\N,\N,\N,\N,\N,\N,\N,"allen2022a","2024-06-03 22:24:47","robert@localhost","2024-06-03 22:24:47","robert@localhost"
"S08010","55.109","10.110","KLOKK","5689","156","NEO578","allen2022a","inhumation","R03848","C09452",\N,\N,\N,\N,\N,\N,\N,\N,"allen2022a","2024-06-03 22:24:47","robert@localhost","2024-06-03 22:24:47","robert@localhost"
"S08010","55.109","10.110","KLOKK","5689","156","NEO724","allen2022a","inhumation","R03849","C09453",\N,\N,\N,\N,\N,\N,\N,\N,"allen2022a","2024-06-03 22:24:47","robert@localhost","2024-06-03 22:24:47","robert@localhost"
"S08014","56.375","10.573","KOED1","7242","145","NEO583","allen2022a","inhumation","R03850","C09454",\N,\N,\N,\N,\N,\N,\N,\N,"allen2022a","2024-06-03 22:24:47","robert@localhost","2024-06-03 22:24:47","robert@localhost"
"S08014","56.375","10.573","KOED1","7242","145","NEO584","allen2022a","inhumation","R03851","C09455",\N,\N,\N,\N,\N,\N,\N,\N,"allen2022a","2024-06-03 22:24:47","robert@localhost","2024-06-03 22:24:47","robert@localhost"
"S08014","56.375","10.573","KOED1","7242","145","NEO585","allen2022a","inhumation","R03852","C09456",\N,\N,\N,\N,\N,\N,\N,\N,"allen2022a","2024-06-03 22:24:47","robert@localhost","2024-06-03 22:24:47","robert@localhost"
"S08014","56.375","10.573","KOED1","7242","145","NEO586","allen2022a","inhumation","R03853","C09457",\N,\N,\N,\N,\N,\N,\N,\N,"allen2022a","2024-06-03 22:24:47","robert@localhost","2024-06-03 22:24:47","robert@localhost"
"S10332","55.404","10.133","KOELEM","10424","42","NEO254","allen2022a","bog body","R03854","C09458",\N,\N,"scattered",\N,\N,\N,\N,\N,"allen2022a","2024-06-03 22:24:47","robert@localhost","2024-06-03 22:24:47","robert@localhost"
"S11319","55.402","12.367","KO-SO1","9243","75","NEO759","allen2022a","inhumation","R03855","C09459",\N,\N,\N,\N,\N,\N,\N,\N,"allen2022a","2024-06-03 22:24:47","robert@localhost","2024-06-03 22:24:47","robert@localhost"
"S11320","56.362","10.593","KOLIN3","4041","168","NEO738","allen2022a","inhumation","R03856","C09460","1",\N,\N,\N,\N,\N,\N,\N,"allen2022a","2024-06-03 22:24:47","robert@localhost","2024-06-03 22:24:47","robert@localhost"
"S11320","56.362","10.593","KOLIN3","4041","168","NEO739","allen2022a","inhumation","R03857","C09461","1",\N,\N,\N,\N,\N,\N,\N,"allen2022a","2024-06-03 22:24:47","robert@localhost","2024-06-03 22:24:47","robert@localhost"
"S08021","55.582","11.548","KO792","8412","724","NEO587","allen2022a","inhumation","R03858","C09462",\N,"1",\N,\N,\N,\N,\N,\N,"allen2022a","2024-06-03 22:24:47","robert@localhost","2024-06-03 22:24:47","robert@localhost"
"S08021","55.582","11.548","KO792","8412","724","NEO035","sjögr2022a","inhumation","R03859","C09463",\N,\N,\N,\N,\N,\N,\N,\N,"allen2022a","2024-06-03 22:24:47","robert@localhost","2024-06-03 22:24:47","robert@localhost"
"S08394","55.340","11.185","KORNO1","7221","283","NEO588","sjögr2022a","inhumation","R03860","C09464",\N,\N,\N,\N,\N,\N,\N,\N,"allen2022a","2024-06-03 22:24:47","robert@localhost","2024-06-03 22:24:47","robert@localhost"
"S08394","55.340","11.185","KORNO1","7221","283","NEO589","allen2022a","inhumation","R03861","C09465",\N,\N,\N,\N,\N,\N,\N,\N,"allen2022a","2024-06-03 22:24:47","robert@localhost","2024-06-03 22:24:47","robert@localhost"
"S08394","55.340","11.185","KORNO1","7221","283","NEO791","allen2022a","inhumation","R03862","C09466",\N,\N,\N,\N,\N,\N,\N,\N,"allen2022a","2024-06-03 22:24:47","robert@localhost","2024-06-03 22:24:47","robert@localhost"
"S10221","55.703","11.855","KYNDMN","4867","381","RISE066","sjögr2022a","inhumation","R03863","C09467",\N,\N,"extended","back",\N,\N,\N,\N,"frei2019a","2024-06-03 22:24:47","robert@localhost","2024-06-03 22:24:47","robert@localhost"
"S10221","55.703","11.855","KYNDMN","4867","381",\N,\N,"inhumation","R03864","C09468",\N,\N,\N,\N,\N,\N,\N,\N,"frei2019a","2024-06-03 22:24:47","robert@localhost","2024-06-03 22:24:47","robert@localhost"
"S10221","55.703","11.855","KYNDMN","4867","381",\N,\N,"inhumation","R03865","C09469",\N,\N,\N,\N,\N,\N,\N,\N,"frei2019a","2024-06-03 22:24:47","robert@localhost","2024-06-03 22:24:47","robert@localhost"
"S10221","55.703","11.855","KYNDMN","4867","381","RISE061","sjögr2022a","inhumation","R03866","C09470",\N,\N,\N,\N,\N,\N,\N,\N,"frei2019a","2024-06-03 22:24:47","robert@localhost","2024-06-03 22:24:47","robert@localhost"
"S10221","55.703","11.855","KYNDMN","4867","381","RISE062","sjögr2022a","inhumation","R03867","C09471",\N,\N,\N,\N,\N,\N,\N,\N,"frei2019a","2024-06-03 22:24:47","robert@localhost","2024-06-03 22:24:47","robert@localhost"
"S10221","55.703","11.855","KYNDMN","4867","381","RISE064","sjögr2022a","inhumation","R03868","C09472",\N,\N,\N,\N,\N,\N,\N,\N,"frei2019a","2024-06-03 22:24:47","robert@localhost","2024-06-03 22:24:47","robert@localhost"
"S10221","55.703","11.855","KYNDMN","4867","381","RISE065","sjögr2022a","inhumation","R03869","C09473",\N,\N,\N,\N,\N,\N,\N,\N,"frei2019a","2024-06-03 22:24:47","robert@localhost","2024-06-03 22:24:47","robert@localhost"
"S10221","55.703","11.855","KYNDLN","3924","139","RISE063","sjögr2022a","inhumation","R03870","C09474",\N,\N,\N,\N,\N,\N,\N,\N,"frei2019a","2024-06-03 22:24:47","robert@localhost","2024-06-03 22:24:47","robert@localhost"
"S10221","55.703","11.855","KYNDUBA","3296","133",\N,\N,"cremation","R03871","C09475",\N,\N,\N,\N,\N,\N,"1",\N,"ebbes2008a","2024-06-03 22:24:47","robert@localhost","2024-06-03 22:24:47","robert@localhost"
"S11401","55.545","10.622","LANSTA1","6359","288","NEO853","allen2022a","inhumation","R03872","C09476",\N,"1",\N,\N,\N,\N,\N,\N,"allen2022a","2024-06-03 22:24:47","robert@localhost","2024-06-03 22:24:47","robert@localhost"
"S11322","55.134","10.903","LOHAL1","5472","99","NEO029","allen2022a","inhumation","R03873","C09477","0","1",\N,\N,\N,\N,\N,\N,"allen2022a","2024-06-03 22:24:47","robert@localhost","2024-06-03 22:24:47","robert@localhost"
"S11322","55.134","10.903","LOHAL1","5472","99","NEO030","allen2022a","inhumation","R03874","C09478","0","1",\N,\N,\N,\N,\N,\N,"allen2022a","2024-06-03 22:24:47","robert@localhost","2024-06-03 22:24:47","robert@localhost"
"S08055","55.750","12.020","LOLLI3","3868","157","NEO857","allen2022a","inhumation","R03875","C09479",\N,\N,\N,\N,\N,\N,\N,\N,"allen2022a","2024-06-03 22:24:47","robert@localhost","2024-06-03 22:24:47","robert@localhost"
"S11402","56.485","9.827","LAEMOS1","5512","177","NEO945","allen2022a","bog body","R03876","C09480",\N,"1",\N,\N,\N,\N,\N,\N,"allen2022a","2024-06-03 22:24:47","robert@localhost","2024-06-03 22:24:47","robert@localhost"
"S11324","55.621","11.331","MADES1","3884","140","NEO752","allen2022a","bog body","R03877","C09481",\N,"1",\N,\N,\N,\N,\N,\N,"allen2022a","2024-06-03 22:24:47","robert@localhost","2024-06-03 22:24:47","robert@localhost"
"S11403","55.340","11.161","MAGLE1","3398","154","NEO590","allen2022a","inhumation","R03878","C09482",\N,"1",\N,\N,\N,\N,\N,\N,"allen2022a","2024-06-03 22:24:47","robert@localhost","2024-06-03 22:24:47","robert@localhost"
"S11404","54.969","12.494","MANDEM1","5496","195","NEO896","allen2022a","bog body","R03879","C09483",\N,"0",\N,\N,\N,\N,\N,\N,"allen2022a","2024-06-03 22:24:47","robert@localhost","2024-06-03 22:24:47","robert@localhost"
"S11405","55.576","12.275","MOSMOS1","3967","157",\N,\N,"bog body","R03880","C09484",\N,\N,\N,\N,\N,\N,\N,\N,"allen2022a","2024-06-03 22:24:47","robert@localhost","2024-06-03 22:24:47","robert@localhost"
"S11405","55.576","12.275","MOSMOS1","3967","157","NEO860","allen2022a","bog body","R03881","C09485",\N,\N,\N,\N,\N,\N,\N,\N,"allen2022a","2024-06-03 22:24:47","robert@localhost","2024-06-03 22:24:47","robert@localhost"
"S11405","55.576","12.275","MOSMOS1","3967","157","NEO861","allen2022a","bog body","R03882","C09486",\N,\N,\N,\N,\N,\N,\N,\N,"allen2022a","2024-06-03 22:24:47","robert@localhost","2024-06-03 22:24:47","robert@localhost"
"S11327","54.771","10.675","MYRMO1","4956","228",\N,\N,"inhumation","R03883","C09487",\N,\N,\N,\N,\N,\N,\N,\N,"allen2022a","2024-06-03 22:24:47","robert@localhost","2024-06-03 22:24:47","robert@localhost"
"S11327","54.771","10.675","MYRMO1","4956","228","NEO925","allen2022a","inhumation","R03884","C09488",\N,\N,\N,\N,\N,\N,\N,\N,"allen2022a","2024-06-03 22:24:47","robert@localhost","2024-06-03 22:24:47","robert@localhost"
"S11327","54.771","10.675","MYRMO1","4956","228","NEO926","allen2022a","inhumation","R03885","C09489",\N,\N,\N,\N,\N,\N,\N,\N,"allen2022a","2024-06-03 22:24:47","robert@localhost","2024-06-03 22:24:47","robert@localhost"
"S11327","54.771","10.675","MYRMO1","4956","228","NEO927","allen2022a","inhumation","R03886","C09490",\N,\N,\N,\N,\N,\N,\N,\N,"allen2022a","2024-06-03 22:24:47","robert@localhost","2024-06-03 22:24:47","robert@localhost"
"S11327","54.771","10.675","MYRMO1","4956","228","NEO928","allen2022a","inhumation","R03887","C09491",\N,\N,\N,\N,\N,\N,\N,\N,"allen2022a","2024-06-03 22:24:47","robert@localhost","2024-06-03 22:24:47","robert@localhost"
"S11327","54.771","10.675","MYRMO1","4956","228","NEO929","allen2022a","inhumation","R03888","C09492",\N,\N,\N,\N,\N,\N,\N,\N,"allen2022a","2024-06-03 22:24:47","robert@localhost","2024-06-03 22:24:47","robert@localhost"
"S11329","56.365","10.643","NEDER1","7096","240","NEO856","allen2022a","inhumation","R03889","C09493",\N,\N,\N,\N,\N,\N,\N,"1","allen2022a","2024-06-03 22:24:47","robert@localhost","2024-06-03 22:24:47","robert@localhost"
"S11329","56.365","10.643","NEDER1","7096","240",\N,\N,"inhumation","R03890","C09494",\N,\N,\N,\N,\N,\N,\N,"1","allen2022a","2024-06-03 22:24:47","robert@localhost","2024-06-03 22:24:47","robert@localhost"
"S11329","56.365","10.643","NEDER1","7096","240",\N,\N,"inhumation","R03891","C09495",\N,\N,\N,\N,\N,\N,\N,"1","allen2022a","2024-06-03 22:24:47","robert@localhost","2024-06-03 22:24:47","robert@localhost"
"S11329","56.365","10.643","NEDER1","7096","240",\N,\N,"inhumation","R03892","C09496",\N,\N,\N,\N,\N,\N,\N,"1","allen2022a","2024-06-03 22:24:47","robert@localhost","2024-06-03 22:24:47","robert@localhost"
"S11329","56.365","10.643","NEDER1","7096","240",\N,\N,"inhumation","R03893","C09497",\N,\N,\N,\N,\N,\N,\N,"1","allen2022a","2024-06-03 22:24:47","robert@localhost","2024-06-03 22:24:47","robert@localhost"
"S11329","56.365","10.643","NEDER1","7096","240",\N,\N,"inhumation","R03894","C09498",\N,\N,\N,\N,\N,\N,\N,"1","allen2022a","2024-06-03 22:24:47","robert@localhost","2024-06-03 22:24:47","robert@localhost"
"S11407","55.391","10.078","NEVMOS1","5141","81","NEO594","allen2022a","bog body","R03895","C09499",\N,\N,\N,\N,\N,\N,\N,\N,"allen2022a","2024-06-03 22:24:47","robert@localhost","2024-06-03 22:24:47","robert@localhost"
"S04901","56.027","10.257","NMES","6646","91","NEO852","allen2022a","inhumation","R03896","C09500",\N,"1",\N,\N,"180","270",\N,\N,"allen2022a","2024-06-03 22:24:47","robert@localhost","2024-06-03 22:24:47","robert@localhost"
"S04901","56.027","10.257","NLNEO","3773","134","NEO936","allen2022a","inhumation","R03897","C09501",\N,\N,\N,\N,\N,\N,\N,\N,"allen2022a","2024-06-03 22:24:47","robert@localhost","2024-06-03 22:24:47","robert@localhost"
"S11328","54.870","12.116","NAES2","4607","211","NEO792","allen2022a","inhumation","R03898","C09502",\N,"1",\N,\N,\N,\N,\N,\N,"allen2022a","2024-06-03 22:24:47","robert@localhost","2024-06-03 22:24:47","robert@localhost"
"S11330","54.960","11.850","ORESE1","8081","519","NEO122","allen2022a",\N,"R03899","C09503",\N,\N,\N,\N,\N,\N,\N,\N,"allen2022a","2024-06-03 22:24:47","robert@localhost","2024-06-03 22:24:47","robert@localhost"
"S11330","54.960","11.850","ORESE1","8081","519","NEO123","sjögr2022a",\N,"R03900","C09504",\N,\N,\N,\N,\N,\N,\N,\N,"allen2022a","2024-06-03 22:24:47","robert@localhost","2024-06-03 22:24:47","robert@localhost"
"S11330","54.960","11.850","ORESE1","8081","519","NEO124","allen2022a",\N,"R03901","C09505",\N,\N,\N,\N,\N,\N,\N,\N,"allen2022a","2024-06-03 22:24:47","robert@localhost","2024-06-03 22:24:47","robert@localhost"
"S11331","55.789","11.292","PANDE2","5053","981","NEO595","allen2022a","inhumation","R03902","C09506",\N,\N,\N,\N,\N,\N,\N,\N,"allen2022a","2024-06-03 22:24:47","robert@localhost","2024-06-03 22:24:47","robert@localhost"
"S10682","55.276","11.875","PORSM1","5510","181","NEO795","allen2022a","bog body","R03903","C09507",\N,\N,\N,\N,\N,\N,\N,\N,"allen2022a","2024-06-03 22:24:47","robert@localhost","2024-06-03 22:24:47","robert@localhost"
"S11332","55.581","11.578","RAVNS1","5907","147","NEO960","allen2022a","bog body","R03904","C09508",\N,"1",\N,\N,\N,\N,\N,\N,"allen2022a","2024-06-03 22:24:47","robert@localhost","2024-06-03 22:24:47","robert@localhost"
"S11408","55.730","12.100","ROSFJO1","5634","142","NEO891","allen2022a","bog body","R03905","C09509",\N,\N,\N,\N,\N,\N,\N,\N,"allen2022a","2024-06-03 22:24:47","robert@localhost","2024-06-03 22:24:47","robert@localhost"
"S11335","55.994","10.248","RUDE1","5327","379","NEO043","allen2022a","inhumation","R03906","C09510",\N,\N,\N,\N,\N,\N,\N,\N,"allen2022a","2024-06-03 22:24:47","robert@localhost","2024-06-03 22:24:47","robert@localhost"
"S11335","55.994","10.248","RUDE1","5327","379","NEO043","allen2022a","inhumation","R03907","C09511",\N,\N,\N,\N,\N,\N,\N,\N,"allen2022a","2024-06-03 22:24:47","robert@localhost","2024-06-03 22:24:47","robert@localhost"
"S11335","55.994","10.248","RUDE1","5327","379",\N,\N,"inhumation","R03908","C09512",\N,\N,\N,\N,\N,\N,\N,\N,"allen2022a","2024-06-03 22:24:47","robert@localhost","2024-06-03 22:24:47","robert@localhost"
"S11335","55.994","10.248","RUDE1","5327","379",\N,\N,"inhumation","R03909","C09513",\N,\N,\N,\N,\N,\N,\N,\N,"allen2022a","2024-06-03 22:24:47","robert@localhost","2024-06-03 22:24:47","robert@localhost"
"S11335","55.994","10.248","RUDE1","5327","379","NEO041","allen2022a","inhumation","R03910","C09514",\N,\N,\N,\N,\N,\N,\N,\N,"allen2022a","2024-06-03 22:24:47","robert@localhost","2024-06-03 22:24:47","robert@localhost"
"S11335","55.994","10.248","RUDE1","5327","379","NEO042","allen2022a","inhumation","R03911","C09515",\N,\N,\N,\N,\N,\N,\N,\N,"allen2022a","2024-06-03 22:24:47","robert@localhost","2024-06-03 22:24:47","robert@localhost"
"S11333","55.914","11.091","RODHA1","6050","96","NEO008","allen2022a","inhumation","R03912","C09516","0","1",\N,\N,\N,\N,\N,\N,"allen2022a","2024-06-03 22:24:47","robert@localhost","2024-06-03 22:24:47","robert@localhost"
"S11333","55.914","11.091","RODHA2","5775","203","NEO645","allen2022a","inhumation","R03913","C09517","1","1",\N,\N,\N,\N,\N,\N,"allen2022a","2024-06-03 22:24:47","robert@localhost","2024-06-03 22:24:47","robert@localhost"
"S11334","56.270","10.472","RONST1","7997","526","NEO019","allen2022a","inhumation","R03914","C09518",\N,\N,\N,\N,\N,\N,\N,\N,"allen2022a","2024-06-03 22:24:47","robert@localhost","2024-06-03 22:24:47","robert@localhost"
"S11409","55.911","12.308","SALTEN","5519","138","NEO028","allen2022a","inhumation","R03915","C09519","0","1",\N,\N,\N,\N,\N,\N,"allen2022a","2024-06-03 22:24:47","robert@localhost","2024-06-03 22:24:47","robert@localhost"
"S11410","55.902","11.118","SEJERB1","5513","167","NEO757","allen2022a","inhumation","R03916","C09520",\N,\N,\N,\N,\N,\N,"0",\N,"allen2022a","2024-06-03 22:24:47","robert@localhost","2024-06-03 22:24:47","robert@localhost"
"S11337","55.761","12.259","SIGERM1","5268","454","NEO753","allen2022a","bog body","R03917","C09521",\N,\N,\N,\N,\N,\N,\N,\N,"allen2022a","2024-06-03 22:24:47","robert@localhost","2024-06-03 22:24:47","robert@localhost"
"S11411","55.761","12.258","SIGERS1","5474","163","NEO007","allen2022a","bog body","R03918","C09522",\N,"1",\N,\N,\N,\N,\N,\N,"allen2022a","2024-06-03 22:24:47","robert@localhost","2024-06-03 22:24:47","robert@localhost"
"S11411","55.761","12.258","SIGERS1","5474","163","NEO798","allen2022a","bog body","R03919","C09523",\N,"1",\N,\N,\N,\N,\N,\N,"allen2022a","2024-06-03 22:24:47","robert@localhost","2024-06-03 22:24:47","robert@localhost"
"S11412","55.253","10.746","SLUSOM1","5627","317",\N,\N,"bog body","R03920","C09524","1","1",\N,\N,\N,\N,\N,\N,"allen2022a","2024-06-03 22:24:47","robert@localhost","2024-06-03 22:24:47","robert@localhost"
"S11412","55.253","10.746","SLUSOM1","5627","317",\N,\N,"bog body","R03921","C09525","1","1",\N,\N,\N,\N,\N,\N,"allen2022a","2024-06-03 22:24:47","robert@localhost","2024-06-03 22:24:47","robert@localhost"
"S11412","55.253","10.746","SLUSOM1","5627","317","NEO933","allen2022a","bog body","R03922","C09526",\N,"1",\N,\N,\N,\N,\N,\N,"allen2022a","2024-06-03 22:24:47","robert@localhost","2024-06-03 22:24:47","robert@localhost"
"S11413","55.460","9.694","STEHAG2","4292","234","NEO943","allen2022a","inhumation","R03923","C09527","0","1",\N,\N,\N,\N,\N,\N,"allen2022a","2024-06-03 22:24:47","robert@localhost","2024-06-03 22:24:47","robert@localhost"
"S11339","55.587","11.574","STOREEP1","5134","181","NEO597","allen2022a","inhumation","R03924","C09528","0","1",\N,\N,\N,\N,"1",\N,"allen2022a","2024-06-03 22:24:47","robert@localhost","2024-06-03 22:24:47","robert@localhost"
"S11414","55.589","11.576","STOREFL1","5170","119","NEO596","allen2022a","bog body","R03925","C09529",\N,\N,\N,\N,\N,\N,"1",\N,"allen2022a","2024-06-03 22:24:47","robert@localhost","2024-06-03 22:24:47","robert@localhost"
"S11414","55.589","11.576","STOREFL1","5170","119","NEO602","allen2022a","bog body","R03926","C09530",\N,\N,\N,\N,\N,\N,"1",\N,"allen2022a","2024-06-03 22:24:47","robert@localhost","2024-06-03 22:24:47","robert@localhost"
"S11340","55.393","12.307","STROB1","9238","105","NEO091","allen2022a","bog body","R03927","C09531",\N,\N,\N,\N,\N,\N,"1",\N,"allen2022a","2024-06-03 22:24:47","robert@localhost","2024-06-03 22:24:47","robert@localhost"
"S11416","55.406","12.285","STRLAB1","3896","162",\N,\N,"inhumation","R03928","C09532",\N,\N,\N,\N,\N,\N,\N,\N,"allen2022a","2024-06-03 22:24:47","robert@localhost","2024-06-03 22:24:47","robert@localhost"
"S11416","55.406","12.285","STRLAB1","3896","162",\N,\N,"inhumation","R03929","C09533",\N,\N,\N,\N,\N,\N,\N,\N,"allen2022a","2024-06-03 22:24:47","robert@localhost","2024-06-03 22:24:47","robert@localhost"
"S11416","55.406","12.285","STRLAB1","3896","162",\N,\N,"inhumation","R03930","C09534",\N,\N,\N,\N,\N,\N,\N,\N,"allen2022a","2024-06-03 22:24:47","robert@localhost","2024-06-03 22:24:47","robert@localhost"
"S11416","55.406","12.285","STRLAB1","3896","162",\N,\N,"inhumation","R03931","C09535",\N,\N,\N,\N,\N,\N,\N,\N,"allen2022a","2024-06-03 22:24:47","robert@localhost","2024-06-03 22:24:47","robert@localhost"
"S11416","55.406","12.285","STRLAB1","3896","162",\N,\N,"inhumation","R03932","C09536",\N,\N,\N,\N,\N,\N,\N,\N,"allen2022a","2024-06-03 22:24:47","robert@localhost","2024-06-03 22:24:47","robert@localhost"
"S11416","55.406","12.285","STRLAB1","3896","162",\N,\N,"inhumation","R03933","C09537",\N,\N,\N,\N,\N,\N,\N,\N,"allen2022a","2024-06-03 22:24:47","robert@localhost","2024-06-03 22:24:47","robert@localhost"
"S11416","55.406","12.285","STRLAB1","3896","162","NEO093","allen2022a","inhumation","R03934","C09538",\N,\N,\N,\N,\N,\N,\N,\N,"allen2022a","2024-06-03 22:24:47","robert@localhost","2024-06-03 22:24:47","robert@localhost"
"S11341","55.736","11.425","SVINN1","5137","108","NEO898","allen2022a","bog body","R03935","C09539",\N,\N,\N,\N,\N,\N,\N,\N,"allen2022a","2024-06-03 22:24:47","robert@localhost","2024-06-03 22:24:47","robert@localhost"
"S08146","55.948","11.897","SOLAG1","6315","247","NEO598","allen2022a","inhumation","R03936","C09540",\N,\N,\N,\N,\N,\N,\N,\N,"allen2022a","2024-06-03 22:24:47","robert@localhost","2024-06-03 22:24:47","robert@localhost"
"S11417","55.575","11.294","TISSOE1","5554","147","NEO942","allen2022a","bog body","R03937","C09541",\N,\N,\N,\N,\N,\N,\N,\N,"allen2022a","2024-06-03 22:24:47","robert@localhost","2024-06-03 22:24:47","robert@localhost"
"S08190","55.895","9.987","TFUM2","4270","221","NEO870","allen2022a","bog body","R03938","C09542",\N,\N,\N,\N,\N,\N,\N,\N,"allen2022a","2024-06-03 22:24:47","robert@localhost","2024-06-03 22:24:47","robert@localhost"
"S08190","55.895","9.987","TFUM2","4270","221","NEO872","allen2022a","bog body","R03939","C09543",\N,\N,\N,\N,\N,\N,\N,\N,"allen2022a","2024-06-03 22:24:47","robert@localhost","2024-06-03 22:24:47","robert@localhost"
"S08190","55.895","9.987","TFUM3","4277","82","NEO875","allen2022a","bog body","R03940","C09544",\N,\N,\N,\N,\N,\N,\N,\N,"allen2022a","2024-06-03 22:24:47","robert@localhost","2024-06-03 22:24:47","robert@localhost"
"S08190","55.895","9.987","TFUM3","4277","82","NEO876","allen2022a","bog body","R03941","C09545",\N,\N,\N,\N,\N,\N,\N,\N,"allen2022a","2024-06-03 22:24:47","robert@localhost","2024-06-03 22:24:47","robert@localhost"
"S08190","55.895","9.987","TFUM4","1852","759","NEO874","sjögr2022a","bog body","R03942","C09546",\N,\N,\N,\N,\N,\N,\N,\N,"allen2022a","2024-06-03 22:24:47","robert@localhost","2024-06-03 22:24:47","robert@localhost"
"S11418","55.249","11.228","TUDHAG2","7648","168","NEO931","allen2022a","inhumation","R03943","C09547",\N,\N,\N,\N,\N,\N,\N,\N,"allen2022a","2024-06-03 22:24:47","robert@localhost","2024-06-03 22:24:47","robert@localhost"
"S11418","55.249","11.228","TUDHAG2","7648","168","NEO932","allen2022a","inhumation","R03944","C09548",\N,\N,\N,\N,\N,\N,\N,\N,"allen2022a","2024-06-03 22:24:47","robert@localhost","2024-06-03 22:24:47","robert@localhost"
"S11436","55.711","12.274","TYSMOS1","5649","94","NEO790","allen2022a","bog body","R03945","C09549",\N,\N,\N,\N,\N,\N,\N,\N,"allen2022a","2024-06-03 22:24:47","robert@localhost","2024-06-03 22:24:47","robert@localhost"
"S11436","55.711","12.274","TYSMOS1","5649","94","NEO789","allen2022a","bog body","R03946","C09550",\N,\N,\N,\N,\N,\N,\N,\N,"allen2022a","2024-06-03 22:24:47","robert@localhost","2024-06-03 22:24:47","robert@localhost"
"S11437","55.553","11.684","VANMOS1","5436","350",\N,\N,"bog body","R03947","C09551",\N,\N,\N,\N,\N,\N,\N,\N,"allen2022a","2024-06-03 22:24:47","robert@localhost","2024-06-03 22:24:47","robert@localhost"
"S11437","55.553","11.684","VANMOS1","5436","350","NEO599","allen2022a","bog body","R03948","C09552",\N,\N,\N,\N,\N,\N,\N,\N,"allen2022a","2024-06-03 22:24:47","robert@localhost","2024-06-03 22:24:47","robert@localhost"
"S04118","55.050","14.880","VASAG2","4304","434","NEO815","allen2022a","inhumation","R03949","C09553",\N,\N,\N,\N,\N,\N,\N,\N,"allen2022a","2024-06-03 22:24:47","robert@localhost","2024-06-03 22:24:47","robert@localhost"
"S11344","55.848","12.560","VEDBO1","8263","572","NEO600","allen2022a","inhumation","R03950","C09554",\N,\N,\N,\N,\N,\N,\N,\N,"allen2022a","2024-06-03 22:24:47","robert@localhost","2024-06-03 22:24:47","robert@localhost"
"S11344","55.848","12.560","VEDBO1","8263","572",\N,\N,"cremation","R03951","C09555",\N,\N,\N,\N,\N,\N,\N,\N,"allen2022a","2024-06-03 22:24:47","robert@localhost","2024-06-03 22:24:47","robert@localhost"
"S11345","55.564","12.016","VIBMO1","5437","259","NEO935","allen2022a","bog body","R03952","C09556",\N,\N,\N,\N,\N,\N,\N,\N,"allen2022a","2024-06-03 22:24:47","robert@localhost","2024-06-03 22:24:47","robert@localhost"
"S11308","55.856","11.590","VIGFE1","5476","133",\N,\N,"inhumation","R03953","C09557","1",\N,\N,\N,\N,\N,"1",\N,"allen2022a","2024-06-03 22:24:47","robert@localhost","2024-06-03 22:24:47","robert@localhost"
"S11308","55.856","11.590","VIGFE1","5476","133",\N,\N,"inhumation","R03954","C09558","1",\N,\N,\N,\N,\N,"1",\N,"allen2022a","2024-06-03 22:24:47","robert@localhost","2024-06-03 22:24:47","robert@localhost"
"S11308","55.856","11.590","VIGFE1","5476","133",\N,\N,"inhumation","R03955","C09559","1",\N,\N,\N,\N,\N,"1",\N,"allen2022a","2024-06-03 22:24:47","robert@localhost","2024-06-03 22:24:47","robert@localhost"
"S11308","55.856","11.590","VIGFE1","5476","133","NEO742","allen2022a","inhumation","R03956","C09560","1",\N,\N,\N,\N,\N,"1",\N,"allen2022a","2024-06-03 22:24:47","robert@localhost","2024-06-03 22:24:47","robert@localhost"
"S11308","55.856","11.590","VIGFE1","5476","133","NEO743","allen2022a","inhumation","R03957","C09561","1",\N,\N,\N,\N,\N,"1",\N,"allen2022a","2024-06-03 22:24:47","robert@localhost","2024-06-03 22:24:47","robert@localhost"
"S11308","55.856","11.590","VIGFE1","5476","133","NEO744","allen2022a","inhumation","R03958","C09562","1",\N,\N,\N,\N,\N,"1",\N,"allen2022a","2024-06-03 22:24:47","robert@localhost","2024-06-03 22:24:47","robert@localhost"
"S11308","55.856","11.590","VIGFE2","4488","399",\N,\N,"inhumation","R03959","C09563","1",\N,\N,\N,\N,\N,"1",\N,"allen2022a","2024-06-03 22:24:47","robert@localhost","2024-06-03 22:24:47","robert@localhost"
"S11346","55.759","12.238","VIKMO1","5825","48","NEO601","allen2022a","bog body","R03960","C09564",\N,\N,\N,\N,\N,\N,\N,\N,"allen2022a","2024-06-03 22:24:47","robert@localhost","2024-06-03 22:24:47","robert@localhost"
"S11347","57.391","9.761","VITTR1","5072","230","NEO033","allen2022a","bog body","R03961","C09565",\N,\N,\N,\N,\N,\N,\N,\N,"allen2022a","2024-06-03 22:24:47","robert@localhost","2024-06-03 22:24:47","robert@localhost"
"S11342","56.149","10.532","VAENG1","6248","102","NEO003","allen2022a","inhumation","R03962","C09566","0","1",\N,\N,\N,\N,"0",\N,"allen2022a","2024-06-03 22:24:47","robert@localhost","2024-06-03 22:24:47","robert@localhost"
"S11473","55.368","12.287","AVLEB1","4995","261","NEO961","allen2022a","inhumation","R03963","C09648","0","1","crouched",\N,"135","225","1","0","allen2022a","2024-06-03 22:24:47","robert@localhost","2024-06-03 22:24:47","robert@localhost"
"S11473","55.368","12.287","AVLEB1","4995","261",\N,"allen2022a","inhumation","R03964","C09649","0","1","crouched",\N,"135","225","1","0","allen2022a","2024-06-03 22:24:47","robert@localhost","2024-06-03 22:24:47","robert@localhost"
"S11473","55.368","12.287","AVLEB1","4995","261","NEO095","sjögr2022a","inhumation","R03965","C09650","0","1",\N,\N,"45","135","0","0","allen2022a","2024-06-03 22:24:47","robert@localhost","2024-06-03 22:24:47","robert@localhost"
"S11474","55.403","12.272","BARHOJ1","4037","173","NEO092","allen2022a","inhumation","R03966","C09651",\N,\N,\N,\N,\N,\N,"1","0","allen2022a","2024-06-03 22:24:47","robert@localhost","2024-06-03 22:24:47","robert@localhost"
"S11466","55.875","9.812","BYGNOR1","5626","111",\N,\N,"inhumation","R03967","C09652","0","1","extended","back","70","90",\N,"0","allen2022a","2024-06-03 22:24:47","robert@localhost","2024-06-03 22:24:47","robert@localhost"
"S11466","55.875","9.812","BYGNOR1","5626","111","NEO564","allen2022a","inhumation","R03968","C09653","0","1","extended","back",\N,\N,\N,"0","allen2022a","2024-06-03 22:24:47","robert@localhost","2024-06-03 22:24:47","robert@localhost"
"S11466","55.875","9.812","BYGNOR1","5626","111","NEO565","sjögr2022a","inhumation","R03969","C09654","0","1","extended","back",\N,\N,\N,"0","allen2022a","2024-06-03 22:24:47","robert@localhost","2024-06-03 22:24:47","robert@localhost"
"S11466","55.875","9.812","BYGNOR1","5626","111",\N,\N,"inhumation","R03970","C09655","0","1","extended","back",\N,\N,\N,"0","allen2022a","2024-06-03 22:24:47","robert@localhost","2024-06-03 22:24:47","robert@localhost"
"S11466","55.875","9.812","BYGNOR1","5626","111",\N,\N,"inhumation","R03971","C09656","0","1","extended","back",\N,\N,\N,"0","allen2022a","2024-06-03 22:24:47","robert@localhost","2024-06-03 22:24:47","robert@localhost"
"S11467","54.989","12.419","DALMOSGA1","5531","175","NEO886","allen2022a","bog body","R03972","C09657",\N,"1",\N,\N,\N,\N,\N,\N,"allen2022a","2024-06-03 22:24:47","robert@localhost","2024-06-03 22:24:47","robert@localhost"
"S11468","54.732","11.986","ELKENO1","5483","156","NEO888","allen2022a","bog body","R03973","C09658",\N,"1",\N,\N,\N,\N,\N,\N,"allen2022a","2024-06-03 22:24:47","robert@localhost","2024-06-03 22:24:47","robert@localhost"
"S11468","54.732","11.986","ELKENO2","2229","527","NEO889","sjögr2022a","bog body","R03974","C09659",\N,"1",\N,\N,\N,\N,\N,\N,"allen2022a","2024-06-03 22:24:47","robert@localhost","2024-06-03 22:24:47","robert@localhost"
"S11470","55.828","12.166","JORLUND1","5480","212","NEO702","allen2022a","bog body","R03976","C09661",\N,"1",\N,\N,\N,\N,\N,\N,"allen2022a","2024-06-03 22:24:47","robert@localhost","2024-06-03 22:24:47","robert@localhost"
"S11471","57.290","10.033","KLAEMOS1","3428","118","NEO951","allen2022a","bog body","R03977","C09662","0","1",\N,\N,\N,\N,"0","0","allen2022a","2024-06-03 22:24:47","robert@localhost","2024-06-03 22:24:47","robert@localhost"
"S11472","54.865","11.841","LUNFAL1","5472","120","NEO865","allen2022a","bog body","R03978","C09663","0","1",\N,\N,\N,\N,"0","0","allen2022a","2024-06-03 22:24:47","robert@localhost","2024-06-03 22:24:47","robert@localhost"
"S11472","54.865","11.841","LUNFAL1","5472","120","NEO866","allen2022a","bog body","R03979","C09664","0","1",\N,\N,\N,\N,"0","0","allen2022a","2024-06-03 22:24:47","robert@localhost","2024-06-03 22:24:47","robert@localhost"
"S11546","44.466","4.766","GROMAN3","4471","121","NEO119","allen2022a","inhumation","R03980","C09718",\N,\N,\N,\N,\N,\N,\N,"0","allen2022a","2024-06-03 22:24:47","robert@localhost","2024-06-03 22:24:47","robert@localhost"
"S11546","44.466","4.766","GROMAN4","3781","321","NEO120","allen2022a","inhumation","R03981","C09719",\N,\N,\N,\N,\N,\N,\N,"0","allen2022a","2024-06-03 22:24:47","robert@localhost","2024-06-03 22:24:47","robert@localhost"
"S11546","44.466","4.766","GROMAN3","4471","121","NEO121","allen2022a","inhumation","R03982","C09720",\N,\N,\N,\N,\N,\N,\N,"0","allen2022a","2024-06-03 22:24:47","robert@localhost","2024-06-03 22:24:47","robert@localhost"
"S11547","42.220","43.320","KOTKLD2","9389","492","NEO281","allen2022a","inhumation","R03983","C09721",\N,\N,\N,\N,\N,\N,\N,"0","allen2022a","2024-06-03 22:24:47","robert@localhost","2024-06-03 22:24:47","robert@localhost"
"S11547","42.220","43.320","KOTKLD1","25693","505","NEO283","allen2022a","inhumation","R03984","C09722",\N,\N,\N,\N,\N,\N,\N,"0","allen2022a","2024-06-03 22:24:47","robert@localhost","2024-06-03 22:24:47","robert@localhost"
"S11548","46.251","20.259","DESOLA1","7717","111","NEO130","allen2022a","inhumation","R03985","C09723",\N,\N,\N,\N,\N,\N,\N,\N,"allen2022a","2024-06-03 22:24:47","robert@localhost","2024-06-03 22:24:47","robert@localhost"
"S11175","46.369","20.424","GORZLN","6654","101","NEO143","allen2022a","inhumation","R03986","C09724",\N,\N,\N,\N,\N,\N,\N,\N,"allen2022a","2024-06-03 22:24:47","robert@localhost","2024-06-03 22:24:47","robert@localhost"
"S11175","46.369","20.424","GORZLN","6654","101","NEO147","allen2022a","inhumation","R03987","C09725",\N,\N,\N,\N,\N,\N,\N,\N,"allen2022a","2024-06-03 22:24:47","robert@localhost","2024-06-03 22:24:47","robert@localhost"
"S10157","56.283","25.133","ZVEJN1","7759","595","I4440","mathi2018a","inhumation","R03988","C09726","0","1","crouched","right","30","60","0","0","zagor2004a","2024-06-03 22:24:47","robert@localhost","2024-06-03 22:24:47","robert@localhost"
"S11175","46.369","20.424","GORZLN","6654","101","NEO148","allen2022a","inhumation","R03989","C09727",\N,\N,\N,\N,\N,\N,\N,\N,"allen2022a","2024-06-03 22:24:47","robert@localhost","2024-06-03 22:24:47","robert@localhost"
"S10157","56.283","25.133","ZVEJN1","7759","595","I4432","mathi2018a","inhumation","R03990","C09728","0","1","extended","back","225","315","1","1","zagor2004a","2024-06-03 22:24:47","robert@localhost","2024-06-03 22:24:47","robert@localhost"
"S11175","46.369","20.424","GORZLN","6654","101","NEO140","allen2022a","inhumation","R03991","C09729",\N,\N,\N,\N,\N,\N,\N,\N,"allen2022a","2024-06-03 22:24:47","robert@localhost","2024-06-03 22:24:47","robert@localhost"
"S10157","56.283","25.133","ZVEJN1","7759","595","I4434","mathi2018a","inhumation","R03992","C09730",\N,"1","extended","back","135","225","1","1","zagor2004a","2024-06-03 22:24:47","robert@localhost","2024-06-03 22:24:47","robert@localhost"
"S11175","46.369","20.424","GORZLN","6654","101","NEO142","allen2022a","inhumation","R03993","C09731",\N,\N,\N,\N,\N,\N,\N,\N,"allen2022a","2024-06-03 22:24:47","robert@localhost","2024-06-03 22:24:47","robert@localhost"
"S10157","56.283","25.133","ZVEJN1","7759","595","I4553","mathi2018a","inhumation","R03994","C09732",\N,"1","extended","back",\N,\N,"0","1","zagor2004a","2024-06-03 22:24:47","robert@localhost","2024-06-03 22:24:47","robert@localhost"
"S11175","46.369","20.424","GORZLN","6654","101","NEO149","allen2022a","inhumation","R03995","C09733",\N,\N,\N,\N,\N,\N,\N,\N,"allen2022a","2024-06-03 22:24:47","robert@localhost","2024-06-03 22:24:47","robert@localhost"
"S10157","56.283","25.133","ZVEJN1","7759","595","I4439","mathi2018a","inhumation","R03996","C09734","0","1","extended","back","135","225","1","1","zagor2004a","2024-06-03 22:24:47","robert@localhost","2024-06-03 22:24:47","robert@localhost"
"S11175","46.369","20.424","GORZLN","6654","101","NEO145","allen2022a","inhumation","R03997","C09735",\N,\N,\N,\N,\N,\N,\N,\N,"allen2022a","2024-06-03 22:24:47","robert@localhost","2024-06-03 22:24:47","robert@localhost"
"S10157","56.283","25.133","ZVEJN1","7759","595","I4550","mathi2018a","inhumation","R03998","C09736",\N,"1","extended","back",\N,\N,"0","1","zagor2004a","2024-06-03 22:24:47","robert@localhost","2024-06-03 22:24:47","robert@localhost"
"S10157","56.283","25.133","ZVEJN1","7759","595","I4551","mathi2018a","inhumation","R03999","C09737","0","1","extended","back","180","270","1","1","zagor2004a","2024-06-03 22:24:47","robert@localhost","2024-06-03 22:24:47","robert@localhost"
"S10157","56.283","25.133","ZVEJN1","7759","595","I4552","mathi2018a","inhumation","R04000","C09738","0","1","extended","back","135","225","0","1","zagor2004a","2024-06-03 22:24:47","robert@localhost","2024-06-03 22:24:47","robert@localhost"
"S10157","56.283","25.133","ZVEJN3","6062","355",\N,\N,"inhumation","R04001","C09739","0","1","extended","back","260","280","1","1","zagor2004a","2024-06-03 22:24:47","robert@localhost","2024-06-03 22:24:47","robert@localhost"
"S10157","56.283","25.133","ZVEJN3","6062","355","I4435","mathi2018a","inhumation","R04002","C09740",\N,"1",\N,\N,"260","280","0","0","zagor2004a","2024-06-03 22:24:47","robert@localhost","2024-06-03 22:24:47","robert@localhost"
"S10157","56.283","25.133","ZVEJN3","6062","355","I4436","mathi2018a","inhumation","R04003","C09741","0","1","extended","left","260","280","0","0","zagor2004a","2024-06-03 22:24:47","robert@localhost","2024-06-03 22:24:47","robert@localhost"
"S10157","56.283","25.133","ZVEJN3","6062","355","I4437","mathi2018a","inhumation","R04004","C09742","0","1","extended","back","90","180","1","1","zagor2004a","2024-06-03 22:24:47","robert@localhost","2024-06-03 22:24:47","robert@localhost"
"S10157","56.283","25.133","ZVEJN3","6062","355","I4438","mathi2018a","inhumation","R04005","C09743",\N,"1",\N,\N,"280","300","0","0","zagor2004a","2024-06-03 22:24:47","robert@localhost","2024-06-03 22:24:47","robert@localhost"
"S10157","56.283","25.133","ZVEJN3","6062","355",\N,\N,"inhumation","R04006","C09744","0","1","extended","right","290","310","1","1","zagor2004a","2024-06-03 22:24:47","robert@localhost","2024-06-03 22:24:47","robert@localhost"
"S10157","56.283","25.133","ZVEJN3","6062","355","I4441","mathi2018a","inhumation","R04007","C09745",\N,"1","extended","right","225","315","0","1","zagor2004a","2024-06-03 22:24:47","robert@localhost","2024-06-03 22:24:47","robert@localhost"
"S10157","56.283","25.133","ZVEJN3","6062","355",\N,\N,"inhumation","R04008","C09746","0","1","extended","back","225","315","1","0","zagor2004a","2024-06-03 22:24:47","robert@localhost","2024-06-03 22:24:47","robert@localhost"
"S10157","56.283","25.133","ZVEJN3","6062","355","I4554","mathi2018a","inhumation","R04009","C09747","0","1","extended","front","45","90","1","1","zagor2004a","2024-06-03 22:24:47","robert@localhost","2024-06-03 22:24:47","robert@localhost"
"S10157","56.283","25.133","ZVEJN3","6062","355",\N,\N,"inhumation","R04010","C09748","0","1","extended","right","270","280","1","0","zagor2004a","2024-06-03 22:24:47","robert@localhost","2024-06-03 22:24:47","robert@localhost"
"S10157","56.283","25.133","ZVEJN2","7014","528","I4595","mathi2018a","inhumation","R04011","C09749",\N,"1","extended","back","135","225","1","1","zagor2004a","2024-06-03 22:24:47","robert@localhost","2024-06-03 22:24:47","robert@localhost"
"S10157","56.283","25.133","ZVEJN1","7759","595","I4596 / ZVEJ9","mathi2018a","inhumation","R04012","C09750",\N,"1",\N,\N,"180","270","0","1","zagor2004a","2024-06-03 22:24:47","robert@localhost","2024-06-03 22:24:47","robert@localhost"
"S10157","56.283","25.133","ZVEJN1","7759","595","I4630","mathi2018a","inhumation","R04013","C09751","0","1","extended","back","0","90","1","1","zagor2004a","2024-06-03 22:24:47","robert@localhost","2024-06-03 22:24:47","robert@localhost"
"S10157","56.283","25.133","ZVEJN1","7759","595","NEO307","allen2022a","inhumation","R04014","C09752",\N,"1","extended","back",\N,\N,"0","1","allen2022a","2024-06-03 22:24:47","robert@localhost","2024-06-03 22:24:47","robert@localhost"
"S10157","56.283","25.133","ZVEJN5","2810","248","NEO308","allen2022a","inhumation","R04015","C09753","0","1",\N,\N,"270","0","1","1","allen2022a","2024-06-03 22:24:47","robert@localhost","2024-06-03 22:24:47","robert@localhost"
"S10157","56.283","25.133","ZVEJN1","7759","595","I4632","mathi2018a","inhumation","R04016","C09754",\N,\N,\N,\N,\N,\N,\N,\N,"jones2017a","2024-06-03 22:24:47","robert@localhost","2024-06-03 22:24:47","robert@localhost"
"S10157","56.283","25.133","ZVEJN1","7759","595","I4626","mathi2018a","inhumation","R04017","C09755","0","1","extended","back","180","270","1","1","jones2017a","2024-06-03 22:24:47","robert@localhost","2024-06-03 22:24:47","robert@localhost"
"S10157","56.283","25.133","ZVEJN1","7759","595","I4628","mathi2018a","inhumation","R04018","C09756","0","1","extended","back","135","225","1","0","jones2017a","2024-06-03 22:24:47","robert@localhost","2024-06-03 22:24:47","robert@localhost"
"S10157","56.283","25.133","ZVEJN2","7014","528","I4627","mathi2018a","inhumation","R04019","C09757","0","1","extended","back","135","225","1","0","jones2017a","2024-06-03 22:24:47","robert@localhost","2024-06-03 22:24:47","robert@localhost"
"S10157","56.283","25.133","ZVEJN3","6062","355","Latvia_MN2","jones2017a","inhumation","R04020","C09758","0","1",\N,\N,"100","120","1","1","jones2017a","2024-06-03 22:24:47","robert@localhost","2024-06-03 22:24:47","robert@localhost"
"S10157","56.283","25.133","ZVEJN3","6062","355","I4629","mathi2018a","inhumation","R04021","C09759","0","1",\N,\N,"45","135","1","0","jones2017a","2024-06-03 22:24:47","robert@localhost","2024-06-03 22:24:47","robert@localhost"
"S10157","56.283","25.133","ZVEJN1","7759","595",\N,\N,"inhumation","R04022","C09760","0","1","extended","back","315","45","1","1","zagor2004a","2024-06-03 22:24:47","robert@localhost","2024-06-03 22:24:47","robert@localhost"
"S10157","56.283","25.133","ZVEJN1","7759","595",\N,\N,"inhumation","R04023","C09761","0","1","extended","back","225","315","1","1","zagor2004a","2024-06-03 22:24:47","robert@localhost","2024-06-03 22:24:47","robert@localhost"
"S10157","56.283","25.133","ZVEJN2","7014","528",\N,\N,"inhumation","R04024","C09762","0","1","extended","back","90","180","1","1","zagor2004a","2024-06-03 22:24:47","robert@localhost","2024-06-03 22:24:47","robert@localhost"
"S10157","56.283","25.133","ZVEJN2","7014","528",\N,\N,"inhumation","R04025","C09763","0","1","extended","front","315","45","0","1","zagor2004a","2024-06-03 22:24:47","robert@localhost","2024-06-03 22:24:47","robert@localhost"
"S10157","56.283","25.133","ZVEJN2","7014","528",\N,\N,"inhumation","R04026","C09764","0","1","extended","back","135","225","0","1","zagor2004a","2024-06-03 22:24:47","robert@localhost","2024-06-03 22:24:47","robert@localhost"
"S10157","56.283","25.133","ZVEJN2","7014","528",\N,\N,"inhumation","R04027","C09765","0","1","extended","back","135","225","1","1","zagor2004a","2024-06-03 22:24:47","robert@localhost","2024-06-03 22:24:47","robert@localhost"
"S10157","56.283","25.133","ZVEJN2","7014","528",\N,\N,"inhumation","R04028","C09766","0","1","extended","back","135","225","0","0","zagor2004a","2024-06-03 22:24:47","robert@localhost","2024-06-03 22:24:47","robert@localhost"
"S10157","56.283","25.133","ZVEJN2","7014","528",\N,\N,"inhumation","R04029","C09767","0","1","extended","front","70","90","1","1","zagor2004a","2024-06-03 22:24:47","robert@localhost","2024-06-03 22:24:47","robert@localhost"
"S10157","56.283","25.133","ZVEJN2","7014","528",\N,\N,"inhumation","R04030","C09768","0","1","extended","front","250","290","0","1","zagor2004a","2024-06-03 22:24:47","robert@localhost","2024-06-03 22:24:47","robert@localhost"
"S10157","56.283","25.133","ZVEJN2","7014","528",\N,\N,"inhumation","R04031","C09769","0","1","extended","front","70","90","0","0","zagor2004a","2024-06-03 22:24:47","robert@localhost","2024-06-03 22:24:47","robert@localhost"
"S10157","56.283","25.133","ZVEJN2","7014","528",\N,\N,"inhumation","R04032","C09770","0","1","extended","back","225","315","1","1","zagor2004a","2024-06-03 22:24:47","robert@localhost","2024-06-03 22:24:47","robert@localhost"
"S10157","56.283","25.133","ZVEJN2","7014","528",\N,\N,"inhumation","R04033","C09771","0","1","extended","back","225","315","1","1","zagor2004a","2024-06-03 22:24:47","robert@localhost","2024-06-03 22:24:47","robert@localhost"
"S10157","56.283","25.133","ZVEJN2","7014","528",\N,\N,"inhumation","R04034","C09772","0","1",\N,\N,"225","315","0","0","zagor2004a","2024-06-03 22:24:47","robert@localhost","2024-06-03 22:24:47","robert@localhost"
"S10157","56.283","25.133","ZVEJN2","7014","528",\N,\N,"inhumation","R04035","C09773","0","1","extended","back","45","135","1","1","zagor2004a","2024-06-03 22:24:47","robert@localhost","2024-06-03 22:24:47","robert@localhost"
"S10157","56.283","25.133","ZVEJN3","6062","355",\N,\N,"inhumation","R04036","C09774","0","1","extended","back","180","270","1","1","zagor2004a","2024-06-03 22:24:47","robert@localhost","2024-06-03 22:24:47","robert@localhost"
"S10157","56.283","25.133","ZVEJN3","6062","355",\N,\N,"inhumation","R04037","C09775","0","1","extended","back","45","135","1","1","zagor2004a","2024-06-03 22:24:47","robert@localhost","2024-06-03 22:24:47","robert@localhost"
"S10157","56.283","25.133","ZVEJN3","6062","355",\N,\N,"inhumation","R04038","C09776","0","1","extended","back","90","135","0","1","zagor2004a","2024-06-03 22:24:47","robert@localhost","2024-06-03 22:24:47","robert@localhost"
"S10157","56.283","25.133","ZVEJN3","6062","355",\N,\N,"inhumation","R04039","C09777","0","1","extended","back","45","135","1","1","zagor2004a","2024-06-03 22:24:47","robert@localhost","2024-06-03 22:24:47","robert@localhost"
"S10157","56.283","25.133","ZVEJN3","6062","355",\N,\N,"inhumation","R04040","C09778","0","1","extended","back","45","135","1","0","zagor2004a","2024-06-03 22:24:47","robert@localhost","2024-06-03 22:24:47","robert@localhost"
"S10157","56.283","25.133","ZVEJN3","6062","355",\N,\N,"inhumation","R04041","C09779","0","1","extended","back","45","135","1","0","zagor2004a","2024-06-03 22:24:47","robert@localhost","2024-06-03 22:24:47","robert@localhost"
"S10157","56.283","25.133","ZVEJN3","6062","355",\N,\N,"inhumation","R04042","C09780",\N,"1",\N,\N,\N,\N,"1","1","zagor2004a","2024-06-03 22:24:47","robert@localhost","2024-06-03 22:24:47","robert@localhost"
"S10157","56.283","25.133","ZVEJN3","6062","355",\N,\N,"inhumation","R04043","C09781","0","1","extended","front","0","45","1","0","zagor2004a","2024-06-03 22:24:47","robert@localhost","2024-06-03 22:24:47","robert@localhost"
"S10157","56.283","25.133","ZVEJN4","4612","150",\N,\N,"inhumation","R04044","C09782","0","0","crouched","right","270","315","1","0","zagor2004a","2024-06-03 22:24:47","robert@localhost","2024-06-03 22:24:47","robert@localhost"
"S10157","56.283","25.133","ZVEJN5","2810","248",\N,\N,"inhumation","R04045","C09783","0","1","extended","back","45","135","0","0","zagor2004a","2024-06-03 22:24:47","robert@localhost","2024-06-03 22:24:47","robert@localhost"
"S10157","56.283","25.133","ZVEJN5","2810","248",\N,\N,"inhumation","R04046","C09784","0","1","extended","back","45","135","1","0","zagor2004a","2024-06-03 22:24:47","robert@localhost","2024-06-03 22:24:47","robert@localhost"
"S10157","56.283","25.133","ZVEJN2","7014","528",\N,\N,"inhumation","R04047","C09785","0","1","irregular","front","250","290","0","1","zagor2004a","2024-06-03 22:24:47","robert@localhost","2024-06-03 22:24:47","robert@localhost"
"S10157","56.283","25.133","ZVEJN2","7014","528",\N,\N,"inhumation","R04048","C09786","0","1","irregular","front","250","290","0","0","zagor2004a","2024-06-03 22:24:47","robert@localhost","2024-06-03 22:24:47","robert@localhost"
"S11865","50.267","20.450","SLONO51","5361","241","NEO640","allen2022a","inhumation","R04049","C09836","0","1","sitting","bottom","225","315","0","0","allen2022a","2024-06-03 22:24:47","robert@localhost","2024-06-03 22:24:47","robert@localhost"
"S11865","50.267","20.450","SLONO51","5361","241","NEO641","allen2022a","inhumation","R04050","C09837","0","1","sitting","bottom","225","315","1","0","allen2022a","2024-06-03 22:24:47","robert@localhost","2024-06-03 22:24:47","robert@localhost"
"S10183","44.630","22.610","SCL1","8823","597","NEO671","allen2022a","inhumation","R04051","C09838",\N,\N,\N,\N,\N,\N,\N,\N,"allen2022a","2024-06-03 22:24:47","robert@localhost","2024-06-03 22:24:47","robert@localhost"
"S10183","44.630","22.610","SCL1","8823","597","NEO672","allen2022a","inhumation","R04052","C09839",\N,\N,\N,\N,\N,\N,\N,\N,"allen2022a","2024-06-03 22:24:47","robert@localhost","2024-06-03 22:24:47","robert@localhost"
"S11866","44.883","22.417","BAIHERC4","5544","391","NEO674","allen2022a","inhumation","R04053","C09840",\N,\N,\N,\N,\N,\N,\N,\N,"allen2022a","2024-06-03 22:24:47","robert@localhost","2024-06-03 22:24:47","robert@localhost"
"S11867","50.072","39.894","GOLKRI1","7466","112","NEO204","allen2022a","inhumation","R04054","C09841","0","1",\N,\N,"135","180","0","1","скоро2022a","2024-06-03 22:24:47","robert@localhost","2024-06-03 22:24:47","robert@localhost"
"S11867","50.072","39.894","GOLKRI1","7466","112",\N,"allen2022a","inhumation","R04055","C09842","0","1",\N,\N,"135","225","1","1","скоро2022a","2024-06-03 22:24:47","robert@localhost","2024-06-03 22:24:47","robert@localhost"
"S11867","50.072","39.894","GOLKRI1","7466","112","NEO207","allen2022a","inhumation","R04056","C09843","0","1",\N,\N,"135","225","1","1","скоро2022a","2024-06-03 22:24:47","robert@localhost","2024-06-03 22:24:47","robert@localhost"
"S11867","50.072","39.894","GOLKRI1","7466","112","NEO208","allen2022a","inhumation","R04057","C09844","0","1",\N,\N,"135","225","1","1","скоро2022a","2024-06-03 22:24:47","robert@localhost","2024-06-03 22:24:47","robert@localhost"
"S11867","50.072","39.894","GOLKRI1","7466","112","NEO209","allen2022a","inhumation","R04058","C09845","0","1",\N,\N,"135","225","1","1","скоро2022a","2024-06-03 22:24:47","robert@localhost","2024-06-03 22:24:47","robert@localhost"
"S11867","50.072","39.894","GOLKRI1","7466","112",\N,"allen2022a","inhumation","R04059","C09846","0","1",\N,\N,"135","225","0","1","скоро2022a","2024-06-03 22:24:47","robert@localhost","2024-06-03 22:24:47","robert@localhost"
"S11867","50.072","39.894","GOLKRI1","7466","112","NEO210","allen2022a","inhumation","R04060","C09847","0","1","extended","back","90","180","1","1","скоро2022a","2024-06-03 22:24:47","robert@localhost","2024-06-03 22:24:47","robert@localhost"
"S11867","50.072","39.894","GOLKRI1","7466","112","NEO113","allen2022a","inhumation","R04061","C09848",\N,\N,"extended","back",\N,\N,\N,"1","allen2022a","2024-06-03 22:24:47","robert@localhost","2024-06-03 22:24:47","robert@localhost"
"S11867","50.072","39.894","GOLKRI1","7466","112","NEO212","allen2022a","inhumation","R04062","C09849","0","1","extended","back","90","180","1","1","скоро2022a","2024-06-03 22:24:47","robert@localhost","2024-06-03 22:24:47","robert@localhost"
"S11867","50.072","39.894","GOLKRI1","7466","112",\N,\N,"inhumation","R04063","C09850","0","1",\N,\N,"135","180","0","1","скоро2022a","2024-06-03 22:24:47","robert@localhost","2024-06-03 22:24:47","robert@localhost"
"S11867","50.072","39.894","GOLKRI1","7466","112",\N,\N,"inhumation","R04064","C09851","0","1",\N,\N,"135","180","0","1","скоро2022a","2024-06-03 22:24:47","robert@localhost","2024-06-03 22:24:47","robert@localhost"
"S11867","50.072","39.894","GOLKRI1","7466","112",\N,\N,"inhumation","R04065","C09852","0","1",\N,\N,"135","180","0","0","скоро2022a","2024-06-03 22:24:47","robert@localhost","2024-06-03 22:24:47","robert@localhost"
"S11867","50.072","39.894","GOLKRI1","7466","112","NEO203","sjögr2022a","inhumation","R04066","C09853","0","1","extended","back","135","225","1","0","скоро2022a","2024-06-03 22:24:47","robert@localhost","2024-06-03 22:24:47","robert@localhost"
"S11867","50.072","39.894","GOLKRI1","7466","112","NEO205","sjögr2022a","inhumation","R04067","C09854","0","1","extended","back","135","180","1","0","скоро2022a","2024-06-03 22:24:47","robert@localhost","2024-06-03 22:24:47","robert@localhost"
"S11867","50.072","39.894","GOLKRI1","7466","112","NEO211","sjögr2022a","inhumation","R04068","C09855","0","1","extended","back","90","180","1",\N,"скоро2022a","2024-06-03 22:24:47","robert@localhost","2024-06-03 22:24:47","robert@localhost"
"S11876","57.580","58.200","KUMYS3","5639","185","NEO687","allen2022a","inhumation","R04069","C10304","1",\N,\N,\N,\N,\N,\N,\N,"allen2022a","2024-06-03 22:24:47","robert@localhost","2024-06-03 22:24:47","robert@localhost"
"S11876","57.580","58.200","KUMYS3","5639","185",\N,\N,"inhumation","R04070","C10305","1",\N,\N,\N,\N,\N,\N,"1","allen2022a","2024-06-03 22:24:47","robert@localhost","2024-06-03 22:24:47","robert@localhost"
"S11876","57.580","58.200","KUMYS3","5639","185",\N,\N,"inhumation","R04071","C10306","1",\N,\N,\N,\N,\N,\N,"1","allen2022a","2024-06-03 22:24:47","robert@localhost","2024-06-03 22:24:47","robert@localhost"
"S11876","57.580","58.200","KUMYS3","5639","185",\N,\N,"inhumation","R04072","C10307","1",\N,\N,\N,\N,\N,\N,"1","allen2022a","2024-06-03 22:24:47","robert@localhost","2024-06-03 22:24:47","robert@localhost"
"S11876","57.580","58.200","KUMYS3","5639","185",\N,\N,"inhumation","R04073","C10308","1",\N,\N,\N,\N,\N,\N,"1","allen2022a","2024-06-03 22:24:47","robert@localhost","2024-06-03 22:24:47","robert@localhost"
"S11876","57.580","58.200","KUMYS3","5639","185",\N,\N,"inhumation","R04074","C10309","1",\N,\N,\N,\N,\N,\N,"1","allen2022a","2024-06-03 22:24:47","robert@localhost","2024-06-03 22:24:47","robert@localhost"
"S11876","57.580","58.200","KUMYS3","5639","185",\N,\N,"inhumation","R04075","C10310","1",\N,\N,\N,\N,\N,\N,"1","allen2022a","2024-06-03 22:24:47","robert@localhost","2024-06-03 22:24:47","robert@localhost"
"S11876","57.580","58.200","KUMYS3","5639","185",\N,\N,"inhumation","R04076","C10311","1",\N,\N,\N,\N,\N,\N,\N,"allen2022a","2024-06-03 22:24:47","robert@localhost","2024-06-03 22:24:47","robert@localhost"
"S11326","59.700","39.500","MININ2","9482","957","NEO536","allen2022a","inhumation","R04077","C10312",\N,\N,\N,\N,\N,\N,\N,"0","allen2022a","2024-06-03 22:24:47","robert@localhost","2024-06-03 22:24:47","robert@localhost"
"S11326","59.700","39.500","MININ2","9482","957","NEO537","allen2022a","inhumation","R04078","C10313",\N,\N,\N,\N,\N,\N,\N,"1","allen2022a","2024-06-03 22:24:47","robert@localhost","2024-06-03 22:24:47","robert@localhost"
"S11326","59.700","39.500","MININ2","9482","957","NEO539","allen2022a","inhumation","R04079","C10314",\N,\N,\N,\N,\N,\N,\N,"1","allen2022a","2024-06-03 22:24:47","robert@localhost","2024-06-03 22:24:47","robert@localhost"
"S11326","59.700","39.500","MININ6","2987","277","NEO538","allen2022a","inhumation","R04080","C10315",\N,\N,\N,\N,\N,\N,\N,"1","allen2022a","2024-06-03 22:24:47","robert@localhost","2024-06-03 22:24:47","robert@localhost"
"S11877","52.278","38.955","KSIZOV61","6985","255","NEO172","allen2022a","inhumation","R04081","C10316","0","1","crouched","right","90","180",\N,"1","васил2018а","2024-06-03 22:24:47","robert@localhost","2024-06-03 22:24:47","robert@localhost"
"S11877","52.278","38.955","KSIZOV63","6075","572","NEO173","allen2022a","inhumation","R04082","C10317","0","1","crouched","left","270","0",\N,\N,"васил2018а","2024-06-03 22:24:47","robert@localhost","2024-06-03 22:24:47","robert@localhost"
"S11877","52.278","38.955","KSIZOV63","6075","572","NEO174","allen2022a","inhumation","R04083","C10318","1",\N,\N,\N,\N,\N,\N,\N,"васил2018а","2024-06-03 22:24:47","robert@localhost","2024-06-03 22:24:47","robert@localhost"
"S11877","52.278","38.955","KSIZOV65","4474","61","NEO175","allen2022a","inhumation","R04084","C10319","1","1",\N,\N,"270","0","1",\N,"васил2018а","2024-06-03 22:24:47","robert@localhost","2024-06-03 22:24:47","robert@localhost"
"S11889","60.450","38.633","POGOS1","8334","102","NEO554","allen2022a","inhumation","R04085","C10320",\N,"1",\N,\N,\N,\N,\N,\N,"allen2022a","2024-06-03 22:24:47","robert@localhost","2024-06-03 22:24:47","robert@localhost"
"S11336","56.780","40.447","SAKHT2","5278","918","NEO158","allen2022a","inhumation","R04086","C10321","0","1","extended","front","0","90","1","0","косты2010а","2024-06-03 22:24:47","robert@localhost","2024-06-03 22:24:47","robert@localhost"
"S11336","56.780","40.447","SAKHT2","5278","918",\N,\N,"inhumation","R04087","C10322","0","0","extended","front","0","90","0","0","косты2010а","2024-06-03 22:24:47","robert@localhost","2024-06-03 22:24:47","robert@localhost"
"S11336","56.780","40.447","SAKHT2","5278","918",\N,\N,"inhumation","R04088","C10323","0","0","extended","front","180","270","0","0","косты2010а","2024-06-03 22:24:47","robert@localhost","2024-06-03 22:24:47","robert@localhost"
"S11336","56.780","40.447","SAKHT2","5278","918",\N,\N,"inhumation","R04089","C10324","0","0","extended","front/right","0","90","0","0","косты2010а","2024-06-03 22:24:47","robert@localhost","2024-06-03 22:24:47","robert@localhost"
"S11336","56.780","40.447","SAKHT2","5278","918","NEO178","allen2022a","inhumation","R04090","C10325","1","1",\N,\N,"135","180","1",\N,"косты2010а","2024-06-03 22:24:47","robert@localhost","2024-06-03 22:24:47","robert@localhost"
"S11336","56.780","40.447","SAKHT1","6763","733","NEO192","allen2022a","inhumation","R04091","C10326","0","1","extended","back","180","270","0","0","косты2010а","2024-06-03 22:24:47","robert@localhost","2024-06-03 22:24:47","robert@localhost"
"S11336","56.780","40.447","SAKHT2","5278","918","NEO179","allen2022a","inhumation","R04092","C10327","1","1",\N,\N,"180","270","1","0","косты2010а","2024-06-03 22:24:47","robert@localhost","2024-06-03 22:24:47","robert@localhost"
"S11336","56.780","40.447","SAKHT2","5278","918","NEO180","allen2022a","inhumation","R04093","C10328","0","1","extended","back","180","270","1","1","косты2010а","2024-06-03 22:24:47","robert@localhost","2024-06-03 22:24:47","robert@localhost"
"S11336","56.780","40.447","SAKHT2","5278","918","NEO181","allen2022a","inhumation","R04094","C10329","0","1","extended","back","180","270","1","1","косты2010а","2024-06-03 22:24:47","robert@localhost","2024-06-03 22:24:47","robert@localhost"
"S11336","56.780","40.447","SAKHT2","5278","918","NEO182","allen2022a","inhumation","R04095","C10330","0","1","extended","back","180","270","1","1","косты2010а","2024-06-03 22:24:47","robert@localhost","2024-06-03 22:24:47","robert@localhost"
"S11336","56.780","40.447","SAKHT2","5278","918","NEO183","allen2022a","inhumation","R04096","C10331","1","1","extended","back","180","270","0","1","косты2010а","2024-06-03 22:24:47","robert@localhost","2024-06-03 22:24:47","robert@localhost"
"S11336","56.780","40.447","SAKHT1","6763","733","NEO185","allen2022a","inhumation","R04097","C10332","0","1","extended","back","270","0","0","0","косты2010а","2024-06-03 22:24:47","robert@localhost","2024-06-03 22:24:47","robert@localhost"
"S11336","56.780","40.447","SAKHT1","6763","733","NEO186","allen2022a","inhumation","R04098","C10333","0","1","extended","back","90","180","0","0","косты2010а","2024-06-03 22:24:47","robert@localhost","2024-06-03 22:24:47","robert@localhost"
"S11336","56.780","40.447","SAKHT1","6763","733","NEO187","allen2022a","inhumation","R04099","C10334","0","1","crouched","left","45","90","0","0","косты2010а","2024-06-03 22:24:47","robert@localhost","2024-06-03 22:24:47","robert@localhost"
"S11336","56.780","40.447","SAKHT2","5278","918","NEO188","allen2022a","inhumation","R04100","C10335","0","1","extended","back","225","270","1","0","косты2010а","2024-06-03 22:24:47","robert@localhost","2024-06-03 22:24:47","robert@localhost"
"S11336","56.780","40.447","SAKHT2","5278","918","NEO189","allen2022a","inhumation","R04101","C10336","0","1","extended","back","180","270","1","0","косты2010а","2024-06-03 22:24:47","robert@localhost","2024-06-03 22:24:47","robert@localhost"
"S11336","56.780","40.447","SAKHT2","5278","918","NEO193","allen2022a","inhumation","R04102","C10337","0","1","extended","back","180","270","0","0","косты2010а","2024-06-03 22:24:47","robert@localhost","2024-06-03 22:24:47","robert@localhost"
"S11336","56.780","40.447","SAKHT2","5278","918","NEO194","allen2022a","inhumation","R04103","C10338","0","1","extended","back","180","270","1","0","косты2010а","2024-06-03 22:24:47","robert@localhost","2024-06-03 22:24:47","robert@localhost"
"S11336","56.780","40.447","SAKHT2","5278","918","NEO195","allen2022a","inhumation","R04104","C10339","0","1","extended","back","180","270","0","0","косты2010а","2024-06-03 22:24:47","robert@localhost","2024-06-03 22:24:47","robert@localhost"
"S11336","56.780","40.447","SAKHT2","5278","918","NEO197","allen2022a","inhumation","R04105","C10340","0","1",\N,\N,"180","270","1","0","косты2010а","2024-06-03 22:24:47","robert@localhost","2024-06-03 22:24:47","robert@localhost"
"S11336","56.780","40.447","SAKHT2","5278","918","NEO184","allen2022a","inhumation","R04106","C10341","0","1","extended","back",\N,\N,\N,"0","косты2010а","2024-06-03 22:24:47","robert@localhost","2024-06-03 22:24:47","robert@localhost"
"S11336","56.780","40.447","SAKHT2","5278","918",\N,\N,"inhumation","R04107","C10342","0","1",\N,\N,"315","0","1","0","косты2010а","2024-06-03 22:24:47","robert@localhost","2024-06-03 22:24:47","robert@localhost"
"S11981","52.900","40.030","VASCOR172","5585","267","NEO159","allen2022a","inhumation","R04108","C10343",\N,\N,\N,\N,\N,\N,\N,"0","allen2022a","2024-06-03 22:24:47","robert@localhost","2024-06-03 22:24:47","robert@localhost"
"S11336","56.780","40.447","SAKHT2","5278","918",\N,\N,"inhumation","R04109","C10344","1","1","extended","right/back","315","0","1","0","косты2010а","2024-06-03 22:24:47","robert@localhost","2024-06-03 22:24:47","robert@localhost"
"S11981","52.900","40.030","VASCOR171","6000","473","NEO160","allen2022a","inhumation","R04110","C10345",\N,\N,\N,\N,\N,\N,\N,"0","allen2022a","2024-06-03 22:24:47","robert@localhost","2024-06-03 22:24:47","robert@localhost"
"S11336","56.780","40.447","SAKHT2","5278","918",\N,\N,"inhumation","R04111","C10346","1","1",\N,\N,"315","0","1","0","косты2010а","2024-06-03 22:24:47","robert@localhost","2024-06-03 22:24:47","robert@localhost"
"S11981","52.900","40.030","VASCOR172","5585","267","NEO161","allen2022a","inhumation","R04112","C10347",\N,\N,\N,\N,\N,\N,\N,\N,"allen2022a","2024-06-03 22:24:47","robert@localhost","2024-06-03 22:24:47","robert@localhost"
"S11981","52.900","40.030","VASCOR171","6000","473","NEO162","allen2022a","inhumation","R04113","C10348",\N,\N,\N,\N,\N,\N,\N,\N,"allen2022a","2024-06-03 22:24:47","robert@localhost","2024-06-03 22:24:47","robert@localhost"
"S11981","52.900","40.030","VASCOR171","6000","473","NEO163","allen2022a","inhumation","R04114","C10349",\N,\N,\N,\N,\N,\N,\N,\N,"allen2022a","2024-06-03 22:24:47","robert@localhost","2024-06-03 22:24:47","robert@localhost"
"S11981","52.900","40.030","VASCOR171","6000","473","NEO164","allen2022a","inhumation","R04115","C10350",\N,\N,\N,\N,\N,\N,\N,\N,"allen2022a","2024-06-03 22:24:47","robert@localhost","2024-06-03 22:24:47","robert@localhost"
"S11981","52.900","40.030","VASCOR172","5585","267","NEO165","allen2022a","inhumation","R04116","C10351",\N,\N,\N,\N,\N,\N,\N,\N,"allen2022a","2024-06-03 22:24:47","robert@localhost","2024-06-03 22:24:47","robert@localhost"
"S11981","52.900","40.030","VASCOR171","6000","473","NEO166","allen2022a","inhumation","R04117","C10352",\N,\N,\N,\N,\N,\N,\N,\N,"allen2022a","2024-06-03 22:24:47","robert@localhost","2024-06-03 22:24:47","robert@localhost"
"S11981","52.900","40.030","VASCOR171","6000","473","NEO167","allen2022a","inhumation","R04118","C10353",\N,\N,\N,\N,\N,\N,\N,\N,"allen2022a","2024-06-03 22:24:47","robert@localhost","2024-06-03 22:24:47","robert@localhost"
"S11981","52.900","40.030","VASCOR171","6000","473","NEO168","allen2022a","inhumation","R04119","C10354",\N,\N,\N,\N,\N,\N,\N,\N,"allen2022a","2024-06-03 22:24:47","robert@localhost","2024-06-03 22:24:47","robert@localhost"
"S11981","52.900","40.030","VASCOR172","5585","267","NEO169","allen2022a","inhumation","R04120","C10355",\N,\N,\N,\N,\N,\N,\N,\N,"allen2022a","2024-06-03 22:24:47","robert@localhost","2024-06-03 22:24:47","robert@localhost"
"S11981","52.900","40.030","VASCOR171","6000","473","NEO170","allen2022a","inhumation","R04121","C10356",\N,\N,\N,\N,\N,\N,\N,\N,"allen2022a","2024-06-03 22:24:47","robert@localhost","2024-06-03 22:24:47","robert@localhost"
"S11981","52.900","40.030","VASCOR171","6000","473","NEO171","allen2022a","inhumation","R04122","C10357",\N,\N,\N,\N,\N,\N,\N,\N,"allen2022a","2024-06-03 22:24:47","robert@localhost","2024-06-03 22:24:47","robert@localhost"
"S11098","56.678","38.012","ZAMO21","8440","60","NEO087","allen2022a",\N,"R04123","C10358",\N,\N,\N,\N,\N,\N,\N,\N,"allen2022a","2024-06-03 22:24:47","robert@localhost","2024-06-03 22:24:47","robert@localhost"
"S11098","56.678","38.012","ZAMO22","8440","61","NEO088","allen2022a",\N,"R04124","C10359",\N,\N,\N,\N,\N,\N,\N,\N,"allen2022a","2024-06-03 22:24:47","robert@localhost","2024-06-03 22:24:47","robert@localhost"
"S02237","55.565","13.036","HNDY1","4867","401","NEO036","allen2022a","inhumation","R04125","C10360",\N,"1",\N,\N,\N,\N,"1",\N,"allen2022a","2024-06-03 22:24:47","robert@localhost","2024-06-03 22:24:47","robert@localhost"
"S02237","55.565","13.036","HNDY1","4867","401","NEO038","allen2022a","inhumation","R04126","C10361",\N,"1",\N,\N,\N,\N,\N,\N,"allen2022a","2024-06-03 22:24:47","robert@localhost","2024-06-03 22:24:47","robert@localhost"
"S02237","55.565","13.036","HNDY1","4867","401","NEO039","allen2022a","inhumation","R04127","C10362",\N,"1",\N,\N,\N,\N,"1","0","allen2022a","2024-06-03 22:24:47","robert@localhost","2024-06-03 22:24:47","robert@localhost"
"S12047","48.443","35.113","IGREVIII3","5697","994","NEO521","allen2022a","inhumation","R04128","C10363",\N,\N,\N,\N,\N,\N,\N,"1","телег1982a","2024-06-03 22:24:47","robert@localhost","2024-06-03 22:24:47","robert@localhost"
"S12047","48.443","35.113","IGREVIII3","5697","994","NEO509","allen2022a","inhumation","R04129","C10364",\N,\N,\N,\N,\N,\N,\N,"0","телег1982a","2024-06-03 22:24:47","robert@localhost","2024-06-03 22:24:47","robert@localhost"
"S12047","48.443","35.113","IGREVIII4","768","385","NEO510","allen2022a","inhumation","R04130","C10365",\N,\N,\N,\N,\N,\N,"1","1","телег1982a","2024-06-03 22:24:47","robert@localhost","2024-06-03 22:24:47","robert@localhost"
"S12047","48.443","35.113","IGREVIII4","768","385",\N,\N,"inhumation","R04131","C10366",\N,\N,\N,\N,\N,\N,"1","1","телег1982a","2024-06-03 22:24:47","robert@localhost","2024-06-03 22:24:47","robert@localhost"
"S12047","48.443","35.113","IGREVIII4","768","385",\N,\N,"inhumation","R04132","C10367",\N,\N,\N,\N,\N,\N,"1","1","телег1982a","2024-06-03 22:24:47","robert@localhost","2024-06-03 22:24:47","robert@localhost"
"S12047","48.443","35.113","IGREVIII3","5697","994","NEO516","allen2022a","inhumation","R04133","C10368",\N,\N,"crouched","back",\N,\N,\N,"1","телег1982a","2024-06-03 22:24:47","robert@localhost","2024-06-03 22:35:38","robert@localhost"
"S12047","48.443","35.113","IGREVIII3","5697","994","NEO518","allen2022a","inhumation","R04134","C10369",\N,\N,"crouched","back",\N,\N,\N,\N,"телег1982a","2024-06-03 22:24:47","robert@localhost","2024-06-03 22:24:47","robert@localhost"
"S11323","47.451","35.239","LYSGO1","7033","519","NEO262","allen2022a","inhumation","R04135","C10370",\N,\N,\N,\N,\N,\N,\N,\N,"allen2022a","2024-06-03 22:24:47","robert@localhost","2024-06-03 22:24:47","robert@localhost"
"S11323","47.451","35.239","LYSGO1","7033","519","NEO265","allen2022a","inhumation","R04136","C10371",\N,\N,\N,\N,\N,\N,\N,\N,"allen2022a","2024-06-03 22:24:47","robert@localhost","2024-06-03 22:24:47","robert@localhost"
"S11325","47.433","34.268","MAMGO1","7265","468","NEO268","allen2022a","inhumation","R04137","C10372","0","1",\N,"back","90","180","1","0","tošče2005a","2024-06-03 22:24:47","robert@localhost","2024-06-03 22:24:47","robert@localhost"
"S11325","47.433","34.268","MAMGO1","7265","468","NEO270","allen2022a","inhumation","R04138","C10373","0","1","extended","back","90","180","1","1","tošče2005a","2024-06-03 22:24:47","robert@localhost","2024-06-03 22:24:47","robert@localhost"
"S11314","48.200","35.216","VAS11","10397","912","NEO549","allen2022a","inhumation","R04139","C10374","0","1",\N,\N,\N,\N,\N,"1","kondu1974a","2024-06-03 22:24:47","robert@localhost","2024-06-03 22:24:47","robert@localhost"
"S11314","48.200","35.216","VAS11","10397","912","NEO545","allen2022a","inhumation","R04140","C10375","0","1",\N,\N,\N,\N,\N,"1","kondu1974a","2024-06-03 22:24:47","robert@localhost","2024-06-03 22:24:47","robert@localhost"
"S11314","48.200","35.216","VAS11","10397","912","NEO547","sjögr2022a","inhumation","R04141","C10376","0","1",\N,\N,\N,\N,\N,"1","kondu1974a","2024-06-03 22:24:47","robert@localhost","2024-06-03 22:24:47","robert@localhost"
"S11314","48.200","35.216","VAS11","10397","912","NEO494","allen2022a","inhumation","R04142","C10377","0","1",\N,\N,\N,\N,\N,"0","kondu1974a","2024-06-03 22:24:47","robert@localhost","2024-06-03 22:24:47","robert@localhost"
"S11314","48.200","35.216","VAS11","10397","912","NEO496","allen2022a","inhumation","R04143","C10378","0","1",\N,\N,\N,\N,\N,"0","kondu1974a","2024-06-03 22:24:47","robert@localhost","2024-06-03 22:24:47","robert@localhost"
"S11314","48.200","35.216","VAS11","10397","912","NEO492","allen2022a","inhumation","R04144","C10379","0","1",\N,\N,\N,\N,\N,"1","kondu1974a","2024-06-03 22:24:47","robert@localhost","2024-06-03 22:24:47","robert@localhost"
"S11314","48.200","35.216","VAS11","10397","912","NEO493","sjögr2022a","inhumation","R04145","C10380","0","1",\N,\N,\N,\N,\N,"0","kondu1974a","2024-06-03 22:24:47","robert@localhost","2024-06-03 22:24:47","robert@localhost"
"S11314","48.200","35.216","VAS11","10397","912","NEO550","allen2022a","inhumation","R04146","C10381","0","1",\N,\N,\N,\N,\N,"0","kondu1974a","2024-06-03 22:24:47","robert@localhost","2024-06-03 22:24:47","robert@localhost"
"S11314","48.200","35.216","VAS11","10397","912","NEO497","allen2022a","inhumation","R04147","C10382","0","1",\N,\N,\N,\N,\N,"1","kondu1974a","2024-06-03 22:24:47","robert@localhost","2024-06-03 22:24:47","robert@localhost"
"S11314","48.200","35.216","VAS11","10397","912","NEO495","sjögr2022a","inhumation","R04148","C10383","0","1",\N,\N,\N,\N,\N,"0","kondu1974a","2024-06-03 22:24:47","robert@localhost","2024-06-03 22:24:47","robert@localhost"
"S11314","48.200","35.216","VAS11","10397","912","NEO546","sjögr2022a","inhumation","R04149","C10384","0","1",\N,\N,\N,\N,\N,"0","kondu1974a","2024-06-03 22:24:47","robert@localhost","2024-06-03 22:24:47","robert@localhost"
"S11314","48.200","35.216","VAS11","10397","912","NEO501","allen2022a","inhumation","R04150","C10385","0","1",\N,\N,\N,\N,\N,"1","kondu1974a","2024-06-03 22:24:47","robert@localhost","2024-06-03 22:24:47","robert@localhost"
"S11314","48.200","35.216","VAS11","10397","912",\N,\N,"inhumation","R04151","C10386","0","1",\N,\N,\N,\N,\N,"0","kondu1974a","2024-06-03 22:24:47","robert@localhost","2024-06-03 22:24:47","robert@localhost"
"S11348","48.122","35.096","VOV11","7447","110","NEO528","allen2022a","inhumation","R04152","C10387","1","1",\N,\N,\N,\N,\N,"0","рудни1956а","2024-06-03 22:24:47","robert@localhost","2024-06-03 22:24:47","robert@localhost"
"S11348","48.122","35.096","VOV11","7447","110","NEO529","allen2022a","inhumation","R04153","C10388","1","1",\N,\N,\N,\N,\N,"0","рудни1956а","2024-06-03 22:24:47","robert@localhost","2024-06-03 22:24:47","robert@localhost"
"S11348","48.122","35.096","VOV11","7447","110","NEO530","sjögr2022a","inhumation","R04154","C10389","0","1","crouched",\N,"180","200","0","1","рудни1956а","2024-06-03 22:24:47","robert@localhost","2024-06-03 22:24:47","robert@localhost"
"S11348","48.122","35.096","VOV11","7447","110","NEO532","sjögr2022a","inhumation","R04155","C10390",\N,\N,\N,\N,\N,\N,\N,\N,"рудни1956а","2024-06-03 22:24:47","robert@localhost","2024-06-03 22:24:47","robert@localhost"
"S11348","48.122","35.096","VOV11","7447","110","NEO533","sjögr2022a","inhumation","R04156","C10391","0","1","extended","back","120","140","0",\N,"рудни1956а","2024-06-03 22:24:47","robert@localhost","2024-06-03 22:24:47","robert@localhost"
"S11348","48.122","35.096","VOV11","7447","110","NEO534","sjögr2022a","inhumation","R04157","C10392","0","1","extended","back","160","180","1","0","рудни1956а","2024-06-03 22:24:47","robert@localhost","2024-06-03 22:24:47","robert@localhost"
"S11348","48.122","35.096","VOV11","7447","110","NEO535","sjögr2022a","inhumation","R04158","C10393","0","1","extended","back","120","140","1",\N,"рудни1956а","2024-06-03 22:24:47","robert@localhost","2024-06-03 22:24:47","robert@localhost"
"S11348","48.122","35.096","VOV11","7447","110","NEO551","allen2022a","inhumation","R04159","C10394","0","0","extended","back","120","140","1","0","рудни1956а","2024-06-03 22:24:47","robert@localhost","2024-06-03 22:24:47","robert@localhost"
"S11348","48.122","35.096","VOV11","7447","110","NEO552","allen2022a","inhumation","R04160","C10395",\N,\N,\N,\N,\N,\N,\N,"0","allen2022a","2024-06-03 22:24:47","robert@localhost","2024-06-03 22:24:47","robert@localhost"
"S11348","48.122","35.096","VOV11","7447","110","NEO553","allen2022a","inhumation","R04161","C10396",\N,\N,\N,\N,\N,\N,\N,"0","allen2022a","2024-06-03 22:24:47","robert@localhost","2024-06-03 22:24:47","robert@localhost"
"S11349","48.305","35.136","VOLOS1","8778","996","NEO522","allen2022a","inhumation","R04162","C10397","0","1","crouched","right",\N,\N,"0","0","данил1955а","2024-06-03 22:24:47","robert@localhost","2024-06-03 22:24:47","robert@localhost"
"S11349","48.305","35.136","VOLOS1","8778","996","NEO527","allen2022a","inhumation","R04163","C10398","0","1","crouched",\N,\N,\N,"0","0","данил1955а","2024-06-03 22:24:47","robert@localhost","2024-06-03 22:24:47","robert@localhost"
"S11349","48.305","35.136","VOLOS1","8778","996","NEO499","allen2022a","inhumation","R04164","C10399","0","1","crouched",\N,\N,\N,"0","0","данил1955а","2024-06-03 22:24:47","robert@localhost","2024-06-03 22:24:47","robert@localhost"
"S10143","43.213","27.864","VAR1","6455","380","VAR002","pensk2023a","inhumation","R04165","C12896","0","1","crouched",\N,"0","90","0","0","pensk2023a","2024-06-03 22:24:47","robert@localhost","2024-06-03 22:24:47","robert@localhost"
"S10143","43.213","27.864","VAR1","6455","380",\N,\N,"inhumation","R04166","C12897","1",\N,\N,\N,\N,\N,\N,\N,"krauß2017a","2024-06-03 22:24:47","robert@localhost","2024-06-03 22:24:47","robert@localhost"
"S11396","43.293","25.646","PETKO3","6454","104","PTK003.merged","pensk2023a","inhumation","R04167","C13002","0","1",\N,"back","45","135",\N,"0","pensk2023a","2024-06-03 22:24:47","robert@localhost","2024-06-03 22:24:47","robert@localhost"
"S11396","43.293","25.646","PETKO3","6454","104","PTK004","pensk2023a","inhumation","R04168","C13003","0","1",\N,"front","45","135",\N,"0","pensk2023a","2024-06-03 22:24:47","robert@localhost","2024-06-03 22:24:47","robert@localhost"
"S11396","43.293","25.646","PETKO3","6454","104","PTK005","pensk2023a","inhumation","R04169","C13004","0","1",\N,"front","225","315",\N,"0","pensk2023a","2024-06-03 22:24:47","robert@localhost","2024-06-03 22:24:47","robert@localhost"
"S10813","44.062","26.116","PIETR2","6455","187","PIE003","pensk2023a","inhumation","R04170","C13005","0","1","crouched","right","225","315","1","0","pensk2023a","2024-06-03 22:24:47","robert@localhost","2024-06-03 22:24:47","robert@localhost"
"S10813","44.062","26.116","PIETR2","6455","187","PIE004","pensk2023a","inhumation","R04171","C13006",\N,\N,\N,\N,\N,\N,\N,"0","pensk2023a","2024-06-03 22:24:47","robert@localhost","2024-06-03 22:24:47","robert@localhost"
"S10813","44.062","26.116","PIETR2","6455","187","PIE005","pensk2023a","inhumation","R04172","C13007","0","1","crouched","right","180","270","0","0","pensk2023a","2024-06-03 22:24:47","robert@localhost","2024-06-03 22:24:47","robert@localhost"
"S10813","44.062","26.116","PIETR2","6455","187",\N,\N,"inhumation","R04173","C13008",\N,\N,\N,\N,\N,\N,"0","0","pensk2023a","2024-06-03 22:24:47","robert@localhost","2024-06-03 22:24:47","robert@localhost"
"S10813","44.062","26.116","PIETR2","6455","187","PIE006","pensk2023a","inhumation","R04174","C13009","1",\N,\N,\N,\N,\N,"0","0","pensk2023a","2024-06-03 22:24:47","robert@localhost","2024-06-03 22:24:47","robert@localhost"
"S10813","44.062","26.116","PIETR3","6415","812","PIE007","pensk2023a","inhumation","R04175","C13010","0","1","crouched","left","45","135","1","0","pensk2023a","2024-06-03 22:24:47","robert@localhost","2024-06-03 22:24:47","robert@localhost"
"S10813","44.062","26.116","PIETR2","6455","187","PIE008","pensk2023a","inhumation","R04176","C13011",\N,\N,\N,\N,\N,\N,"1","0","pensk2023a","2024-06-03 22:24:47","robert@localhost","2024-06-03 22:24:47","robert@localhost"
"S10813","44.062","26.116","PIETR2","6455","187",\N,\N,"inhumation","R04177","C13012","1",\N,\N,\N,\N,\N,"0","0","pensk2023a","2024-06-03 22:24:47","robert@localhost","2024-06-03 22:24:47","robert@localhost"
"S10813","44.062","26.116","PIETR2","6455","187","PIE009","pensk2023a","inhumation","R04178","C13013","1",\N,\N,\N,\N,\N,"0","0","pensk2023a","2024-06-03 22:24:47","robert@localhost","2024-06-03 22:24:47","robert@localhost"
"S10813","44.062","26.116","PIETR2","6455","187","PIE010","pensk2023a","inhumation","R04179","C13014","0","1","crouched","left","45","135","0","0","pensk2023a","2024-06-03 22:24:47","robert@localhost","2024-06-03 22:24:47","robert@localhost"
"S10813","44.062","26.116","PIETR2","6455","187","PIE012","pensk2023a","inhumation","R04180","C13015","1",\N,\N,\N,\N,\N,"0","0","pensk2023a","2024-06-03 22:24:47","robert@localhost","2024-06-03 22:24:47","robert@localhost"
"S10813","44.062","26.116","PIETR2","6455","187","PIE013","pensk2023a","inhumation","R04181","C13016","1",\N,\N,\N,\N,\N,"0","0","pensk2023a","2024-06-03 22:24:47","robert@localhost","2024-06-03 22:24:47","robert@localhost"
"S10813","44.062","26.116","PIETR2","6455","187","PIE014","pensk2023a","inhumation","R04182","C13017","1",\N,\N,\N,\N,\N,"0","0","pensk2023a","2024-06-03 22:24:47","robert@localhost","2024-06-03 22:24:47","robert@localhost"
"S10813","44.062","26.116","PIETR2","6455","187",\N,\N,"inhumation","R04183","C13018","1",\N,\N,\N,\N,\N,"0","0","pensk2023a","2024-06-03 22:24:47","robert@localhost","2024-06-03 22:24:47","robert@localhost"
"S10813","44.062","26.116","PIETR2","6455","187","PIE015","pensk2023a","inhumation","R04184","C13019",\N,\N,\N,\N,\N,\N,"0","0","pensk2023a","2024-06-03 22:24:47","robert@localhost","2024-06-03 22:24:47","robert@localhost"
"S10813","44.062","26.116","PIETR2","6455","187","PIE017","pensk2023a","inhumation","R04185","C13020",\N,\N,\N,\N,\N,\N,"0","0","pensk2023a","2024-06-03 22:24:47","robert@localhost","2024-06-03 22:24:47","robert@localhost"
"S10813","44.062","26.116","PIETR2","6455","187","PIE018","pensk2023a","inhumation","R04186","C13021","0","1","crouched","left","45","135","0","0","pensk2023a","2024-06-03 22:24:47","robert@localhost","2024-06-03 22:24:47","robert@localhost"
"S10813","44.062","26.116","PIETR2","6455","187","PIE019","pensk2023a","inhumation","R04187","C13022","0","1","crouched","right","135","225","0","0","pensk2023a","2024-06-03 22:24:47","robert@localhost","2024-06-03 22:24:47","robert@localhost"
"S10813","44.062","26.116","PIETR2","6455","187","PIE022","pensk2023a","inhumation","R04188","C13023","0","1","crouched","right","315","45","0","0","pensk2023a","2024-06-03 22:24:47","robert@localhost","2024-06-03 22:24:47","robert@localhost"
"S10813","44.062","26.116","PIETR2","6455","187","PIE023","pensk2023a","inhumation","R04189","C13024","1","1",\N,\N,\N,\N,"0","0","pensk2023a","2024-06-03 22:24:47","robert@localhost","2024-06-03 22:24:47","robert@localhost"
"S10813","44.062","26.116","PIETR2","6455","187",\N,\N,"inhumation","R04190","C13025","1","0",\N,\N,\N,\N,"0","0","pensk2023a","2024-06-03 22:24:47","robert@localhost","2024-06-03 22:24:47","robert@localhost"
"S10813","44.062","26.116","PIETR2","6455","187","PIE025","pensk2023a","inhumation","R04191","C13026",\N,\N,\N,\N,\N,\N,"0","0","pensk2023a","2024-06-03 22:24:47","robert@localhost","2024-06-03 22:24:47","robert@localhost"
"S10813","44.062","26.116","PIETR2","6455","187","PIE026","pensk2023a","inhumation","R04192","C13027",\N,\N,\N,\N,\N,\N,"0","0","pensk2023a","2024-06-03 22:24:47","robert@localhost","2024-06-03 22:24:47","robert@localhost"
"S10813","44.062","26.116","PIETR2","6455","187","PIE028","pensk2023a","inhumation","R04193","C13028",\N,"1",\N,\N,\N,\N,\N,"0","pensk2023a","2024-06-03 22:24:47","robert@localhost","2024-06-03 22:24:47","robert@localhost"
"S10813","44.062","26.116","PIETR2","6455","187","PIE029","pensk2023a","inhumation","R04194","C13029",\N,\N,\N,\N,\N,\N,"0","0","pensk2023a","2024-06-03 22:24:47","robert@localhost","2024-06-03 22:24:47","robert@localhost"
"S10813","44.062","26.116","PIETR2","6455","187","PIE030","pensk2023a","inhumation","R04195","C13030",\N,\N,\N,\N,\N,\N,"0","0","pensk2023a","2024-06-03 22:24:47","robert@localhost","2024-06-03 22:24:47","robert@localhost"
"S10813","44.062","26.116","PIETR2","6455","187","PIE032","pensk2023a","inhumation","R04196","C13031",\N,\N,\N,\N,\N,\N,\N,\N,"pensk2023a","2024-06-03 22:24:47","robert@localhost","2024-06-03 22:24:47","robert@localhost"
"S10813","44.062","26.116","PIETR2","6455","187","PIE033","pensk2023a","inhumation","R04197","C13032","1","1",\N,\N,\N,\N,\N,"0","pensk2023a","2024-06-03 22:24:47","robert@localhost","2024-06-03 22:24:47","robert@localhost"
"S10813","44.062","26.116","PIETR2","6455","187","PIE034","pensk2023a","inhumation","R04198","C13033","0","1",\N,\N,\N,\N,\N,\N,"pensk2023a","2024-06-03 22:24:47","robert@localhost","2024-06-03 22:24:47","robert@localhost"
"S10813","44.062","26.116","PIETR2","6455","187","PIE035","pensk2023a","inhumation","R04199","C13034","0","1",\N,\N,\N,\N,"0","0","pensk2023a","2024-06-03 22:24:47","robert@localhost","2024-06-03 22:24:47","robert@localhost"
"S10813","44.062","26.116","PIETR2","6455","187","PIE037","pensk2023a","inhumation","R04200","C13035","0","1","crouched","right","45","135","0","0","pensk2023a","2024-06-03 22:24:47","robert@localhost","2024-06-03 22:24:47","robert@localhost"
"S10813","44.062","26.116","PIETR2","6455","187","PIE038","pensk2023a","inhumation","R04201","C13036","0","1","crouched","back","315","45","1","0","pensk2023a","2024-06-03 22:24:47","robert@localhost","2024-06-03 22:24:47","robert@localhost"
"S10813","44.062","26.116","PIETR1","7009","151","PIE039","pensk2023a","inhumation","R04202","C13037",\N,\N,\N,\N,\N,\N,"0","0","pensk2023a","2024-06-03 22:24:47","robert@localhost","2024-06-03 22:24:47","robert@localhost"
"S10813","44.062","26.116","PIETR3","6415","812","PIE041","pensk2023a","inhumation","R04203","C13038","1","1",\N,\N,\N,\N,"0","0","pensk2023a","2024-06-03 22:24:47","robert@localhost","2024-06-03 22:24:47","robert@localhost"
"S10813","44.062","26.116","PIETR2","6455","187","PIE042","pensk2023a","inhumation","R04204","C13039","0","1","crouched","right","45","135","0","0","pensk2023a","2024-06-03 22:24:47","robert@localhost","2024-06-03 22:24:47","robert@localhost"
"S10813","44.062","26.116","PIETR2","6455","187","PIE043","pensk2023a","inhumation","R04205","C13040","1","0",\N,\N,\N,\N,"0","0","pensk2023a","2024-06-03 22:24:47","robert@localhost","2024-06-03 22:24:47","robert@localhost"
"S10813","44.062","26.116","PIETR2","6455","187","PIE044","pensk2023a","inhumation","R04206","C13041","0","1",\N,\N,\N,\N,"0","0","pensk2023a","2024-06-03 22:24:47","robert@localhost","2024-06-03 22:24:47","robert@localhost"
"S10813","44.062","26.116","PIETR2","6455","187","PIE048","pensk2023a","inhumation","R04207","C13042","0","1",\N,\N,\N,\N,"0","0","pensk2023a","2024-06-03 22:24:47","robert@localhost","2024-06-03 22:24:47","robert@localhost"
"S10813","44.062","26.116","PIETR2","6455","187","PIE050","pensk2023a","inhumation","R04208","C13043","1","0",\N,\N,\N,\N,"0","0","pensk2023a","2024-06-03 22:24:47","robert@localhost","2024-06-03 22:24:47","robert@localhost"
"S10813","44.062","26.116","PIETR2","6455","187","PIE053","pensk2023a","inhumation","R04209","C13044","0","1","crouched","right","135","225","0","0","pensk2023a","2024-06-03 22:24:47","robert@localhost","2024-06-03 22:24:47","robert@localhost"
"S10813","44.062","26.116","PIETR2","6455","187","PIE054","pensk2023a","inhumation","R04210","C13045","0","1",\N,\N,"135","225","0","0","pensk2023a","2024-06-03 22:24:47","robert@localhost","2024-06-03 22:24:47","robert@localhost"
"S10813","44.062","26.116","PIETR2","6455","187","PIE057","pensk2023a","inhumation","R04211","C13046","1","1","crouched","right","135","225","0","0","pensk2023a","2024-06-03 22:24:47","robert@localhost","2024-06-03 22:24:47","robert@localhost"
"S10813","44.062","26.116","PIETR2","6455","187",\N,\N,"inhumation","R04212","C13047",\N,\N,\N,\N,\N,\N,"0","0","pensk2023a","2024-06-03 22:24:47","robert@localhost","2024-06-03 22:24:47","robert@localhost"
"S10813","44.062","26.116","PIETR2","6455","187","PIE058","pensk2023a","inhumation","R04213","C13048","0","1","crouched",\N,"135","225","0","0","pensk2023a","2024-06-03 22:24:47","robert@localhost","2024-06-03 22:24:47","robert@localhost"
"S10813","44.062","26.116","PIETR2","6455","187","PIE060","pensk2023a","inhumation","R04214","C13049","1","0",\N,\N,\N,\N,"0","0","pensk2023a","2024-06-03 22:24:47","robert@localhost","2024-06-03 22:24:47","robert@localhost"
"S10813","44.062","26.116","PIETR2","6455","187","PIE062","pensk2023a","inhumation","R04215","C13050","0","1","crouched","right","225","315","1","0","pensk2023a","2024-06-03 22:24:47","robert@localhost","2024-06-03 22:24:47","robert@localhost"
"S10813","44.062","26.116","PIETR2","6455","187","PIE063","pensk2023a","inhumation","R04216","C13051","0","1","crouched","right","225","315","1","0","pensk2023a","2024-06-03 22:24:47","robert@localhost","2024-06-03 22:24:47","robert@localhost"
"S10813","44.062","26.116","PIETR2","6455","187","PIE064","pensk2023a","inhumation","R04217","C13052","1",\N,\N,\N,\N,\N,"0","0","pensk2023a","2024-06-03 22:24:47","robert@localhost","2024-06-03 22:24:47","robert@localhost"
"S10813","44.062","26.116","PIETR2","6455","187","PIE065","pensk2023a","inhumation","R04218","C13053","1",\N,\N,\N,\N,\N,"0","0","pensk2023a","2024-06-03 22:24:47","robert@localhost","2024-06-03 22:24:47","robert@localhost"
"S10813","44.062","26.116","PIETR2","6455","187","PIE069","pensk2023a","inhumation","R04219","C13054","0",\N,\N,\N,\N,\N,"0","0","pensk2023a","2024-06-03 22:24:47","robert@localhost","2024-06-03 22:24:47","robert@localhost"
"S10813","44.062","26.116","PIETR2","6455","187","PIE074","pensk2023a","inhumation","R04220","C13055","0","1","crouched","left","270","0","0","0","pensk2023a","2024-06-03 22:24:47","robert@localhost","2024-06-03 22:24:47","robert@localhost"
"S10813","44.062","26.116","PIETR2","6455","187","PIE075","pensk2023a","inhumation","R04221","C13056","0","1","crouched","left","270","0","0","0","pensk2023a","2024-06-03 22:24:47","robert@localhost","2024-06-03 22:24:47","robert@localhost"
"S10813","44.062","26.116","PIETR2","6455","187","PIE076","pensk2023a","inhumation","R04222","C13057","1","1",\N,\N,"45","135","0","0","pensk2023a","2024-06-03 22:24:47","robert@localhost","2024-06-03 22:24:47","robert@localhost"
"S10813","44.062","26.116","PIETR2","6455","187","PIE077","pensk2023a","inhumation","R04223","C13058","1","1",\N,\N,"315","45","0","0","pensk2023a","2024-06-03 22:24:47","robert@localhost","2024-06-03 22:24:47","robert@localhost"
"S10813","44.062","26.116","PIETR4","5187","128","PIE078","pensk2023a","inhumation","R04224","C13059",\N,"1",\N,\N,\N,\N,\N,\N,"pensk2023a","2024-06-03 22:24:47","robert@localhost","2024-06-03 22:24:47","robert@localhost"
"S10143","43.213","27.864","VAR1","6455","380","VAR006","pensk2023a","inhumation","R04225","C13060","0","1","extended",\N,"0","90","1","1","pensk2023a","2024-06-03 22:24:47","robert@localhost","2024-06-03 22:24:47","robert@localhost"
"S10143","43.213","27.864","VAR1","6455","380","VAR008","pensk2023a","inhumation","R04226","C13061","0","1","crouched","front","0","90","1","0","pensk2023a","2024-06-03 22:24:47","robert@localhost","2024-06-03 22:24:47","robert@localhost"
"S10143","43.213","27.864","VAR1","6455","380","VAR010","pensk2023a","inhumation","R04227","C13062","0","1","extended",\N,"0","90","1","0","pensk2023a","2024-06-03 22:24:47","robert@localhost","2024-06-03 22:24:47","robert@localhost"
"S10145","42.232","24.263","YUN1","6455","97","VAR017","pensk2023a","inhumation","R04228","C13063","0","1","crouched","right","0","90","1","0","pensk2023a","2024-06-03 22:24:47","robert@localhost","2024-06-03 22:24:47","robert@localhost"
"S10143","43.213","27.864","VAR1","6455","380","VAR019","pensk2023a","inhumation","R04229","C13064","0","1","extended",\N,"0","90","1","0","pensk2023a","2024-06-03 22:24:47","robert@localhost","2024-06-03 22:24:47","robert@localhost"
"S10143","43.213","27.864","VAR1","6455","380","VAR020","pensk2023a","inhumation","R04230","C13065","1",\N,"scattered",\N,\N,\N,"1","0","pensk2023a","2024-06-03 22:24:47","robert@localhost","2024-06-03 22:24:47","robert@localhost"
"S10143","43.213","27.864","VAR1","6455","380","VAR021","pensk2023a","inhumation","R04231","C13066","1",\N,"scattered",\N,\N,\N,"1","0","pensk2023a","2024-06-03 22:24:47","robert@localhost","2024-06-03 22:24:47","robert@localhost"
"S10143","43.213","27.864","VAR1","6455","380","VAR022","pensk2023a","inhumation","R04232","C13067","0","1","extended",\N,"0","90","1","0","pensk2023a","2024-06-03 22:24:47","robert@localhost","2024-06-03 22:24:47","robert@localhost"
"S10143","43.213","27.864","VAR1","6455","380","VAR027","pensk2023a","inhumation","R04233","C13068","0","1","crouched","right","0","90","1","0","pensk2023a","2024-06-03 22:24:47","robert@localhost","2024-06-03 22:24:47","robert@localhost"
"S10143","43.213","27.864","VAR1","6455","380","VAR030","pensk2023a","inhumation","R04234","C13069","0","1","extended",\N,"0","90","1","0","pensk2023a","2024-06-03 22:24:47","robert@localhost","2024-06-03 22:24:47","robert@localhost"
"S10143","43.213","27.864","VAR1","6455","380","VAR032","pensk2023a","inhumation","R04235","C13070","0","1","extended",\N,"0","90","1","0","pensk2023a","2024-06-03 22:24:47","robert@localhost","2024-06-03 22:24:47","robert@localhost"
"S10143","43.213","27.864","VAR1","6455","380","VAR034","pensk2023a","inhumation","R04236","C13071","1",\N,"scattered",\N,\N,\N,"1","0","pensk2023a","2024-06-03 22:24:47","robert@localhost","2024-06-03 22:24:47","robert@localhost"
"S10145","42.232","24.263","YUN1","6455","97","YUN003","pensk2023a","inhumation","R04237","C13072",\N,\N,\N,\N,\N,\N,"0","0","pensk2023a","2024-06-03 22:24:47","robert@localhost","2024-06-03 22:24:47","robert@localhost"
"S10145","42.232","24.263","YUN1","6455","97","YUN012","pensk2023a","inhumation","R04238","C13074",\N,\N,\N,\N,\N,\N,"0","0","pensk2023a","2024-06-03 22:24:47","robert@localhost","2024-06-03 22:24:47","robert@localhost"
"S10145","42.232","24.263","YUN1","6455","97","YUN013","pensk2023a","inhumation","R04239","C13075",\N,\N,\N,\N,\N,\N,"0","0","pensk2023a","2024-06-03 22:24:47","robert@localhost","2024-06-03 22:24:47","robert@localhost"
"S10145","42.232","24.263","YUN1","6455","97","YUN014","pensk2023a","inhumation","R04240","C13076",\N,\N,\N,\N,\N,\N,"0","0","pensk2023a","2024-06-03 22:24:47","robert@localhost","2024-06-03 22:24:47","robert@localhost"
"S10145","42.232","24.263","YUN1","6455","97","YUN019","pensk2023a","inhumation","R04241","C13078",\N,\N,\N,\N,\N,\N,"0","0","pensk2023a","2024-06-03 22:24:47","robert@localhost","2024-06-03 22:24:47","robert@localhost"
"S10145","42.232","24.263","YUN1","6455","97","YUN021","pensk2023a","inhumation","R04242","C13079",\N,\N,\N,\N,\N,\N,"0","0","pensk2023a","2024-06-03 22:24:47","robert@localhost","2024-06-03 22:24:47","robert@localhost"
"S10145","42.232","24.263","YUN1","6455","97","YUN025","pensk2023a","inhumation","R04243","C13080",\N,\N,\N,\N,\N,\N,"0","0","pensk2023a","2024-06-03 22:24:47","robert@localhost","2024-06-03 22:24:47","robert@localhost"
"S10145","42.232","24.263","YUN1","6455","97","YUN031","pensk2023a","inhumation","R04244","C13081",\N,\N,\N,\N,\N,\N,"0","0","pensk2023a","2024-06-03 22:24:47","robert@localhost","2024-06-03 22:24:47","robert@localhost"
"S10145","42.232","24.263","YUN1","6455","97","YUN005","pensk2023a","inhumation","R04245","C13082",\N,\N,\N,\N,\N,\N,"0","0","pensk2023a","2024-06-03 22:24:47","robert@localhost","2024-06-03 22:24:47","robert@localhost"
"S10145","42.232","24.263","YUN1","6455","97","YUN009","pensk2023a","inhumation","R04246","C13083","0","1","extended","back",\N,\N,"0","0","pensk2023a","2024-06-03 22:24:47","robert@localhost","2024-06-03 22:24:47","robert@localhost"
"S10145","42.232","24.263","YUN1","6455","97","YUN028","pensk2023a","inhumation","R04247","C13086",\N,\N,\N,\N,"200","220","0","0","pensk2023a","2024-06-03 22:24:47","robert@localhost","2024-06-03 22:24:47","robert@localhost"
"S10145","42.232","24.263","YUN1","6455","97","YUN001","pensk2023a","inhumation","R04248","C13088",\N,\N,"extended","back","45","135","0","0","pensk2023a","2024-06-03 22:24:47","robert@localhost","2024-06-03 22:24:47","robert@localhost"
"S10145","42.232","24.263","YUN2","4679","177","YUN006","pensk2023a","inhumation","R04249","C13089",\N,\N,\N,\N,\N,\N,"0","0","pensk2023a","2024-06-03 22:24:47","robert@localhost","2024-06-03 22:24:47","robert@localhost"
"S10145","42.232","24.263","YUN2","4679","177","YUN033","pensk2023a","inhumation","R04250","C13090",\N,\N,"inside a vessel",\N,\N,\N,"0","0","pensk2023a","2024-06-03 22:24:47","robert@localhost","2024-06-03 22:24:47","robert@localhost"
"S10145","42.232","24.263","YUN2","4679","177","YUN034","pensk2023a","inhumation","R04251","C13093",\N,\N,"inside a vessel",\N,\N,\N,"0","0","pensk2023a","2024-06-03 22:24:47","robert@localhost","2024-06-03 22:24:47","robert@localhost"
"S10145","42.232","24.263","YUN2","4679","177","YUN035","pensk2023a","inhumation","R04252","C13094",\N,\N,"inside a vessel",\N,\N,\N,"0","0","pensk2023a","2024-06-03 22:24:47","robert@localhost","2024-06-03 22:24:47","robert@localhost"
"S10145","42.232","24.263","YUN2","4679","177","YUN037","pensk2023a","inhumation","R04253","C13095",\N,\N,"inside a vessel",\N,\N,\N,"0","0","pensk2023a","2024-06-03 22:24:47","robert@localhost","2024-06-03 22:24:47","robert@localhost"
"S10145","42.232","24.263","YUN2","4679","177","YUN039","pensk2023a","inhumation","R04254","C13096",\N,\N,"inside a vessel",\N,\N,\N,"0","0","pensk2023a","2024-06-03 22:24:47","robert@localhost","2024-06-03 22:24:47","robert@localhost"
"S10145","42.232","24.263","YUN2","4679","177","YUN041","pensk2023a","inhumation","R04255","C13097",\N,\N,"inside a vessel",\N,\N,\N,"0","0","pensk2023a","2024-06-03 22:24:47","robert@localhost","2024-06-03 22:24:47","robert@localhost"
"S10145","42.232","24.263","YUN2","4679","177","YUN042","pensk2023a","inhumation","R04256","C13098",\N,\N,"inside a vessel",\N,\N,\N,"0","0","pensk2023a","2024-06-03 22:24:47","robert@localhost","2024-06-03 22:24:47","robert@localhost"
"S10145","42.232","24.263","YUN2","4679","177","YUN043","pensk2023a","inhumation","R04257","C13099",\N,\N,"inside a vessel",\N,\N,\N,"0","0","pensk2023a","2024-06-03 22:24:47","robert@localhost","2024-06-03 22:24:47","robert@localhost"
"S10145","42.232","24.263","YUN2","4679","177","YUN045","pensk2023a","inhumation","R04258","C13100",\N,\N,"inside a vessel",\N,\N,\N,"0","0","pensk2023a","2024-06-03 22:24:47","robert@localhost","2024-06-03 22:24:47","robert@localhost"
"S12525","42.264","26.613","BOYAN1","4866","98","BOY001","pensk2023a","inhumation","R04259","C13101",\N,\N,"crouched",\N,\N,\N,"0","0","pensk2023a","2024-06-03 22:24:47","robert@localhost","2024-06-03 22:24:47","robert@localhost"
"S12525","42.264","26.613","BOYAN1","4866","98","BOY008","pensk2023a","inhumation","R04260","C13102",\N,\N,"crouched",\N,\N,\N,"0","1","pensk2023a","2024-06-03 22:24:47","robert@localhost","2024-06-03 22:24:47","robert@localhost"
"S12525","42.264","26.613","BOYAN1","4866","98","BOY009","pensk2023a","inhumation","R04261","C13103",\N,\N,"crouched",\N,\N,\N,"0","1","pensk2023a","2024-06-03 22:24:47","robert@localhost","2024-06-03 22:24:47","robert@localhost"
"S12525","42.264","26.613","BOYAN1","4866","98","BOY014","pensk2023a","inhumation","R04262","C13104",\N,\N,"crouched",\N,\N,\N,"0","1","pensk2023a","2024-06-03 22:24:47","robert@localhost","2024-06-03 22:24:47","robert@localhost"
"S12525","42.264","26.613","BOYAN1","4866","98",\N,\N,"inhumation","R04263","C13105",\N,\N,\N,\N,\N,\N,"1","0","pensk2023a","2024-06-03 22:24:47","robert@localhost","2024-06-03 22:24:47","robert@localhost"
"S12525","42.264","26.613","BOYAN1","4866","98",\N,\N,"inhumation","R04264","C13106",\N,\N,\N,\N,\N,\N,"0","0","pensk2023a","2024-06-03 22:24:47","robert@localhost","2024-06-03 22:24:47","robert@localhost"
"S12525","42.264","26.613","BOYAN1","4866","98",\N,\N,"inhumation","R04265","C13107",\N,\N,\N,\N,\N,\N,"0","0","pensk2023a","2024-06-03 22:24:47","robert@localhost","2024-06-03 22:24:47","robert@localhost"
"S12525","42.264","26.613","BOYAN1","4866","98",\N,\N,"inhumation","R04266","C13108",\N,\N,\N,\N,\N,\N,"0","0","pensk2023a","2024-06-03 22:24:47","robert@localhost","2024-06-03 22:24:47","robert@localhost"
"S12525","42.264","26.613","BOYAN1","4866","98",\N,\N,"inhumation","R04267","C13109",\N,\N,\N,\N,\N,\N,"0","0","pensk2023a","2024-06-03 22:24:47","robert@localhost","2024-06-03 22:24:47","robert@localhost"
"S12525","42.264","26.613","BOYAN1","4866","98",\N,\N,"inhumation","R04268","C13110",\N,\N,"crouched",\N,\N,\N,"1","1","pensk2023a","2024-06-03 22:24:47","robert@localhost","2024-06-03 22:24:47","robert@localhost"
"S12525","42.264","26.613","BOYAN3","3778","117",\N,\N,"inhumation","R04269","C13111",\N,\N,"crouched",\N,\N,\N,"0","0","pensk2023a","2024-06-03 22:24:47","robert@localhost","2024-06-03 22:24:47","robert@localhost"
"S12525","42.264","26.613","BOYAN3","3778","117",\N,\N,"inhumation","R04270","C13112",\N,\N,"crouched",\N,\N,\N,"0","1","pensk2023a","2024-06-03 22:24:47","robert@localhost","2024-06-03 22:24:47","robert@localhost"
"S12525","42.264","26.613","BOYAN3","3778","117",\N,\N,"inhumation","R04271","C13113",\N,\N,"crouched",\N,\N,\N,"0","1","pensk2023a","2024-06-03 22:24:47","robert@localhost","2024-06-03 22:24:47","robert@localhost"
"S12525","42.264","26.613","BOYAN3","3778","117",\N,\N,"inhumation","R04272","C13114",\N,\N,"crouched",\N,\N,\N,"0","1","pensk2023a","2024-06-03 22:24:47","robert@localhost","2024-06-03 22:24:47","robert@localhost"
"S12525","42.264","26.613","BOYAN3","3778","117",\N,\N,"inhumation","R04273","C13115",\N,\N,"crouched",\N,\N,\N,"0","1","pensk2023a","2024-06-03 22:24:47","robert@localhost","2024-06-03 22:24:47","robert@localhost"
"S12525","42.264","26.613","BOYAN3","3778","117",\N,\N,"inhumation","R04274","C13116",\N,\N,"crouched",\N,\N,\N,"0","1","pensk2023a","2024-06-03 22:24:47","robert@localhost","2024-06-03 22:24:47","robert@localhost"
"S12525","42.264","26.613","BOYAN4","3436","198",\N,\N,"inhumation","R04275","C13117",\N,\N,"extended","back",\N,\N,"0","0","pensk2023a","2024-06-03 22:24:47","robert@localhost","2024-06-03 22:24:47","robert@localhost"
"S12525","42.264","26.613","BOYAN4","3436","198",\N,\N,"inhumation","R04276","C13118",\N,\N,"extended","back",\N,\N,"0","0","pensk2023a","2024-06-03 22:24:47","robert@localhost","2024-06-03 22:24:47","robert@localhost"
"S12525","42.264","26.613","BOYAN4","3436","198",\N,\N,"inhumation","R04277","C13119",\N,\N,\N,\N,\N,\N,"0","0","pensk2023a","2024-06-03 22:24:47","robert@localhost","2024-06-03 22:24:47","robert@localhost"
"S12525","42.264","26.613","BOYAN","4844","170",\N,\N,"inhumation","R04278","C13120",\N,\N,\N,\N,\N,\N,"1","0","pensk2023a","2024-06-03 22:24:47","robert@localhost","2024-06-03 22:24:47","robert@localhost"
"S12525","42.264","26.613","BOYAN","4844","170",\N,\N,"inhumation","R04279","C13121",\N,\N,\N,\N,\N,\N,"1","0","pensk2023a","2024-06-03 22:24:47","robert@localhost","2024-06-03 22:24:47","robert@localhost"
"S12525","42.264","26.613","BOYAN","4844","170","BOY019","pensk2023a","inhumation","R04280","C13122",\N,\N,\N,\N,\N,\N,"1","0","pensk2023a","2024-06-03 22:24:47","robert@localhost","2024-06-03 22:24:47","robert@localhost"
"S12955","45.317","28.450","ORLKAR2","5660","185","KTL001","pensk2023a","inhumation","R04281","C13123","0","1","crouched","right","90","180","0","0","pensk2023a","2024-06-03 22:24:47","robert@localhost","2024-06-03 22:24:47","robert@localhost"
"S12955","45.317","28.450","ORLKAR2","5660","185","KTL002","pensk2023a","inhumation","R04282","C13124","0","1","crouched","left","0","90","1","1","pensk2023a","2024-06-03 22:24:47","robert@localhost","2024-06-03 22:24:47","robert@localhost"
"S12955","45.317","28.450","ORLKAR2","5660","185","KTL003","pensk2023a","inhumation","R04283","C13125","0","1","crouched","left","90","180","1","0","pensk2023a","2024-06-03 22:24:47","robert@localhost","2024-06-03 22:24:47","robert@localhost"
"S12955","45.317","28.450","ORLKAR2","5660","185","KTL004","pensk2023a","inhumation","R04284","C13126","0","1","crouched","left","90","180","1","0","pensk2023a","2024-06-03 22:24:47","robert@localhost","2024-06-03 22:24:47","robert@localhost"
"S12955","45.317","28.450","ORLKAR2","5660","185","KTL005","pensk2023a","inhumation","R04285","C13127","0","1","crouched","left","90","180","1","0","pensk2023a","2024-06-03 22:24:47","robert@localhost","2024-06-03 22:24:47","robert@localhost"
"S12955","45.317","28.450","ORLKAR2","5660","185","KTL006","pensk2023a","inhumation","R04286","C13128","0","1","crouched","back","90","180","1","0","pensk2023a","2024-06-03 22:24:47","robert@localhost","2024-06-03 22:24:47","robert@localhost"
"S12955","45.317","28.450","ORLKAR2","5660","185","KTL007","pensk2023a","inhumation","R04287","C13129","0","1","crouched","back","45","135","1","1","pensk2023a","2024-06-03 22:24:47","robert@localhost","2024-06-03 22:24:47","robert@localhost"
"S12955","45.317","28.450","ORLKAR2","5660","185",\N,\N,"inhumation","R04288","C13130",\N,\N,\N,\N,\N,\N,\N,"0","pensk2023a","2024-06-03 22:24:47","robert@localhost","2024-06-03 22:24:47","robert@localhost"
"S12955","45.317","28.450","ORLKAR2","5660","185","KTL008","pensk2023a","inhumation","R04289","C13131","0","1","crouched","back","90","180","1","0","pensk2023a","2024-06-03 22:24:47","robert@localhost","2024-06-03 22:24:47","robert@localhost"
"S12956","46.412","30.273","MAYA2","5844","520","MAJ020","pensk2023a","inhumation","R04290","C13132","0","1","crouched","left","0","90","1","1","pensk2023a","2024-06-03 22:24:47","robert@localhost","2024-06-03 22:24:47","robert@localhost"
"S12956","46.412","30.273","MAYA2","5844","520","MAJ002","pensk2023a","inhumation","R04291","C13133","0","1","crouched","left","0","90","1","1","pensk2023a","2024-06-03 22:24:47","robert@localhost","2024-06-03 22:24:47","robert@localhost"
"S12956","46.412","30.273","MAYA2","5844","520","MAJ008","pensk2023a","inhumation","R04292","C13134","0","1","crouched","left","45","135","1","1","pensk2023a","2024-06-03 22:24:47","robert@localhost","2024-06-03 22:24:47","robert@localhost"
"S12956","46.412","30.273","MAYA2","5844","520","MAJ023","pensk2023a","inhumation","R04293","C13135","0","1","crouched","left","90","180","1","1","pensk2023a","2024-06-03 22:24:47","robert@localhost","2024-06-03 22:24:47","robert@localhost"
"S12956","46.412","30.273","MAYA2","5844","520","MAJ003","pensk2023a","inhumation","R04294","C13136","0","1","crouched","left","0","90","1","1","pensk2023a","2024-06-03 22:24:47","robert@localhost","2024-06-03 22:24:47","robert@localhost"
"S12956","46.412","30.273","MAYA2","5844","520","MAJ009","pensk2023a","inhumation","R04295","C13137","0","1","crouched","left","0","90","1","1","pensk2023a","2024-06-03 22:24:47","robert@localhost","2024-06-03 22:24:47","robert@localhost"
"S12956","46.412","30.273","MAYA3","4785","144","MAJ019","pensk2023a","inhumation","R04296","C13138","0","1","crouched","back","180","270","1","1","pensk2023a","2024-06-03 22:24:47","robert@localhost","2024-06-03 22:24:47","robert@localhost"
"S12956","46.412","30.273","MAYA3","4785","144","MAJ017","pensk2023a","inhumation","R04297","C13139","0","1","crouched",\N,"225","315","0","0","pensk2023a","2024-06-03 22:24:47","robert@localhost","2024-06-03 22:24:47","robert@localhost"
"S12956","46.412","30.273","MAYA2","5844","520",\N,\N,"inhumation","R04298","C13140","0","1","crouched","left","0","90","0","1","pensk2023a","2024-06-03 22:24:47","robert@localhost","2024-06-03 22:24:47","robert@localhost"
"S12956","46.412","30.273","MAYA2","5844","520","MAJ004","pensk2023a","inhumation","R04299","C13141","0","1","crouched",\N,"0","90","1","1","pensk2023a","2024-06-03 22:24:47","robert@localhost","2024-06-03 22:24:47","robert@localhost"
"S12957","46.526","30.630","USAT-BOL1","5657","167","USV005","pensk2023a","inhumation","R04300","C13142",\N,\N,\N,\N,\N,\N,\N,\N,"pensk2023a","2024-06-03 22:24:47","robert@localhost","2024-06-03 22:24:47","robert@localhost"
"S12957","46.526","30.630","USAT-BOL1","5657","167",\N,\N,"inhumation","R04301","C13143",\N,"1",\N,\N,\N,\N,\N,"1","pensk2023a","2024-06-03 22:24:47","robert@localhost","2024-06-03 22:24:47","robert@localhost"
"S12957","46.526","30.630","USAT-BOL1","5657","167",\N,\N,"inhumation","R04302","C13144","1",\N,\N,\N,\N,\N,\N,"0","pensk2023a","2024-06-03 22:24:47","robert@localhost","2024-06-03 22:24:47","robert@localhost"
"S12957","46.526","30.630","USAT-BOL1","5657","167","USV004","pensk2023a","inhumation","R04303","C13145","1",\N,\N,\N,\N,\N,\N,"0","pensk2023a","2024-06-03 22:24:47","robert@localhost","2024-06-03 22:24:47","robert@localhost"
"S12957","46.526","30.630","USAT-BOL1","5657","167","UBK006","pensk2023a","inhumation","R04304","C13146","1","1","crouched",\N,\N,\N,"1","0","pensk2023a","2024-06-03 22:24:47","robert@localhost","2024-06-03 22:24:47","robert@localhost"
"S12957","46.526","30.630","USAT-BOL1","5657","167",\N,\N,"inhumation","R04305","C13147","1","1","scattered",\N,"45","135","1","0","pensk2023a","2024-06-03 22:24:47","robert@localhost","2024-06-03 22:24:47","robert@localhost"
"S12957","46.526","30.630","USAT-BOL1","5657","167","UBK003","pensk2023a","inhumation","R04306","C13148","0","1","crouched","left","0","90","1","0","pensk2023a","2024-06-03 22:24:47","robert@localhost","2024-06-03 22:24:47","robert@localhost"
"S11396","43.293","25.646","PETKO3","6454","104",\N,\N,"inhumation","R04307","C13149","0","1",\N,"front","45","135",\N,"0","pensk2023a","2024-06-03 22:24:47","robert@localhost","2024-06-03 22:24:47","robert@localhost"
"S11396","43.293","25.646","PETKO3","6454","104",\N,\N,"inhumation","R04308","C13150","0","1",\N,"front","225","315",\N,"0","pensk2023a","2024-06-03 22:24:47","robert@localhost","2024-06-03 22:24:47","robert@localhost"
